:10000000000001204D340000493400004934000054
:10001000691B0000493400004934000049340000E5
:1000200049340000493400004934000049340000DC
:1000300049340000493400004934000049340000CC
:1000400049340000217000004934000049340000A8
:10005000616800006D7000003570000039700000AC
:100060002D7000004934000049340000493400007C
:10007000493400004934000049340000493400008C
:10008000493400004934000049340000493400007C
:10009000493400004934000049340000493400006C
:1000A000493400004934000049340000493400005C
:1000B000717000003170000049340000AD70000024
:1000C00049340000F5530000493400004934000071
:1000D000493400004934000049340000493400002C
:1000E000493400004934000049340000493400001C
:1000F000493400004934000049340000493400000C
:100100004934000049340000493400000348044BDE
:10011000834202D0034B03B118477047C40000204C
:10012000C4000020000000000548064B1B1AD90F30
:1001300001EBA301491002D0034B03B118477047EC
:10014000C4000020C40000200000000010B5064CD0
:10015000237843B9FFF7DAFF044B13B10448AFF338
:1001600000800123237010BDC800002000000000A3
:1001700088B6000008B5054B1BB105490548AFF32B
:100180000080BDE80840FFF7CFBF00BF00000000BF
:10019000CC00002088B60000A3F5803A704700BF6D
:1001A000174B002B08BF134B9D46FFF7F5FF0021AF
:1001B0008B460F461348144A121A08F0F9FF0E4BEB
:1001C000002B00D098470D4B002B00D09847002003
:1001D000002104000D000D48002802D00C48AFF3A8
:1001E000008008F0B3FF2000290002F011FA08F0A7
:1001F0009BFF00BF0000080000000000000000009E
:1002000000000120C8000020481900200000000064
:1002100000000000BFF34F8F0549064BCA6802F487
:10022000E0621343CB60BFF34F8F00BFFDE700BF19
:1002300000ED00E00400FA0510B50246F8B1114BDC
:100240001968888890421AD39888904281BF0968BB
:1002500099600120988099889868002420B904B199
:1002600098604FF6FF7203E08A4203D10CB19860A8
:100270009A8010BD0131006889B20124EEE70020A8
:10028000F7E700BF8C100020114A916A01F170431A
:1002900003F5F813B3F5006F0CD2D2F82838A3F1A8
:1002A0007E62A2F58432B2F5104F03D20968094A82
:1002B000914203D000230370836070471968064A97
:1002C0009142F7D1012202709A6842609B69F3E77C
:1002D0000000E10FAD1007B007B0CD5E1FB50C46B2
:1002E00040B901A8FFF7D0FF044B029A1A602360BF
:1002F0000423A380002004B010BD00BF78020020BA
:10030000064BD3F82828A2F17E63A3F58433B3F516
:10031000104F01D2536A1847002070470000E10FC8
:100320000D4B10B4D3F82848A4F17E63A3F58433B1
:10033000B3F5104F0BD2246BA4F17E63A3F5843385
:10034000B3F5104F03D2A36B5DF8044B184740F28E
:1003500001105DF8044B70470000E10F0B4BD3F820
:100360002828A2F17E63A3F58433B3F5104F09D298
:10037000126BA2F17E63A3F58433B3F5104F01D263
:10038000D36B184740F20110704700BF0000E10F27
:100390007FB50E4A03466D4602F11006106851689B
:1003A0002C4603C40832B2422546F7D15A1E04A98E
:1003B0000F3311F8014D12F8010F844204D19A4213
:1003C000F7D1012004B070BD0020FBE7CC93000002
:1003D000F8B5184E306848BB174B184C184FE41A44
:1003E000184B1C4424F4FF6424F00704D7F8F830B9
:1003F0009BB2B4EB832F18D2656BC5B1D7F8F83038
:100400009BB2B5EB832F12D2D7F8F82005F1500339
:1004100092B2B3EB822F0AD82846FFF7B9FF30B16A
:10042000EB6933F0080302D034603068F8BD04F59E
:100430000064DBE77002002010000020C4000020F0
:100440000081E00FDFBE000010B50C4648B9FFF791
:10045000BFFF054B10B1426B126A1A602360042380
:10046000A380002010BD00BF74020020084B40F2A2
:1004700001121A604FF0FF329A6001225A60014463
:1004800010F8012B9A618842FAD1D869C0437047AD
:1004900000C00140034B044A9979117500221A608B
:1004A000704700BF400B0020D80A002030B5002262
:1004B0008BB01346D91003F00704415C2141CC07EF
:1004C00041BF02F128016944013201F8283C01339F
:1004D000252BEFD10D4C0023D91003F00705415C0B
:1004E0002941C9075FBFB3FBF2F102FB113128318B
:1004F000694448BFD9B203F1010358BF11F8281C61
:1005000004F8011F252BE7D10BB030BD010B0020F3
:1005100008B50348FFF7CAFF002340F8063C08BDB2
:10052000460B0020084A10B5136840F2E2446043CD
:1005300000F5807004FB013303EB50031360536834
:100540000344536010BD00BFD80A0020D0B50C4C46
:10055000E38C0A20584308F04BFB0646A08C0F465C
:1005600008F046FB074B002208F0ACFB02460B46A6
:100570003046394608F0D0FC08F0B6FD2083D0BDE7
:10058000D80A00200000F43F70B5094CB4F80710F9
:10059000A079B4F80960B4F80D50FFF7C3FF054B1C
:1005A0009E84DD84FFF7D2FF0023236070BD00BF6F
:1005B000400B0020D80A0020837DDB0701D5808A0C
:1005C0007047D0E901239B1A44BF828A9B1898B2D6
:1005D00070470000084BD3F8F020D3F8F4300270D5
:1005E000110A120C82701A0AC2701A0C1B0E41708A
:1005F00002714371704700BF0081E00F034BD86B5D
:1006000080F04000C0F38010704700BF00300E4003
:1006100008B5FFF7F3FF20B1024AD2F8C830002B2B
:10062000FBD108BD0000C64308B5FFF7F1FF024B40
:100630005868C0F3014008BD00300E400C4B984292
:1006400005D90C4B984210D80122012301E0002269
:10065000134609490B640949D1F8003123F080732E
:1006600043EA0263C1F8003170470222EDE700BFA0
:100670000048E8010090D0030000C84300400E404D
:100680000F4B5B680F4B30B500221C46C9B21D7979
:100690008D4202D11D6885420DD20132052A03F137
:1006A0000803F4D10321064A536823F0407343EA58
:1006B0000163536030BD04EBC2046179F3E700BF0E
:1006C00000000E40A094000038B5074C0748256C88
:1006D00041F6713323640021ADB2FFF7D1FF0DB1B4
:1006E0000023236438BD00BF00000E4000F0490223
:1006F00038B5064C256C41F671332364ADB2FFF773
:10070000BFFF0DB10023236438BD00BF00000E40C1
:1007100042EA0322B2F5007F10B5194C29D00AD85D
:10072000B2F5807F22D040F201139A4215D062B90F
:10073000D4F81C320BE0B2F5407F1DD040F20133FB
:100740009A4210D0D4F8283201E0D4F82432C3F30E
:100750000722DBB203600A6010BDD4F824321A0EFF
:10076000C3F30743F6E7D4F82832F8E7D4F81C328D
:10077000F5E7D4F82032EAE7D4F82032EFE700BFFB
:100780000081E00F2F4B1A6FD96C11F0010F02F0AE
:10079000060242D0002A40D013284FD9143813281B
:1007A0008CBF102308232749013BCA6C180322F48D
:1007B0007F4240EA03231343CB64234BCA6C1B885C
:1007C000C2F303222833013202EB820003EB53030E
:1007D000B3FBF0F3C86C013B072B28BF072320F0C5
:1007E000EE6040EA036343F48013CB64174BB3F924
:1007F0000030002B10DB2833500800EB420203EBE3
:100800005303B3FBF2F30A6D072B28BF072322F033
:10081000700242EA03130B657047D96C01F00101C5
:10082000114304D1092809D90A380928B8E7DB6C33
:1008300013F00103B7D01AB92728B1E70423B2E7B0
:100840000023B0E700300E405A0B0020580B002068
:1008500070B51D4DD5F82828A2F17E63A3F5843329
:10086000B3F5104FE0B001D2136B23B94FF401740C
:10087000204660B070BD5B6A4FF4C07269460020CC
:10088000984704460028F3D140F20126D5F82828DD
:10089000A2F17E63A3F58433B3F5104FE6D2126B59
:1008A000A2F17E63A3F58433B3F5104FDED2936AD1
:1008B000002168469847B042E8D040F203239842AE
:1008C00018BF0446D4E700BF0000E10F104A0B46F2
:1008D000D2F82818A1F17E62A2F58432B2F5104F49
:1008E00010B40FD2096BA1F17E62A2F58432B2F589
:1008F000104F07D20C69074A0146A44600205DF854
:10090000044B60474FF481705DF8044B704700BFA3
:100910000000E10FD006002037B50446684680E8A5
:10092000060003C8251D85E805002373069B0B4AB6
:100930002361BDF81C30A38200232360136853B1E8
:1009400019461B68002BFBD10C609088013080B2E7
:10095000908003B030BD1460F7E700BF4C13002057
:1009600037B50D461446FFF767FC70B1036973B1E4
:10097000818A4FF6FE72914209D10095ADF804408C
:1009800069460120984703B030BD0120FBE70E20E7
:10099000F9E7036937B514460D46828A63B14FF60D
:1009A000FE718A4208D100200090ADF8040069462B
:1009B000984728B103B030BD2B6000202280F9E7B2
:1009C000009B2B60BDF804302380F3E738B50D465B
:1009D0001446FFF731FC40B122462946FFF7D9FF04
:1009E00010B92B6803B9208038BD0120FCE7000056
:1009F00007B503790193054A0368009306CA0223E9
:100A00000830FFF789FF03B05DF804FB6C94000029
:100A1000034B5A6D12B95865A3F85810704700BFC0
:100A2000D80A00200C4BD3F82838A3F17E62A2F537
:100A30008432B2F5104F10B50CD21968074A9142B2
:100A400008D1074C2278012A04D11B6A984708B9BB
:100A50000223237010BD00BF0000E10F07B0CD5E80
:100A6000E40000200C4BD3F82838A3F17E62A2F5F5
:100A70008432B2F5104F10B50DD21968074A914271
:100A800009D1074C227812F0FD0F04D1DB69984799
:100A900008B90123237010BD0000E10F07B0CD5E3F
:100AA000E400002008B50F4B0F4C1B784FF00055A9
:100AB0006BB1FFF7D7FF0D4B2B600123A3602368B9
:100AC00023F4E06343F480632360FFF7A3FB2B6010
:100AD0000123A360236823F4E06343F4806323606D
:100AE000FFF798FBBD06002000500E4002020FF0F9
:100AF000054A08B5937E43F040039376034B0022EA
:100B00001A70FFF7CFFF00BFD80A0020541300204F
:100B10002DE9F04105460E461146FFF74DFD88428E
:100B200028BF084687B2B846B8F1000F09D12FB1E7
:100B3000AB7DDA0744BF23F00103AB753846BDE84F
:100B4000F081AA8A2B6869689C18641AA4B244458B
:100B500028BF44462246304608F01CFB6B682968D3
:100B6000AA8A23440A442644934228BF0B46A8EB92
:100B700004041FFA84F86B60D6E7F8B51F46038AB1
:100B800004461646EBB9C57DDDB10123013D0B706E
:100B90000222C57500F11001FFF7BAFFE37D9BB19A
:100BA000228ABA4228BF3A4631462046FFF7B0FFB4
:100BB000238A1B1A2382E37D13B9638A1B1A63827B
:100BC000F8BD00230B70EBE7638A2382E8E72DE989
:100BD000F041868A04460F461146FFF7EDFC361AAF
:100BE000B6B28E4228BF0E46B046B8F1000F0BD108
:100BF0003EB1D4E901329A4202BFA37D43F0010322
:100C0000A3753046BDE8F081A28A2368A0689D18CC
:100C10002D1AADB2454528BF45462A46394608F04B
:100C2000B9FAA3682168A28A2B440A442F4493424C
:100C300028BF0B46A8EB05051FFA85F8A360D4E78B
:100C4000F8B5044616461F4611B3858AFFF7B4FC73
:100C50002D1AADB2012D29D9E37D63B1658AE06813
:100C600005702D0A07D02268A38A013013449842E8
:100C700028BF1046057000236382A368E360022248
:100C800004F112012046FFF7A2FFE37D0133E37573
:100C90003A4631462046FFF79AFF638A034463824F
:100CA000E37D13B9238A03442382F8BD0020FCE7C7
:100CB00013B50379124A03330446019300F1440348
:100CC000009306CA02231430FFF726FE238A0193FD
:100CD000E368009394E80600237A04F12C00FFF700
:100CE0001BFE237A22792168A4F8450004F147000D
:100CF00084F8443002B0BDE8104008F04BBA00BFA1
:100D00007894000070B50C4C0C4B06460D4694E8E8
:100D1000030083E803001846FFF76AFE084BD4E996
:100D2000020102221A7283E80300DE601D82184667
:100D3000BDE87040FFF7BCBF5495000040010020A3
:100D4000E80000202DE9F347DDF82880BDF82C905D
:100D500004460E4617461D46FFF76EFA8246BAF164
:100D6000000F01D0B44205D94FF6FF74204602B0FF
:100D7000BDE8F0879AF80830DAF804009D421AD1ED
:100D80002A46394608F0DCFAA8B9B8F1000FEDD0D0
:100D90000DF1020201A95046FFF7FBFD58B9019978
:100DA00049B1BDF802304B4505D14A46404608F0EE
:100DB000C7FA0028DAD00134DAF800A0A4B2CEE7EE
:100DC00038B50C4611462568AD1A2A46014408F08C
:100DD000C7FA256038BD000001282DE9F34704D08B
:100DE0000024204602B0BDE8F0878B88012B40F03C
:100DF0003C810B681B78FBB99E4A9F4C13609F4A4D
:100E000013709F4A13609F4A13609F4A13609F4A62
:100E100013609F4A13709F4A13609F4A13609F4A52
:100E200013702378022B01D1FFF7FCFD01232370FF
:100E30009B4B00221A70D3E7032B40F003818F4BAA
:100E40008D4E1C78002C4FD13378002B00F0F280AF
:100E50008F4B1B78082B02D0402B40F08A80DFF8A4
:100E60001482D8F800305BB98E4DD5F82838A3F13C
:100E70007E63A3F58433B3F5104F55D3802433E05C
:100E800013F003071CBFC7F10407FFB203EB070A07
:100E9000BAF5806F00F2D2808348DFF8F8913A46C5
:100EA0001844FF2108F084F9804BD9F800501B68E2
:100EB000C8F800A00AEB05029A4200F29480704B39
:100EC0001B681D445544DFF8C4A125F4FF65DAF81A
:100ED000000025F00705854210D9291A00F50060A9
:100EE000FFF73CFA40B185243378022B01D1FFF79C
:100EF00099FD0023337074E7CAF80050D8F8001049
:100F0000D9F80000FFF7E2FCD9F80030D8F800204B
:100F1000584913440546DB1B6348C9F80030FFF706
:100F20004FFF002DA0D0DEE7FFF792FCD8B9D5F82F
:100F300028280190A2F17E63A3F58433B3F5104F06
:100F4000D1D2126BA2F17E63A3F58433B3F5104FB7
:100F5000C9D29369012101A898470028C3D14F4BFA
:100F600001221A70C0E741F20803984286D1862414
:100F7000BAE7002B60D04A4B1B78002B3FF47EAFC2
:100F8000454F3B6843B9404B494918681022FFF769
:100F9000C7F90028A8D0A6E713F003021CBFC2F1CE
:100FA0000402D2B29D18B5F5806F47D84148DFF8EA
:100FB000D480FF21184408F0FBF83F4A3F4BD8F893
:100FC00000103D609B1A3E4A13443E4A13408B4238
:100FD00036D83D4BD3F8F8309BB29B020D44A3F5B5
:100FE0008053AB4201D283247EE7DFF8A090D9F88A
:100FF00000001540854209D9291A00F50060FFF765
:10100000ADF900287FF46FAFC9F800503A6829495C
:10101000D8F80000FFF784F9D8F800303A681E4984
:10102000054613442348C8F80030FFF7C9FE002DD9
:10103000A9D058E7812457E7842455E7822453E751
:10104000872451E7042B12D1204813230221437037
:101050000170FFF7DDFC1E4A1E4B128905329A8093
:101060001D4A1A6042789A71BAE60D24B9E6062440
:10107000B7E600BFD00A0020D50A0020D60A00201B
:10108000C4060020B4020020B0020020C0060020E8
:10109000D40A0020CC060020B8060020BD0600209F
:1010A000BC0600200000E10FD0060020C80600208A
:1010B000A0020020B802002010000020C400002080
:1010C000DFBE000000F8FFFF0081E00F340B0020BE
:1010D000D80A0020400B0020F10A00002DE9F84F4B
:1010E000DFF85091494BD9F80050DFF84C81471B8D
:1010F00082464748C8F800701B1A4648034423F448
:10110000FF6323F007039F42144678D3424BD3F882
:10111000F8309BB29B020AEB0206A3F580539E4275
:1011200070D82C44B4F5806F03D93C4B82221A70DE
:1011300063E0DFF8FCB00BEB050008F02BF8384B50
:10114000C9F800401A6822B9332C56D9DBF834208C
:101150001A601B689F421FD89E421DD903F11002DE
:1011600096424AD31D44A5EB0A055D442D4A2B4601
:1011700005F1100153F8040B42F8040B8B42F9D12E
:101180002848FFF705F910B9244B8422CFE7102235
:10119000FF21284608F00CF8234D244B286804F062
:1011A0000304361B1E4058B907EA0300C0F500616E
:1011B0003144FFF7D3F82E6040B1184B8522B6E7D3
:1011C000864203D9311A00F50060F2E7D9F8002011
:1011D0001749D8F80000121BFFF7A2F8D9F8002031
:1011E000D8F800301349121B054613441048C8F8BC
:1011F0000030FFF7E5FD002DDFD1BDE8F88F074B8C
:10120000872294E7054B832291E700BFC4000020AA
:1012100010000020DFBE00000081E00FD60A002091
:10122000B0020020A0020020C006002000F8FFFF4E
:10123000B8020020B8060020B402002037B5124CD6
:10124000002360600093437AD0E90021206802F017
:10125000BAFC238CDB050CD563680C4D1B7A2A780D
:101260009A4206D0012B06D0022B08D063681B7A65
:101270002B7003B030BD206802F080FCF6E72068D8
:1012800002F082FCF2E700BF98100020600200200C
:1012900013B50D4B0D4C1B8AADF804300128ADF889
:1012A000003004BF02238DF8043001A908BF0423D5
:1012B000206808BF8DF8003002F089FB206869467D
:1012C00002F09BFB02B010BD549500009810002066
:1012D000034B00221A6118680122032102F00CB9A5
:1012E0009810002010B5164CA37E5B0626D4FFF79D
:1012F000EFFFA28C236840F2E24101FB023323603E
:1013000094F84F10A37A0B442521B3FBF1F001FBB5
:101310001033A37223890133238163680A2101FBFF
:1013200002336360238B5A1E22833BB9A27E42F0B4
:101330004002A276034A1370FFF7B4FB10BD00BF52
:10134000D80A0020541300207FB502238DF8063000
:10135000064B5A8B596918680332ADF804206A4667
:1013600002F0CAFB009807B05DF804FB981000205B
:1013700010B51E4C1946236986B023B3A2F10800AC
:10138000084322D101AA0321206802F0B1FB63685F
:1013900060615B7A23769DF80430DA1F5342534133
:1013A000627E63F30002039BE361BDF80630627660
:1013B000638304F118010220236998472068012201
:1013C000002102F09BFB06B010BD02F17F400843F4
:1013D00005D10021012006B0BDE81040184712F4E5
:1013E000A0411ABF00210320FF20F4E7981000203D
:1013F0002DE9FF41194C1A4D637A0133DBB2282BDA
:1014000028BF252320466372FFF718FF627D154928
:101410002868D4F80C80667C4FF40073023202F026
:1014200049FB6B68104A5B7A06F001063046D75CD0
:10143000FFF72EFF00220123009203932868CDF8C6
:10144000088002AB394602F05BF810B1FFF740FFAD
:10145000D2E7064B2B6104B0BDE8F081BC10002040
:1014600098100020D0100020CF9400002515000017
:101470002DE9FF41254CA37E5A0640D4244A2189F8
:1014800023F0070343F00103A37613681BB192888E
:101490008A4200D19847A37A1E48234493F82A3001
:1014A0006375FFF7CBFED4E900561B4C1B4A6368FB
:1014B0005B7A4FEA5608D75CA5EB56060120FFF78A
:1014C000E7FE643500964FF4807300264544ADF87E
:1014D0000C306A4639462068029533468DF8046020
:1014E0008DF80E6002F018F801220546314620689A
:1014F00002F004FB35B1FFF7F5FEFFF7B9FF04B0CA
:10150000BDE8F081064B2361F9E700BFD80A00204F
:10151000400B0020E40A002098100020CF94000027
:101520008D16000002282DE9F0411DD002D80128B7
:1015300007D0FEE7032800F09E80FF2800F09B8084
:10154000F7E74E4C637C990707D5FFF7C1FEFFF71D
:101550004FFF637C6FF341036374637CDA0768D4E5
:10156000BDE8F041FFF744BF4B78DB0740F18380D3
:101570004C68227802F00F08B8F1030F5BD0B8F185
:10158000050F78D13E498B7B03F00103B3EBD21FEB
:101590004FD10622083104F1080007F0D1FE0646BB
:1015A000002846D1FFF794FEFFF7CEFE354D3146B9
:1015B00007465C22284607F0FBFDAB7EA5F81880A5
:1015C00043F02003AB76627E237E43EA0223AB84A2
:1015D000627F237F43EA0223EB8494F82330C3F332
:1015E000040385F84F3094F82330C3F3421385F891
:1015F000503004F11E001B232B85FEF757FFD4F853
:101600000E30E27CEB60A37C2F6043EA0223227D54
:10161000607D43EA02432B61012695F84F30AB729F
:101620002E75E18A3144FEF77DFFFFF721FF164B4F
:101630001E70BDE8F081124DAB7B03F00103B3EBEC
:10164000D21FF6D1062205F1080104F1080007F0C7
:1016500077FE0028EDD1094C286894F83D204FF41E
:101660000073023204F13C0102F024FA637C43F07F
:1016700002036374DDE7FFF72BFE71E7BC10002067
:1016800098100020D80A00205413002002282DE9C9
:10169000F74F0F460BD003D8012800F0D781FEE7A3
:1016A000032800F0DB81FF2800F0D881F7E74E78AF
:1016B0004A68B34D16F0010661D10026AB7EB14CED
:1016C00013F0200F12D0696D6FF34513AB7600292C
:1016D00000F0C580237895F85820627043F003032A
:1016E000A01C237007F056FD00236B65A648A54992
:1016F000FEF762FFAB7E003818BF012060F34103A4
:10170000C3F3C002AB76C3F300139B0043EAC203EA
:10171000227843EA001322F01C02134362782370FC
:101720009A4C02324FF400732068D2B202F0C2F930
:10173000AB7E7F68D90709D56FF30003AB76002332
:101740006B60FFF701FE2860FEF700FF002E00F03F
:10175000F9803B7803F00303022B00F05F81032B39
:1017600000F09480012B40F0ED8089487D78818ADB
:10177000FEF722FF081ABC1C80B200265BE113783A
:10178000AC7EC3F3001363F382041378AC76C4F326
:101790000011C3F3C00C8C45E0B2C3F3800AC4F35C
:1017A000C0040CD0544588D0AB7E84F00104E40022
:1017B00044F0200423F028031C43AC767DE703F0BB
:1017C0000303022B18D0032B04D0012BEAD14FF0D6
:1017D000000B12E0544508D084F00104E40044F00A
:1017E000200420F028031C43AC76AB7E81F001017D
:1017F00061F30413AB7661E7B34692F80180B8F168
:10180000000F0ED1544501D10026EEE7AB7E84F0E7
:101810000104E40044F0200423F028031C43AC76C8
:10182000F2E75B48B0F81490FEF7C6FEA9EB0000A3
:1018300080B2BBF1000F03D00228B3D9023880B2C6
:10184000544509D0AB7E84F00104E40044F0200448
:1018500023F028031C43AC768045C6D92DE795F8C4
:1018600028304948A21C0DF10701FFF786F910F056
:10187000FF0018BF9DF80730227860701ABF01334F
:10188000DBB2012363F3010222702FE7BB780C2B3C
:101890000AD80C2B0AD8DFE803F03F2B58090909B6
:1018A0000909600909091800142B7FD0394A1278F8
:1018B0002AB1162B00F09680182B00F0A280364833
:1018C00007220270437002210DE033480C234FF0D1
:1018D000FF320370012343708270037102220023E0
:1018E000C2704371062103B0BDE8F04FFFF790B816
:1018F000797A3B7A294A43EA01239380134628499F
:1019000043F8061BD7F80310C2F80610B7F80720F3
:101910009A807A7A9A7115E07A7B3B7B1F4943EA79
:1019200002238B800B461F4A43F8062BD7F803206F
:10193000C1F80620D7F807205A60B7F80B201A81A3
:101940007A7B9A7203B0BDE8F08F2A89134B053277
:101950009A80154A1A60FA78DCE7D7F80330228CAF
:101960000D48134003F0FF0322F0FF021343024629
:10197000092102F8011BC0F8013000235360B2E7CF
:10198000D80A002060010020A00D0020981000203F
:10199000341300205E0B0020340B0020400B00208D
:1019A0001105000089050000F10A0000B7F80530B4
:1019B000B7F803202D48DB08934228BF13462B8538
:1019C000152300216FF004046FF027020370072332
:1019D000817081714470C27003714471C27103726D
:1019E000092180E73A79FB782048134003F003038C
:1019F000022B18BF0123172202704370837003214A
:101A000071E77A79B9791A4B42EA01229A80194A28
:101A10001A60D7F80320C3F8062093E716487D78AC
:101A2000818AFEF7C9FD081A80B2022838BF022059
:101A30000238BC1C80B2854284D80F482B4622460F
:101A4000314603B0BDE8F04FFFF7FAB80B4B9B7E71
:101A50009A073FF577AF5B073FF574AFFFF742FC9E
:101A600003B0BDE8F04FFFF703BD00BF340B00200B
:101A7000400B00209504000034130020D80A0020F9
:101A8000EFF3108072B670470048704700F04902CB
:101A90000E49D1F8942002F00702042A0BD8022A3A
:101AA0000FD811D00A4BD1F80001C0F30420013047
:101AB000B3FBF0F07047074B0548052A18BF0346F3
:101AC000F1E74FF40043EEE7034BECE700400E4034
:101AD000C0EA210160F5900000F0490208B5FFF767
:101AE000D7FF044BD3F80831C3F308230133B0FB0D
:101AF000F3F008BD00400E4038B502460D46FEF733
:101B00007DFDE8B122B90F4BD3F80031FFF7C0FFDC
:101B1000FEF774FDA0B1FEF787FD88B1094BD3F83D
:101B20000031FFF7B5FF084B402204461A610DB1A2
:101B3000FEF76EFD20460021BDE83840FEF7D8BD17
:101B400038BD00BF00400E4000300E40044B054A37
:101B50009A60D3F8882042F47002C3F88820704756
:101B600000ED00E00000000008B5FEF753FB7047F1
:101B700047F6FF739A42F0B56CD006296CD8374B04
:101B80005B5C022B68D8364D05EBC304DE00A17800
:101B900015F83330012938BF0121012B13D1E0782A
:101BA0000025401A854202D30844C0B2F0BD431B51
:101BB000A0EB5303666836F913609642CCBF03F17D
:101BC000FF301D46EEE760680028EFD0B0F9004016
:101BD000A24204DCB0F902409442B8BF14468388A4
:101BE000FF2B04BFB0F90630B0F9087035440FBFC1
:101BF00001220022C82328276E781B1B93FBF7F3D2
:101C000013441BB29E4201DD002B01DA731E1BB28E
:101C10004FF47A7C00EBC3055F1CEA88AD6814FBC7
:101C200002521D463BB222EAE2729E4202F15C027F
:101C3000B2FBFCF204DD00EBC307BF88BA42E9D96E
:101C400000EBC5039888904228BF1046884238BFF1
:101C50000846AAE7FF20A9E70020A7E7C8940000EC
:101C6000600B002038B5C0F30323013B04460D464A
:101C7000092B11D8DFE803F0053611103A312C108A
:101C80001D191C4BC0F3043403F1424303F58013C8
:101C900004EBC304A400256038BDFFF71FFFFEF767
:101CA000CDFCC4F30434144BEEE7144BC0F30434FE
:101CB000EAE7134BC0F304344FF480320D49D1F8F6
:101CC0004401C007E0D4D1F840011042FBD1DBE76A
:101CD0000C4BC0F304341022F0E70B4BC0F3043478
:101CE0000122EBE7094BC0F30434CDE7084BC0F306
:101CF0000434C9E700400E40B8400E4050410E4049
:101D0000F0400E40E8400E40E0400E40C0400E4023
:101D1000B0400E402DE9F74FDFF82C91464E99F870
:101D20000040019107461546002C41D1434ADFF897
:101D300014A1D2F8F83042489BB29B02A3F580531D
:101D4000CAF80030D2F8F8309BB29B02A3F50063CA
:101D50000121CAF80430FFF785FFDAF800000821F6
:101D60000430FEF783FBDAF800301B68984208BFA6
:101D7000DAF80030DAF8040008BFD3F804B04FF006
:101D8000080100F104000CBF0124A346FEF76EFB1E
:101D9000DAF804301B6898423CD1DAF804305C6809
:101DA0005C4594BF002401240123347089F800307D
:101DB00096F900305A1C29D0224A52F8233003F1F8
:101DC0000C094C464FF6FF7AC4F30A030833B3F507
:101DD000006F1BD2A688564518D094F806B0201D77
:101DE0000BF10401FEF742FB22689042D84601D174
:101DF000B74212D008F1030808F4FE7808F1080889
:101E0000444489EA0403B3F5006FDDD34FF0000BBF
:101E100058460CE0013C64B2C6E72B785B45F5D32D
:101E200001985A4604F1080107F0B4F9012085F839
:101E300000B003B0BDE8F08F100000200081E00F7B
:101E400000650A00640200206C0200202DE9F04FBA
:101E5000012891B004D00024204611B0BDE8F08FD5
:101E60008A88002A00F01282A54F97F800A0BAF1E4
:101E7000000F00F00D82A34D2C78002CECD1A24B6A
:101E800009681C78002CE6D1A04E306802EB0008EF
:101E9000B8F5806F02D982242C70DDE7DFF88492D8
:101EA000484407F077F9BAF1020FC6F8008039D03C
:101EB000B8F1030FCFD99648FEF7E6F90178D9F8C3
:101EC00000204368012945D1190E012903D1C3F32C
:101ED00007430A2B46D98F4B9A4240F0DD80836836
:101EE000DA033DD502233B70FEF7BCFD8A4BD3F8E5
:101EF0002828A2F17E63A3F58433B3F5104F0BD2EB
:101F0000126BA2F17E63A3F58433B3F5104F03D2B5
:101F1000936809A900209847804B099A1A60804B62
:101F20000A9A1A60DFF80C92336899F80020082AA0
:101F300001D0402A4ED1DFF8F0817948D8F800105E
:101F4000006803F0030ACA18A2EB0A0282420BD906
:101F50008324A1E76F4CA2420CBF862484249BE714
:101F6000862499E7882497E76C4ADFF8CCB1176894
:101F7000DBF800001F440F44A7EB0A0727F4FF67B4
:101F800027F00707874209D9391A00F50060FEF7E4
:101F9000E5F908B185247FE7CBF800703168D8F8FF
:101FA0000000A1EB0A01FEF791FC3268D8F800307E
:101FB0005649A2EB0A02074613445A48C8F80030B3
:101FC000FEF7FEFE002FE5D199F80030002B7FF4DC
:101FD00042AF01E0002A61D133687F2B7FF63BAF2F
:101FE000DFF84881DFF854B1D8F80000F0B94A4B67
:101FF000D3F82878A7F17E63A3F58433B3F5104FA7
:102000000ED20A9009A8FEF73FF90A9B1A0E74D067
:10201000012A03D1C3F307430A2B6ED9BB6B984740
:10202000CBF8000007F084F9C8F800003A4FD8F860
:102030000000D7F82828DBF80010A2F17E63A3F592
:102040008433B3F5104FA5D2936A98470028A1D1E5
:10205000D7F828783268D8F800A00392A7F17E63F9
:10206000A3F58433B3F5104F16D2079006A8FEF7F8
:102070000BF9079B190E0FD00129039A03D1C3F363
:1020800007430A2B08D905AB00937F6B254909ABA1
:102090005046B847002853D08424FDE622490A68F8
:1020A0001A440A60214A10681B4AD2F82818A1F184
:1020B0007E62A2F58432B2F5104F05D31349194858
:1020C0001A46FEF77DFE16E0CF6A164A1849B84751
:1020D00032680E4907461348FEF772FE40F20323AA
:1020E0009F4203D1084A01231370B4E640F2012352
:1020F0009F423FF469AF8024CEE64FF4C0708FE773
:10210000D50A0020D60A0020BC060020D00A0020F4
:102110007C020020EB17A6030000E10FC40600209C
:10212000C8060020D0060020CC0600209C0200201B
:102130008C020020D40A0020C00600208802002063
:102140009DF8243089F8003023B9059B13B1402352
:1021500089F80030FEF73CF9074658B3D0F834A0B0
:1021600099F80030002B3FF476AE0022069204224C
:102170008DF8132006A90DF1130235200393FFF704
:10218000C9FD069AD30719D5039B082B14D0BAF1C1
:10219000000F13D0534610220CA903F1280003931B
:1021A00007F0CEF820B9039B0A9A1B6A9A4205D819
:1021B000892471E68246D3E7364BECE797B14FF4BA
:1021C00000613846FEF7CAF800287FF4E3AE2AF42F
:1021D000FF604FF4006120F00700FEF7BFF8002811
:1021E0007FF4D8AE99F80030082B01D0402B0FD1E6
:1021F000294B2A4A186820F4FF6323F007034FF4A1
:1022000000611360FEF7AAF800283FF424AEC1E68F
:10221000234F244BDFF89C907B60D9F82828D8F80E
:102220000000DBF80010A2F17E63A3F58433B3F560
:10223000104FBFF4AFAE936A984700287FF4AAAE60
:10224000D9F82828D8F800003368A2F17E61A1F5FA
:102250008431B1F5104FBFF431AF3946D2F82C803C
:10226000114AC0473268114907460F48FEF7A8FDDA
:1022700040F203239F4203D10D4A01231370EBE583
:1022800040F201239F423FF4E6AD34E70D24E3E53D
:102290008124E1E5F8940000C4060020C006002077
:1022A0008C020020DD100000D0060020D00A0020A3
:1022B000BC0600200000E10F00F00F0001380728E5
:1022C00050D8DFE800F00415244F34384F402B4B32
:1022D000D3F8943003F00703023B052B06D8DFE860
:1022E00003F049243F0305430B2070470520704746
:1022F000224BD3F8800000F0070002283DD00428CC
:1023000036D0012808BF032018BF012070471B4B9F
:10231000D3F8843003F00703013B032B03D8DFE835
:1023200003F0041F25270120704703207047134B3B
:10233000D3F88800DFE7114B1B6F13F0010F0CBFC0
:102340000720092070470D4BD3F85C3103F03003B0
:10235000202B0FD0302B0FD0102B08BF0720D3E736
:1023600002207047002070470C20704706207047FD
:102370000A207047042070470820704700400E4034
:102380000428F8B56FD8474B13F800C0464B1D5CC6
:10239000464B33F81060464B33F81040454B00294C
:1023A0006DD0022860D15C6A14F0300F5CD1424CD1
:1023B000E46B5C6AE40705D55F6A27F0300747F0F5
:1023C00010075F623D4C3B4B25441E66AD002B68F9
:1023D000002BFCD0002A46D06444A4002368002BC4
:1023E000FCD002283FD100293DD0324B5A6AD10798
:1023F0003CD54FF48062C3F8A82020225A665A6A5E
:1024000012F0300F0CBF4FF440024FF40002D3F82B
:10241000901032EA0101FAD1520201D5D3F8A0306E
:10242000244D012200210220D5F89C70FFF7A8FF5F
:10243000D5F890306B6A23F0300343F010036B62E1
:10244000C7F30A07296B1E4BFA0903320F2A03EA66
:10245000010328BF0F223B4343EA02732B632E661E
:102460002368002BFCD0F8BD0021ABE75A6AD3F8F3
:10247000902002F44002B2F5400FF8D1CEE70121DE
:102480001C66A940D3F890000842FBD1002AEAD08C
:102490000123084903FA0CF3D1F890201A42FBD12A
:1024A000E1E700BF99940000949400008A94000032
:1024B0008094000000400E4000300E408004F21076
:1024C00000F8FF0F10B500211048FFF715FB10486A
:1024D000FEF7B4F8012211460220FFF751FFFEF784
:1024E000F3F8FEF795F80B4B02225A67FFF7D0FA84
:1024F000FEF7A4F8FFF7F2FA0446FEF795F8014656
:102500002046BDE81040FEF7F3B800BF00F04902D6
:102510000148E80100400E4000B962B67047000073
:102520002DE9F0410D4F06460D4614460CB9BDE8A5
:10253000F081EFF3108872B623462A4631463846BA
:10254000FEF77EFB03464046FFF7E6FF002BEDD08B
:10255000E41AA4B21D440026E8E700BFA00D002045
:1025600013B5002301F10804ADF80430ADF80600FE
:1025700021461A4651F8080C083170B90BB1ADF874
:10258000042004220DEB020101200834FFF7C8FFEC
:1025900054F8101C39B902B010BD51F80C3C1A4463
:1025A00092B20123E6E734F80C2C0020EDE700009E
:1025B0007FB50130002380B2CDE90101CDE90433BC
:1025C0006946044B009304200392FFF7C9FF07B04C
:1025D0005DF804FB20110020EFF3108072B6704705
:1025E000FFF79ABF064A074BD3F88039136F23F0E1
:1025F000070303431367044B1888FEF7C3B800BFF3
:1026000000300E400000C6435C0B002000000000BC
:102610002DE980487A4B5B685E05A3B024D44FF067
:10262000005300221A601AA8FDF72EFEFDF7D0FE17
:1026300008B3446BFEF716FA1C9B5D0740F1BC80A3
:10264000FDF7C6FEFDF75CFE0446FEF7EBF994B11C
:10265000FDF7BEFE0446FDF7BBFE6A4B986023689B
:102660009D466368984706E04FF000531A68022AB7
:10267000D5D100221A60BFF35F8F624B5A6A22F4F1
:1026800080325A62D3F8942022F00102C3F89420D9
:10269000BFF34F8FBFF36F8F5B495C4F0A685C4D90
:1026A000C3F898204FF00050C3F89C005948C3F875
:1026B000A000AF4202F1010008604FD07E1E731BE4
:1026C00043EA530343EA930343EA131343EA13230E
:1026D00043EA13430133B3F5807F38BF4FF480736F
:1026E0005C422C4003EB040C674500F28780072B0B
:1026F000ACEB07074FF0010C8CBF4FEAD30E4FF045
:10270000200EB7FBFEF70CFA07F7013FFFB2361BAE
:102710002D1BB3FA83F3B5FBFEF5B6FBFEF666445C
:102720000CFA05FC07FA06F60CF1FF3CC3F11E0398
:102730004CEA060C5B000CF0FF0C03F03E0343EA8E
:102740000C23304D43F0407343F001130232C5F8BF
:102750009800C5F89C40C5F8A0300A60BFF35F8FB1
:10276000284B0522C3F894205A6A42F480325A62F8
:10277000BFF34F8FBFF36F8FBFF34F8FBFF36F8FD9
:10278000254B01225A64254BD3F8FC20244B120E12
:1027900048D14AF6E851C3F89011D3F8981141F0A6
:1027A0000401C3F89811C3F89021D3F8642142F4CE
:1027B0000052C3F8642137E014B9FEF733F95AE741
:1027C000164AD2F8F8309BB2B4EB832FF5D2D2F888
:1027D000F82004F1500392B2B3EB822FEDD82046DB
:1027E000FDF7D6FD0028E8D0636913B9FEF71AF9A2
:1027F0002EE79DF86830012BF8D121E75B006FE7E9
:1028000000500E4000ED00E0540B0020BC00002002
:10281000BC0000203900011300000E400081E00FD1
:1028200000300E40012AC0D0814A136A23F44413B9
:1028300043F488131362A2F58042136843F4807353
:1028400013607C4B02229A639A6B02F00F02022AF9
:1028500040F00481DA6C22F0405222F0010242F092
:102860000102DA64D3F8EC2042F44072C3F8EC20A1
:10287000714A0F211180DA6E42F08072DA666F4B76
:10288000D3F8800900B10420FFF7ACFE6C4B694F10
:10289000DFF8B881C8221A806A4BA0220F200024DA
:1028A0001A80FDF76FFF684BBB65CDE91244CDE997
:1028B0001A44D8F81832C3F307295FFA83FACDF81F
:1028C0007090CDF850A0FE6CC6F3017622463346D8
:1028D0001AA912A8FDF71CFFD7F8EC50C5F3012583
:1028E00022461BA913A82B46FDF712FF4FF41674BE
:1028F000A9EB0A026243B2FBF4F252449145DDF8BF
:1029000068C01299DDF86CE01398C0F0A780AEEBB8
:1029100000036343B3FBF4F3C0182CBF012300236F
:102920008645C0F09B80002B40F09880ACEB010303
:102930006343B3FBF4F3C9182CBF012300238C4578
:10294000C0F08C80002B40F08980FC6D24F4FE44A4
:1029500024F0020444EA0224FC65022ED8F8302256
:102960005CD0032E5DD0012E14BFD2B2C2F3072279
:10297000120312F4702F71D12E4CE36E23F47043C6
:102980001343E366314B022DD3F830224BD0032D95
:102990004CD0012D14BFD2B2C2F30722120312F49D
:1029A000702F5BD1234BD3F8EC4024F470442243C6
:1029B000C3F8EC205A6E814238BF0146E72922F461
:1029C000FF7228BFE72122F0010242EA41025A6663
:1029D000DA6B42F48062DA634AF6E852596B5A6362
:1029E0009A6FD407FCD41B6C144A13F003032FD046
:1029F0000123C2F8B43A0F4B9A6FD007FCD41A6C7B
:102A000022F003021A649A6F12F00102FBD10B4804
:102A10000129C0F8B42A08BF5A631BE0C2F3074279
:102A2000A6E7120EA4E7C2F30742B7E7120EB5E716
:102A300000400E4000300E405C0B00200000C643FA
:102A40005A0B0020580B0020372110B70081E00FEF
:102A5000C2F8B43AC64B0122C3F89427C54CC64EFF
:102A60001120FFF729FC002102200122FFF788FC3A
:102A7000636A23F001036362C04B0025C3F8A054CE
:102A8000A36A23F0070343F00603A362BC4BE3628F
:102A9000226BBC4B02F07F6213432363BA4B636328
:102AA000FFF710FDB94B304601211B68FFF724F8F2
:102AB000FDF7BAFD01463046FDF71AFED4F80001D5
:102AC000C0F304200130B6FBF0F0FDF7B7FD0122A2
:102AD00011460220FFF754FC636AAD4E43F04053A9
:102AE0006362D4F8C83043F00103C4F8C830A94B7E
:102AF000D3F8D830B365042404AA06A935208DF88C
:102B000010400695FFF706F906238DF80F30069B57
:102B10008DF80E4013F4803F07AC00F0518205237E
:102B20002246B16D02F8011B013BFAD29DF821301B
:102B300063F03F038DF821309DF8223043F001030C
:102B40008DF82230944B5C60944B954A9A60002734
:102B50004FF480715961C3E900221F82914A924B60
:102B60009248934D1F82C3E900229A60596100F098
:102B7000F8FC8F488F4C904E00F067FF0FCD0FC4CC
:102B800095E80F0084E80F008C488D4B03603946B0
:102B90008C4B436000F08AFC73A3D3E900233060C0
:102BA000CDE900234FF0FF334FF0FF3200F027FF55
:102BB00002224FF0FF313068774C00F022FF0DF118
:102BC000680A94223C23CDE91A321C93514696237D
:102BD00030681D93CDE91E77209700F049FD3746F8
:102BE0007949306800F020FF306800F0C4FFB4F984
:102BF000001057F8080B00F02CFF6468002C40F020
:102C0000F8813846FDF7E6FCB37B64F30003B37349
:102C10006E4BDFF8F0916E4D4FF0200883F8018382
:102C200083F8048383F8068383F8078383F8058396
:102C300083F8088383F81D83664B5A2200211846C7
:102C400006F0B6FAA0F10A04634B636042F2107218
:102C5000E26042F20153614A40F80A2C2381604A43
:102C60004FF490733384012313700022C9F80020BD
:102C70001B222A800DF10D0103AA3E208DF80C3095
:102C8000FFF748F811230DF10B020DA936208DF83E
:102C90000B30FFF73FF80DF10A02514639208DF84D
:102CA0000A80FFF737F8002837D14E4B9DF80B20EC
:102CB00018681B791A908AF80430002A00F0A08165
:102CC0001B2A28BF1B22531D8DF80A300DA9531C47
:102CD0000DF16D008DF86B3006F05CFA12A8FDF76F
:102CE00079FC414A9DF80A3012882AF8032022A96B
:102CF0009A1C51FA82F21298BDF84C1042F8200C3E
:102D000022F81C1C03F1080222A951FA82F20933AD
:102D1000002102F8201C8DF80A3020230DF1090251
:102D200012A93A208DF80930FEF7F4FF48B92F4B6D
:102D30005A8A1B7D8DF84A300323ADF848208DF860
:102D400009302B4B2B4800224FF00208C3E9002228
:102D5000294B036080F80480FDF74AFE2748284B82
:102D60000360102303724FE008550051000000007B
:102D70000000C64300400E4000F049020000C84376
:102D80002000050007450BD047A0020000300E4090
:102D9000005008400081E00F58130020A00D0020D3
:102DA000A00C0020A00B002034130020690345EC88
:102DB00078950000600B002098100020900B0020F8
:102DC00071130000800B00201200002000E100E0E1
:102DD00028110020C610002055555500D6BE898EFA
:102DE0005E0B0020DD930000E79300005495000087
:102DF0004C1300203C0E0020EA930000E40D00205C
:102E0000ED9300003013002080F80480FDF750FFA0
:102E1000B148B24B0360B24B80F80480C36080F8C5
:102E20000880A0F81080CDE90038434690E80600FD
:102E30001430FDF771FD9DF80B10002900F0EB80B8
:102E40000DA8FDF75FFFA748A74B03604FF01008E0
:102E500080F80480FDF7CCFDA448A54BA54A03608B
:102E60004FF6FE7B08230372C260A0F810B080F812
:102E70000480FDF71DFFA048A04A02600C220272E8
:102E80009F4AC260A0F810B080F80480FDF710FFE0
:102E90009C489D4A02604FF0020B9C4AC260082386
:102EA000038280F8048080F808B0FDF701FF98489D
:102EB000984B0360984BC3600123038280F8048021
:102EC00080F808B0FDF7F4FE9448954B0360954BED
:102ED000C3604FF6FE73038280F8048080F808B068
:102EE000FDF7E6FE9048914B0360914BC3604FF6AF
:102EF000FE73038280F8048080F808B0FDF7D8FEE6
:102F00008C4B8D4A1A604FF6FF729A809DF80A200A
:102F1000202A05D8931D89486375514606F03AF971
:102F20009DF80920202A06D8931D854884F83D3055
:102F300012A906F02FF9FEF7CBF9227C617CB2FAD8
:102F400082F35B0963F30001237D617462F3030381
:102F5000B27B02F0010262F386132375637D0BB925
:102F600006236375774BB988B068C4F8160099805A
:102F700094F83C30042161F3030362F3861384F870
:102F80003C3094F83D3013B9062384F83D306E4B45
:102F9000B068BA88C4F83E009A80FEF729FA6B4EF2
:102FA0006B4B1B782BB1DFF8B8814046FDF704FB73
:102FB000A0BB684A136923F00403136130BFEFE735
:102FC0000DF10F0221462C20FEF7A4FE00283FF44D
:102FD000BBAD0DF10E0205A93C20FEF79BFE18B11A
:102FE0009DF8140000F001009DF8223060F300030A
:102FF000A6E52068B060A288A379BB71BA8007E615
:1030000008238DF80A30544B1A889B78ADF86D2050
:103010008DF86F3062E65048032112E7EFF3108419
:1030200072B600231A460DF111014046FDF7A5FDC9
:103030002046FFF771FA9DF8113013B10023C9F84B
:103040000030D9F80020EFF3108472B6C2F5017396
:103050009BB232440DF111014046FDF78EFD03464F
:103060002046FFF759FAD9F800201A44032AC9F874
:1030700000209AD93488231D9A4296D307D87088A5
:1030800004284FF0000306D0062800F0AB8100238F
:10309000C9F8003089E732796B8004F1FF3A122ACF
:1030A0001FFA8AFA5ED8012A5FD9931E2B4F102B84
:1030B0005BD8DFE813F05C005A0072005A008B0006
:1030C0005A0022015A00BF005A005A005A005A0002
:1030D0005A004F015A00EF00B80D0020F093000095
:1030E0006A9500006C100020F3930000141000207B
:1030F00004940000D90D0000BC0F002015940000BE
:103100004D1E0000640F0020269400004995000029
:103110000C0F00203794000048950000B40E0020EA
:1031200048940000DD0200005C0E0020599400006D
:10313000490400008C1000204C130020D8100020FF
:1031400000110020D2100020FA1000202C110020C5
:103150005413002000ED00E0E39300002011002054
:1031600034130020522A00F0B580062289E0BAF11B
:10317000020F40F03581B6F805400022B4F5007F1B
:1031800028BF4FF400740323114650463B70A7F844
:103190000140FFF70DFA2C8079E7BAF1040F70D1E6
:1031A000B6F80540A0B2FDF747F860B1027A7C801E
:1031B000022A4FF005010CBF012302233970416838
:1031C0007B70032057E06C800A225AE0073CDFF84E
:1031D00038B2CDF800B0A4B20194B6F80710B6F832
:1031E00005000223ABF10202FDF7ACFD4FF6FF7ABA
:1031F0005045044604D17368C3F30F236B80E3E7A3
:1032000000230130CDE90033ABF102020223514625
:1032100080B2FDF797FD50451CBF00F1FF3080B232
:1032200007233B70A7F80140A7F8030000221146CE
:10323000042020E0BAF1020F40F0D280B6F805B0C9
:103240001FFA8BF42046FCF7F7FF002839D0037BE8
:10325000990713D52B880DF11202013B09A92046CD
:10326000ADF81230FDF7B2FB024670BB0B23BDF880
:10327000122009993B70FFF79BF908E75246A5F821
:1032800002B05D4B30796988587001241C705980F8
:103290001A71CBE7B6F805B01FFA8BFA5046FCF767
:1032A000CBFF70B1037B1A070DD5E21E92B25349D2
:1032B0005046FDF755FB024638B913233B700146D3
:1032C000D9E70122DBE70322D9E77368C3F30F23B1
:1032D0006B80D6E7B6F805703846FCF7ADFF0028DE
:1032E0003FF4D5AE037B5B077FF5D1AEE21E4349C9
:1032F00092B23846FDF734FBC9E6631F9BB2022B3E
:1033000001D0102B6CD10022CDE90022DBB23C4A67
:10331000B6F80710B6F80500FDF714FD4FF6FF7379
:10332000984204463FF467AF2B880DF11202043B2C
:1033300009A9ADF81230FDF749FB024608B16C80CF
:103340009FE7BDF8122009997C8009233B70931CEC
:103350007B7036E7053CA4B2022C01D0102C3FD183
:103360004FF0000BCDE900BBE4B2B6F80710244AD9
:10337000B6F805002346FDF7E5FC4FF6FF718842DD
:1033800082463FF438AF013023461D4ACDE900BBE9
:1033900080B2FDF7D7FC2B884FF6FF7188420446B8
:1033A000A3F1060318BF00F1FF340DF1120209A9C1
:1033B000504618BFA4B2ADF81230FDF707FB024625
:1033C00010B1A5F802A05CE7BDF812200999A7F892
:1033D00002A011233B70131D7B70BC8005204AE7BF
:1033E00004224EE7CDE90B33064B099309A90223CA
:1033F0000A93FFF7B5F84AE62011002033110020A8
:103400003511002018000020371100200D4AD2F895
:10341000E430D2F8E0109B0003F03C03C1F38111CB
:103420000B438370D2F8E03003F03F034370D2F8CF
:10343000E830D2F8EC2003F0F003C2F30312134398
:103440000370704700FF0FE0FEE7000008B5FEF7CD
:103450007DFB124B12498B4212D3124B12490020B2
:103460008B4218D3FCF79CFE186850F8224058682D
:1034700040F82240013298688242F5D30C33EAE7E3
:103480000022F8E71C6844F8220001325C68A2427E
:10349000F8D30833E4E70022F8E700BF94B6000051
:1034A000A0B60000A0B60000A0B60000F8B50D461A
:1034B00010B900242046F8BD0E4F3E68002EF8D10A
:1034C00000F052F804460028F3D0386000F0A8F865
:1034D000204600F074F838B130463E6000F0A0F8A5
:1034E000204600F067F8E4E7002DE3D02046A84727
:1034F000E0E700BF601300200846114600F0A2B8C4
:1035000010B504F01DFF20B9024BBDE810401B6848
:10351000184710BD2800002010B500F074FA20B93B
:10352000024BBDE810401B68184710BD2800002062
:1035300070470000431E033306D8044B984228BF4F
:103540001846642838BF6420704700BF40420F000F
:10355000431E012B03D9031F5842584170470120D5
:10356000704700F065BE0000F8B50546FEF788FA22
:103570000F4B1E68074626B93846FEF7CDFF344686
:1035800011E0B4688CB194F810C01CF0010F0CD19C
:1035900095E80F004CF0010C84E80F0084F810C08F
:1035A0003846FEF7B9FF2046F8BD3668E3E700BFAE
:1035B000200000204FF4A472002105F0F9BD10B5E1
:1035C0000021044600F02EFA2046BDE8104004F029
:1035D000C1BC000038B505460C4641B10B6833B19B
:1035E0001B68013303D0CB680BB18B684BB900F07B
:1035F0001DFEBDE838404FF492724121002000F0DA
:1036000095BA084600F017FE0023044A85F8DC301E
:10361000C5E92343C2E9003338BD00BF6813002069
:1036200010B5044618B9054B054A136010BD03F0E8
:10363000D5FED4F89830002BF6D1F4E731350000F0
:103640001C00002010B50C4603F006FF054B0021BE
:103650005B68032098471CB104F09EFE0128FBD153
:1036600010BD00BF2800002004F052B804F066B876
:1036700008B502460868FFF75DFF08604868FFF775
:1036800059FF48608868FFF755FF8860C868FFF7F2
:1036900051FF0B69C860581C03D00B48834228BFF8
:1036A00003460B614B69581C03D00748834228BF6F
:1036B000034688694B61FFF73DFFBDE8084088611C
:1036C000104604F0A5BC00BF40420F002DE9F84FA2
:1036D000D0F8903006460F4613B1038B8B4246D08C
:1036E000D6F88CB0BBF1000F44D0DBF80830002BCB
:1036F00040D0DBF80C1000293CD0D6F8A0A0BAF1DD
:10370000000F3AD04FF000094D46C84601E0DBF803
:10371000083005EBC50203EB82040135E389BB42A7
:1037200016D8238ABB42304612D3B4F91230B6F908
:1037300024109942A04603EAE37255DD96F8D010B2
:10374000FEF716FA337D834281464DD9DBF80C1023
:103750008D42DCD3B8F1000F40D000234246194619
:103760003046D0473783C6F8908086F8D99000203D
:10377000BDE8F88F0320BDE8F88FD1465446524685
:1037800047F6FF7504EBC40803EB8808B8F80E3061
:10379000BB421DD8B8F81030BB4219D3B8F912207B
:1037A000AA4202EAE27207D14FF0FF093783C6F856
:1037B000908086F8D990DAE796F8D0103046FEF778
:1037C000D7F9337D834281464246EFD9DBF80C10AE
:1037D0000134A14204D9DBF80830D3E70120C7E760
:1037E000002AFBD09046E1E7A046B6E72DE9F04776
:1037F00082B004468946164604F0B0FD3B4D08B140
:1038000000236B602B68D4F88CA0D4F890700BB1B7
:1038100053454BD04FF00008C5F8089004F0BCFDAC
:10382000012836D12B68DAF800103A6813B118680D
:10383000884246D0204604F0DBFAC5E900A7D4F858
:10384000A0508DF80760002D42D000220DF1070333
:1038500011462046A847204604F0B6F80546B8F1C0
:10386000000F00D08EB1B5FA85F040F2DE3240098B
:10387000332100F05BF93146204604F0C5FA1C4BB9
:1038800005461B68394620469847284602B0BDE8E1
:10389000F087012003F0E0FD164B00215B68032058
:1038A000984704F079FD0128FBD1BBE76B68002B3A
:1038B000B0D0BB42AED1AB68994514D04FF00108EF
:1038C000AAE7696811B109689142B6D05968B1E7B1
:1038D000217D94F8D930994228BF194632462046B6
:1038E00004F008F8B7E70025CFE700BF6813002011
:1038F0001C00002028000020F8B505460E46FEF703
:10390000BFF8314607462846FFF7E0FE044620B1DF
:103910003846FEF701FE2046F8BD04F01EFD2246A3
:1039200031462846FFF762FF04463846FEF7F4FDAD
:103930002046F8BDF8B505460E46FFF74BFED5F814
:103940008C307BB15B696BB101F0CCFBD5F88C306E
:103950005B691B1A584240F26B124FF0420158410A
:1039600000F0E4F8F76800224FF6FF734FF0240CE4
:10397000D0B2B84208D31C4621462846FFF7BCFF08
:1039800000F05EFC2046F8BDB1680CFB0011CC894C
:103990009C4202D2002CEFD023460132E8E7008B94
:1039A00070470A7838B505461046FFF7D1FD60B17B
:1039B0004C782046FFF7CCFD38B12243530704D49E
:1039C0002846BDE8384003F0CDBE012038BDFFF7E2
:1039D000E8BF10B504460878FFF7BAFD58B14A7839
:1039E0001046FFF7B5FD30B1042A04D02046BDE8EB
:1039F000104003F0EFBE012010BDFFF7EABF03F057
:103A0000ABBC03F005BE70B504460D461646FFF785
:103A100073FF30B9324629462046BDE8704002F0B7
:103A200051BC70BD04F0A8BC38B5044648880D46AA
:103A300000F0FFFBD4F8A0302BB929462046BDE8A2
:103A4000384003F0FDBE022038BD00F0F3BB03F0A8
:103A5000B1BF73B5044600200D4600F0EAFBD4F870
:103A6000A06069462046FFF7F2FF5EB99DF800109E
:103A70002A462046FEF77CF80146204603F066FF02
:103A800002B070BD00231A4629462046B047F7E72A
:103A900038B505460C46FDF7F3FF2B6B1C40EB6A6F
:103AA0002343EB62FEF738FD211E18BF01210020E1
:103AB000490238BD04F033B904F052B907B54FF4E8
:103AC00000730A49ADF806300DF10602FFF7F4FF66
:103AD000BDF80630B3F5007F05D1022808BF0020ED
:103AE00003B05DF804FB0120FAE700BFC01400201A
:103AF0000846114600F0C0BA04F0FEB838B50446D6
:103B0000154609B104F04AF925B12046BDE8384010
:103B100004F046B938BD0000024B1960024B186032
:103B2000FEE700BF24000020C016002008B550B9F1
:103B30000548064B01601A60054B1A68054B1A6070
:103B40001868FFF7E9FF08BD24000020C416002014
:103B500060130020C0160020437C03B108470220F8
:103B6000704710B5044604F0CFFC20460321BDE8A1
:103B7000104003F04BBCFFF7F4BF00000149FFF712
:103B8000EBBF00BFDD8400000149FFF7E5BF00BFC8
:103B9000B184000010B5437C0C4693B14968002203
:103BA00004F0BCFC206890FAA0F0000A01F0ECFBE5
:103BB000A17A2089002281F0010104F00DFD00208E
:103BC00010BD0220FCE71FB5CDE90012ADF80830AA
:103BD00069469DF818308DF80A30FFF7DBFF05B015
:103BE0005DF804FB00207047002070472DE9F74F77
:103BF0001C469DF830300193036803F00703063339
:103C000001259D400646174605F1FF380B46A1B138
:103C1000416804EA080BA5EB0B0A41F00059524534
:103C200009EB0B0114D95246184605F0B3FA7A1B7A
:103C30005A444946504405F0ADFA019B2BB13C442F
:103C400048EA050804EA0804F46003B0BDE8F08F10
:103C50001846F0E70D4BD3F8E020D20314D50C49F9
:103C60004FF48032C3F8E820C1F8EC209A6BD1B24F
:103C7000C2F3072299679A6704229A6700229A671B
:103C80009A679A679A679A67704700BF0010084062
:103C900000100846F8B50C4C0D4617460646FDF7D1
:103CA000EFFE0123A362042327606660A560C4F8C9
:103CB000E830064B4FF48072C3F88021FEF72CFCED
:103CC0000DB10223A362F8BD0010084000E100E03E
:103CD000054B1860054B01229A6540F6FF72196387
:103CE00058635A65704700BF501700200010084005
:103CF0002DE9F04F042A83B0054639D90B7883614A
:103D00004B7883618B788361CB7883610068D5F8C9
:103D100008B06E6800F007000123063003FA00F8CF
:103D200008F1FF3909EA0B07A2F1040AA8EB070220
:103D3000924501F1040446F000560DD8F0192146D1
:103D4000524605F027FA0AEB0B0248EA09031A402B
:103D5000AA6003B0BDE8F08F2146F019019205F08A
:103D600019FA019AA118AAEB080230463A44E8E78A
:103D7000013A032AEDD8DFE802F00B08050211F83A
:103D8000013B836111F8013BAB6111F8013BAB6171
:103D90000B78AB6103B0BDE8F08F00BF37B50025ED
:103DA00000951446FFF722FF204603B030BD000007
:103DB00038B50C46104B1546014668B10122C3F8D0
:103DC000B8200E482246FFF793FF1DB10A4B04228C
:103DD000C3F8B820002038BD64B1D3F89C20A242BB
:103DE00084BF0122C3F8B820C3F898400222C3F868
:103DF000B820EAE70122FAE70010084090100840D6
:103E000010B5FDF73DFE184B184901229A65C3F81D
:103E100088201A66164A5A660722C3F884200A8048
:103E2000144900220A804FF4A021C3F8E81003F1DE
:103E3000C0630446C3F8EC100F4B1A600F4BD3F865
:103E400088305B020AD50E4B18680E4B4FF4800287
:103E5000C3F88820416BA43001F0B2FA2046BDE8D7
:103E60001040FEF759BB00BF00100840CE160020DE
:103E7000D0160020CC160020C816002000400840B4
:103E800060130020004008440D4B07221A800D4BA0
:103E900000221A800C4B0121C3F8B810C3F89020FF
:103EA0004FF40052C3F89400C3F8B420074BF0223B
:103EB0001A6403F10073A0221A64FFF7A1BF00BFC8
:103EC000CE160020CC160020001008400000084448
:103ED0002DE9F041044688B1394E3A4FFDF7D0FD47
:103EE0003388394A03F07801032C054603F07F0C30
:103EF000114453D13C6824B9FEF70EFB0320BDE802
:103F0000F08124F00104386820F00100A0424AD179
:103F100000223A6022886FEA42426FEA52428C42A3
:103F2000228036D1294CDFF8B8C02788ACF1800850
:103F30003A46083A92B201F10800604528BF40466F
:103F4000082A04D9B0F900E0BEF1000F36DB228068
:103F50003B440C8888781E499B1ADBB2C4F30C04DE
:103F6000CC6300F007003380CB66C1F88420FFF7F4
:103F700071FE04280DD1174BD3F88830164B186802
:103F8000164B4FF48002C3F88820416BA43001F037
:103F900017FA2846FEF7C0FA0020B0E7601E012895
:103FA00098BF0C46AFE7094862440088A21A48BF90
:103FB000803208389042ADDC28469DE70146B8E7DC
:103FC000CC160020C8160020D0160020CE160020E7
:103FD00000100840004008406013002000400844E2
:103FE000501700200E490F4B0A881B880E481344B7
:103FF000073B03F0780303440832987892B20A80B2
:1040000000F0070009490428C1F8842004D101F513
:1040100040514A681203FCD4054A1360704700BF40
:10402000CE160020CC160020D0160020001008402C
:10403000C816002010B5054C206828B1C30701D46C
:10404000FFF746FF0023236010BD00BFC816002005
:10405000084B4FF48032C3F8EC2003F17C43C3F8E3
:10406000E420D3F88030C3F30C03782B01D8FFF79A
:10407000F1BD7047001008442DE9F84304460E4690
:10408000FDF7FEFC504B514D1A882D888146504853
:1040900002F07801032C02F07F03014417D14D4C4C
:1040A00024688CB92A44073A02F078028418034441
:1040B000E31A48BF8033AB4210DB4846FEF72CFAC8
:1040C00000242046BDE8F88324F00104EFE7012C2A
:1040D00002D0022CEBD1083D0C46E8E7002E41D07F
:1040E0008C423D4942D1D1F83C800A6B02F0070274
:1040F000063201279740D1F88020C2F30C029A4281
:1041000047DDB4F900302588002BD6DBA378C5F352
:104110000C0503F007037A1EA5EB08053A43052BAF
:10412000337005EA02052CD82DB2E84340F236423E
:104130000421C00FFFF7FAFC7580E378274A337437
:1041400012687B1E03EA0803D118B160A9B213FA02
:1041500085F5BD4289BFFF1A0023B780F2609CBF7E
:10416000B180F3604846FEF7D7F9AAE7A4F1080248
:10417000824238BF04F17802B2F80080C8F30C081C
:10418000B3E7174BDB6C003B18BF0123A5EBC3055E
:10419000CAE78B6B7A1EA3EB08033A431A40114B14
:1041A00015B25B686AB9C3F30363D91E4B424B4136
:1041B000DB0033700B4B7280D3F89030C3F30723CE
:1041C000BCE70823F5E700BFCC160020CE16002080
:1041D000D0160020C81600200010084050170020FC
:1041E0000000084000400840431C08D0044AD2F8B0
:1041F0003C311B0C1B0480B20343C2F83C317047B6
:104200000040084038B50D6804462846FFF7ECFF2B
:10421000D4F8903043B15B6933B1013504BF6FF01E
:1042200001020A600A681A60002038BD04F095B8DF
:10423000704770477047A62231210120FFF776BCF6
:10424000704738B50D46044600F04CFFAC4042F2D2
:10425000107364095C436423B0FBF3F0B4FBF0F02B
:1042600038BD0000034B1A689B88026083800020E1
:10427000704700BF3A0000200F4B0628D3F8883162
:1042800004D183F40013C3F340507047022805D1D2
:1042900013F4400F0CBF01200020704750B9074AAB
:1042A000D2F8D40010F0010005D083F48003C3F3EA
:1042B000805070470020704700400E400081E00FA2
:1042C0000C4A5288B2F5E16F94BFC8225A2210B549
:1042D00094BF7824502490428CBF172210220A7079
:1042E000054A0346107818B19C422CBF00200120DB
:1042F00010BD00BF3A0000203300002013B5234B4F
:104300001B780E2B04463ED00DF10701FFF7D8FFB6
:104310001E2C8CBF1E4C1F4C9DF807304FF0010225
:104320008CBF01210021C4F8082170B1194A4DF653
:104330000174C2F804411B0202F1007243F44043CD
:10434000C2F80431144AA2F8D430134A134C92F83C
:10435000D83023F00103034323F0020343EA41036F
:10436000DBB282F8D83024786CB923F0040343EA36
:10437000800323F00803B2F8D440A2F8D64043EA01
:10438000C10382F8D83002B010BD00BF3A0000204F
:104390000040084600400844001F00215617002036
:1043A000084B094AD3F88831DB4303F4FE1343F486
:1043B0000053B3FA83F30E33A3EB4313013B1370A3
:1043C000704700BF00400E403200002002280CD091
:1043D000062802D020B100207047054B187870479E
:1043E000034B18780430C0B270470720704700BFF5
:1043F00032000020022807D0062807D0003818BF56
:1044000001204042C0B27047012070470020704731
:1044100030B51F23B0FBF3F35D1CEDB24FF0FF345A
:10442000C3EB4313AC40C01AE4430130E4B2C0B262
:104430001460086030BD00002DE9F7433A4E3B4F51
:1044400096F8009015463A4AD2F8C820B9F1020F02
:104450000446884607EA02071AD147EA006788F847
:104460000000002372882B60B2F5E16F94BFC82270
:104470005A2227F47F57944227F008079ABF380A38
:1044800000F47F5043F6C870384303B0BDE8F083B2
:10449000284A1278904228BF144604EB83030B701D
:1044A000F4B1013CE4B24FF030632B606A4601A9DD
:1044B0002046FFF7ADFFDDE9002347EA03671E4B07
:1044C00098F800101B7847EA823747F47F5747F087
:1044D00008073BB90029194B18BF4FF07F43C1E7CC
:1044E000164BE2E7164B1748B9F1060F08BF034613
:1044F0002AB90029114B18BF4FF07F43B2E7B2FA37
:1045000082F2C2F11F02D2B29B5CDBB239B15A1EF9
:10451000D2B2FD2A05D81B0643F00403A2E7074BDD
:10452000A0E74FF07F439DE73A0000203F00C0E046
:10453000001F002132000020571700200400000B4C
:10454000B883E00FB083E00F2DE9F3410446C820A3
:10455000FFF7D4FE2B4B2C4E18780E2801D0FF2CE1
:1045600005D1FF243470204602B0BDE8F081022856
:104570002DD1072C204628BF072001284FF000032B
:1045800001AA0DF1030138BF0120FFF755FF0546D1
:104590001E4B1F4FDDF80480C3F85881C7F8C85080
:1045A0009DF8034034702046FFF7A8FE194A4FEAF1
:1045B000082303F4E063127843EA1863A7F8D030C5
:1045C000002AD0D1C7F8CC50A7F8D230CBE7A0B999
:1045D000052C32BF002701270420201A3B4601AAE0
:1045E0000DF10301C0B2FFF727FF4FF4800305462A
:1045F00037B1094AC2F80831CAE700273846ECE764
:10460000064AF7E73A000020380000200040084042
:10461000001F0021561700200040084600400844B3
:1046200008B501F037F8094B094A002818BF1A46A7
:10463000136823F47F115B0803F4FE130B4313602C
:10464000044B4FF00072DA6108BD00BF0041084022
:10465000184108400040084008B501F01BF8064B1F
:104660004FF4001228B1C3F800214FF000621A6223
:1046700008BDC3F81821F8E700400844014B18684A
:10468000704700BF5C17002070B505460E46C0B2EB
:1046900001F00F01FFF7D5FDC6F303110446C5F382
:1046A0000720FFF7CEFDC6F303210444C5F30740FE
:1046B000FFF7C7FD204470BD436C012B38BF0123B9
:1046C0002DE9F0479A46464B464F9B69464E474D6B
:1046D00003F4E073A3F5C07280464548514251414E
:1046E00002685245434A0FD114788C420CD198F895
:1046F000D0C03C78A44507D198F815C03478A445BB
:1047000002D1A888BDE8F087B3F5C07FC0F800A04B
:1047100011704AD1D8F8944024B12368082B58D995
:1047200094F838400F212046FFF78BFDBAFA8AF340
:10473000002852D0B0FA80F29B1A002BC6BFD84096
:10474000C3F10F094FF00F09504501D909F1FF39A5
:10475000234B2004C3F8BC0003F1806340F6FF72D2
:10476000C3F8B82003F100734FEA0921C3F8B81069
:10477000FFF78AFFA88000F0B5FC09F01F094FF48D
:10478000FA7304FA09F45C4341F66A03B0FBF3F0F0
:104790000A23B4FBF0F45C43174B1C6098F8D0304C
:1047A0003B7098F815303370ABE798F8D030062B93
:1047B00006D1124B1B78002B0CBF9624C824B1E7FE
:1047C000022B08D00D4B1B78002B0CBFB424F02417
:1047D000A8E70024A6E73224A4E74FF00F09B7E7C3
:1047E0000060084031000020300000203A00002026
:1047F00034000020591700205C17002057170020B4
:10480000FF290DD00F4B1048C3F850010B040905C8
:1048100001F0F87103F4E0230B430C49C1F8503167
:10482000FF2A0DD0074B40F2F711C3F850111301C6
:1048300003F4F87302F007021343044AC2F850313C
:1048400000207047004008440000F701004008467F
:10485000F8B5134B134E1F68134D384600F0ECFEAD
:104860003378C4B2A34201D12B78A3B1092C14D858
:104870000E4B012C195D05D10D4B1B78022B01D17C
:1048800041F0400101F00F0238460909FFF7B8FF77
:10489000002334702B700020F8BD0024FA21F1E7CA
:1048A0006013002055170020541700203C9600008C
:1048B0003A00002038B5044600F0BCFB1422002169
:1048C0002E4804F075FC2E4B25781A782D49521B82
:1048D00018BF01220A7022681A60C820A2889A8034
:1048E000FFF70CFD284BD3F8C820284BFF21197087
:1048F000274B2849062D03EA0203274A1AD14FF411
:10490000EE40C2F824014FF48A42C1F8242101226A
:1049100043F08043C1F820211B4AC2F8C8301E4B27
:104920000322C3F85821FFF793FF1C4B01221A7092
:10493000002038BD022D4FF007000ED1C2F80C0147
:104940000620C1F80C011649C2F808114FF4404185
:1049500043F00303C2F80411DEE7C2F80C0105209E
:10496000C1F80C01C020C2F8080143F08043812245
:1049700043F00403C1F80821CEE700BFC81F00219F
:104980003A00002054170020001F002138000020AA
:104990002800C0A0004008460040084458170020E6
:1049A000C10040002DE9F0472D4C2E4B236000F054
:1049B00099FB4FF4FA7307464FF47A76B0FBF6F69C
:1049C00029482A4A7343190E1B02181841F10001A5
:1049D000002303F043FEA0F580730546A36220B9CF
:1049E00066222B21FFF7A2F801254FF47A726A4361
:1049F0004FF0000A53465008310203F02FFE1C4BC3
:104A000019601C4BB7F57A7F4FEA05688946044662
:104A100018604FEA152505D276222B215046FFF764
:104A200085F801264FF47A73A8FB030103FB0511F7
:104A30007308C01841F100010023324603F00EFE56
:104A40000D4B023419600D4B49F10009A4081860A0
:104A500044EA8974024B013C1C63BDE8F08700BF47
:104A6000005008400211010020A1070040420F0041
:104A7000701700206C1700206817002064170020B2
:104A8000044B4FF00052C3F880211A60024B012200
:104A90005A60704700E100E00050084038B502015C
:104AA0000A4B01259D500A4A4FF480738340536698
:104AB0000446FCF7E5FF074A1378A54023EA0503FF
:104AC0001370BDE83840FDF727BD00BF0051084412
:104AD00000500840601700202DE9F04715460446B5
:104AE00088461E46FCF7CCFF022D00F0B880074632
:104AF000FDF772FD6C4B6D4AD3F8189092F815A033
:104B0000DA6D5FFA8AFA520744BFD3F818900AF1B7
:104B1000010AFDF765FD664B664A1B6811684FEA9E
:104B20008A7CA3FB093213F1004301FB09CCD8F8BE
:104B300000304CEB020C012D04BF01336344ACEB9D
:104B4000030C08BFC8F80030BCF1804F0AF0030A1C
:104B5000C0F09880584AD2F800C0584AD2F800E015
:104B6000514A23F04041106B4FF000480022ECFB0B
:104B700001820EFB012282424FEA937381BF01330F
:104B80000130121A03F00303A3EB0A03914588BF17
:104B90004549DFF848C184BF096B03F1FF3303F0D7
:104BA00003030CF80430A2EB0900A3B1F10742BFE4
:104BB000434B41F61F71D966B30742BF404B414991
:104BC000D966710742BF384B00211967330742BFCE
:104BD000354B00211965344B04F1100103EB041E21
:104BE0000901CEF80C2111225A5037499A694FF029
:104BF000010EA2EB090A0EFA04F8D3F85C900A78C9
:104C00005FFA88F848EA020282450A7026D34FF418
:104C10008072A24019EA020F20D11CF8040000287B
:104C20003FD10DB3F0071A6608D5254B274941F649
:104C30001F7240F20110DA66C866DA66B10706D55F
:104C40001F4B22491F4A2248DA66C866DA66720795
:104C500042BF204B01229A60330719D43846FDF732
:104C60005BFC0120BDE8F0871B48240140F804E00C
:104C70005A66FCF705FF14490B7823EA08030B700A
:104C8000FDF74AFC3846FDF747FC0020BDE8F087F9
:104C9000212000F03FF9044B4FF480325A6038462F
:104CA000DDE71A663846DAE700500840C0170020F2
:104CB00064170020681700206C1700207017002070
:104CC0000050084400001F1F6017002000500846D5
:104CD0000000010100400840005108447417002002
:104CE0001030034B0001185800F00100704700BF5E
:104CF000005008401030044B01F46001000141F005
:104D000003011950704700BF0050084038B5FDF747
:104D100063FC084B084A9D69547DDA6D520748BF11
:104D20009D69E4B248BF0134FDF75AFC284604F0FF
:104D3000030138BD00500840C017002008B52220EC
:104D400000F0E8F8024B4FF480225A6008BD00BF23
:104D500000500840064B1B68434303EB8171054B31
:104D60001B68A3FB003013F1004341EB00007047C8
:104D7000681700206417002008B5FFF7C7FFBDE8DB
:104D80000840FFF7E7BF10B50446FFF7BFFF8442B6
:104D900088BF01F1FF31204601F00301BDE810405A
:104DA000FFF7D8BF0D4A10B5146820F04043014604
:104DB0004FF000420020E4FB0320094A126802FB86
:104DC0000300084B1B6B98424FEA917104D90133E1
:104DD0000131C01A01F0030110BD00BF6C170020A3
:104DE000701700200050084038B50446FFF7C4FF94
:104DF0000546FFF7C1FF431BA342FAD338BD0000AD
:104E00003B4B082270B501210546C3F8C82039483C
:104E1000394CFCF727FF394B1D702378013B012BE0
:104E20000CD8237CE07B01229A400C21302313FB19
:104E3000001303F1884303F520431A60304B00222E
:104E40005A677DB92F4A4FF6FF71D16702F10072A0
:104E5000F821D1675D672C4B4FF08042C3F8942056
:104E6000002070BD636853B300F03CF9626800EB4A
:104E70005203B3FBF2F3013B1B0243F0F803267825
:104E80002049224A022E1CD0032E1D484FF6FF75E2
:104E900021D0012E27D143F00203CD67D36707232A
:104EA0004367237CE07B01229A400C21302313FBD3
:104EB000001303F18C4303F520431A6011E0F8233B
:104EC000DDE743F001034FF6FF70C867D3670C4B73
:104ED00005225A67E5E743F00503CD67D367012351
:104EE00043670B4BB8E7CD67D3670023F8E700BFF4
:104EF00000400E4600350A007C170020791700207C
:104F00000000084000000844004008440000084633
:104F100000400846044BD3F89430002BBCBF034B31
:104F2000C3F88000704700BF004008400000084000
:104F30004FF0006318B1034AC2F894307047024A38
:104F4000FAE700BF004008460040084400207047D0
:104F500008B5064B06491A684FF00450920004F059
:104F600019F9BDE8084000F04FBE00BF6896000088
:104F70006C96000007B501A8FEF748FA134B144AD7
:104F8000C3F8442148F2E672C3F838214FF40862AE
:104F9000C3F834210F4AC3F8A0200F4A4AF63F4114
:104FA000916002F580424FF0C07191620022C3F817
:104FB000FC200A4AC3F89C20094B7F225A6203F165
:104FC000007323225A6203B05DF804FB00400840DE
:104FD000C0E653517A27000F00300840806D63030C
:104FE000003008440F4B002210B5C3F88820C3F8E6
:104FF0008C20C3F890200C4A0121D1605A6812F02D
:10500000706FFBD14FF00452DA67012402F5FD52B4
:10501000C3F880401A66054B1B689847044BDC6058
:1050200010BD00BF0040084000400846400000207E
:1050300000400844034BFD22C3F8C8200122C3F8F6
:10504000CC20704700400E4638B5FFF7F3FF1B4BEE
:105050001B481C4C1C490222C3F8C8201B4B1A6871
:1050600042B102EA0005A54204BF5D68156008333D
:105070008B42F4D1164B0222C3F8C820154B164AB6
:10508000D3F83C111160154AC3F8942000F0A0FB3E
:10509000FFF770FF124B0322C3F8D820A3F500538B
:1050A0000122C3F894204FF46072DA604FF040722E
:1050B000C3F8F820C3F8102138BD00BF00400E46E9
:1050C0000000FFFF00000840B081E00F0080E00F0B
:1050D00000400E4400400840440000200048F0001A
:1050E0000060084608B5FCF7D3FC044BD3F8103138
:1050F000C3F308230133B0FBF3F008BD00400E40BA
:1051000070B5044618B1284D2268531C00D170BDFB
:10511000C2F30063110C35F8130011F0FE0F93B2C7
:1051200043EA0043606818D00434CAB2022A2168F6
:1051300008D9D4E90160033AC3E9001698600C3439
:105140000C33F3E704D16268C3E900120834DBE7EB
:10515000012AD9D104341960D6E7120F072AF5D8ED
:10516000DFE802F00704090D1013181DC04303F116
:1051700080631860EAE71A6842401A60E6E703F1C4
:10518000C063F6E7FFF730FEE0E70122824003F15B
:10519000C063F2E70122824003F18063EDE71A6801
:1051A00030EA0202FBD1D1E746960000024B012211
:1051B000C3F89420704700BF00400846024B01220C
:1051C000C3F89420704700BF00400844024B4022BF
:1051D000C3F89420704700BF00400844024B4022AF
:1051E000C3F89420704700BF0040084608B50C4B38
:1051F0001B68D3F8943023B11A68022A01D9186ABF
:1052000008BDFFF76FFF074B1B6D024698B20028E1
:10521000F6D0C3F30743D2085343B3FBF0F0EFE7F4
:105220006013002000600840064B5B68C3F3036313
:10523000984206D1044A936B23F0F00343EA01112C
:105240009163704700400840001F002110B50446DC
:10525000FFF7CCFFC4F30113022B05D0032B09D0B9
:10526000012B00D1400810BDC4F3C4240134B0FBAD
:10527000F4F0F8E78008F6E700F03003202B10B5D3
:1052800013D110F4E02FC0F302440AD010F4C01F71
:10529000C0F3C423B3FBF4F418BF6400052C0ED88C
:1052A0006408FFF7D3FF604310BDC0F382136FF0B3
:1052B00012041C4104F00104C4F10204F1E70424C7
:1052C000EFE700002DE9F0470E46FFF755FDDFF848
:1052D000B090DFF8B0A080460025FCF7D1FBD9F8EC
:1052E0000430C3F30363012B07460BD1711C1AD0A2
:1052F000FFF742FDA0EB08053846FDF70DF9AE4279
:10530000EBD80DE0052BF1D00B2BEFD0023B012B9E
:105310000CD9013602D0FFF72FFD3846FDF7FCF817
:105320001648BDE8F087FDF7F7F8D6E7DAF8083059
:105330001A04C3F389140FD4013602D0FFF71CFD01
:105340003846FDF7E9F824B2A4F1C8006FF4FF7302
:105350009842B8BF1846E4E7731C03D0FFF70CFD72
:10536000A0EB08056FEA84546FEA94543846FDF7C1
:10537000D3F814F5007FC2D0E6E700BF00FEFFFFC0
:105380000040084000700840024B012218619A60FA
:10539000704700BF00200840084910B5D1F87031AF
:1053A00040B11C464A68D1F870319C42F9D1C2F331
:1053B0000362027003F00F0010BD00BF0040084000
:1053C000094BD3F8883001F0800103F480030B43CC
:1053D00009D1064B4FF400129A61837F1BB1044B35
:1053E0000122C3F8F82070470040084000600844DC
:1053F0000060084610B5FCF743FB084B1B680446E9
:105400003BB1984728B1002200204FF4806100F0A2
:105410002DFD2046BDE81040FDF77EB89017002016
:105420002DE9F0411F4CDFF89080069F0646A2FB55
:1054300003502C1960F1000E9C46A0454FF000036C
:1054400073EB0E0E07D24FF4B4720E211846FEF71E
:105450006DFB02201BE00029FBD0C6F3130601EB15
:105460005C04B4FBFCF4A4FB0646E40C44EA4634BA
:105470000D4E34600D4C22600D4A914209D10D4A07
:10548000A5FB025302FB00339B093B600020BDE8F3
:10549000F081C4040A46E80444EA553103F0DEF81A
:1054A0003860F3E700C9E876981700209C170020C1
:1054B00000F049020A3BB2DF0046C32338B5164D5F
:1054C0002B780C4623B9154B1B6D03F03F032B7053
:1054D000134BD3F894305B051CD5124BB0FBF3F0A3
:1054E00040F24D534343A3F546430C3B584300F56C
:1054F000C91000F5556028B940F21B322B21FEF788
:1055000015FB01202B78084A5343B3FBF0F300202E
:10551000236038BD0220FCE79717002000300840C8
:105520000040084000366E018096980070B5374CF8
:10553000374B256B374C1B682468ED024CBF1B1999
:105540001B1BB3F1804F04D8002B3AD1324E1C46BE
:105550000AE0B3FA83F4314EC4F10204E340304D63
:10556000AB4201D901345B0803EB5605B5FBF6F5F8
:105570002C4EB34234BF002601262403013D44EAE9
:1055800086242C430C60D8B1B3FBF0F1642400FBFB
:1055900011336343984288BF01F1FF314808013855
:1055A00001390728204D214C4FEA510311D9002120
:1055B00029700621C4F894101B0243EA00131360FB
:1055C00070BDB3FA83F4D4F10204134EC6D500249F
:1055D000C5E71029EBD068B1012129700621C4F874
:1055E0009410134909780029E6D012490224C1F821
:1055F0009440E1E7012914BF0121002129704FF0F7
:105600000601C4F89410ECD1D6E700BF0030084082
:105610009C17002098170020E0673500C0CF6A0073
:105620003FBE4025401B5F139417002000400844F4
:105630009517002000400846084B5B6B03F00700FD
:10564000C3F3C20213F0380F18BF5043C3F38212E2
:1056500013F4E07F18BF5043704700BF003008408C
:1056600010B5044651B10B6843B15B6833B11A6899
:10567000032A03D99C6A640E204610BDFCF700FA89
:1056800001462046FFF7D8FF04460846FCF744FFD2
:10569000F2E70000034BD3F8380180F01000C0F3AC
:1056A0000010704700400840174B4FF4002210B51F
:1056B000C3F89420154C164BB0F1804F88BF1C46A0
:1056C000144BDA6CD2071DD51B6F134A04F5F42472
:1056D00004F59074B4FBF2F4033CE4B203F0070366
:1056E000A34202D02046FCF77DFF0C4B1B784BB148
:1056F0000B4B4FF47022C3F8942003F10073240481
:10570000C3F8944010BD00BF00400846E067350074
:10571000C0CF6A0000300E4040420F0096170020B4
:10572000004008447FB50446FCF7AEF91C4B064622
:105730002C3358680093A37922683146FFF770FE36
:10574000054648BBA379012B14BF16491649102200
:10575000C1F83821206815495843FFF7AFFE03AA66
:1057600002A93046FFF7E2FE0F4A43F6FF53C2F8A4
:10577000A4300C4B0299C3F8A4104FF4EE611163EE
:10578000039A1A632068FFF78FFF094BA2881A62F9
:1057900003F5405300229A63284604B070BD00BF51
:1057A000003008400040084600400844503008409F
:1057B0000000084008B5044B01221A70034B18681A
:1057C000FFF772FF002008BD961700209C170020ED
:1057D000024B4FF48062C3F89420704700400846A3
:1057E0000D4BD3F80421D3F8B030D2B2FF2A03D046
:1057F00043F30743591C01D190221923074903EBB6
:10580000D37302EB6302022381F84630232381F82D
:10581000472081F8453070470081E00F001F0021CC
:1058200040B10368012B05D90069034B002808BF6C
:1058300018467047004870474C96000038B505463A
:1058400014480C46FFF7AEFA2DB1C30103EB550324
:10585000B3FBF5F32360104A5368D80217D40F4BFB
:105860001B68D2F8A810C3F3810311F4806203F11E
:105870000103C9B218BFDA00FF2906D00649D1F8E2
:10588000AC10490501D502EBC302626038BD0022AD
:10589000FBE700BF40420F00000008400020084026
:1058A000084B1A68C117A2FB000310F1807002FBBD
:1058B000013343F10003400E40EAC310803820EA70
:1058C000E0707047A4170020174B072270B5C3F88B
:1058D0008420FFF707FC154B154A164EC408010B30
:1058E0000546E005C01841F10001002302F0B6FEB4
:1058F000114B18604EF66020FFF7D2FF4042C6F809
:105900009C000E48FFF74EFA024658B1E3015008DA
:1059100018184FEA15714FF0000341F1000102F031
:105920009DFE706770BD00BF00400840B2E60E00EB
:1059300065CD1D00001F0021A417002040420F006C
:1059400038B14FF47A735843A0F6AC50401AFFF7C1
:10595000A7BF4CF25030FAE72DE9F8430546084658
:105960009846FFF75DFF16460746002D00F0A98018
:1059700018F0050F5DD02C69002C00F0A480FEF714
:105980007DFE4FF47A735C43201A7B68A0F6AC501E
:10599000C01AFFF785FFAC8B3062002C00F09680B8
:1059A000FEF76CFE4FF47A735C43201A7B68A0F616
:1059B000AC50C01AFFF774FF70614A4BEC68D3F823
:1059C0000090002C00F08580FEF758FE4FF47A73AB
:1059D0005C43241A7B68A4F6AC54E41A3B68E41ACE
:1059E000414B1A68E117A2FB044314F1807402FBD7
:1059F000013343F10003640E44EAC314803C3B4B83
:105A0000B4613B4CD3F88430F36123684BB1484612
:105A100002F01AFD28B12368D9F848003246394609
:105A20009847AC69FEF72AFE01462046FFF788FF3B
:105A3000F06218F0020F29D06B684FF47A70584367
:105A40005BB13B6803F51C5310331844AB7F002B4C
:105A500046F2A81308BF00231844FFF721FF6B6923
:105A6000B062002B38D078684FF47A7202FB0300E2
:105A7000AB7FA0F50350002BA0F1100046F2A81355
:105A800008BF0023C01AFFF70BFF706218F0040F65
:105A900017D0A86818B34FF47A735843A0F5035091
:105AA0001038FFF7FDFEF0602B684FF47A70584312
:105AB00023B13B6803F51C5310331844FFF7F0FE85
:105AC0003061BDE8F8834CF2503062E74CF2503060
:105AD00070E74CF2503483E747F23050D3E747F297
:105AE0003050DEE760130020A4170020001F0021C3
:105AF000A0170020064BD86DDB69C0F3011203F03C
:105B00001F03000C02FB000001331844704700BF64
:105B10000060084038B505460C4621B38B7913B3B5
:105B2000052B0FD0062B0FD0032B01D10223A3711D
:105B3000A379013B062B0ED8DFE803F00F08080F0E
:105B40000F2323000423F2E70723F0E72946002070
:105B5000FFF7D0FF45B90023A3710020A37913B14B
:105B600023680344236038BDB0F5803FF3D86B0948
:105B70004FF2244202FB00302D09B0FBF5F0404209
:105B8000ECE7A288002DE6D0B2F5005FE3D8044927
:105B90006B0901FB02332D09B3FBF5F0DEE700BF13
:105BA00020A1070010B508461C46FFF7ECF8094B8A
:105BB0000246D3F8F800FFF733FE0368A018002B65
:105BC000054AA8BF4FF4FA721A44044B92FBF3F251
:105BD000104410BD001F00210CFEFFFF18FCFFFF4A
:105BE000074BD3F8D8304FF604014FF605029BB2AD
:105BF0008B4208BF1346034A01209365704700BFDC
:105C00000081E00F0050084070B5194C0FCC86B0F1
:105C100001AD0FC5C822236816482B60002103F090
:105C2000C7FA7C220021144803F0C2FA134B144A2D
:105C3000C3F8F020FFF7D4FD124B1B782BB101AD58
:105C40000FCD0B4E0FC62B6823600F4B0F4AC3F8C6
:105C5000DC2F0F4AC3F8E02F0E4AC3F8E42F02F1FD
:105C6000957202F27112C3F8E82F06B070BD00BF42
:105C7000C81F0021381F0021BC1E0021001F002169
:105C80003F00370058170020001000210200620278
:105C900009C805780708DC060A4B197801F0FF02ED
:105CA00029B10021197008499202C1F8A020597841
:105CB00001F0FF0229B1002159709302024AC2F893
:105CC000A4307047AC17002000000846074BD3F8FB
:105CD000E40E074BD3F88C301A0103D4054B1B6E2E
:105CE0001B0401D500F58070704700BF0010002133
:105CF000004008400000084008B5FBF7C1FE0F4B0C
:105D00001A78B2B90E4A126812F4843F11D10D4AC2
:105D10001021C2F894101B786BB9094B1B68DB0586
:105D200009D4084B2022C3F89420BDE80840FCF7B2
:105D3000F3BB054AECE7044BF4E700BFB0170020C3
:105D4000B8170020004008440040084610B5FBF793
:105D500097FE0E2104460320FFF766FA044B40F23B
:105D6000012220465A62BDE81040FCF7D5BB00BFB7
:105D700000000840044B00221A70044B197811B13E
:105D80001A70FFF7B9BF7047AF170020B017002097
:105D900008B5FBF775FE244B4FF08052C3F8802006
:105DA000BFF34F8FBFF36F8F4FF48072C3F8802023
:105DB000BFF34F8FBFF36F8F0222C3F88020BFF372
:105DC0004F8FBFF36F8F1022C3F88020BFF34F8F28
:105DD000BFF36F8F2022C3F88020BFF34F8FBFF334
:105DE0006F8F4FF00052C3F88020BFF34F8FBFF387
:105DF0006F8F8022C3F88020BFF34F8FBFF36F8F68
:105E00004022C3F88020BFF34F8FBFF36F8F4FF056
:105E10000042C3F88020BFF34F8FBFF36F8FBDE800
:105E20000840FCF779BB00BF00E100E008B5FBF7D4
:105E300027FE0D4B4FF080521A604FF480721A60AB
:105E400002221A60002283F8012310221A60202205
:105E50001A604FF000521A6080221A6040221A60C5
:105E6000BDE80840FCF758BB00E100E070B5084C05
:105E700001232370074B1E68074BD3E900533240C0
:105E80001940284001F0F0F90023237070BD00BFD5
:105E9000AE170020B4170020B81700202DE9F047F6
:105EA000DDF820A003EA0108099B06460D4602EA38
:105EB000000703EA0A09BAF1000F40F04981031F05
:105EC0000B4300F00F81052871F1000380F0E3809F
:105ED00050EA010300F05C81431E0B4300F01D817A
:105EE000FFF756FFAB4AD2E9004323EA050324EA51
:105EF00006043C4343EA0807A74BA84D1E68DFF899
:105F0000EC8226EA0A0646EA09061E60C2E9004754
:105F1000FFF7F2FE14F02A4F14BF48F202034FF4C9
:105F20000043B0079E48C26E48BF43F4005383EA63
:105F3000020122EA0302EA669A4A81660B40D366AE
:105F4000C4F380421203210348BF42F48072E30687
:105F500048BF42F40052A50648BF42F400726006F2
:105F60009148924DD0F80C3248BF42F4806221062D
:105F700048BF42F4006282EA030123EA0203C5F843
:105F80000C328B4BC0F808120A40C7F34025AD0411
:105F9000C3F80C22E20448BF45F48035A30348BF90
:105FA00045F48015A00748BF45F4001514F4001F00
:105FB00006D0D8F8000002F03DFB08B945F40025F2
:105FC000E1027C497C4848BF45F40035FA0648BFE9
:105FD00045F480050A6A730748BF45F0040585EA61
:105FE000020323F001031A4002621D40CB61734B90
:105FF00073481D62734B744A16F0010F18BF1A469E
:10600000836E7D0748BF42F40012704D82EA03019F
:1060100023EA0203AB666E4B41660A4000F500506E
:106020009A66C16B04F0010305F5005581EA03028D
:1060300021EA0301E96382631A40664BDA63D8F808
:106040000020200248BF644B92F8E92058BF634B00
:10605000610748BF43F4806322B114F4C06F18BFD6
:1060600043F480735E485F4CD0F8EC10320748BFB1
:1060700043F0004383EA010222F4A0221140C4F855
:10608000EC101340C0F8E820574ABDE8F047C2F8CA
:10609000EC30FFF7CBBEA0F580630B4306D020F4B5
:1060A0008063A3F500730B437FF41AAFFBF7E8FCA2
:1060B0003849D1E9003223EA060322EA050242EA1E
:1060C00008023B43C1E90032484A126892F8E920CD
:1060D0000AB313F4C06F1ED0434B4FF48072C3F861
:1060E000EC2014E0FBF7CCFC2A4AD2E9003123F083
:1060F00004033B4341EA080157EA0807C2E90031BB
:1061000014BF394A374A4FF48063C2F8EC30BDE817
:10611000F047FCF701BA334BDFE7FBF7B1FC1D4A50
:10612000D2E9003123F001033B4341EA0801C2E90F
:1061300000312F4A57EA08074FF0010315BF936358
:106140002C4902F1C062CB6314BFD3639363DEE7D3
:1061500050EA01037FF4C4AEBAF1010F7FF4C0AE80
:10616000FBF78EFC0C4A136823F0010343EA090392
:106170001360134A4FF48063B9F1000F04D05366E3
:1061800002F1C0629366C2E710498B665366BEE7B0
:10619000BDE8F087B8170020B417002000000844BD
:1061A0000000084000000846006008400060084405
:1061B000006008460040084000400844004008468F
:1061C00000500840041C50000418500000500844BF
:1061D00000500846007008460D0A0A09090A0A0913
:1061E000001008400010084400100846601300200A
:1061F0000070084000700844024B5868C0F3C000AB
:10620000704700BFB8170020024B186800F001006B
:10621000704700BFB8170020024B5868C0F3C03069
:10622000704700BFB817002010B50446FEF70CFFFA
:10623000FFF7AEFD04F14C00FDF726FEFEF7D2FE9F
:10624000FEF7B0FBFEF71CFCFFF73EFB1049114ABE
:10625000D1F8F810072304F1A400FFF77DFB4FF4F9
:1062600040010020FEF746FD4FF400110120FEF72B
:1062700041FDFFF7B5FC20B940F2E7221421FDF7FC
:1062800055FCFFF797FABDE810400120FEF7B8BDB6
:10629000001F00216C1F0021084B8022C3F88820BA
:1062A00003F17E430822C3F88820054AD2F8BC3E99
:1062B00023F02003C2F8BC3E704700BF00400846F0
:1062C00000100021F0B583B00646144602F05CF8D9
:1062D000002800F09B80514BDD6815F0060540F06A
:1062E0009580FBF7CDFB23790095022B07463ED125
:1062F000237B022B35D00320FEF7F2FC18B9484B64
:106300005B685B047FD5A37B257B4649A26801922D
:10631000003B18BF0123012D0B705DD0424A434C56
:10632000002313702278002A61D13C4E0420FEF72E
:10633000B5FBF36E23F0F85323F4F81343F05063E6
:1063400043F48033F3662A46022301A90420FEF7B2
:10635000C3FB002852D0364B012130222170C3F8F4
:1063600094203846FCF7D8F8002003B0F0BD032095
:10637000FEF7B6FC002846D12279D6F8AC30012AC7
:10638000226838D0D51A254B2A4A0095DA660022B1
:106390001A67627B284B002A0CBF012200221A7068
:1063A000264B264AD3F8BC3E0CBF43F0200323F013
:1063B0002003C2F8BC3E0320FEF770FB174B204AB7
:1063C000DA662279012369460320FEF785FBF8B1DE
:1063D0001C4B01221A708BE72379022B9ED0009B65
:1063E000D6F8AC100B4413440025019396E72370B4
:1063F000FFF782FC99E79A42C5D3C3E70320FEF773
:106400004DFB0C4BF3663846FCF786F80320ACE7EF
:106410003846FCF781F80120A7E700BF005008408C
:1064200000400840B2170020AF170020B01700202E
:106430000040084600000101B117002000100021B3
:10644000010C0100B31700202DE9F3410D4607466A
:10645000FBF716FB1B4BDFF8788000241C70FFF75E
:106460001BFF194BC8F86C30C8F8704006466879B5
:10647000431E5842584101F0AFFC40F60143C8F8B2
:1064800070302A792968D7F8B430012A01D19942AD
:1064900000D3CC1A04230DEB030103200194FEF773
:1064A0001BFB50B9094B88223046C3F88820FCF703
:1064B00033F8012002B0BDE8F0813046FCF72CF83B
:1064C0000020F7E7B3170020000001010040084456
:1064D00000500840F8B5194C05462078B0FA80F015
:1064E00040F206423E214009FDF720FB55B9607895
:1064F000B0FA80F0BDE8F84040F206423E21400983
:10650000FDF714BB0E4F0F4DD7F8A0304FF4406687
:10651000C3F381232370C5F8A0606078B0FA80F0DF
:1065200040F206423E214009FDF700FBD7F8A430B7
:10653000C3F381236370C5F8A460F8BDAC170020D5
:106540000000084000000844F8B50B4C0B4DD4F88F
:1065500088300B4F0423C5F88830D4F888305B03AB
:1065600000D4F8BD0426C7F888600220FEF73CFC82
:10657000C5F88860F1E700BF0040084000400846C9
:10658000004008441C4B70B5D3F888601B4D03F1E4
:106590008063A822C3F8882010221A60184A194B79
:1065A00093666B66FFF778FB174B1B7813B90320D4
:1065B000FEF774FA00242C67FFF7C6FF134A144B4A
:1065C000D2F8E41E0B40C2F8E43E124B0422C3F89A
:1065D0008820114BB206C3F8C44008D503F5807378
:1065E0009B6CB3F5817F22BF034B80229A60BDE88C
:1065F000704001F06DBD00BF0040084000500840F1
:106600000050084410000002B317002000100021C1
:10661000DF0000FF00400844001E002110B549B90A
:1066200018B3144A53681B0E13F00E0F1DD11368D4
:106630009A061AD4FFF78AFB0E4C0020FEF7ACFE38
:10664000032801D0092806D1D4F88C30DB03F4D418
:10665000636F0C2BF1D9FFF777FF074B0122DA604C
:1066600003F17E430422C3F88820044B4FF4C06238
:106670005A6210BD004008400040084600600844CF
:1066800008B503210920FEF7CFFD024B20229A60B6
:1066900008BD00BF0040084038B50546FBF7F0F9DB
:1066A0000446FDF7ADFB35B1FFF764FB2046BDE8BE
:1066B0003840FBF731BF084B1B78002BF6D0074B57
:1066C0001D78002DF2D1FFF755FB2A464FF480408C
:1066D0000021FFF7CBFBE9E7AF170020AE17002042
:1066E0002DE9F84F524B0546D3F888300E46144634
:1066F000002A40F0998013F0A00F14BF4FF0010959
:106700004FF00009DFF844814A4F01F0E1FCA0237B
:10671000C8F888300320FEF7C1F90420FEF7BEF95F
:106720004FF0000AFFF726FB434BFB66C7F870A04B
:10673000FFF70AFF414BD3F8BC2E42F02002C3F80A
:10674000BC2EFF22C8F80020394A4FF480719160B6
:10675000D3F8E42E3A494FF0040B1140C3F8E41E7D
:10676000C8F888B0C3F8C4AEFB6813F0060F04D0B5
:10677000FEF7E4FA5846FEF791F9B9F1000F08D098
:10678000304B4FF40062C3F888202F4B4FF4004287
:106790005A6665B12C4B5B6C190701D4FFF7D6FA2A
:1067A000FFF76EFF0420FEF779F9FFF775FA204B2B
:1067B000DA68D20736D55A6812F0706FFBD1234DD4
:1067C000234B244AC5F88830936B23F0F00393637E
:1067D00016B12046FFF760FF0123EB6014B31A4B9C
:1067E000DA6E9A66124A136A23F00103D3611A4BD8
:1067F000D3F80C22C3F80822A3F54053DA6F9A6746
:10680000A3F50053D3F8EC20C3F8E82003F5C04308
:10681000DA6B9A63A3F50053104A5A664FF60843A1
:10682000C5F88830BDE8F88F4FF000096AE700BF6F
:106830000040084000500840000001010010002105
:10684000DF0000FF00400846000008400040084408
:1068500010003000001F0021006008405000F002CE
:106860009A4B196EDA6E2DE9F04F01EA0209C3F86E
:10687000689003F5805385B0D3F8E060D3F8EC203E
:106880001640C3F8E86003F5A043D3F80012D3F82C
:106890000C2201EA020AC3F808A2A3F500535969C1
:1068A0001A6A01EA02088A4A08EA0202DA61894B96
:1068B000D3F80022910006D4D3F800319A00C3F334
:1068C000407740F1E180FBF7DBF8834BDA68DF6D5E
:1068D00012F0060F9A6E07EA020727F4800222F4EC
:1068E000006214BF4FF0010B4FF0000B5A667B079C
:1068F00004D57A4A537D0133DBB25375FBF70CFEA6
:10690000B9F1000F00F0DF8019F4004427D0FBF745
:10691000B7F80146FFF7DAF96F4D0446AA69AB698B
:106920009A42FCD0AA699342FCD0FFF7CFF9A0426B
:1069300040F0AC800846FBF7EFFD694B1C60694BEB
:10694000D3F8885015F4E05240F0A28024F07F4440
:1069500024F0DF040CB9FFF715FE4FF0807419F036
:10696000020F4FF0000516D05E4B5F49D3F8883018
:1069700003F46042C1F88820002A00F09E801D04C4
:1069800000F19E8013F4005F0CBF4FF000534FF0F6
:1069900000631C430025C9F340394FEA4909534BB2
:1069A0003340002B4AD016F4206F0AD040F60F0275
:1069B00006210020FDF7BAF80020FFF76DFE26F44F
:1069C0008026F00506D5484BFF221A6044F4C064C7
:1069D000FFF7BCF916F0090F0AD040F6240208218F
:1069E0000020FDF7A3F8FFF74BFE414B01229A620E
:1069F00016F0106F0CD040F62D0209210020FDF793
:106A000095F8FFF73DFE002211461046FDF7D0F93C
:106A100016F4202F0AD040F6350207210020FDF79A
:106A200085F80020FFF738FE26F48026F10301D513
:106A3000FDF70EFB002EB8BF49F0080972070DD50F
:106A40002B4B5B6A13F4005F14BF2A4A2A4A4FF4A7
:106A500000531ABF536244F400045362730548BFE5
:106A600044F0040416F4802600F0AA80FDF7BAFA78
:106A70000138062842D8DFE810F021012401210165
:106A800027012A012D012D01BB4639E7044645E7C0
:106A90000192FFF777FD144B019AC3F8882015F493
:106AA000805307D115F4806F0CBF4FF080544FF026
:106AB000806454E74FF0804451E74FF0007368E77B
:106AC0004FF0004365E74C464D4668E7000008403C
:106AD0000000F7FF00E100E000500840C017002070
:106AE000A81700200040084000400844090B0B890B
:106AF00000100840001008440010084640F66602E6
:106B000003210020FDF712F87C4A136ED2F88000B2
:106B100003F007030633012101FA03F3C0F30C006D
:106B20001B1A9BB2072B13D9754BD3F88830580228
:106B30000ED47448136B126DC06C58B103F0070388
:106B400006339940C2F30C03C91A89B2072901D848
:106B500044F400746C4B1B78002B31D0674BD3F896
:106B6000E03013F4A02F2BD1684B694A1B7893B9FE
:106B7000FB0410D4137873B1E308664943EA457304
:106B800083F00103D1F8E41E03F001035B0021FA56
:106B900003F3980714D10420FDF780FF5E4B5F4993
:106BA000D966FFF7E7F85A4A13782BB95C4B5D4A70
:106BB0001B682340134201D144F4804427F48057DA
:106BC000BAF1000F1DD01AF4805F18BF44F480247E
:106BD0001AF4807F18BF44F400241AF4005F18BF31
:106BE00044F010041AF4007F18BF44F020041AF493
:106BF000806F18BF44F040041AF4006F18BF44F0CF
:106C00008004B8F1000F3BD018F4802F18BF45F472
:106C1000007518F4803F18BF44F4805418F4801FA6
:106C200018BF44F4003418F4001F18BF44F00204E5
:106C300018F4003F18BF44F4801418F4800F18BFF4
:106C400045F0100518F4002F1AD0324BD3F8BC3E93
:106C500013F0C00F14D02A4B5A68C2F30362032A00
:106C600001D0072A07D1D3F88C20D10603D4D3F85A
:106C70009020120731D54FF40022DA6128F4002861
:106C8000002F00F00D81380540F18180264ADFF8A1
:106C900088A0D378002B4DD0013B4FF40061DBB2CC
:106CA000CAF86410D37033B9204B1B78C3B1204BA2
:106CB00040F60142DA660023002266E044F48034A4
:106CC00022E744F400641FE744F480641CE744F4C2
:106CD000807419E744F0080416E744F40014CFE781
:106CE000DAF8703013F4A05F15BF4FF4807340F6EC
:106CF0000143CAF85030CAF87030DCE70010084091
:106D00000040084000000840B0170020AF170020E6
:106D1000B1170020001000210050084000000101C0
:106D2000B8170020088D010074170020B317002049
:106D3000005008460320FDF7B1FEDAF80C30A848F1
:106D4000A84913F0060F02BFA74B41F61F72DA667F
:106D50004FF40063CAF86430DAF80C3013F006031D
:106D600008BFCAF87030C38A13F4006260D023F4FD
:106D70000063C3820B7803F0FF0A002B5CD1FDF7A0
:106D8000DDFFFFF7FFFB534620221C431543B901EB
:106D90000BD52E20FEF7BEF8934A4FF00073936692
:106DA00002F17C4245F008055366FA0608D52B200F
:106DB000FEF7B0F88C4A1023936602F17C425366CA
:106DC00017F4E00F05D1FB045ED5BBF1000F00F016
:106DD000AC80B80210D52920FEF79CF8FFF70CFA1A
:106DE00040B18249824A834B53668B668249496827
:106DF000490424D445F0040517F4800BDFF8F0A112
:106E000029D00420FDF74AFE2720FEF783F8FFF77C
:106E1000B9FB4FF48003CAF86430784BD3F8E42E02
:106E200050067CD4764B02221A6045F0020528E019
:106E30000B784FF40053A8E74FF400433CE76A494E
:106E400020208B665366FEF765F82D2045F00C0573
:106E5000FEF760F8D0E7FA024CD50420FDF71EFEDD
:106E60002820FEF757F8DAF87030002B3FD1FFF7F3
:106E700089FB5D4A5F4B936602F17C4245F0010558
:106E800053665B4B00221A657B0509D55D4A9378F2
:106E9000002B00F09880013B9370002349EA03091E
:106EA0004A4620462946FEF7E1FF0EB1FDF7C2F83B
:106EB00018F4002F00F08C804F4B4FF40022DA6161
:106EC00018F0206F00F0888018F0007F01D0FDF7E7
:106ED000A7FB18F0006F01D0FDF7BEFB00220020D9
:106EE0004FF4006105B0BDE8F04FFEF7BFBFCAF830
:106EF00070B0BEE7FB04C4D50420FDF7CFFD424BC4
:106F0000CAF86C30FDF71AFFDAF85C3013F4A00F02
:106F1000B7D12A20FDF7FEFFFFF734FB7DE7D3F85A
:106F2000BC3E990681D4394B7DE7364A13794BB183
:106F3000013BDBB2137113B92C4B354ADA660023DF
:106F40001C43A1E70420FDF7A9FD0320FDF7A6FDE2
:106F5000274B2D4ADA66FAF793FD82460DF10F00B2
:106F6000FEF71AFA2B4B1B7883460BB1FEF7EEFEA9
:106F7000BBF1030F0ED1DFF880B00020FEF70CFA52
:106F8000032807D1DBF88C30DA03F6D4DBF8743051
:106F90000C2BF2D99DF80F30032B06D11E4B01228A
:106FA00050461A70FBF7B8FAC9E71C4BD3F8E0302B
:106FB00013F4A02FF2D1FEF7DDFE5046FBF7ACFA3A
:106FC0004FF48043BCE70220FDF768FD012365E72D
:106FD000B8F1000F7FF474AF05B0BDE8F08F00BFCB
:106FE000C0170020B3170020005008440050084686
:106FF000005008401000000200400840001000212E
:1070000000400844741700200000010100400846B9
:107010000000010DB2170020AF170020001008403B
:10702000014B1B68184700BF54000020FFF718BC35
:10703000FFF716BCFFF714BC0B4B10B55C691A6A5E
:107040001440A2B2DA61E20704D55868C0F30360C5
:10705000FAF78DFD630706D5BDE810400422002035
:107060000021FEF703BF10BD00400840FFF7F8BB4A
:107070000C4A08B5136BD16B0B409363DB070FD53C
:10708000094B187840F6AC22122100F00100FCF701
:107090004DFDBDE80840002201200021FEF7E6BEBC
:1070A00008BD00BF00700840B8170020044BDA6F1D
:1070B000D207FCD41A6FD96F0A409A67704700BF95
:1070C0000030084070B50D461446FAF7D9FC064B5F
:1070D000D3F8BC6E74402C407440C3F8BC4EFBF730
:1070E0001BFA05EA060070BD00100021034BD3F81F
:1070F000BC3E99430CBF01200020704700100021C6
:107100007047436B03F06003402B0DD0602B03D01E
:10711000203B58425841704749B10B68012B06D9B2
:10712000486940F00100704740F2011070470020AC
:107130007047000009490A4AD1F8EC0010B5042351
:107140000124C2F8EC308C624FF4005151624107C7
:1071500044BF02F10072C2F8EC3010BD00100840CC
:107160000010084437B5204D0C4641B90A460721A6
:10717000FFF7A8FF1D4B2C635C6003B030BD0722F6
:107180001146FFF79FFF1A4B07225A60237985F8B3
:10719000303063790193012101A801F04DFA019B80
:1071A000C2B2D34000F00F0040EA031085F831006E
:1071B000A27985F83220E27985F833202068686367
:1071C00083B1028801218B4205D82379013B134406
:1071D000084A9361D1E730F81150AA4228BF2A46E5
:1071E0000131F0E71A46F0E7001F0021301F0021AF
:1071F0000000084400000840431C07D0044B6FF017
:10720000FF029A6103F1007310409861704700BF5C
:1072100000700844034670B10268022A0BD9426A22
:1072200012F47F4FC2F3072006D01B6AD2B25A4332
:10723000B2FBF0F0704700207047000000F0180328
:10724000182B0AD003070AD410F0100040F20113E3
:1072500018BF1846034BD86470470020FAE7012096
:10726000F8E700BF001F0021344B2DE9F7431E68EB
:1072700001F4007900F00103174653EA09020546BC
:107280000C462ED04FF0000803B30023002201204B
:107290000021CDE90088FEF701FE41463046FEF7A9
:1072A00011F8414670830120FCF7CCF9716B06F1AF
:1072B000A400FEF785F822490868FFF79DFF4FF00C
:1072C000FF330B60337C43F004033374B9F1000FD8
:1072D00007D001213046FCF7DBFB24F400740543A2
:1072E0000C43D6E93E232A40234052EA030103D04F
:1072F0001449304609688847FB070FD51249134ADD
:107300000868136800211160114A0121117003B14E
:107310009847104B00215B680220984717F00E0F2A
:1073200008D040F2F3123B21002003B0BDE8F04347
:10733000FCF7FCBB03B0BDE8F08300BF6013002086
:107340005C00002060000020E8170020EC170020FF
:10735000F017002028000020F7B50446D4E93EC706
:107360001046DDE908268CEA020587EA0601054099
:10737000194085EA0C057940C4E93E5123F40041E7
:1073800006EA010320F00100002543F400730240E7
:1073900043F00203CDE90055FEF780FD237C9A07F8
:1073A00017D5D4F8FC309B0513D54FF4881120462F
:1073B000FCF76EFB237C65F341032374D4E93E2381
:1073C00002400B4052EA030103D0034920460968FA
:1073D0008847002003B0F0BD6000002038B103688A
:1073E000044A002B08BF1346034A13607047014B41
:1073F000FAE700BF0171000060000020024B986BAB
:1074000000F00F00704700BF001F00210F2938B5A2
:1074100005460C460ED800F0BFFF01280CD1074AE4
:10742000936B23F00F0323439363284601F00FF877
:10743000002038BD0120FCE70220FAE7001F0021F0
:10744000014BD86B704700BF001F0021014B00208B
:10745000D9637047001F002103282DE9F7434CD85A
:10746000274B13F80080274B1E5C274B13F8009026
:10747000FAF706FB0746FEF7C7FE054640B10023B4
:10748000CDE900330022002301200021FEF706FD94
:10749000FEF7C2FE48B10023CDE9003300220023ED
:1074A00000204FF40041FEF7F9FC26B3174B5C6C4B
:1074B00004F00804164B31465C644046FFF7AEF812
:1074C0004A4631464046FFF70BF9124B5C6465B102
:1074D000114B1868416BA430FDF772FF0F49086823
:1074E000FFF78AFE4FF0FF330B60384603B0BDE86C
:1074F000F043FBF711B83446DCE703B0BDE8F08396
:107500005C96000058960000549600000000084069
:107510000000084400000846601300205C000020C2
:10752000104AD2F8883013F0A00F16D1D2F88C0090
:1075300010F0040013D10C4BD3F8E43E23F07F434A
:1075400023F0FF035BB15368C3F30362092A07D03A
:10755000B2F10C0018BF01207047002070470120D5
:10756000704700BF004008400010002170B50D4674
:10757000064620B9194B1B68A3B1032011E000F0A7
:107580000BFF012828D1164B93F90040C4F11C04CD
:10759000641BC4F11C03002BB8BF5B42232B0CDD22
:1075A000012070BD81EAE173A3EBE173DBB2232B11
:1075B000F6D80B4B19700020F3E7B574FAF760FAB0
:1075C000084A5369E40223F4FF2304F4FF241C4314
:1075D0005461FAF7A1FFEEE70220E2E76013002012
:1075E000E01700200070084090F8C23053B9074BF4
:1075F000DA69920208D49B6F13F4706F14BF0120F4
:10760000002070470020704701207047006008404C
:10761000F8B5436B02EA010523EA01032B434363F8
:10762000344A01F00B030C4623EA0501516402F1D0
:1076300000722B4061070646536411D50121FFF704
:10764000D3FF68B1FEF780FF15F0040F14BF2A4A7C
:107650002A4A4FF40073D361294B0422C3F88820CF
:10766000E20606D515F0100F264B14BF00221B2290
:10767000DA6423061DD52F0616D51F4B4FF40012D2
:107680009A6103F17E430122C3F8F820FAF7F8F972
:107690000E2107460320FDF7C7FD1A4B40F20122D9
:1076A0005A623846FAF738FF294606F1A400FDF77A
:1076B00087FEE00503D5E90516D5FDF77FFDA20598
:1076C00003D5AB0513D5FDF789FD14F0600F09D084
:1076D000D6F894103046FFF714FD0B4B98640B4B13
:1076E00080229A600020F8BDFDF760FDE7E7FDF716
:1076F0006DFDEAE7000008440060084600600844A9
:107700000040084400000840001F002100400840DD
:10771000014B9869FDF79ABD00600840D0F894309D
:107720004BB11A68022A06D993F8250028B11B6AC2
:10773000B3FBF0F07047FBF797BF7047014B9869B8
:10774000FDF79ABD0060084008B50146D0F89400E6
:10775000FFF760FD20B9BDE808400846FBF786BF8B
:1077600008BD000070B50E46FAF78AF9054600F02C
:1077700037FE044620B12846FAF7CEFE204670BDFB
:10778000FEF7E2FE114B3278D3F8E43E022A23F0F2
:10779000F00316D0101F42424241520043EA021346
:1077A0007278022A0FD0111F4A424A41520043EA1E
:1077B0008213064AC2F8E43E054B0422C3F888202F
:1077C000D9E70122EAE70122F1E700BF001000211A
:1077D0000040084470B50E46FAF752F9054600F02D
:1077E00017FE044620B12846FAF796FE204670BDE3
:1077F000FEF7AAFE104B3278D3F8E43E022A23F0BB
:107800000F0315D0101F42424241520013437278B9
:10781000022A0FD0111F4A424A41520043EA820312
:10782000054AC2F8E43E054B0422C3F88820DAE793
:107830000122EBE70122F1E700100021004008449B
:10784000F8B50E7890F8D070044630460D46FCF737
:1078500013FD002844D094F8D030B34208D1AA8850
:10786000636C9A4204D16A88B4F8D2309A4235D017
:1078700084F8D060AB88A4F8D4306B88A4F8D230F8
:10788000AB886364FF2363753046FCF7B3FD04F1F6
:10789000D00520752846FDF70DF810BB2846FCF7EB
:1078A000E1FCF0B9D4F8903053B194F8D010B9425B
:1078B00006D0B3F912202046FAF75AF984F8D90015
:1078C0002046FCF7F9FE0949A4F8D400084AD1F88B
:1078D000F810012304F1A400FEF73EF80020F8BDE3
:1078E00001200E2384F8D030F9E700BF001F0021EB
:1078F0006C1F002170B5054690F8D0000E280C468C
:107900001DD0FF291DD01AB10F4B4FF0FF321A6066
:10791000FCF770FD064695F8D000FCF757FD844251
:1079200028BF0446E4B2B44238BF3446E0B26875BA
:10793000FCF70AFEA0F1FF035842584170BD022037
:10794000FCE70120FAE700BF3400002010B590F8F2
:10795000D0300E2B04462BD00175D0F8900020B308
:10796000D4F8A0304BB994F8D9308B420BD32046D1
:107970000022BDE81040FFF7BDBFB4F92420B0F9E4
:1079800012309A42F3DD94F8D91000222046FFF716
:10799000B1FF60B9C4F890002046FCF700F801463A
:1079A0002046BDE81040FBF7A7BFFF23637510BD5D
:1079B0000220FCE70346D0F8D0000860B3F8D430CA
:1079C0008B80002070470000C36B012B01D1002089
:1079D000704770B5364BD0F89060D3F8F830C0F8E7
:1079E000943086B03146058B0446FDF739FEB389E5
:1079F0008DF80600D6E90121EB1A9BB201FB0322A8
:107A000068460021ADF804300092FDF78BFE38B9CE
:107A1000284B228BDA63FCF71BFF20B106B070BD48
:107A2000022006B070BD227C60F341022274FDF793
:107A30008DFAD4F890305969431EDBB2096802917F
:107A4000FD2B02460BD9CD1C09D91B4B01311B68FC
:107A50000CD0D81C07D802A92046029301E002A945
:107A60002046FCF7CFFB002006B070BDD91C04D81F
:107A700002A920460293FCF7C5FBD4F8FC309B0515
:107A800004D4237C43F002032374ECE74FF48031E9
:107A90002046FBF7FDFFD4E93E2302400B4052EAAB
:107AA0000301E0D00549204609688847DBE700BFAD
:107AB000001F00210030084044000020600000202A
:107AC0004FF48071FFF712BB38B590F8DC400546E3
:107AD000ACB1F9F7D5FF0A4B1F22DA61013C03F183
:107AE00000731440DC6103F17A43D5F8E0201A6694
:107AF000D5F8E4205A66BDE83840FAF70DBD38BD28
:107B0000006008442DE9F74F06461546084619B9A6
:107B1000012003B0BDE8F08F002AF9D0032904D872
:107B20000021FCF7A9FA0028F2D0827804880379B2
:107B300090F805B0C788B0F90000002802F00701EE
:107B4000C0F2D180A1F1070CDCF1000040EB0C0089
:107B5000052928738CBFC2F300100020C2F3801CDB
:107B60006873900985F810C000F00200C2F3C00CE1
:107B700040EA0C00C2F340126874AA74AF820BB9D9
:107B800096F8CA30013BDBB2EB74736BD80600F198
:107B900096800639012900F29280544BDB6C544BDD
:107BA0005A6B1B6B03F0070306334FF0010909FA08
:107BB00003F909F1FF39083C42F0005804EA0904CE
:107BC000002318F804A0AB60013404EA0904631D23
:107BD00003EA09035A1C02EA090218F8037018F8AC
:107BE0000220BAF1800F47EA0227727C18BFAAF17F
:107BF000320A3BB214BF4FFA8AFA6FF07F0AC7F31A
:107C00000B079AB30020D6F89C300BB15146984729
:107C1000631C03EA0903E87385F80EA018F8031043
:107C2000013303EA090318F80320013303EA0903C7
:107C300041EA022118F80320013303EA090341EA6B
:107C4000024118F803006A7C002341EA00613046D3
:107C5000FDF7A8FF2860737C042B03D1022FDCBF43
:107C6000013028600423AB71002052E7D90422D5EB
:107C7000D6F894209AB11368022B10D992F82400F8
:107C8000FB0008B1B3FBF0F39B45BBD8002BB9D088
:107C9000CBEB0B20B0FBF3F0C043C0B2B3E73046F0
:107CA000FFF752FD01903046FFF738FD019BB3FB13
:107CB000F0F0C0B2E4E718F804004000EDE700235C
:107CC000EB730C4BDA68C2F30723120448BF63F06E
:107CD000FF035AB212F1800F1CBF323B5AB200238D
:107CE000AA732B60BFE7022013E700BF0000084023
:107CF0000010084000700840F8B597790646144611
:107D0000FFF700FF054640B9A37933B1A7713046AC
:107D1000FFF71AFD2146FDF7FDFE2846F8BD3F2B73
:107D2000084610B5114619D9B3FA83F3C3F1190205
:107D3000D2B2062A01D8192B0ED0062A28BF062255
:107D4000931DDBB201249C40A4B2A14228BF21466E
:107D5000FBF7A0FF204610BD0022F1E70024F9E761
:107D600013883F2B10B5084616D9B3FA83F3C3F135
:107D70001901C9B2062901D8192B0BD0062928BF31
:107D800006218C1DE4B20123A3401380FBF7A0FF62
:107D9000002010BD0021F4E70120FAE7FFF7CAB97F
:107DA00070B50A4B0A4DD3F8EC604FF48064C5F807
:107DB000EC400020FEF770FC4FF400536B65730538
:107DC00044BF044BC3F8EC4070BD00BF0010084036
:107DD0000010084400100846082318B1024AC2F8EF
:107DE00088307047014AFAE70040084600400844DE
:107DF00010B5084614460121FDF782F920460121FD
:107E0000BDE81040FDF77CB9F8B504460E4641B90F
:107E1000037C5A0641BF4FF6FF7261F386138283DB
:107E200003743C4BD4F894701B680BB12046984700
:107E3000394BA18BD3F8842012F4E05F04BF2022D9
:107E4000C3F810224FF6FF73994204D0334B1B68DE
:107E50000BB120469847324DD4F894102A689142CD
:107E600007D02046FFF74DF92E4B98642E4B80200B
:107E70009860974245D02D4B1B684BB11FB13A68B3
:107E8000002A40D0BF68394620469847D4F894105D
:107E90000846FFF7BFF930B32549FDF7CFFC0727A8
:107EA0002046FCF709FC16B3224B94F9122093F9F3
:107EB00000302149D4F89400C3F11C039B1A4A698D
:107EC000DB0222F4FF2203F4FF2313431B4A4B611E
:107ED0001B4B286006211167204601221A7000F012
:107EE000B6FA0020F8BD2046FBF7C0FBD4E70D4BE7
:107EF0000F4AD3F8F81004F1A4003B46FDF72CFD1F
:107F0000D2E70127CCE71746394620469847D4F8F0
:107F10009410BDE7F417002000600840E41700202B
:107F2000D8170020001F002100400840DC17002067
:107F30006C1F0021E017002000700840000008447A
:107F4000E117002002484822002101F031B900BFAA
:107F5000E81E0021002373B583746423C0E92C3329
:107F6000C0E92E334FF0FF35C0F8AC30A0F8C03078
:107F70000E264FF6FF73C0E9075580F8D0604564C0
:107F80008582837504461120FAF796F9042834D1C6
:107F90001B4B5B6813F4403F2FD12046FEF744F99A
:107FA0002046FFF7CFFF94F912102046FFF7DEFAC4
:107FB000144A6023536402F5805240F6FF71516207
:107FC0005165114A5364114B4022C3F88820626BFB
:107FD00029462046FFF71CFB002240F202231046F0
:107FE0001946CDE90066FDF759FFFCF7D9F920469F
:107FF00002B0BDE87040FBF761BD022002B070BD69
:1080000000300E40000008400000084600400844D0
:1080100070B50C68B0F8D4208D680346013404BFF5
:10802000D3F8AC400C604C68013404BFD3F8B840BE
:108030004C606E1C00F1A40038D1D3F8B440CE6877
:108040008C60751C38D1D3F8B0500E69CD60013604
:1080500004BFD3F8A4600E614E69013604BFD3F8A3
:10806000A8604E618E69013604BFD3F8BC608E6192
:108070008E693EB34132B24238BF32460E688A61E1
:10808000C3F8B4404C68C3E92E420A69C3F8A4207F
:108090004A690D49C3F8A820C3E92B650B4AD1F8FA
:1080A000F8100723FDF758FC002070BD02F14104D1
:1080B000AC4238BF2C46C2E702F16405B54238BF76
:1080C0003546C2E76422D9E7001F00216C1F00215A
:1080D00038B5F9F7D5FC0B4A13884FF6FF718B4280
:1080E00003D1FAF719FA032038BD074C074DE565AF
:1080F00004F100741B04E3651180FAF70DFA002007
:10810000F2E700BF58000020006008440000FFFFB5
:108110002DE9F34105460F461446FFF701FA80B1F9
:10812000DFF81882D8F80C30DE0740F1EA80F9F762
:10813000A7FC06460320FCF7D3FD38B13046FAF71A
:10814000EBF90226304602B0BDE8F081D8F80C30D9
:1081500013F0060FF2D13046FAF7DEF96A4B4FF40E
:1081600000612846D3F8E48ED3F8C46EFEF7BEFF54
:1081700040B1664B4FF400720121C3F888200846D5
:10818000FBF760FA39462846FBF7B6FB5E4BC3F8AF
:10819000C46EC3F8E48E06460028D3D12B7CD806E3
:1081A00001D4002C66D0C4F34000FEF793F914F418
:1081B000807F14BF564A554A4FF002031BBFC2F8D6
:1081C0008830544AC2F8883000211CBFD1609362C5
:1081D0004D4BD3F8BC7EFEF7B7F94F4A14F0040FAD
:1081E00007EA02034FF480616BD04C489342C161AF
:1081F00006D14B4A92F8D03043F0020382F8D030D7
:10820000424B042214F0400FC3F8882014BF454AA3
:10821000454A40232046C2F88030FFF70FF8284631
:10822000FFF74EFC40B114F0010F14BF384A374A33
:108230004FF48073C2F88830A1064CD56B8C4FF692
:10824000FF7293420FD0394A3949D26D100CC2F3F4
:108250000112088001323749B3FBF2F32F4A364846
:10826000C8651B04D3652B7C003C18BF012464F354
:1082700004132B74284600F0E7F8F0B12846FFF706
:108280001FFCD0B14FF400312846FEF72FFF431CEE
:108290009BB203221F4801A9FBF780FD9DF8042033
:1082A00002F00703052B9DF805301DD1120715D4E8
:1082B00043F480731A4AC2F8CC300020FBF7B9FFB0
:1082C00040E71C489342C1619AD1154A92F8D030D8
:1082D00023F0020392E7FFF7FBFEC4E713F0040F5D
:1082E00009D19DF80630E3E703F03002202A05D1DA
:1082F00013F0010FF4E74FF48073DBE79DF80630CD
:10830000D8E703261EE700BF001000210040084404
:108310000040084600100840800000400060084609
:10832000001E0021007008460070084400600840EC
:1083300058000020006008440000FFFF0050084083
:1083400038B504461D46FFF7E3FE28B92946204606
:10835000BDE83840FEF778B838BD7047054BD3F814
:10836000880003F180634FF40022C3F88820C0F333
:10837000C040704700400840014B024A1A607047F5
:10838000DC17002065710000024BD86800F0010086
:10839000704700BF005008400F4B5B68C3F3036396
:1083A000013B0B2B0FD8DFE803F006060C06060690
:1083B00006080A08080802207047042070470520B4
:1083C000704703207047054BDB6813F0060F0CBFA6
:1083D00001200420704700BF0040084000500840C2
:1083E0000A4A5368C3F303630B2B08D06FF4905011
:1083F000184100F0010080F0010040007047D2F801
:10840000880010F48030ECD1704700BF0040084075
:108410000C4A5368C3F30363062B07D8042BD8B266
:108420000CD8C31E5842584140007047072B07D153
:10843000D2F8440110F00050EBD170470220704791
:1084400000207047004008408021FEF74FBE38B53D
:108450000546FEF7F5FF04462846FEF7CFFF07283E
:1084600011D1D5F89030DB6924F47F4121F0080167
:1084700003B15B7841EA032141F020012846BDE8C1
:108480003840FEF7E3BF24F02001F7E708B5437C4E
:10849000033BDBB2072B96BF044A0021D15CFEF7F9
:1084A000D5FFBDE808400120FCF742BD6096000002
:1084B000012310B580F8C2302823C0F8A830042367
:1084C0004374054B04461968FBF734FA2046FFF75E
:1084D000DDFF002010BD00BF0CB10000012310B56E
:1084E00080F8C2302823C0F8A83002234374054B1B
:1084F00004461968FBF71EFA2046FFF7C7FF002065
:1085000010BD00BF10B1000010B50446FFF7E6FF34
:108510002046BDE81040FFF7B9BF0000F8B5D0F81D
:10852000E0308B4204460D46164601F0010703D1A8
:1085300090F8DC30202B19D04FB3002E14BFAA23A3
:10854000552393FAA3F31B0B03F4702395FAA5F2BA
:1085500043EA12432364202384F8DC300023C4F868
:10856000E050C4F8E4302046FFF7AEFA164A174947
:108570000F23D365164BDFB15EB90120D865C2F871
:10858000FC10226CC2F31302C3F8FC20F8BDAA232E
:10859000D7E70220D865C2F8FC10226CC2F31302A0
:1085A000C3F8FC200B4BE5640222C3F8B820EDE7CA
:1085B0000220D865C2F8FC10226CC2F31302C3F883
:1085C000FC20002EE2D0EDE700600844FFFF0F0022
:1085D0000060084600100840134A072310B5536393
:1085E000124C134B89B14421E16240F0400001215B
:1085F000206359634FF48043C2F8A030C2F8A4301E
:10860000C2F8A830C2F8AC3010BD4FF48042E1622D
:1086100021635963C3F8A020C3F8A420C3F8A8209D
:10862000C3F8AC20F0E700BF000008440000084099
:10863000000008460020704700228A4202D14FF015
:10864000FF30704750F8223093FAA3F30BB9013290
:10865000F3E7B3FA83F000EB4210704753B94AB91D
:10866000002908BF00281CBF4FF0FF314FF0FF303A
:1086700000F06AB9ADF1080C6DE904CE00F006F81F
:10868000DDF804E0DDE9022304B070472DE9F0478E
:10869000089D0C46002B4ED194468C458646B2FA76
:1086A00082F262D94AB1C2F12003914020FA03F369
:1086B0000CFA02FC194300FA02FE4FEA1C471FFAAB
:1086C0008CF6B1FBF7F44FEA1E4307FB141143EAA3
:1086D000014304FB06F199420AD91CEB030304F1A0
:1086E000FF3080F01381994240F21081023C6344D4
:1086F000591A1FFA8EF3B1FBF7F007FB101143EA8A
:10870000014300FB06F69E420AD91CEB030300F16D
:10871000FF3180F0FD809E4240F2FA8063440238CF
:108720009B1B40EA044000211DB1D3400022C5E953
:108730000032BDE8F0878B4205D90DB1C5E90001D3
:1087400000210846F5E7B3FA83F1002946D1A34298
:1087500002D39042C0F0F180861A64EB030301203B
:10876000002DE6D0C5E90063E3E7002A40F09180E0
:10877000A1EB0C044FEA1C481FFA8CF70121B4FB53
:10878000F8F64FEA1E4308FB164443EA044307FB8E
:1087900006F0984208D91CEB030306F1FF3402D21D
:1087A000984200F2CE8026461C1A1FFA8EF3B4FBC4
:1087B000F8F008FB104443EA044300FB07F79F422C
:1087C00008D91CEB030300F1FF3402D29F4200F2F0
:1087D000B1802046DB1B40EA0640A5E7C1F1200638
:1087E0008B4022FA06F71F4320FA06FC04FA01F335
:1087F00043EA0C03F44000FA01F8380C4FEA13493D
:10880000B4FBF0FE1FFA87FC00FB1E4449EA044457
:108810000EFB0CF9A14502FA01F20AD93C190EF13E
:10882000FF3A80F08580A14540F28280AEF1020ED1
:108830003C44A4EB09041FFA83F9B4FBF0F300FBFA
:10884000134449EA044403FB0CFCA44507D93C1932
:1088500003F1FF3068D2A44566D9023B3C4443EAA9
:108860000E40A0FB0293A4EB0C049C42CE469C4617
:1088700052D34FD055B1B8EB0E0364EB0C0404FA9D
:1088800006F6CB40CC401E43C5E900640021BDE89C
:10889000F087C2F1200320FA03F10CFA02FC24FA5B
:1088A00003F394400C434FEA1C4800FA02FE1FFAFF
:1088B0008CF7B3FBF8F008FB1031230C43EA0143BB
:1088C00000FB07F1994208D91CEB030300F1FF36C6
:1088D0002CD299422AD9023863445B1AA4B2B3FB62
:1088E000F8F108FB113344EA034401FB07F3A34208
:1088F00008D91CEB040401F1FF3613D2A34211D9AD
:1089000002396444E41A41EA004138E70446EFE6DC
:10891000084605E7C845ADD2B9EB020E63EB070C7C
:108920000138A7E73146EDE7034698E73046D4E73C
:10893000D6467EE7634402384CE70646234608469F
:108940000EE7023E63442FE7704700BF81F000410D
:1089500002E000BF83F0004330B54FEA41044FEA24
:10896000430594EA050F08BF90EA020F1FBF54EABF
:10897000000C55EA020C7FEA645C7FEA655C00F05B
:10898000E2804FEA5454D4EB5555B8BF6D420CDD2C
:108990002C4480EA020281EA030382EA000083EAAF
:1089A000010180EA020281EA0303362D88BF30BD4F
:1089B00011F0004F4FEA01314FF4801C4CEA1131A5
:1089C00002D0404261EB410113F0004F4FEA033304
:1089D0004CEA133302D0524263EB430394EA050F8F
:1089E00000F0A780A4F10104D5F1200E0DDB02FAFE
:1089F0000EFC22FA05F2801841F1000103FA0EF292
:108A0000801843FA05F359410EE0A5F120050EF157
:108A1000200E012A03FA0EFC28BF4CF0020C43FA88
:108A200005F3C01851EBE37101F0004507D54FF095
:108A3000000EDCF1000C7EEB00006EEB0101B1F5E5
:108A4000801F1BD3B1F5001F0CD349085FEA30002B
:108A50004FEA3C0C04F101044FEA445212F5800F36
:108A600080F09A80BCF1004F08BF5FEA500C50F1D3
:108A7000000041EB045141EA050130BD5FEA4C0CB6
:108A8000404141EB0101013C28BFB1F5801FE9D213
:108A900091F0000F04BF01460020B1FA81F308BF36
:108AA0002033A3F10B03B3F120020CDA0C3208DD02
:108AB00002F1140CC2F10C0201FA0CF021FA02F1DD
:108AC0000CE002F11402D8BFC2F1200C01FA02F14D
:108AD00020FA0CFCDCBF41EA0C019040E41AA2BF72
:108AE00001EB0451294330BD6FEA04041F3C1CDA3A
:108AF0000C340EDC04F11404C4F1200220FA04F05A
:108B000001FA02F340EA030021FA04F345EA030103
:108B100030BDC4F10C04C4F1200220FA02F001FAC5
:108B200004F340EA0300294630BD21FA04F0294647
:108B300030BD94F0000F83F4801306BF81F48011E0
:108B40000134013D4EE77FEA645C18BF7FEA655C53
:108B500029D094EA050F08BF90EA020F05D054EA25
:108B6000000C04BF1946104630BD91EA030F1EBF2A
:108B70000021002030BD5FEA545C05D1400049412E
:108B800028BF41F0004130BD14F580043CBF01F521
:108B9000801130BD01F0004545F0FE4141F4700107
:108BA0004FF0000030BD7FEA645C1ABF19461046E2
:108BB0007FEA655C1CBF0B46024650EA013406BFE3
:108BC00052EA033591EA030F41F4002130BD00BFA2
:108BD00090F0000F04BF0021704730B54FF480645F
:108BE00004F132044FF000054FF0000150E700BFE0
:108BF00090F0000F04BF0021704730B54FF480643F
:108C000004F1320410F0004548BF40424FF000012B
:108C10003EE700BF42004FEAE2014FEA31014FEA6E
:108C200002701FBF12F07F4393F07F4F81F06051BD
:108C3000704732F07F4208BF704793F07F4F04BF08
:108C400041F40021704730B54FF4607401F00045E5
:108C500021F000411CE700BF50EA010208BF704745
:108C600030B54FF000050AE050EA010208BF704736
:108C700030B511F0004502D5404261EB41014FF49F
:108C8000806404F132045FEA915C3FF4D8AE4FF0A7
:108C900003025FEADC0C18BF03325FEADC0C18BF8A
:108CA000033202EBDC02C2F1200300FA03FC20FADB
:108CB00002F001FA03FE40EA0E0021FA02F1144428
:108CC000BDE600BF70B54FF0FF0C4CF4E06C1CEA41
:108CD00011541DBF1CEA135594EA0C0F95EA0C0FB2
:108CE00000F0DEF82C4481EA030621EA4C5123EA25
:108CF0004C5350EA013518BF52EA033541F4801154
:108D000043F4801338D0A0FB02CE4FF00005E1FB06
:108D100002E506F00042E0FB03E54FF00006E1FB50
:108D200003569CF0000F18BF4EF0010EA4F1FF0493
:108D3000B6F5007F64F5407404D25FEA4E0E6D41D3
:108D400046EB060642EAC62141EA55514FEAC520E4
:108D500040EA5E504FEACE2EB4F1FD0C88BFBCF560
:108D6000E06F1ED8BEF1004F08BF5FEA500E50F111
:108D7000000041EB045170BD06F0004646EA0101D7
:108D800040EA020081EA0301B4EB5C04C2BFD4EB09
:108D90000C0541EA045170BD41F480114FF0000E02
:108DA000013C00F3AB8014F1360FDEBF002001F070
:108DB000004170BDC4F10004203C35DA0C341BDCEA
:108DC00004F11404C4F1200500FA05F320FA04F0BC
:108DD00001FA05F240EA020001F0004221F00041F0
:108DE00010EBD37021FA04F642EB06015EEA430E63
:108DF00008BF20EAD37070BDC4F10C04C4F1200593
:108E000000FA04F320FA05F001FA04F240EA020045
:108E100001F0004110EBD37041F100015EEA430E16
:108E200008BF20EAD37070BDC4F1200500FA05F236
:108E30004EEA020E20FA04F301FA05F243EA0203B5
:108E400021FA04F001F0004121FA04F220EA0200C4
:108E500000EBD3705EEA430E08BF20EAD37070BD0A
:108E600094F0000F0FD101F00046400041EB0101EA
:108E700011F4801F08BF013CF7D041EA060195F0CC
:108E8000000F18BF704703F00046520043EB030386
:108E900013F4801F08BF013DF7D043EA0603704773
:108EA00094EA0C0F0CEA135518BF95EA0C0F0CD07E
:108EB00050EA410618BF52EA4306D1D181EA0301C4
:108EC00001F000414FF0000070BD50EA410606BFBE
:108ED0001046194652EA430619D094EA0C0F02D103
:108EE00050EA013613D195EA0C0F05D152EA033648
:108EF0001CBF104619460AD181EA030101F0004166
:108F000041F0FE4141F470014FF0000070BD41F0AE
:108F1000FE4141F4780170BD70B54FF0FF0C4CF488
:108F2000E06C1CEA11541DBF1CEA135594EA0C0FA7
:108F300095EA0C0F00F0A7F8A4EB050481EA030EF4
:108F400052EA03354FEA013100F088804FEA0333DB
:108F50004FF0805545EA131343EA12634FEA0222A9
:108F600045EA111545EA10654FEA00260EF000416A
:108F70009D4208BF964244F1FD0404F5407402D2BC
:108F80005B084FEA3202B61A65EB03055B084FEA4D
:108F900032024FF480104FF4002CB6EB020E75EB4A
:108FA000030E22BFB61A754640EA0C005B084FEA72
:108FB0003202B6EB020E75EB030E22BFB61A7546EF
:108FC00040EA5C005B084FEA3202B6EB020E75EB3A
:108FD000030E22BFB61A754640EA9C005B084FEAB2
:108FE0003202B6EB020E75EB030E22BFB61A7546BF
:108FF00040EADC0055EA060E18D04FEA051545EAAE
:1090000016754FEA06164FEAC30343EA52734FEA56
:10901000C2025FEA1C1CC0D111F4801F0BD141EACF
:1090200000014FF000004FF0004CB6E711F4801F34
:1090300004BF01430020B4F1FD0C88BFBCF5E06F14
:109040003FF6AFAEB5EB030C04BFB6EB020C5FEA24
:10905000500C50F1000041EB045170BD0EF0004E79
:109060004EEA113114EB5C04C2BFD4EB0C0541EAAB
:10907000045170BD41F480114FF0000E013C90E6A8
:1090800045EA060E8DE60CEA135594EA0C0F08BF6C
:1090900095EA0C0F3FF43BAF94EA0C0F0AD150EA6B
:1090A00001347FF434AF95EA0C0F7FF425AF1046FE
:1090B00019462CE795EA0C0F06D152EA03353FF426
:1090C000FDAE1046194622E750EA410618BF52EAA3
:1090D00043067FF4C5AE50EA41047FF40DAF52EA77
:1090E00043057FF4EBAE12E74A0011D212F50012ED
:1090F00011D20DD56FF47873B3EB62520ED44FEAF0
:10910000C12343F0004343EA505323FA02F070476F
:109110004FF00000704750EA013002D14FF0FF30AD
:1091200070474FF00000704708B5064B044613B176
:109130000021AFF30080044B1B6803B19847204621
:1091400000F036F9000000003019002070B50D4D18
:109150000D4C641BA4100026A64209D10B4D0C4CEB
:1091600000F028F9641BA4100026A64205D170BDAA
:1091700055F8043B98470136EEE755F8043B98470D
:109180000136F2E7BC000020BC000020BC0000203B
:10919000C00000200A44914200F1FF3300D1704723
:1091A00010B511F8014B03F8014F9142F9D110BDF0
:1091B00002440346934200D1704703F8011BF9E7CC
:1091C0007047704770B50F4E0C463168054611B9AF
:1091D00000F09EF830602146284600F099F8431CC4
:1091E00003D14FF0FF34204670BDC41C24F00304AB
:1091F000A042F8D0211A284600F08AF80130F2D1B6
:10920000EFE700BF3C1900202DE9F041CD1C25F00F
:10921000030508350C2D38BF0C25002D064601DB53
:10922000A94204D90C2333600020BDE8F081314FFE
:1092300000F062F83B681C4644BB29463046FFF705
:10924000C1FF431C044650D13C682146002941D14E
:10925000002C44D02368304604EB030800F058F893
:1092600080453CD121686D1A29463046FFF7AAFF98
:10927000013034D023682B4423603B68002B36D068
:109280005A68A24229D100225A600EE02268521B7D
:109290001DD40B2A16D96119A342256018BF596045
:1092A000636808BF396062514B60304600F02AF8AD
:1092B00004F10B00231D20F00700C21AB5D01B1AC1
:1092C000A350B2E7A3426268DED13A60EDE72346DD
:1092D0006468B1E70C464968B8E71346CEE70C234B
:1092E0003360304600F00EF89EE70560DDE75B6016
:1092F000FFDE00BF401900200148FFF761BF00BF3B
:10930000341900200148FFF75CBF00BF341900206A
:1093100038B5064D0023044608462B6000F03AF8A5
:10932000431C02D12B6803B1236038BD38190020DB
:10933000024B01461868FFF767BF00BF6C000020B2
:1093400010B501390244904201D1002005E00378B4
:1093500011F8014FA34201D0181B10BD0130F2E7F4
:10936000884210B501EB020402D98442234607D893
:10937000431EA14208D011F8012B03F8012FF8E792
:10938000024401468A4200D110BD13F8014D02F893
:10939000014DF7E7044A05491368002B08BF0B4647
:1093A00018441060184670474419002048190020DE
:1093B000FEE700BFF8B500BFF8BC08BC9E4670478A
:1093C000F8B500BFF8BC08BC9E467047B814B6F1AB
:1093D000E0CFF3ADB7DD25C9FA79B7130002010676
:1093E0000409004F544100081B00011800052A0021
:1093F000022900F01921B4478FA4BFA14F63FDEEED
:10940000D6141D00636032E0375EA488534E6DFBB6
:109410006435BFF70053A1811F582CD0A54540FCEF
:1094200034F3274298009F3EE22E0ECFFFBF1E4529
:10943000CA8C68234A4F0016531EC44CBAAD9D32E5
:109440004B6808CF7BC04C00FE5A24E12BAAA5B282
:10945000E94617E90A5CF02500F8927AAC96CDA9A6
:10946000BFF249C14A11CC770D0000006D95000094
:1094700002000000032800007494000002000000B5
:1094800000028000080002002000000140000400EB
:10949000010010000806020004090703010500008E
:1094A00040787D0100000000005A620200010000C7
:1094B000C0CF6A0002000000809FD50002010000BA
:1094C000002D310102020000000301030303020129
:1094D00002030405060708090A0B0D0E0F101112EE
:1094E000131415161718191A1B1C1D1E1F202122D4
:1094F00023242526000C270013B779FAC925DDB7E8
:10950000ADF3CFE0F1B614B8010200000000000096
:109510000000000008000000000004070000000038
:10952000000000000000000000000000000000003B
:10953000000000000000000000000000000000002B
:1095400000000000000000000307000400000025E8
:1095500000000000739500000200000070950000FC
:10956000020000000101020A0000000000002800C3
:10957000002A000018000000000800FCEC95000024
:109580000100010798950000000800F8A895000068
:10959000000000000000000083FFBFFFE2FFF1FFBA
:1095A000F9FFFEFF000000009600FCFEF8006D23AE
:1095B000441FEEFFC700F20E8E37FAFF5C00A403D3
:1095C00024A7FFFF3200D601AD3400001F00300198
:1095D000004D00001200C000CA4A00000B006E00DF
:1095E000F73C000005001F002F2000008C00FCFE4F
:1095F000FFFF000000000000FC00D2104C06FAFF44
:1096000075009B05F132FFFF3E0062020B35000042
:1096100025004B01885F00001700E0005E5D000040
:109620000E008C006A4F0000070025008328000010
:10963000000000004801000078130020FA04FA003E
:109640000033330A0A0A084000210000000000002D
:109650000000000000000001000001010001010104
:109660000101020300000001A806000048704C0D33
:109670004470D80C307064123C70AE163870340DE3
:1096800034705A0D30700A0F2C700A0F2870DC10DD
:109690002470F41020703E0D1C7080111870F211AF
:1096A00014703A0DB110076001D80A7108B87F78BC
:1096B000020C7E78641000C6A01F00218CB8707860
:1096C00001B007680F305CB30F330111C048069832
:1096D0004A022FB006D80C7109DD087100B853A8F2
:1096E00009BB1110076801682148076004100112C6
:1096F000FF322150076051480760008806984413E4
:1097000000C4401F002103DD087214BA281400A011
:1097100000BA03DF107109DF0672029860058CB889
:10972000507800A04413281441158110076002D816
:109730001471108806982E1800C00C700840069806
:109740007C1A0091069860020060B83020D806713B
:1097500090BC637C784D5412F03240DE0472404875
:1097600004DB08720DDD0C72044BEF3014480698D0
:10977000FC0600C4E0100840441207620132214098
:10978000084C287C811140D91C72B1123032CF4A6A
:10979000013AB1DA107208D8067104D80871B04CD9
:1097A000237C4070684C4412FF328722047580B8D5
:1097B000D84C81D8327140D90472237C084B06986A
:1097C000FC0604BA88B9767900C11860084035797A
:1097D000E049007906B904A901D86E72227CBC4C1C
:1097E000307C0298320208D83C7100C14C0008401D
:1097F000141110D93071104C00C11400084014111C
:109800001814076100C5206008405415FF35047125
:1098100010491814A84C44120762013206710298CC
:109820001201B84C08D80C7107BA24D8047106BAD2
:10983000187004D80C7101BA40D80E7102BA0A70BF
:1098400005BA20D8047203BA227C604C4411404C03
:1098500018140761181491113831114291110769D8
:1098600010D90472EF3200C10060084014111031A9
:10987000016911422814A111076118140698621A8F
:10988000181400C10060084014110769FF31181452
:1098900000C13C30084014111814076118143088B6
:1098A00002480698C005009308DB047101F800A087
:1098B0005CB00F3000A01088B111076980D90A711F
:1098C00000C1800008400811009100A000C4000100
:1098D0000840441000A000C020300E4004110410C5
:1098E0001050F47200A054155045127106980607E6
:1098F0000698960618B8707800B841780698400324
:1099000090BA5B7A5C7A5D7A00C2185008402412E3
:1099100000C1501F0021281106983818208800889F
:1099200000C5441F002154155112FF350762FF3254
:1099300006986A020159512904751159009021298C
:109940002075069886040698A2040698FA020092EA
:1099500003D80C728111076102D90472FF0FBA702B
:1099600018B8727800F804D842710088308800C0B6
:10997000FC1F0021041000C1501F00211412012AF5
:10998000215A00C3185008403413312A1A7500C0F8
:109990000060084004100730FE200C76381108B82B
:1099A0007F78020C7E780093009000A000C0F41F26
:1099B0000021041000BB1DB400A000C1DC1F002169
:1099C00014111088FF3100C5FFFF0000311207623B
:1099D0000762513A513B0E720698720C11590112EE
:1099E00001131E703114008831100698720C115941
:1099F000415C41280698740C513801130090012BEA
:109A000000902088076001140760FF30215D41123B
:109A100007620762312D0876FF34415C4128015D01
:109A200031100698740CFF303088011300C0E01F1D
:109A300000210410512B0C76076801150768FF35CB
:109A40006070315BFF32212B0C75076001150760D8
:109A5000FF354E7000C5E41F0021541507650765EA
:109A60005112FF35FF30012B08752110076032704D
:109A700021100768FF30012B0A752110076007606D
:109A8000207000C2E81F0021241221100760076027
:109A9000FF30012B08752110076806702110076040
:109AA000FF300093009200C10060084014142C495C
:109AB0000734FE242A761415F0BC076C513C076865
:109AC00003680154107100C4FF0FFFFF513C0144B3
:109AD0004811311200C5E81F00215415FF350762F7
:109AE00007622143544914122155FF355152281160
:109AF00000A001D81871008800C00470084004104C
:109B00008020FF30067106984E03009000A002D816
:109B1000047200A00088069896061DB428B9112C7E
:109B2000408800C3EC1F0021341440445A71441390
:109B300006982005411500C0006008400410073059
:109B4000FD20447500C20870084024100760FF30F3
:109B500080DC34710698AE0C01591C4A2410076051
:109B60000260FF300698AE0C0158B2200129541350
:109B700031100698AE0C11280A750425541550456D
:109B8000EE72069820050094009000A07FB906614F
:109B900000C01C60084006984A1304155153113B3D
:109BA0003155581002984413EBBD00C0401F0021EE
:109BB0000411113D10D91271FF33076B00C19040A1
:109BC0000846381118B97479581000A00698600238
:109BD0008024E4240D300472044800C11C51084064
:109BE000141100C3DC1E0021911504351A721813DC
:109BF00088BB08D804716C7B04D804716A7B8CBB69
:109C00002F7C5B7B16703C4B181388BB08D8047103
:109C10006F7B04D804716D7B217C0C300160069849
:109C200082060698680B0698320700B8B1110769DA
:109C300040D906720298660601BC00C20060084066
:109C400000DC0A7124150165604A0A701C4A24155B
:109C500007657C4A043508D920712024512A241232
:109C600000C180000840320C2811076228110762E9
:109C7000281107622811500C00C1381F002114124E
:109C800000DC1A7120D8067101B80C70F0DA0C7281
:109C90000CDB087102B806988A064824044914119E
:109CA00000C380000840FFB8012011410871014144
:109CB00018130824014200C120000840141101417A
:109CC000036D514191152035016D51411813281331
:109CD000481300C37C000840341003D80C710730CF
:109CE00005DC0671084B227B8CB8507800B800C1A7
:109CF000381F0021141203682150F030015228113E
:109D000000A04024066400C0FFFF0100013C1DB01C
:109D100002200158402806751EAC01EC00A02088E6
:109D200000C01850084004121DB421130412305210
:109D3000F871066C402400C3741F00213410141104
:109D40000698C00C0669009211592129067600BBBD
:109D500011590698960C80B80158013A0662313BB9
:109D60000472215A412A00A000C200010840317A41
:109D700000A0308880B9076900C30000C0FF31101F
:109D8000312800BC002D0C7511541EAC01EC312D96
:109D9000F470066C51134155312C009300A000C0A3
:109DA00028400E400413315107610C3107691153EB
:109DB000381000A006984A0800C0F41F00210411C2
:109DC00006983207217A237A00C300001000069813
:109DD000720700C0581F00211DB1181000A000C05C
:109DE000541F00211DB1181000C09C1F0021041039
:109DF000002D067500B826A80698060700C09C1F0F
:109E000000210410012C06750698960628B010B99A
:109E1000115911380EB9114028A880B800C144303A
:109E20000840081100C1F01F00211410303B0671DA
:109E30000760076000C40830084044111150FF302B
:109E4000015118146FB8076826A8217A050C211053
:109E50002048267800C063EF0000314026A8050C9A
:109E600020ECB11140D90872247A20EC217A1848EC
:109E700026A828B00AB901510F31115028A8050CA5
:109E8000207A20EC0F0C98B84678417806986A0240
:109E900000C2441F002124100151FF31115008124B
:109EA00000A006984A0800B826A800C05C1F002140
:109EB0001DB1181000A030B840780DB101D9FC7266
:109EC000427800C074300E4004114CBA407A181029
:109ED000144804115C7A1810A4BB707B4E7B4F7B36
:109EE00000C20430084000A006984A08217A227A6D
:109EF00000BB0698720700C0681F00211DB1181032
:109F0000A4BB00C040300E40041103310149287247
:109F1000B112076207623048041121510F311872E3
:109F20006E7B6F7B104804114CBA7C7A1810144871
:109F30000411607A1810B11002D81071707B30B81B
:109F4000627860780DB001D8FC7100C0F8600840FC
:109F5000041101D90C7100C01800084002B9181092
:109F600008B86E780EB84EB110D90C723EA8140C19
:109F70000FB83EA8107044A8140C01B800C1B0304E
:109F80000E40081100C077801F003DB201423DAA7B
:109F900000C0FFFFFFFC013A3DAA140C00C077E0AF
:109FA0001F0001423DAAFFB845207D7808B87E78A1
:109FB00000C124600840141107610631087100B91E
:109FC00006985A1006984A13B11101D90E710698D5
:109FD000881A02D906720698AE0B069844135114DB
:109FE00006989606F4B845780A0C00C0641F002154
:109FF0001DB1181002983410FFB845205D7803B8E1
:10A00000076044A83EA800C1B0300E40081110B847
:10A0100007683DB101393DA908B86F7800A046A88E
:10A0200000C0FFFF0000013B076356AB94BA437AC0
:10A0300001D91471013C47B300C0FE20FFFF013B72
:10A04000314447AC637AFFB82120407802D90471CB
:10A05000607800A0C8BC066C415C512C067506985F
:10A06000960606986E0DB110076805D8347140BA8F
:10A0700006981A1308B86578911004D8187188B832
:10A080006E78577800C064000840217806988210E6
:10A0900001400A728CB84278069856130298400B19
:10A0A00008B86C7820B859785B7800C0F440084054
:10A0B0007878797800C1C81F0021141040A8184989
:10A0C00014130449408814140C4914118112076AAE
:10A0D000006A01DA187188B8577800C0CC1F0021D7
:10A0E0000410016107630763076407640698B209F7
:10A0F00000944EB010D842724DB161B80158113879
:10A1000040B102D90A72604804BB4154087020482B
:10A1100002BB02BC4DA8F8B87078190C3EB14141A1
:10A120003EA9F4B973797378717800C4F840084097
:10A1300000C200410840227000C20000010044AA91
:10A14000230C00C200000B0044AA00C410410840C8
:10A1500000C21841084004BB587C050C597C0C24F3
:10A160000F0C2FAB050CB11008D81471647A657A06
:10A170001CB879787B7820B879787B78607CF42477
:10A1800041130698FC06511440440675069896063D
:10A19000727BFFB84D20050C687840EC00C0601F52
:10A1A00000211DB11810911004D8147100C0BC1EFC
:10A1B0000021041080D806711CB8737800F818B814
:10A1C00000C1D81E002100C21850084024122811D6
:10A1D000767800F800C0B860084004110761076194
:10A1E00080D9047240EC00C4F84008404EB010D84A
:10A1F0000471182441130C23527C407B11512FA968
:10A20000050C797C0A0C00C0000001020814787C5F
:10A21000050C507C08B86D7800A000C0287008407C
:10A220000411108800C1001800401810444804119F
:10A23000108878480411108800884CBA757A181074
:10A240003DB11088F4B84278442072782848737879
:10A25000F8B873784FB200C4FFFF8080413A4FAA2C
:10A2600001BC01644113076300C06C70084003B96E
:10A2700018100110011001B918100110011001107F
:10A28000011068480411076101B80160003A0471C7
:10A29000044904D9047241520760003A0471084924
:10A2A00008D9047231520460003B0E7200630064EE
:10A2B000314241424FAAB2704FAAF8B853781820E1
:10A2C00053782848527800913DA9009000911810C9
:10A2D00000917848181000914448181000A01159B6
:10A2E00010D906710760076008D90471076004D9A6
:10A2F0000471036002D90471016001D90471006026
:10A3000000A000BA01D806710148112A0069006056
:10A3100001D8F6720138F67200A08020FF30FF48A5
:10A32000812000A000C21850084024121159212990
:10A33000127300210E7100C2305008402412012116
:10A34000212900A006984A0888B8577800C57C1FC4
:10A3500000215088044D88BC00C0C81E0021811116
:10A3600001D91E71407C00950115044D50881C4D8B
:10A37000FFBB076B315B04110698B80C3129F875E7
:10A380000698761954150698881A01D90872069805
:10A390007C0806700698DE0888BB547B009500F8A0
:10A3A00006988C090E700698680B06988C0906981A
:10A3B0006011069836089112211900C024600840E7
:10A3C0000A78097800F810B901BA069810130698AF
:10A3D000341000C57C1F002100F89112033288B9A7
:10A3E00000C3BC1E0021341300C4A81008408CB860
:10A3F0004278707903DE067144786E707179A1102D
:10A4000020D806710298160F80DB507102D84C726A
:10A4100005B830880763076302DB2A7100C3AC000C
:10A4200008403413066380DB0472804800C31020A8
:10A4300008403413315B04724048312831280260EF
:10A440000814076800930814A1101030024808147B
:10A4500000B808149110076008148CB86278A11035
:10A4600000DC0676517900BA80DB587100C000002C
:10A470000200003B4E7150884110344803DE0471E5
:10A480009048041508200411F82058101C20217849
:10A490000698AE0E00C0A40008400E7810D91C71BA
:10A4A00051451A7100C53400084407B8081500C5A5
:10A4B0003400084604B8081504702E7806987416FF
:10A4C0000095911120310269911004D80E7200C1DB
:10A4D0004C1F0021141101D90A71208806985A10C6
:10A4E000009200C1180008400533054B1872184C43
:10A4F00003DE0471904C441400C3FF1F0000413B75
:10A50000FF233811B849076A0698A20E0449087952
:10A51000097914102140081100A000C5540008401A
:10A52000541551455071108800C13400084407B8D3
:10A53000081101B83088076B40DB247100C0370C6C
:10A5400000000811364800C5D01E0021541102D960
:10A550000E72104801D9087100C01104000000C13A
:10A5600034000846081100C1340008401415303585
:10A570000093009100A000BD0698440210B903DCCE
:10A58000047100B901BA0698101302D9067100408F
:10A590004E7201B107690F3106988210FFD82872F8
:10A5A000811008D8187106DD0A710698440203DC90
:10A5B0000C720698C810069856130C7006DD1071C0
:10A5C0000698CE10487020B802A806DD10720698D2
:10A5D0008C090698360801F840B802A800F800C0B7
:10A5E000BC1E00210413076301DB227191100111CD
:10A5F000076911388CB910D8087144790298160F80
:10A6000002DBFA72A11328DBF47203BD069828104E
:10A6100006988C098CBA7F7A0698FC0600C5801FC4
:10A6200000210698440200BA03DC3272044DA110E6
:10A6300002D804710C4D00C01400084004100268D8
:10A6400000C3701F002134111128FC233411069817
:10A65000960C00C10C5108400698B2065415212DE5
:10A6600000C0F8600840041101D9227100C03C1FED
:10A6700000210410033001DC147200C014000840F3
:10A680000411FD21087602BA076A212D06984807B1
:10A690000298E8099110015503355150011900A0A5
:10A6A00000C1481F0021141001D842710148076001
:10A6B000FE200E75811020D8087100C14C1F0021AA
:10A6C000141101D9287100C02460084004122151DE
:10A6D00007610F3107691152281000C0006008405F
:10A6E00004119112215120311152211900A081131E
:10A6F00080DB067201B800A000C30C500840341083
:10A70000063030727C4B34122C4B341007600760DB
:10A7100040302072811080D8DC713410014A076209
:10A720000360803021508C480A717F2355233410F8
:10A73000013000A000BD0698281088B847784578F9
:10A74000437800B8447800A006988C090698C81091
:10A7500000C58C1F00215415069848070298E80987
:10A7600000C374000840027B06984A1350BA06984A
:10A770001A1306988210FFD84A71911004D84872B3
:10A78000811007601CD8407220D938721112FF3234
:10A790002151347180218021111400C0E41E002158
:10A7A0000413FFBA3151113A215111538CB93810A9
:10A7B0007B7940440E7200B900C2C41E00211812F9
:10A7C000067008B860780698441300F800B900C213
:10A7D0009C1008401812244A0AB9181288BA507AF4
:10A7E000517A577A8CB942795F7900A00698440271
:10A7F00007DC1072911000200A750698601102980B
:10A80000660D0698360801B9911004D8047100B994
:10A8100010BA0698101300BA00402A7100C0BC1E7E
:10A8200000210411076101D9127104D9E27281106B
:10A83000076001D8DA718CB8647800C11C510840F7
:10A840000698B2060698601100C5901F00215415A5
:10A85000212D06987C0800C5941F002100F800BC3B
:10A86000811108D9167280D9207201B910BA0698E0
:10A87000101300400E7101BC10700698C8100698A5
:10A88000561320B802A800F8069860118111023111
:10A89000127100B900C20C1008401812244A02B903
:10A8A00018120698C81000C5981F00215415069864
:10A8B000001A0298E80904110121147188BA737A08
:10A8C000042004122811042004110121F47200A0B4
:10A8D0000698FC0601F8911010D8347106984003D0
:10A8E000069886040698A20400C51C51084054111D
:10A8F0000698B80C00C5D41E002154155129E275E4
:10A9000018B875788CB8447801B802A800F8B1106E
:10A91000076810D82E7100C04810084000C300001E
:10A9200008403114884C44113411076101D9FA717F
:10A9300044122810076228100762281007622810A6
:10A94000E87000C1BC1E0021141080D82C7100C119
:10A950005400084014111141207100C10000024050
:10A960001038167100C03400084407B9181000C030
:10A970003400084601B9181002987A02069860025D
:10A9800011380472016A00BB00C1E41E00211411D9
:10A9900020390C72911210DA0672417B00A00698E1
:10A9A0004A1300C2BC1E0021241220DA0472617B0B
:10A9B00088BA527A00A088BA727A811204DAFC72DC
:10A9C00000A088B86B78577800C0640008402F78E2
:10A9D00000A006986E100763076390B9637900B909
:10A9E00002DB36713112076240DA2E7200C2540067
:10A9F000084024100140227202EC00C909B801D9B4
:10AA0000507200C2AC0008400E7A10D904722E7A3F
:10AA100006987416E031076102EC00CD114502EC96
:10AA200000CC01DB087100BB0298CA1703B84111C2
:10AA30000731FA211C760621911210DA087102DD25
:10AA400010721E7020B80698720C3038147208B854
:10AA50000698820600C0240008402978207800F873
:10AA6000046020D8067102982C1502EC00CA05B8C3
:10AA700023DA187104DBDA7120DAD67110DAD272B7
:10AA800090B8617800B801DA067202EC00C8911142
:10AA900010D9267100C1CC1E002114111150FF30B5
:10AAA0000C720661A110115002300A7180DB0A722B
:10AAB0000AB89E708CB97C790768911111402111F8
:10AAC000C0311140011990B8411108D9047166785C
:10AAD00020D904726578A11002D80672C0DA1E71FE
:10AAE00090B8273123DD087210DB1072607825DD05
:10AAF0000A7121DD087208DB0471627803B8411124
:10AB000007310872A1152035AA7102DD3272A11138
:10AB100020D9A07102D92872CCDA9872411140D99B
:10AB2000927206B802DB1071046500C11020084063
:10AB30001411112D112D054D5C720298BA132111BB
:10AB40004049C0D94E71A031411540350165514190
:10AB50000361076308DA1E7204DA38721049A1151E
:10AB60000235067110DB0E7201340A7108DB2471A4
:10AB700090B86778CC3211101A300ADC0872CCDE3B
:10AB80000471FD3100C00D0F0C0D0698740C01D836
:10AB9000607207B80298E41300BA411108D90C7129
:10ABA00002EC00CA05B830DAEC720734F031026109
:10ABB00001DA0471014900C0F300A3E30698740CA4
:10ABC00001D8D07100C0981440680698740C4030C9
:10ABD000014440DA0471204C04320162204A111011
:10ABE00006300068014218310269114202980214CD
:10ABF000204A00C0051708500698740C1130014215
:10AC00002088FFBB0DDA507100C1DE1B250180BC1E
:10AC100004DA107208DA0A7200C120841000E024FD
:10AC2000A02407634143016401DA06711E49024B07
:10AC300000C02C1F002107633810BC2002DA1271FB
:10AC400001B91159A11380DB087100C100FCFF019B
:10AC500018100298561700C4BC1E0021441080D85A
:10AC60007C710092D0DA06710DDA0C7190BD437DD3
:10AC7000EFBD06983E0503620DDA8672A11105D973
:10AC80005C7100C23810084024120C24281401D929
:10AC9000067202D9327140D91E7102EC00CA21102D
:10ACA00018320471FA2220D804720822FE22087594
:10ACB00002EC00C8F87001D90E7102EC00C802D98C
:10ACC000067204DC187200C0BC1E00210410026869
:10ACD00001D8067190B8647818B873780298CA17CA
:10ACE00000C50020084000C00417000008D9047205
:10ACF0000A480815104D00B808D90472FF2008153D
:10AD0000084D00C00884000008D9087200C02083E4
:10AD1000B8ED0815104D207D00A000B8011A00C044
:10AD200074000840027891101030011905BA069895
:10AD30001A1302D9067101B802A800C0BC1E002176
:10AD4000041380DB0671029866138CBA7C7A01DBEF
:10AD50006C7100C2301F002124111114FF3402EC69
:10AD600000C8FF24FA7607610698820C0361113847
:10AD70000F3003611114011141100698820C01D8A3
:10AD8000087203B80298E413044A02DB2471241009
:10AD9000112811280412023006710762076200C0F0
:10ADA000FFFF0000213800C218000840FF200812F1
:10ADB000411007600698820C01D87C7120BC1033CA
:10ADC000767100BB00C12C1F00211415C021112C6D
:10ADD0005112076A0F320E71408851140698FA1703
:10ADE0004143009451120765036A0F320E714111FD
:10ADF00051140698FA17036C41430765513B00C193
:10AE0000E81E00211411111231100F30127100BA16
:10AE1000046101D80471114200600FD8F47231103E
:10AE200002601E30047201B8003A087204B8029839
:10AE3000E4130298EA1500C0381F002104110F31F5
:10AE400003DD1A7200C000600840041007D80E72BB
:10AE500000C01040084004B9181000F806986E10A1
:10AE600006983C0500F830885088FF34087102ECE1
:10AE7000FF24F87002EC00CD141001BB5150FFD834
:10AE8000047131440760006B10DBF2710421FF2272
:10AE9000E4720F4C0095009300A000C1C01E002179
:10AEA000141100A030880698381A8111076102D960
:10AEB00006720298141988BB557B076120D9067168
:10AEC000029804190088A110076806982E18082116
:10AED0001415FC2590BB5C7B5D7B00C100600840C5
:10AEE00014110731FE21307608D82A725113FC2341
:10AEF000341304DB2071076BFF33315B00C1087032
:10AF000008401411076180490C71FF3130295475D4
:10AF100090BB7B7B10707B7B7C7B00DD04717D7B39
:10AF200001BB3815EC25541300DF5471042505DFEF
:10AF300054715415211120880698B80C009251299B
:10AF40003E7500C100600840141102DB0C7107312E
:10AF5000315B31292A760C7004DF0872006180D9D8
:10AF60001E7206982E1800C00870084006987C1AB9
:10AF700006982E181411FFD9607202985A19009081
:10AF8000009300A05415A111076910D9A6720825D5
:10AF900008D8A071082510D89A7120882111069828
:10AFA000B80CFC255412112AF82554110C2520D870
:10AFB0000871F025541110252029047621591815FF
:10AFC00000920298C61818B97179811010D80A71C8
:10AFD00088B8447800B8417888B9747908B9677935
:10AFE00000F88110A0D8087188B9497900A00760DD
:10AFF00002D8FA7106982E18108806984A1307622C
:10B00000076210DA087108211415F025541100C2E6
:10B010000020FEFF202912750698881A01D90A72AD
:10B0200006988C090698360800941CBB41100C2029
:10B0300006984A1241110821141006984A12312824
:10B04000441111120761FF31FF32012210521072B8
:10B050000769181404244413042438140C70076975
:10B060002141181408240814029844134044147110
:10B0700000C1C41E002114155113036B0FDB0C72A9
:10B08000066D06980607411500A006983608069832
:10B090004A1308BB51140698C0194415FC255415D1
:10B0A0000298480788B900C3BC1E00213413076307
:10B0B00008DB1A718113A0DB067149791070697978
:10B0C000076302DB087208B9677900F800A08111F4
:10B0D000076102D9107188B9757906982E18141174
:10B0E000FF3100A0FFB900A0041008211411F421C1
:10B0F000081100A081110761076110310E710698D7
:10B100002E1808211411F821141100A014B1000008
:10B110002CB100007CB400000000000044B100002D
:10B120000600000000000000000000007CB40000E9
:10B13000000000001CB2000004000000000000003D
:10B1400000000000ACB20000809C2B8F80841E00A9
:10B15000000000002200FF7F6400002000000000CB
:10B160000000000000000000ACB20000809C2B8FAB
:10B1700080841E00000023002300B600640000202D
:10B18000000000000000000000000000ACB2000061
:10B19000809C2B8F80841E000000240024009D00D2
:10B1A000640000200000000000000000000000001B
:10B1B000ACB20000809C2B8F80841E000000250014
:10B1C00025007D0064000020000000000000000059
:10B1D00000000000ACB20000809C2B8F80841E0019
:10B1E000000026002600530064000020000000003C
:10B1F0000000000000000000ACB20000809C2B8F1B
:10B2000080841E00000027002700FF7F64000020CC
:10B2100000000000000000000000000094B30000E7
:10B22000809C2B8F80841E00000000002400FF7F84
:10B23000640000200000000000000000000000008A
:10B2400094B30000809C2B8F80841E00000025009A
:10B250002500B40064000020000000000000000091
:10B260000000000094B30000809C2B8F80841E009F
:10B270000000260026009900640000200000000065
:10B28000000000000000000094B30000809C2B8FA1
:10B2900080841E00000027002700FF7F640000203C
:10B2A000000000000000000000000000F81F010185
:10B2B000C4B50000380002000000000000000000DB
:10B2C0003030010011491000B840010000C0E30017
:10B2D00040410100EA00880018600400000000C638
:10B2E0001FC000000050000000D032005060040079
:10B2F000FC006900410C0000000000001100080083
:10B30000786003000804000000000000BE031A007B
:10B310008C60070001040C1A2F465361686258497B
:10B3200035201407C491A06356443323225292243B
:10B33000E46007008108A1CB000000001984070524
:10B340009411CB4899200600016120008294EA877D
:10B350000461030065B611001E37000089BB0000C0
:10B3600020610100FFDF00001470011000F80700E9
:10B3700014700130F8020000187002000003000091
:10B380006000278470700200C30000000F9C03005F
:10B39000FFFFFFFFF81F010110B600003800020098
:10B3A000000000000000000030300100E338100011
:10B3B000B840010000C08300404101006D008800DA
:10B3C00018600400000000C61FC00100005000000B
:10B3D000008000005060040018000500410C0000CF
:10B3E0000800000091000400786003008C000C004D
:10B3F0000000000014001A008C60070001040B1903
:10B400002C404C59605B534736251B114AF3389644
:10B410006745231211090000E46007008F0846CB3E
:10B420000000000023086404D007CB4891200600E8
:10B43000F9541C008294EA870461030051551100FD
:10B44000B01B000089BB000020610100FFDF00008D
:10B450001470011000F8070014700130F8000000AB
:10B4600018700200000300006000A58370700200E5
:10B47000054100000F9C0300FFFFFFFFDC1F0401DC
:10B4800000000000000000000000000000000000BC
:10B49000F01F02013F00370000000000FC1F010107
:10B4A0000000000004000200018101000001000012
:10B4B0001800020000000000010000002800040045
:10B4C000000000000000000000000000000000007C
:10B4D00040000100A007000048000100000000003B
:10B4E000540002000000000000000000A000040062
:10B4F000FF4C0000FF4C0000FF4D0000FF4D00001E
:10B50000002001000807000010200100AAAAAA00DC
:10B51000182001000060DA000830010013AC0001BF
:10B520003430010001000000403001000000000044
:10B53000A04001007A27000FF44001002010000015
:10B540003441020080080000E68700004441010009
:10B55000C0E6524D60410400000000000000000001
:10B56000060000000600000014600100100000004A
:10B57000286003000000000300000000000000003D
:10B5800060600200294176710000000084600200C2
:10B590000000000000000000207004000000000017
:10B5A0008200000000008001D50000004870020009
:10B5B0003C3D0000BC1900007870010006E0490025
:10B5C000FFFFFFFF0D000000388EE30000000000C9
:10B5D0006CB600005CB6000000000000E070720075
:10B5E00080DE800280841E000101000011490002FB
:10B5F000000000000000000000000000000000004B
:10B600000000000041841E00000000000000000057
:10B610000D0000001CC77100000000006CB60000A7
:10B6200064B600000000000018CC660080DE8002D6
:10B6300040420F0001010000E3380002000000005A
:10B6400000000000000000000000000000000000FA
:10B650005B420F00000000000000000008520000E4
:10B66000B20C0000A5A00000C4090000193F0106AB
:10B67000041001000001010600102700000C00006A
:10B680000000000000000000000000000C4BFF7FE5
:10B6900001000000A0B60000100000202D000000F6
:10B6A000FF000000E40C0A00050500003135000031
:10B6B00030960000FFFFFFFFE93B0000E53B000084
:10B6C000FF0EFE01FFFFFFFFFF000E000000000065
:10B6D000514F0000FFFFFFFFFFFFFFFFFFFFFFFFD6
:10B6E000FFFFFFFF61680000FFFF0000FFFFFFFF9B
:10B6F00001710000FFFFFFFF00000000700000204C
:10B7000000000000F817002060180020C818002072
:10B710000000000000000000000000000000000029
:10B720000000000000000000000000000000000019
:10B730000000000000000000000000000000000009
:10B740000000000000000000000000007501000083
:10B750004D010000FFFFFFFFFFFFFFFFFFFFFFFFA7
:10B76000FFFFFFFFFFFFFFFFFFFFFFFFFFFFFFFFE9
:10B77000FFFFFFFFFFFFFFFFFFFFFFFFFFFFFFFFD9
:10B78000FFFFFFFFFFFFFFFFFFFFFFFFFFFFFFFFC9
:10B79000FFFFFFFFFFFFFFFFFFFFFFFFFFFFFFFFB9
:10B7A000FFFFFFFFFFFFFFFFFFFFFFFFFFFFFFFFA9
:10B7B000FFFFFFFFFFFFFFFFFFFFFFFFFFFFFFFF99
:10B80000C00A0020B1C800009B7A02009B7A0200A7
:10B81000678902009B7A02009B7A02009B7A0200F1
:10B820009B7A02009B7A02009B7A02009B7A0200BC
:10B830009B7A02001C340300BD7802009B7A020050
:10B840009B7A0200754102009B7A02009B7A0200FB
:10B85000B5390200391D0300351D03009541020072
:10B860002D1D030051D000009B7A02009B7A02003C
:10B8700031C20000697902009B7A02009B7A0200C3
:10B880009B7A02009B7A02009B7A02009B7A02005C
:10B890009B7A02009B7A02009B7A02009B7A02004C
:10B8A0009B7A02009B7A02009B7A02009B7A02003C
:10B8B000C9410200311D0300A11701000542020029
:10B8C0009B7A0200F52502009B7A02009B7A020017
:10B8D0009B7A02009B7A02009B7A02009B7A02000C
:10B8E0009B7A02009B7A02009B7A02009B7A0200FC
:10B8F0009B7A02009B7A02009B7A02009B7A0200EC
:10B900009B7A02009B7A02009B7A020000000000F2
:10B91000013800D0FCE77047000000000000000084
:10B9200001F0FF01102A2BDB10F0070F08D010F8F0
:10B93000013B013A8B422DD010F0070F42B3F6D1F4
:10B94000F0B441EA012141EA014122F007047FF00D
:10B9500000070023F0E80256083C85EA010586EA64
:10B96000010685FA47F5A3FA87F586FA47F6A5FAA0
:10B9700087F68EB9EED1F0BC01F0FF0102F00702AC
:10B9800032B110F8013B013A83EA010313B1F8D157
:10B990000020704701387047002D06BF3546033838
:10B9A000073815F0010F07D1013015F4807F02BF71
:10B9B000013015F4C03F0130F0BC0138704700BFC2
:10B9C00070B5414C00238AB0E363054618B1008886
:10B9D00023600CF0E1FB3D4E3D4825F07CFE3D4BE5
:10B9E000336030463C4B736021F060F900213046F3
:10B9F00014F0E2FB32A3D3E90023A062C4E90623DA
:10BA000021F05FF9D4E9062319431043C4E9060184
:10BA1000CDE900014FF0FF334FF0FF32A06A25F06F
:10BA2000D6FE02224FF0FF31A06A25F0D2FE01209F
:10BA30000CF04CF82949A06A4FF40073002225F05D
:10BA400019FFB0F5007F38D10023CDE90733099302
:10BA500094223C23CDE903320593A06A962303A9DF
:10BA6000069314F0C7FC35B3287C0CF035FC054672
:10BA7000F0B9A06A25F0DBFF0CF0DCFB0CF008F855
:10BA800020B14FF48070002108F08CFF0CF010F80A
:10BA900020B14FF40060002108F084FF21F0DCF9B0
:10BAA000012014F0DDFB0E4A0E49A06A21F0FCF8DB
:10BAB00028460AB070BDFF20D7E70725F8E700BF8A
:10BAC0000DD5015520000000480D0020241700204E
:10BAD000690345EC5179010034170020241500203A
:10BAE00051CC020091CC02000348044B834202D0A7
:10BAF000034B03B118477047240D0020240D00208C
:10BB0000000000000548064B1B1AD90F01EBA301EA
:10BB1000491002D0034B03B118477047240D002091
:10BB2000240D00200000000010B5064C237843B916
:10BB3000FFF7DAFF044B13B10448AFF30080012391
:10BB4000237010BDCA1E002000000000385F0300F3
:10BB500008B5054B1BB105490548AFF30080BDE8AA
:10BB60000840FFF7CFBF00BF00000000680F0020B3
:10BB7000385F0300A3F5803A704700BF174B002BD6
:10BB800008BF134B9D46FFF7F5FF00218B460F467C
:10BB90001348144A121A26F000FB0E4B002B00D05B
:10BBA00098470D4B002B00D098470020002104003F
:10BBB0000D000D48002802D00C48AFF300801AF0A9
:10BBC0006BFD200029001BF06DFE1AF0E5FA00BFA6
:10BBD000000008000000000000000000C00A002073
:10BBE000240D0020042000200000000000000000C0
:10BBF0000368864A23F47F4323F00703934273B517
:10BC000005D0834A934200F0AB8002B070BD814EF4
:10BC100030460FF04BF9054610B37F4C7F49206842
:10BC20001CF0CDFC7E4920681CF0C9FC1BF0E7FE2F
:10BC30001BF0E6FE7B4B00937B4A7C4920684E2339
:10BC40001CF0BDFC7A497B4A20682B461CF0B7FCEF
:10BC5000284600F03BFC784920681CF0B0FCFEE769
:10BC6000307802210FF05CF9044610B36A4D6B493D
:10BC700028681CF0A4FC6A4928681CF0A0FC1BF092
:10BC8000BEFE1BF0BDFE674B0093674A67492868FC
:10BC900053231CF094FC6649664A286823461CF02E
:10BCA0008EFC204600F012FC634928681CF087FCDB
:10BCB000FEE70090A0220346114630780FF00EF9FF
:10BCC000054610B3544C554920681CF078FC544983
:10BCD00020681CF074FC1BF092FE1BF091FE514B8F
:10BCE0000093514A514920685C231CF068FC50497C
:10BCF000504A20682B461CF062FC284600F0E6FB08
:10BD00004D4920681CF05BFCFEE7307802210FF003
:10BD10001BF9054600283FF478AF3F4C3F492068A7
:10BD20001CF04DFC3E4920681CF049FC1BF067FEEE
:10BD30001BF066FE3B4B00933B4A3C492068602366
:10BD40001CF03DFC3A493B4A20682B461CF037FC6E
:10BD5000284600F0BBFB384920681CF030FCFEE7A9
:10BD60002C4C022120780FF0DBF8054610B32A4C4A
:10BD70002A4920681CF023FC294920681CF01FFC7C
:10BD80001BF03DFE1BF03CFE264B0093264A274944
:10BD900020686E231CF013FC2549264A20682B4698
:10BDA0001CF00DFC284600F091FB234920681CF094
:10BDB00006FCFEE7207802210FF0C6F805460028B1
:10BDC0003FF423AF144C154920681CF0F8FB1449CC
:10BDD00020681CF0F4FB1BF012FE1BF011FE114B4F
:10BDE0000093114A1149206873231CF0E8FB1049A5
:10BDF000104A20682B461CF0E2FB284600F066FB48
:10BE00000D4920681CF0DBFBFEE700BFA00001002D
:10BE1000A0000601E40C00203810002020300300B0
:10BE20002230030065300300273003003030030068
:10BE30003F3003003C3003005430030030B503684A
:10BE40007C4A23F47F4323F00703934289B040F0F8
:10BE5000EE80794B0822002112200FF09BF8044657
:10BE600010B3764D764928681CF0A9FB75492868FF
:10BE70001CF0A5FB1BF0C3FD1BF0C2FD724B009331
:10BE8000724A734928683D231CF099FB7149724A34
:10BE9000286823461CF093FB204600F017FB6F49EF
:10BEA00028681CF08CFBFEE701466D4B0322142032
:10BEB0000FF070F8044610B3604D614928681CF01B
:10BEC0007EFB604928681CF07AFB1BF098FD1BF094
:10BED00097FD5D4B00935D4A5D4928684B231CF03C
:10BEE0006EFB5C495C4A286823461CF068FB2046D0
:10BEF00000F0ECFA594928681CF061FBFEE70146A6
:10BF0000584B052216200FF045F8054610B34B4C50
:10BF10004B4920681CF053FB4A4920681CF04FFB3A
:10BF20001BF06DFD1BF06CFD474B0093474A4849E1
:10BF3000206859231CF043FB4649474A20682B469A
:10BF40001CF03DFB284600F0C1FA444920681CF073
:10BF500036FBFEE70DF10F0104A80FF049F8044687
:10BF600010B3364D364928681CF029FB354928683E
:10BF70001CF025FB1BF043FD1BF042FD324B0093F0
:10BF8000324A3349286864231CF019FB3149324A8C
:10BF9000286823461CF013FB204600F097FA2F492F
:10BFA00028681CF00CFBFEE7BDF814305BBAADF856
:10BFB00018309DF813308DF81A30FF238DF81B30A0
:10BFC000FE238DF81C309DF812308DF81D30BDF821
:10BFD00010305BBAADF81E30014606AB08221820BF
:10BFE0000EF0D8FF054610B3144C154920681CF01C
:10BFF000E6FA144920681CF0E2FA1BF000FD1BF081
:10C00000FFFC114B0093114A1149206874231CF066
:10C01000D6FA1049104A20682B461CF0D0FA284660
:10C0200000F054FA0D4920681CF0C9FAFEE709B087
:10C0300030BD00BFA00001007430030038100020A4
:10C040002030030022300300AF3003007D300300B6
:10C05000303003003F3003003C3003005430030015
:10C06000A5300300A930030038B501F037FC0E48B5
:10C070000E4C012101F0B0F801221146002001F020
:10C0800091FB022501221146C4F88050002001F0E6
:10C0900089FB0122C4F884501146002001F082FB84
:10C0A000C4F88850002038BD30253E0000400E40C6
:10C0B00008B5204B01225A6402F010FCA0B91E4BB7
:10C0C0004AF6E852C3F89021D3F8982142F00402CE
:10C0D000C3F89821C3F89001174AD2F8643143F4A9
:10C0E0000053C2F8643101E00128F5D0134A136A05
:10C0F00023F4441343F488131362A2F580421368B7
:10C1000043F48073136004F0A5F800F02DFB04F0F5
:10C110003FF804F08BF804F051F8FFF7A5FF1CF08E
:10C12000F5F900F013FB00F05DFCBDE8084004F0F9
:10C13000ADBC00BF00000E4000300E4000400E407D
:10C1400008B50448012101F047F8BDE8084002485D
:10C1500000F006BD00350A00C00A002030B5204DB1
:10C160000FCD97B00FAC0FC495E807001D4B84E8C6
:10C1700007001D4ACDE903234FF08073059303F1B7
:10C18000022306934FF0F0511E23CDE907130E2230
:10C1900000210DF12E0026F000F8144B4FF4402042
:10C1A000CDE909030C238DF82C300D238DF82D30AB
:10C1B0000F4B0C9320230D9301238DF839300D4B39
:10C1C00000930FAA03AB09A90B4804F073FA0021EE
:10C1D00004464FF4E1301BF052FC204617B030BD4E
:10C1E0004033030000420400000001401C000140F5
:10C1F000CB1E0020800F0020D40F0020012905D87D
:10C20000034B1B68186808B1436A1847704700BFA2
:10C21000D80A002008B50449044804F0E5FCBDE84C
:10C220000840FFF79BBF00BFDC0A0020F80F00208A
:10C2300001481CF030BB00BFD40F0020014B1A6A2C
:10C2400018681047D40F0020184B834237B52AD105
:10C25000174B1B783BB3C8B20EF08AFE054610B3ED
:10C26000144C154920681CF0AAF9144920681CF0E8
:10C27000A6F91BF0C4FB1BF0C3FB114B0093114A42
:10C280001149206885231CF09AF91049104A20684A
:10C290002B461CF094F9284600F018F90D49206847
:10C2A0001CF08DF9FEE703B030BD00BF0010002088
:10C2B000EB1E002038100020203003002230030045
:10C2C000CA3303005C330300303003003F30030007
:10C2D0003C3003005430030030B503685A4A23F45D
:10C2E0007F4385B023F0070300259342044602955F
:10C2F000ADF80C507DD002F5802293420ED0A2F111
:10C300008272934240F09D80504B1B78002B00F0CE
:10C31000988005B0BDE8304005F09EBAB0F8053011
:10C320001E2B40F08E80FF2304A91A4611E903005A
:10C330001BF05EFB01280ABF444B41F2FC1518704C
:10C3400005F0FC0220791E210EF03AFE054610B3DE
:10C350003F4C404920681CF032F93F4920681CF0EE
:10C360002EF91BF04CFB1BF04BFB3C4B00933C4A63
:10C370003C49206859231CF022F93B493B4A20687C
:10C380002B461CF01CF9284600F0A0F8384920681C
:10C390001CF015F9FEE7374900902379364A096801
:10C3A000364800F0EDF8054600284AD0284C2949C7
:10C3B00020681CF004F9284920681CF000F91BF0E3
:10C3C0001EFB1BF01DFB254B0093254A25492068C9
:10C3D00062231CF0F4F82449244A20682B461CF000
:10C3E000EEF8284600F072F8214920681CF0E7F8C2
:10C3F000FEE7B0F8053007EE903AB0F80730F8EEF7
:10C40000677A0133B7EE047A67EE877A07EE103A5F
:10C41000B8EEC77A67EE877AB1EE047A67EE877A6C
:10C4200017EE900A1AF062FC07EE900AFCEEE77A2B
:10C43000104A17EE903AB3F57A7F38BF4FF47A730B
:10C44000136005B030BD00BFA0000602EB1E002047
:10C45000381000202030030022300300D9330300BD
:10C460005C330300303003003F3003003C300300F6
:10C4700054300300E40A002049C2000000100020EC
:10C4800008B5084B01221A70074B00221A70074B9F
:10C4900004221A70064B1F221A7003F005FF054B89
:10C4A000186008BDE70C0020EC1E0020E60C002000
:10C4B000E50C002038100020024B034918681CF0DE
:10C4C0007EB800BF38100020F933030070B50C4C63
:10C4D0000C49064620681CF072F803F0E5FE05469C
:10C4E000206803F0D5FE3046FFF7E6FF284603F04C
:10C4F000CFFE20680449BDE870401CF060B800BF62
:10C5000038100020FB330300FD33030038B5054627
:10C510001BF00EFB0B4A146800235CB1AC4206D141
:10C52000A96A6BB199621BF009FB012007E0234661
:10C53000A46AF2E7002DF3D01BF000FB204638BDC3
:10C540001160F0E73C10002010B5044698B104F0EB
:10C55000ABFE2046FFF7DAFF10B194F82C300BB990
:10C56000002010BD1BF0E4FA044A1368013B13607D
:10C570001BF0E4FAF4E72220F3E700BF40100020AC
:10C580002DE9F04385B005469DF8307091469846F8
:10C590000E4609B9002F5CD12846FFF7D5FF0446A7
:10C5A000002836D185F82C00686304F075FF8642B8
:10C5B00033D904F00BFF2146844640F2E7304FF4B4
:10C5C0007A720023E6FB0C0119F066FC4FF0FF3293
:10C5D000002319F061FC2B46E8861146CDE90044A2
:10C5E0001D4A28461CF038FA044690B9C5E9089857
:10C5F00085F82D702E631BF09BFA184A136833B32D
:10C600001A469B6A002BFBD195620023AB621BF09C
:10C6100095FA204605B0BDE8F08347B1CDE9004466
:10C620000D4A2B463146284604F0F4FEDCE703A908
:10C63000304604F0D1FE04460028EAD1CDE9007767
:10C64000054A03992B4628461CF0E2F9CCE7156011
:10C65000DBE72124DDE700BF61C600003C100020BD
:10C6600091F82C3013B50C4683B98B8ECA8E934249
:10C670000ED243B9CDE90033114A0B4620464FF0A4
:10C68000FF311CF0A9F9A38E0133A38602B010BDBF
:10C6900052B191F82D307BB101230093D1E90823E9
:10C6A0002046096BFFF76CFF064A012384F82C3003
:10C6B000136801331360E9E7084604F0F5FDF3E77A
:10C6C00061C60000401000202DE9F041144E33688F
:10C6D00023B3144F4FF000081BF02AFA3C680546BC
:10C6E00024B92846BDE8F0411BF028BA94F82C3054
:10C6F00093B1336884F82C80013B336094F82D307B
:10C7000013B92046FFF702FF28461BF017FAD4E9B9
:10C71000083120469847DFE7A46AE1E7BDE8F081E9
:10C72000401000203C100020034B1B68002B14BF5E
:10C7300004200120704700BF40100020024B186801
:10C74000B0FA80F0400970474010002008B5054855
:10C75000012100F041FD1BF0DBF8BDE8084000F0CE
:10C760001DB800BF00350A000148012100F034BDAA
:10C7700000350A0007B508201BF09DF9064B022280
:10C780006846CDE900231BF03EF9082003B05DF8B0
:10C7900004EB1BF09BB900BF006A18102DE9F043B1
:10C7A0003B4D3C4FDFF80091DFF800810FCD89B0A1
:10C7B00001AC0FC495E80700374D84E807003748FF
:10C7C000012100F009FD38460121012400F004FD9B
:10C7D000334B039301A928468DF812401BF061FBEF
:10C7E0002346042200210A2001F0CEFD2246002328
:10C7F00002210A2001F0C8FD23460422072105205A
:10C8000001F0C2FD0422214623460A2001F0BCFDAE
:10C81000244BAB670B236B6702264FF4487004F080
:10C82000FBFFC9F8EC61142004F0F6FFC8F8EC61D6
:10C83000232004F0F1FFC9F8EC61B92128461BF070
:10C840006FFB00231A461946C8F8EC610A2001F074
:10C850009BFD00231A4631460A2001F095FD234630
:10C8600000220721052001F08FFD234600222146EA
:10C870000A2001F089FD284602F084F80021A9670A
:10C880003846696700F0A8FC09B0BDE8F08300BF36
:10C8900000340300006204000008014000350A0073
:10C8A00000127A001E1D001200A0004400A00046E5
:10C8B00008B500F083F8124B12498B4212D3124B89
:10C8C000124900208B4218D3FFF758F9186850F826
:10C8D0002240586840F82240013298688242F5D3DD
:10C8E0000C33EAE70022F8E71C6844F82200013222
:10C8F0005C68A242F8D30833E4E70022F8E700BFFF
:10C90000405F03004C5F03004C5F03004C5F03007B
:10C910000048704700F04902104AD2F8943003F002
:10C920000703023B032B13D8DFE803F00C14020EBD
:10C930000B4B1B68D2F80001C0F304200130B3FB9D
:10C94000F0F07047074BF4E7074B1B685B08F1E713
:10C95000054BEEE74FF40043ECE700BF00400E400C
:10C96000F00A0020F40A0020E80A002008B5FFF7CA
:10C97000D3FF054BD3F80831C3F308230133B0FBD1
:10C98000F3F0024B186008BD00400E40EC0A002096
:10C99000014B1868704700BFF40A0020054B18606F
:10C9A000054BD3F8943003F00703022B01D1FFF7B6
:10C9B000DDBF7047F40A002000400E40044B054ADA
:10C9C0009A60D3F8882042F47002C3F88820704738
:10C9D00000ED00E000B80000014B1868704700BF90
:10C9E000F00A00200F4BD3F82838A3F17E62A2F59D
:10C9F0008432B2F5104F10B511D219680A4A91422B
:10CA00000DD10A4C227812F0FD0F01D0002010BD8C
:10CA1000DB6998470028FAD101232370F6E74FF429
:10CA20008170F4E70000E10F07B0CD5EED1E00203D
:10CA3000054A06490346106803448B4294BF1360BD
:10CA40004FF0FF30704700BFF80A002000000420BC
:10CA500008B52948012100F0BFFB0123042202216F
:10CA6000052001F091FC002001F082FC234B012203
:10CA7000C3F810281146042000F094FE204800F06E
:10CA8000FDFC204BD3F8F02042F00102C3F8F02067
:10CA9000D3F8FC2042F08072C3F8FC20A3F55D437C
:10CAA000194A1A6000F5D520184B00F2FC40B0FB83
:10CAB000F3F0174B013802221861C3F8F0204FF44D
:10CAC0008072C3F804234FF06043124AC3F8B02FBA
:10CAD000114AC3F8802ED3F8002E42F48072C3F8B6
:10CAE000002EFF2283F82020D3F8002E22F480723B
:10CAF000C3F8002E002008BD00350A000080144253
:10CB000006000E0000ED00E0FF030040F8590D00A4
:10CB1000000004E055CEACC5090001004FF06043B1
:10CB200030B5D3F8802ED20715D501240B4D8440A3
:10CB3000D5F8FC2042F08072C5F8FC20D3F8002E16
:10CB40002243C3F8002E53F82020002AF0D003F827
:10CB50002010002030BD1120FCE700BF00ED00E0F8
:10CB60002DE9FF41044601212B4800F035FB2368E5
:10CB70002A4A93424ED002F58062934247D1284818
:10CB8000012100F029FB6179207901230A2201F0BB
:10CB9000FBFBE179A07901230A2201F0F5FB0A27CA
:10CBA00001263025237962794FF00C0815FB0383A9
:10CBB00003F1884303F5204306FA02F21A60642069
:10CBC00004F02AFE2379627915FB038303F18C4379
:10CBD00003F5204306FA02F21A60642004F01CFEFA
:10CBE000013FDFD120680323436423895BBA9BB2F2
:10CBF000836440F20113ADF8003023690293E368C7
:10CC000001936946237D8DF80C3001F039FC04B0A6
:10CC1000BDE8F0810348B3E74041050000C0004093
:10CC200000920400008204002DE9F04F9A46554B13
:10CC300085B01B78DDF83C909DF844B0DDF850805D
:10CC400006460F461546002B00F09680072A00F294
:10CC500095800E9B002B00F09180B9F1000F00F041
:10CC60008D80129BB3F5006F00F38880012803D1FB
:10CC7000109B002B00F08280434B03EB05131B7BC2
:10CC8000002B7DD0414C10220021684625F085FA0A
:10CC900004EB451410229FBB3946204625F07DFA4F
:10CCA00043F210036380BBF1000F03D1E37843F03C
:10CCB0000303E370354A0E9BCDF800A002EB451C40
:10CCC000CCE90193129B581E9DF84C30690103F08A
:10CCD0000303C0F30A009B0643EA001E53582C4886
:10CCE00018404EEA0003012E535017D0B8F1000F40
:10CCF0002ED19CF8023068F304138CF8023027E040
:10CD00000021204625F049FA4FF444736380BBF1BB
:10CD1000000FCFD1E37843F03003CAE71323CCF8F8
:10CD20000C309CE80F000CF1100E8EE80F00DCF8C0
:10CD30001C20109BCCF814306FF0030161F39F02AC
:10CD4000012FCCF81C2003D1CCF81890CCF804307B
:10CD50000D4A290102EB051342F80180159A5A6029
:10CD600000272846224669469F605E7301F0EEFB6D
:10CD7000384605B0BDE8F08F0648FAE70648F8E700
:10CD80000648F6E7EE1E0020441100204410002063
:10CD90000F80FFF3028000F0018000F0078000F0B8
:10CDA00038B5124B1B780546DBB1E0B11AF0C0FE76
:10CDB0000F4A00231146147B54B92B601A0101EB72
:10CDC000031301258C501D731AF0B8FE204638BDA0
:10CDD0000133082B02F11002EDD11AF0AFFE054825
:10CDE000F5E70548F3E70548F1E700BFEE1E002030
:10CDF00044110020048000F0028000F0018000F067
:10CE000038B51AF095FE0C4A05460023147B6CB920
:10CE10000133082B02F11002F8D101F04DFB074B52
:10CE200028461C701AF08AFE204603E028461AF0B5
:10CE300085FE034838BD00BF44110020EE1E0020CF
:10CE4000058000F00D4B1B7810B5044693B1072800
:10CE500012D81AF06DFE0A4B03EB04131A7B2AB1A9
:10CE600000241C731AF06AFE204610BD1AF066FEFC
:10CE70000448FAE70448F8E70448F6E7EE1E002005
:10CE800044110020068000F0028000F0018000F0D4
:10CE900013B5164B1868019000238DF804301AF072
:10CEA00047FE134B1C7824B11AF048FE114802B01B
:10CEB00010BD01221A701AF041FE0F4B1C731C7733
:10CEC00083F82C4083F83C4083F84C4083F85C4066
:10CED00083F86C4083F87C4004230DEB03008DF84D
:10CEE000073001F009FB2046E1E700BF6C34030086
:10CEF000EE1E0020038000F0441100200A4A127840
:10CF000008B55AB107280BD8084A02EB00131B7B5F
:10CF100043B1002101F0E6FA002008BD0448FCE717
:10CF20000448FAE70448F8E7EE1E00204411002008
:10CF3000028000F0018000F0078000F00A4A1278B9
:10CF400008B55AB107280BD8084A02EB00131B7B1F
:10CF500043B1012101F0C6FA002008BD0448FCE7F6
:10CF60000448FAE70448F8E7EE1E002044110020C8
:10CF7000028000F0018000F0078000F00A4A127879
:10CF800008B552B107280AD8084A02EB00131B7BE8
:10CF90003BB101F02BFB002008BD0548FCE705482C
:10CFA000FAE70548F8E700BFEE1E00204411002014
:10CFB000028000F0018000F0078000F00D4B1B782C
:10CFC00093B1072812D889B10B4B03EB00131B7BDD
:10CFD00073B10A4B1A6E01238340134214BF01231D
:10CFE00000230B70002070470548704705487047C4
:10CFF00005487047EE1E00204411002000200E401E
:10D00000028000F0018000F0078000F00B4A1278E7
:10D0100010B50C4662B107280CD859B1084A02EB8A
:10D0200000131B7B43B101F0F7FA2070002010BD04
:10D030000448FCE70448FAE70448F8E7EE1E00203D
:10D0400044110020028000F0018000F0078000F011
:10D050002DE9F041DFF86480D8F86070D8F86C30C2
:10D060001F4000D5FEE7134C01260025374218D09B
:10D070002368C8F86860A3B1A16862680131A16043
:10D0800028469847637B012B0BD150B90A4B03EB21
:10D0900045131A7B60F341021A731A7F60F3410251
:10D0A0001A770135082D4FEA460604F11004DDD148
:10D0B000BDE8F081441100204410002000200E4003
:10D0C0000C4B984205D90C4B984210D801220123F1
:10D0D00001E00022134609490B640949D1F80031E7
:10D0E00023F0807343EA0263C1F8003170470222E3
:10D0F000EDE700BF0048E8010090D0030000C843FE
:10D1000000400E400F4B5B680F4B30B500221C46B1
:10D11000C9B21D798D4202D11D6885420DD20132FE
:10D12000052A03F10803F4D10321064A536823F0CA
:10D13000407343EA0163536030BD04EBC20461797C
:10D14000F3E700BF00000E409034030038B5074CF1
:10D1500041F67133256C2364FFF7DAFBADB2002191
:10D16000FFF7D0FF0DB10023236438BD00000E404F
:10D17000044BDB6B5B0604D4034AD2F8C830002BA7
:10D18000FBD1704700300E400000C64308B5FFF7E2
:10D19000EFFF024B5868C0F3014008BD00300E405D
:10D1A000044BD3F84421D20703D4D3F840211042D2
:10D1B000FBD1704700400E4038B5064C256C41F657
:10D1C00071332364ADB2FFF79DFF0DB100232364DB
:10D1D00038BD00BF00000E4038B5C0F30323013B4B
:10D1E000092B11D8DFE803F0052710102B221D10A2
:10D1F0001511154DC0F3043405F1424505F58015B0
:10D2000004EBC5008000016038BD104DC0F304344C
:10D21000F2E70F4DC0F304344FF48030FFF7C0FF46
:10D22000EAE7C0F304340B4D1020F7E7C0F30434F1
:10D23000094D0120F2E7094DC0F30434DCE7084D45
:10D24000C0F30434D8E700BF00400E4050410E4008
:10D25000F0400E40E8400E40E0400E40C0400E401E
:10D26000B0400E40C0F30313013B092B2AD8DFE87E
:10D2700003F0050B0F1929291F23374B274BD3F830
:10D280000001C0F304207047244BD3F81401F8E7E1
:10D29000224BD3F80031C3F30063013301209840DF
:10D2A000013870471D4BD3F80C01C0F308207047BC
:10D2B0001A4BD3F80801F8E7194B984204D0194BE0
:10D2C000984207D000207047144BD3F8203103F068
:10D2D0000F03E3E7114BD3F82031C3F30113DDE76C
:10D2E000114B98420CD003F5B01303F580539842CC
:10D2F000E8D10A4BD3F82831C3F301230433CDE737
:10D30000064BD3F82831E8E7084B9842DAD1034BB3
:10D31000D3F8300100F00300704700BF00400E401A
:10D320008006160080162E0090171A00A00914001F
:10D3300000F00F000138072850D8DFE800F004158E
:10D34000244F34384F402B4BD3F8943003F007036D
:10D35000023B052B06D8DFE803F049243F030543D1
:10D360000B20704705207047224BD3F8800000F057
:10D37000070002283DD0042836D0012808BF03202A
:10D3800018BF012070471B4BD3F8843003F007030C
:10D39000013B032B03D8DFE803F0041F25270120FE
:10D3A000704703207047134BD3F88800DFE7114B19
:10D3B0001B6F13F0010F0CBF0720092070470D4BA6
:10D3C000D3F85C3103F03003202B0FD0302B0FD07B
:10D3D000102B08BF0720D3E70220704700207047BA
:10D3E0000C207047062070470A20704704207047C1
:10D3F0000820704700400E4008B50146FFF798FF2F
:10D400001A4B994211D01A4B994212D0194B99429A
:10D4100004D1194BD3F8800000F00700013803282D
:10D4200021D8DFE800F00A0E1612134BD3F884005F
:10D43000F2E7114BD3F88800EEE7BDE808401AF098
:10D440002DBBBDE80840FFF7C7BABDE808401AF099
:10D4500028BBFFF761FA084BD3F80031C3F3006330
:10D460000133D84008BD0020FCE700BF03002000C6
:10D470000500240002001E0000400E4000F4781356
:10D48000B3F5B01F10B5044674D025D8B3F5402FBE
:10D490005ED010D8B3F5802F49D005D83BB1B3F595
:10D4A000003F4FD0002010BDB3F5202FFAD1BDE8CA
:10D4B0001040FFF731BAB3F5801F00F08480B3F558
:10D4C000A01F4DD0B3F5602FECD14A48FFF730FFD5
:10D4D000072878D00928E9E7B3F5381F53D013D8C7
:10D4E000B3F5001F58D00AD8B3F5D01F56D0B3F506
:10D4F000F01FD7D14048BDE81040FFF77DBFB3F51E
:10D50000101FCFD13D48F6E7B3F5481F4DD0B3F516
:10D51000781F65D0B3F5401FC4D13948FFF76CFFC1
:10D52000384BD3F82831C3F30123043320E0FFF74D
:10D53000F3F9344BD3F80C31C3F308230133B0FBB8
:10D54000F3F0B0E7FFF7E8F92E4BD3F80831F3E733
:10D55000FFF7E2F92B4BD3F81431C3F30423EDE7C3
:10D560002648FFF749FF274BD3F8303103F0030378
:10D57000D84098E72048FFF73FFF224BD3F82031EF
:10D5800003F00F03F4E71C48FFF736FF1D4BD3F8F9
:10D590002031C3F30113EBE71948ACE71848FFF754
:10D5A0002BFF184BD3F82831F3E71748FFF7C0FEDD
:10D5B000072808D0082809D004287FF473AFBDE8F5
:10D5C0001040FFF7E5B9114B18686CE7FFF7A4F9B5
:10D5D0000C4BD3F80031C3F3042303FB000062E7D4
:10D5E000FFF79AF9014620461AF096FAB1FBF0F0DF
:10D5F00059E700BF06000E0002001E0005002400CF
:10D600000300200000400E40B8003200FC0A002059
:10D6100010B5FFF79BFD094B07225A67FFF77CF90E
:10D62000FFF74EFDFFF7A2F90446FFF7AFFD0146F5
:10D630002046BDE81040FFF7BFBD00BF00400E40D0
:10D6400008B5FFF775FE02280ABF024B4FF6FF70C0
:10D65000188808BDD20C0020014B1880704700BF0D
:10D66000D20C0020014B1880704700BFD00C002066
:10D6700010B5042813D8DFE800F047032F1321006A
:10D68000294AC1F30801D2F86838002BFBD1274A98
:10D69000136A23F4FF7323F001030B43136210BDDD
:10D6A000214A01F07F01D2F86038002BFBD11F4ADC
:10D6B000136923F07F030B431361F0E71A4A01F06B
:10D6C0007F01D2F86438002BFBD1184A936923F00C
:10D6D0007F030B439361E2E7144AD2F89030536A18
:10D6E00023F0300343F010035362146B104BC1F36B
:10D6F000C31003300F2803EA040328BF0F200B4395
:10D7000043EA00731363CAE74F29074A28BF4F2132
:10D71000D2F87438002BFBD1044A936B23F07F03BB
:10D720000B439363BBE700BF0020C84300400E409B
:10D7300000F8FF0F104A536A13F0300F18D0202959
:10D7400013D0302914D000290C4B08BF4FF44003EC
:10D75000D2F8901033EA0101FAD15B0246BFD2F849
:10D76000A000C0F38020012070474FF40003EFE7D2
:10D770004FF44003ECE700BF00400E40FF33E107E9
:10D7800002280AD129B1064B4FF48060C3F8A800E3
:10D79000596612B10220FFF7CDBF0120704700BFCC
:10D7A00000400E400428F8B548D8304B13F800C0AC
:10D7B0002F4B1D5C2F4B33F810702F4B33F810405C
:10D7C0002E4B002940D0022839D15C6A14F0300F6A
:10D7D00035D12B4CE46B5C6AE40705D55E6A26F014
:10D7E000300646F010065E62264C244B25441F6628
:10D7F000AD002B68002BFCD002B36444A400236866
:10D80000002BFCD0022819D1C1B11C4D696A11F05E
:10D81000010116D001222021FFF7B2FFD5F89C604C
:10D82000012200210220FFF7BDFFC6F30A010220FA
:10D83000FFF71EFF2F662368002BFCD0F8BD0021E8
:10D84000D2E7FFF777FFE9E701211C66A940D3F88B
:10D8500090000842FBD1002AF0D00123074903FAC7
:10D860000CF3D1F890201A42FBD1E7E7893403008A
:10D87000843403007A3403007034030000400E4007
:10D8800000300E408004F21010B50246B8B90122F3
:10D890001146FFF787FFFFF759FC0F4B04225A6729
:10D8A000FFF73AF8FFF70CFCFFF760F80446FFF7C4
:10D8B0006DFC01462046BDE81040FFF77DBC012805
:10D8C00007D10146FFF76EFFFFF740FC024B032232
:10D8D000E5E7FFF73BFCE3E700400E4038B5FFF714
:10D8E00057F80021044600F0EBFA1248FFF7E8FB76
:10D8F000012211460220FFF755FFFFF727FC0CB16C
:10D90000FFF736FC0C4B02225A67FFF705F8FFF7CA
:10D91000D7FBFFF72BF80546FFF738FC01462846F2
:10D92000FFF74AFC2CB920460121BDE8384000F041
:10D93000C7BA38BD0148E80100400E401C4B70B525
:10D940001C681C4B9C4221D81B48FFF7B9FB0122E5
:10D9500011460320FFF726FFFFF7F8FB0024174BC3
:10D9600001265E67FEF7D8FFFFF7AAFBFEF7FEFF72
:10D970000546FFF70BFC01462846FFF71DFCB4B92E
:10D9800031462046BDE8704000F09ABA002120469A
:10D9900000F096FA0848FFF793FB01221146032096
:10D9A000FFF700FFFFF7D2FBFFF7E2FBD7E770BD01
:10D9B000E80A0020002D31010148E80100400E4036
:10D9C000012210B511460320FFF7ECFEFFF7BEFB66
:10D9D000084B05225A67FEF79FFFFFF771FBFEF722
:10D9E000C5FF0446FFF7D2FB01462046BDE81040C4
:10D9F000FFF7E2BB00400E4010B504461120FFF7D0
:10DA000097FC002101220220FFF7CCFE184A217C5E
:10DA1000536A23F00103022908BF43F00103536254
:10DA2000144B2178C3F8A014637AA18843EAC12378
:10DA3000D362136BA07A217A03F07F630343E088FB
:10DA400043EAC02343EAC11303310F2928BF0F2142
:10DA500043EA01731363A37B617B1B0143EA013338
:10DA6000E17B0B43217B43EA0143536310BD00BFBD
:10DA700000400E400000C84338B50E4D0E4C014624
:10DA80001120FFF755FCAA6B4B7814400A78144319
:10DA900044EAC3248B7844EA0364CB7844EA032441
:10DAA000AB6BA34205D0002101220846FFF77AFEA6
:10DAB000AC6338BD00400E4080E4FFF8034B58686B
:10DAC000C0F30800003818BF0120704700ED00E0E7
:10DAD000034BD86B80F04000C0F38010704700BF4C
:10DAE00000300E4042EA0322B2F5007F10B5194C17
:10DAF00029D00AD8B2F5807F22D040F201139A4291
:10DB000015D062B9D4F81C320BE0B2F5407F1DD0BD
:10DB100040F201339A4210D0D4F8283201E0D4F810
:10DB20002432C3F30722DBB203600A6010BDD4F8CD
:10DB300024321A0EC3F30743F6E7D4F82832F8E785
:10DB4000D4F81C32F5E7D4F82032EAE7D4F82032D2
:10DB5000EFE700BF0081E00F08B5FFF7B9FF20B184
:10DB6000024AD2F8C830002BFBD108BD0000C643E2
:10DB700008B5FFF7ADFF80B1FFF7EEFF074B19685F
:10DB80005A68C1F30121C2F3014291421A688CBF65
:10DB900042F0100222F010021A6008BD00300E4060
:10DBA000064B1B68DB0608D5054B1B69C3F3044312
:10DBB000082B02BF034B044A1A60704700300E4026
:10DBC00000400E40E80A0020C0EA210170B5FFF7CE
:10DBD0007FFF38B12D4B1A781023C2F10202934017
:10DBE0002B4A13612B492C4DD1F8804145F60E0389
:10DBF000C1F880312B6823F0AA03DB05DB0D0B662F
:10DC0000FFF7AAFF224B1B68D80604F0010415D5C4
:10DC1000D1F84031DA01FBD4204B1B680B61204B5B
:10DC20001B78052B0AD11F4B1E68FFF795FF184B79
:10DC300059683046C1F30141FFF7BEFA184B1B7813
:10DC4000023B0A2B0AD8DFE803F006151709090979
:10DC50000909091A1D000020FFF716FE2B68DB07D3
:10DC60005EBF0C4B02221A661CB10A4B0022C3F89D
:10DC7000802170BD0120EFE7FFF730FEEEE7FFF7F0
:10DC80009FFEEBE7FFF7C4FCE8E700BFEF1E0020B4
:10DC900000300E4000400E40C8110020C41100208A
:10DCA000F01E0020E80A002010B50B4C0B4BD4F8F6
:10DCB00090201A601120FFF73BFB094B1870FFF70B
:10DCC0004BFF084B084A5B68C3F301431370074BD3
:10DCD00022691A6010BD00BF00400E40C81100202C
:10DCE000F01E002000300E40EF1E0020C411002066
:10DCF000064942780B6823F4407343EA0223022A60
:10DD00000B6004BF024B5B6A704700BF00300E40DF
:10DD100000400E4010B5044608B1FFF7C5FFFFF7FD
:10DD200027FF144A136943F0040313611AF055F8EE
:10DD30001AF054F8104B114AC3F8242403F5592360
:10DD40001B68DB060ED519F0ECFE25F055F919F02D
:10DD5000ECFE1AF044F803F013F92CB1BDE81040C2
:10DD6000FFF734BF30BFF4E7FFF71AFFBDE81040FC
:10DD7000FEF7FCBD00ED00E000A000400000FFFF4A
:10DD800010B5044608B1FFF78FFFFFF7F1FE1A4BFD
:10DD9000D3F8802145F60E01D207C3F8801148BFA1
:10DDA00000224FF42071196648BFC3F88021134A3E
:10DDB000136943F004031361114B124AC3F824247E
:10DDC0001AF00BF8104B1B68DB060CD519F0A9FEF6
:10DDD00025F012F919F0A9FE03F0D2F82CB1BDE834
:10DDE0001040FFF7F3BE30BFF6E7FFF7D9FEBDE8FE
:10DDF0001040FEF7BBBD00BF00400E4000ED00E04C
:10DE000000A000400000FFFF00300E400E4A0379E2
:10DE1000916921F03F010B43017843EA8103417886
:10DE200043EA4103817843EAC103C178012908BF6D
:10DE300043F0010393611368417923F4403343EACB
:10DE400001431360704700BF00300E402DE9F041E0
:10DE500004460D46FFF73CFE60B3DFF86080FFF735
:10DE60007BFED8F80430C3F301439C4222D0124B0E
:10DE7000D3F80031FEF750FD022C07464FF0100694
:10DE800009D12146FFF798F9C8F8106095B1BDE8AF
:10DE9000F041FFF761BEC4F102039E40C8F8106074
:10DEA0000DB1FFF759FE2CB921463846BDE8F041C7
:10DEB000FFF782B9BDE8F08100400E4000300E400F
:10DEC00038B505460C46FFF703FEB8B145B90C4B13
:10DED000D3F80051FEF720FDC5F3042505FB00052E
:10DEE000084B1B7821463BB1074B9D4204D80220CA
:10DEF000BDE83840FFF7AABF0020F9E738BD00BFF2
:10DF000000400E40F11E0020002D3101034B02782D
:10DF10001A7001210020FFF7D3BF00BFF11E0020BF
:10DF2000234B4AF6E85210B5596B5A639A6FD207E1
:10DF3000FCD41B6C13F0030306D01E4A0124984244
:10DF4000C2F8B44A1AD110BDA0B1431E012B17D894
:10DF5000174A4FF40023D362936FDB07FCD4136C92
:10DF600023F0030343F001031364114A536A1C03B3
:10DF7000FCD505E00F4BC3F8B40AE4E7032BE4D06B
:10DF80000B4B9A6FD207FCD41A6C22F003020243A7
:10DF90001A649A6F12F00102FBD10038054C18BFC9
:10DFA00001200129C4F8B40A08BF5A63CBE700BFB7
:10DFB00000300E400000C6432DE9F04F00238BB027
:10DFC000CDE90433CDE90633CDE90833A0F5E163AB
:10DFD000B3F5966F05460191934603D900200BB027
:10DFE000BDE8F08F624BDFF88C81D3F81842B0F5B2
:10DFF000E16F15BF4FEA146AC4F3072AC4F307445C
:10E00000E4B20694CDF824A0D8F84C60C6F30176AB
:10E010008CBF01220022334607A904A815BF4FF484
:10E02000E1674FF496674FF496694FF416790392BF
:10E03000FFF758FDD8F8EC30039AC3F3012308A981
:10E0400005A80293FFF74EFDA5EB070CAAEB04020F
:10E050000CFB02F2B2FBF9F214445445079F0498FA
:10E06000089A0599BAD8A2EB010E0CFB0EFEBEFB76
:10E07000F9FE11EB0E012CBF4FF0010E4FF0000E18
:10E080008A42ABD3BEF1000FA8D13A1A0CFB02F2C0
:10E09000B2FBF9F280182CBF0122002287429DD3E7
:10E0A000002A9BD1029BBBF1000F0FD0D8F85C2057
:10E0B000B5F5E16722F4FE4218BF012722F0020203
:10E0C00042EA470242EA0422C8F85C20019A0AB9EF
:10E0D000012084E7264A022ED2F830223ED0032EB9
:10E0E0003FD0012E14BFD2B2C2F30722120312F4A2
:10E0F000702F7FF473AF1F4EF46E24F470442243EC
:10E10000F2661B4A022BD2F830222CD0032B2DD0E2
:10E11000012B14BFD2B2C2F30722120312F4702FE4
:10E120007FF45CAF134CD4F8EC3023F4704313430A
:10E13000C4F8EC30636E884238BF084623F4FF739E
:10E14000E72823F0010328BFE720B5F5E16F18BFEA
:10E1500043F0010343EA40036366B9E7C2F30742B1
:10E16000C4E7120EC2E7C2F30742D6E7120ED4E7A5
:10E170000081E00F00300E402F4B1A6FD96C11F068
:10E18000010F02F0060242D0002A40D013284FD9D6
:10E19000143813288CBF102308232749013BCA6C6D
:10E1A000180322F47F4240EA03231343CB64234B3A
:10E1B000CA6C1B88C2F303222833013202EB8200AF
:10E1C00003EB5303B3FBF0F3C86C013B072B28BFF1
:10E1D000072320F0EE6040EA036343F48013CB642E
:10E1E000174BB3F90030002B10DB2833500800EB3D
:10E1F000420203EB5303B3FBF2F30A6D072B28BF74
:10E20000072322F0700242EA03130B657047D96CB2
:10E2100001F00101114304D1092809D90A3809285C
:10E22000B8E7DB6C13F00103B7D01AB92728B1E7C0
:10E230000423B2E70023B0E700300E408C1E00201C
:10E24000881E0020064A074BD3F88039136F23F04D
:10E25000070303431367044B1888FFF78DBF00BF04
:10E2600000300E400000C6438A1E0020394B0222B7
:10E270002DE9F0419A639B6B03F00F039342044630
:10E2800003D000252846BDE8F081C288B0F8088098
:10E290008588B0F90C6047784A2A4ED9B2F5FA7FE2
:10E2A0004DD340F6C3139A428CBF4FF040524FF00B
:10E2B00000522849CB6C23F0405323F00103002E79
:10E2C000A8BF43F001031343CB64D1F8EC3043F40F
:10E2D0004073C1F8EC30204B1D80CB6E43F080734F
:10E2E000CB661E4BD3F8800900B10420FFF7AAFFCC
:10E2F0001B4BA3F800801B4B28461E80FFF73CFFFA
:10E30000A37BFBB1012B21D0012260881146FFF7CE
:10E3100053FE05460028B4D00E4AD36B43F4806305
:10E32000D3633846FFF7FCFDA37AA3F120025342E2
:10E3300053410A4AC2F89437A4E70022B9E74FF0E4
:10E340008052B6E7034B084A9A65DDE7014B074A5E
:10E35000FAE700BF00300E408A1E00200000C643CE
:10E360008C1E0020881E002077402057372110B7D0
:10E37000044AD2F8443423F003030343C2F844347C
:10E38000704700BF00A0004000EB4000F8B50D460C
:10E390001F46040116463AB1154801238B4020441C
:10E3A000C7B100F1C0600360072D4FF00F0114D812
:10E3B000AB00104806FA03F29940204419F014FD0E
:10E3C0003EB90B4A0123AB40224477B102F1C0624F
:10E3D0001360F8BD00F18060E5E7A5F108039B003C
:10E3E000054806FA03F29940E7E702F18062EFE799
:10E3F0000CA0004004A0004008A00040F8B505466D
:10E400000E46144662B303F00307036823F4407317
:10E41000036019F086FB2A6882EA072303F440733D
:10E4200053402B6019F081FB36B9104B9D4218D137
:10E430000F48FFF723F806462B680E4BDA5D624360
:10E440000ED0A2EBC403013B3344B3FBF2F32A68C2
:10E45000920703F1FF3302D5002B08BF01232B6184
:10E46000F8BD054B9D42E7D10448E2E700C00040FB
:10E4700000820400B834030000C40040009204008D
:10E4800038B5002303640B4BC3634A78430103F19F
:10E49000844382F001020C465A600B7B0546D1E9A9
:10E4A0000112FFF7ABFF21782846BDE8384019F08C
:10E4B000AABC00BFFFFF0700084B4FF40072C3F86F
:10E4C0008020BFF34F8FBFF36F8F054B0021D966BC
:10E4D0004FF4AA401962FEF77FBE00BF00E100E0E2
:10E4E00000200E40034B03449B0081F001011960A2
:10E4F000704700BFA001F11010B5044601214FF490
:10E50000AA40FEF769FEB4F8013022785BBA9BB2EC
:10E5100043EA02630B4A136000231362D36253631E
:10E520004FF00043D3664FF0FF339366064A4FF433
:10E530000071C2F88011E3785B01DBB282F8093325
:10E54000116010BD00200E4000E100E0F8B5254D3F
:10E550008F7AD1F800C0C3B201269E404FF0300E32
:10E56000CB7A0EFB00500C461B05097BAE6643EAD6
:10E570000743C0F880C094F80DC0C0F888C043EAD3
:10E58000415322F00302C0F88430C0F8982019F0FB
:10E59000CFFAEB6E3343EB66237A13B16B6B3343E5
:10E5A0006B63637A13B1EB6A3343EB6223792A68B6
:10E5B00023B1DB431B0263F47F431A4063790BB141
:10E5C00042EA0322A3790BB122EA0302E37913435F
:10E5D000044A1360044B9E62D663BDE8F84019F00C
:10E5E000ADBA00BF00200E4000200E4410B5C0B2EE
:10E5F0000124844019F09CFA054AD36E23EA0403EF
:10E60000D366044B1C62BDE8104019F097BA00BFF6
:10E6100000200E4000200E4410B5C0B201248440FA
:10E6200019F086FA074B1A6A224208D19B6A9C436A
:10E630000CBF0124002419F081FA204610BD0024EB
:10E64000F9E700BF00200E40054B5A685B68054B98
:10E6500041F671321A649A6822F001029A6070479A
:10E6600000300E4000000E40034B9A6822F0010279
:10E670009A6000221A64704700000E40094A0A4B53
:10E68000D969C90705D512B96FF002007047013A80
:10E69000F6E7002AF8D001221861DA60D86940F361
:10E6A000800070478096980000000E4070B509B950
:10E6B000002070BD0E4A0023082550F823409461C5
:10E6C0000C4CD5600133D669F60705D514B96FF047
:10E6D0000200EEE7013CF6E7002CF8D0D469A4076D
:10E6E00002D49942E9D1E3E76FF00100E1E700BF0E
:10E6F00000000E40809698002DE9F8431C4B0D4613
:10E7000041F671311E6C19641A498046486849689F
:10E71000996841F00101B6B2996097084FF000097D
:10E72000B94501D3002005E008EB89042046FFF736
:10E73000A5FF48B10E4B9A6822F001029A600EB113
:10E7400000221A64BDE8F883C4F30A01C1F5006130
:10E750008908A7EB0903994228BF19462846FFF705
:10E76000A5FF0028E6D1894405EB8105D8E700BF65
:10E7700000000E4000300E40234B41F671311A6C00
:10E7800010B5196421494C684968996841F0010144
:10E79000996001211861D960D9694C0792B209D5F5
:10E7A000996821F0010199600AB100221A644FF0C2
:10E7B000FF3010BD0221D9601549D869C00700D5C6
:10E7C00069B9D86910F002000BD0996821F00101F5
:10E7D00099600AB100221A646FF00100E9E701397B
:10E7E000EBE741B9986820F00100986002B1196424
:10E7F0006FF00200DDE7996821F0010199600AB924
:10E800000020D6E71864FBE700000E4000300E4001
:10E81000809698008B784A789B0143EA82030A78B5
:10E820001343CA7843EA02130A7943EAC2234A79B6
:10E8300043EA02338A79043043EA42430001014A41
:10E840001350704700200440014B1860704700BF10
:10E8500000008442437882789B0043EA02130278E6
:10E860001343C27843EA4213027943EA022342790E
:10E8700043EA0233827943EAC233C27943EA02436C
:10E88000027A43EA4243014A136070470020044081
:10E890000D4AD2F8E430D2F8E0109B0003F03C03BC
:10E8A000C1F381110B438370D2F8E03003F03F03D2
:10E8B0004370D2F8E830D2F8EC2003F0F003C2F352
:10E8C000031213430370704700FF0FE0024BD3F8AD
:10E8D000F000D3F8F41070470081E00F024BD3F83A
:10E8E000FC00000E704700BF0081E00F024BD3F820
:10E8F000F80080B2704700BF0081E00F70B5054698
:10E9000016461C4619B91448FEF7B8FD0146402CBE
:10E910001BD003D8DCB1202C1BD070BD602CFCD1E7
:10E92000042303FB06F2530803EB4113B3FBF2F39A
:10E930000A4A203B02EAC3032A6822F060022A60E6
:10E940002A6814432C606B61E7E70623E9E710238C
:10E95000E7E70823E5E700BF40410500F8FF7F0037
:10E9600038B50546144619B90548FEF787FD014636
:10E9700001396400B1FBF4F10902696138BD00BFDF
:10E980004041050040F6AA63C36041F2050200233E
:10E9900003604260104A83604361C36482640F4A2B
:10E9A0000366904243678367C3670DD002F58062B8
:10E9B00090420BD002F58062904205D002F5806251
:10E9C000904203D0836570470365FBE70365836569
:10E9D0000023C365704700BFF9FF0100000001403C
:10E9E00038B5044622F02AFF0FCC044D0FC594E839
:10E9F0000F0085E80F00002038BD00BFCC110020BB
:10EA000047F6FF739A42F0B572D0062972D83A4B96
:10EA10005B5C022B6ED8394D05EBC304DF00A17897
:10EA200015F83330012938BF0121012B13D1E078CB
:10EA30000025401AA84202D80844C0B2F0BD431BCA
:10EA4000A0EB5303666836F913609642CCBF03F11E
:10EA5000FF301D46EEE760680028EFD0B0F90040B7
:10EA6000944204DBB0F902409442B8BF1446838854
:10EA7000FF2B04BFB0F90620B0F908C03D440FBF1A
:10EA800001260026C8224FF0280C131B93FBFCF331
:10EA900033446E781BB29E4201DD002B01DA731EF7
:10EAA0001BB201339BB24FF47A7C071D5D1E2DB261
:10EAB0004FEAC50E00EBC5059E42EA88AD6814FB1F
:10EAC000025222EAE27202F15C02B2FBFCF205DDC4
:10EAD00037F83350954203F10103E7D200EB0E0300
:10EAE0009888904228BF1046884238BF0846A4E75D
:10EAF000FF20A3E70020A1E7BC340300CC110020D5
:10EB00000629F0B561D8324B595C02295DD8314BEA
:10EB100013F83100012816D103EBC1039C78D87893
:10EB20005B68012C214638BF0121904294BFC1EBA4
:10EB30000001C1EB0201CAB2001B8242C8BF002221
:10EB400033F91200F0BD002A3DD003EBC103596830
:10EB500000293AD09878904202D3B1F90200F1E747
:10EB6000DC78B1F900009442ECD95C788B88A3F191
:10EB7000FF06013C734201F10405E4B2734101F167
:10EB80000C07DEB2B44216D805EBC3034FF47A7516
:10EB9000B3F902405B686A43D21A04EBD47302EB08
:10EBA000630292FBF4F29042CCDBB1F90200904296
:10EBB000C8DC10B2C6E737F833C0944503F101064C
:10EBC000E2D33346DDE70448BCE70448BAE700BFB8
:10EBD000BC340300CC1100200CFEFFFF0080FFFFBF
:10EBE00008B50448FFF7FCFEBDE80840012022F00C
:10EBF00029BE00BFC434030000487047D40C002075
:10EC00007FB5094B09490222CDE901234FF08373F7
:10EC1000CDE903134FF0FF300D2301A9059322F036
:10EC200042FE07B05DF804FB006A180006010C0004
:10EC300000230C4A0360032910B5026304464363B2
:10EC40000ED1052119F074F8636823F4407343F47E
:10EC500000736360636823F4406343F4006363609C
:10EC600010BD00BF200010002DE9F04F1E460446E5
:10EC7000894692461F460FCE8BB001AD0FC596E870
:10EC80000F0085E80F000025099518F04AFF51464E
:10EC9000064604F5827018F0D6FF494604F58470E4
:10ECA00018F0D1FF394604F5867018F0CCFF3046D5
:10ECB00018F03BFF5F4E604BDFF8BC91DFF8BCA162
:10ECC0002365DFF8BCB118F02CFFC4F850B0D4F8BD
:10ECD000148018F02AFF18F0807F19D0574B236555
:10ECE00018F01FFFC4F850B0656918F01EFFEB0163
:10ECF00040F1888018F015FF1499054604F58870D6
:10ED000018F0A9FF284618F010FF0BB0BDE8F08FEF
:10ED100018F4807F1CD14A4B2365013D9023A360EA
:10ED2000636913F4807F474B23650ED018F0F9FE1A
:10ED30003946834604F5807018F085FF584618F070
:10ED4000F4FE414B2365414B63658823A360B8E71C
:10ED5000002D13DA3E4BC4F850A0636518F0E1FEB5
:10ED600001A9834604F5807018F075FF6369584661
:10ED7000C3F30343099318F0D8FE6D42354B236566
:10ED80006369DFF800C113F4407F4FF08803A3608C
:10ED90004FF001016269266561656369C4F850C07E
:10EDA0000ABF01204FF0FF3005F1FF358842C3F361
:10EDB0000723C2F300220BD132B1D90704D5264B69
:10EDC0002365264B6365A9E7254B2365254BF9E7AA
:10EDD0009AB9DA0711D5244B2365244B6365A165E5
:10EDE00001A904F5807018F02EFF099B03F00F03B2
:10EDF000C4F848318323A36090E71D4BC4F85090BA
:10EE00006365EDE718F08DFE04F58076394605461A
:10EE1000304618F018FF284618F087FE154B23657A
:10EE200018F07FFE14990446304618F014FF20466F
:10EE300069E700BFC93E8198308488019839010094
:10EE4000C93E8101D23E8201C024D0340982010032
:10EE500099830100D9080100C8340981E20C8201BC
:10EE6000C80881E20C82010083D9341181E2148246
:10EE7000E2148201E010010083D9108190A28488FD
:10EE800035393801DB3E01002DE9F04F89B081466C
:10EE90000D4616460021202268461F4623F07DF9C4
:10EEA0004FF00A0A99F80030022B40D0032B07D00C
:10EEB000012B44D06FF0710B584609B0BDE8F08FBC
:10EEC000202269463846B0478346BBF1000FF3D194
:10EED00000F08CFC99F800100446FFF7A9FE18F02A
:10EEE00020FE6946804604F5827018F0ACFE40466C
:10EEF00018F01BFE374B2365204619F0E1F818F097
:10EF000010FE04F5807883466946404618F0A3FE5B
:10EF1000584618F00AFE009B012B18D8204600F036
:10EF20006FFCBAF1010ABDD1DFF8BCB0C4E71C2206
:10EF300069463846B047002383460793C5E7182241
:10EF400069463846B047002383460693F5E718F034
:10EF5000E8FD05F108070646294604F5847019F016
:10EF6000B3F805F11009394604F5867019F0ACF8CC
:10EF7000494604F5887019F0A7F8304618F0D5FD19
:10EF8000154B2365204619F09BF84946404619F079
:10EF9000D5F88346C8B9114B2365114B63652046EC
:10EFA00019F08EF82946404619F0C8F8834660B932
:10EFB0000C4B23654FF48E736365204619F080F87F
:10EFC0003946404619F0BAF88346204600F018FC4E
:10EFD00072E700BF30C80C0181E11C018CE11C818B
:10EFE000D11C0100E11C81D900B3FFFF2DE9F843DA
:10EFF000064610460F4690461D461AF0B1FE28B14F
:10F0000029463846BDE8F8431AF094BE2B69002B18
:10F0100040F0AD8000F0EAFB31780446FFF708FECF
:10F0200018F07FFD04F5807608F110018146304626
:10F0300019F04AF8484618F078FD574B236540F21E
:10F0400081136365204619F03BF818F06AFD2946E4
:10F050008146304619F038F8484618F066FD4F4BA7
:10F06000236501232046636519F02AF84C4B23657C
:10F0700019F026F818F055FD05F1080181463046D3
:10F0800019F022F8484618F050FD464B23652046FB
:10F0900019F016F818F045FD08F10809494605462B
:10F0A00004F5827019F010F8284618F03EFD3E4B2A
:10F0B0002365204619F004F818F033FD4146054653
:10F0C000304619F001F8284618F02FFD374B23651C
:10F0D000374B6365204618F0F3FF07F11001304607
:10F0E00019F02CF8054600283BD1324B2365204609
:10F0F00018F0E6FF304B236518F0E2FF2F4B236535
:10F1000018F0DEFF2E4B23654FF48A73636518F009
:10F11000D7FF2C4B236518F0D3FF3946304619F042
:10F120000DF80546E8B9284B2365284B6365204652
:10F1300018F0C6FF18F0F5FC49460546304618F0B1
:10F14000C3FF284618F0F1FC214B2365214B636572
:10F15000204618F0B5FF07F10801304618F0EEFF21
:10F160000546204600F04CFB2846BDE8F8832846BB
:10F170001AF0F6FD08B1414643E72B69002B3FF436
:10F1800049AF012105F1100019F05FFE00283FF49E
:10F1900041AF114DE8E700BF8184E11C83D91C8396
:10F1A000E11C810182D11C01C81482019983D91408
:10F1B00081E11C018CE11C01811C8401D91C8301AB
:10F1C00091D11CE0D814140181CB1481D11C82018F
:10F1D00081E11C84E214010080B0FFFF2DE9F047BB
:10F1E00088B0904605460F4600F000FB2978DFF80E
:10F1F00054910446FFF71CFD18F093FC04F580764B
:10F2000008F110010546304618F05EFF284618F058
:10F210008CFC40F28313C4F850902046636518F0CC
:10F220004FFF18F07EFC08F108010546304618F043
:10F230004BFF284618F079FC4FF0010A354B236547
:10F240002046C4F854A018F03BFF07F110013046E7
:10F2500018F074FF0546002854D12F4B23654FF456
:10F2600086736365204618F02BFF18F05AFC414660
:10F27000054604F5887018F027FF6946304618F0F7
:10F28000EAFC284618F051FC244B2365244B6365A7
:10F29000244BA365204618F013FF234B2365234B13
:10F2A000636518F00DFF224B2365224B6365C4F89C
:10F2B00058A018F005FF3946304618F03FFF0546C4
:10F2C00000BB1D4B23651D4B6365204618F0F8FEFF
:10F2D00018F027FC69460546304618F0B4FC28466D
:10F2E00018F023FC164BC4F8509063654FF48A73F2
:10F2F000A365204618F0E4FE07F10801304618F037
:10F300001DFF0546204600F07BFA284608B0BDE800
:10F31000F08700BF821CC00C91D11CC0C00C81E1E1
:10F320001C82DC0C81148401E11C81C80C0C81015D
:10F33000D20C848BD91CE01484E21482D11C83018A
:10F34000C00C82D38182D11C2DE9F047A2B00E46B9
:10F35000054600F04BFA15F8041B044606F11007A9
:10F36000FFF766FC1C22002103A822F016FF4FF0D5
:10F37000010839460AA80DF16809CDF8088018F08F
:10F380002AFF294612A818F026FF12AB0AAA02A9E2
:10F39000CDF800902046FFF767FC18F0C2FB494605
:10F3A000054604F5867904F5827018F04CFC06F1E8
:10F3B000080A3146484618F087FE514604F5887021
:10F3C00018F082FE284618F0B0FB134B2365204648
:10F3D00018F076FE114B236518F072FE104B236572
:10F3E00018F06EFE0F4B236518F06AFE514604F5C7
:10F3F000807018F0A3FE58B93146484618F09EFEBA
:10F4000030B9204600F0FCF94146384619F034FC8A
:10F4100022B0BDE8F08700BF8AD11C0181D91C0150
:10F4200083D11C0181E11C0110F1860F06D038B197
:10F430009330044808BF6FF06F0070476FF07100A1
:10F44000704700BF009FFFFF70B58CB004460D46AB
:10F450001646002122220DF10E0022F09EFE4FF4EE
:10F460001053ADF80C302CB323681BB315B39B7944
:10F47000022B1AD0042B20D14FF48073206CADF8EE
:10F480000E304C2198B9012019F052FBC0B1206414
:10F490000C4B0093206CF3082A4603A900F09CFD56
:10F4A0000CB0BDE87040FFF7BFBF8023E6E703F074
:10F4B00003F9EDE704480CB070BD6FF07100FAE796
:10F4C0000248F8E70002C003009FFFFF809EFFFF95
:10F4D00010B550B1046844B139B1006C28B100F0E6
:10F4E000B9FDBDE81040FFF79FBF014810BD00BF48
:10F4F000009FFFFF07B578B102686AB1006C58B190
:10F5000051B100230193102201AB00F00DFE03B0B6
:10F510005DF804EBFFF788BF014803B05DF804FB1A
:10F52000009FFFFF2DE9F04190B0DDE916870D4601
:10F5300014461E4680B379B373B36FB38379022B3D
:10F5400006D0042B25D06FF0710010B0BDE8F0811B
:10F55000802A21D1202200210DEB0200069122F009
:10F560001CFE4FF41053ADF81C3006AB049310236F
:10F57000CDE90273CDE90068084BADF81E40E20802
:10F58000294607A800F0D8FC10B0BDE8F041FFF70D
:10F590004BBFB2F5807FDCE70148D6E70002C0032D
:10F5A000009FFFFF012908B50BDC074B074A002924
:10F5B0000CBF1146194600F0B3FABDE8084018F038
:10F5C00030BE6FF0730008BD0800000209000002A1
:10F5D0002DE9F74F0F9D0190F520164695F800B0E4
:10F5E000DDF834900F469A4600F024F900230446D3
:10F5F0000360082243600E9904F1800818F05CFB58
:10F600002946404618F0E1FA0BF0070B2A780BF177
:10F61000010B002302F00702CBF1100019462A70FB
:10F6200028445A4622F0B9FD294604F1840018F016
:10F63000CCFA0523A360109BF34200F08780102BC7
:10F6400011D086B1C3F11002B24228BF32460F3347
:10F6500039462B44D01911F801CB03F801CF814270
:10F66000F9D11744B61A05F1100104F18C0018F015
:10F67000ACFA5923A3600523A3604623A360B6B167
:10F68000002326636363514B2365012363650F2EBB
:10F6900053D80023C5E90033C5E90233FA5CEA54C4
:10F6A00001339E42FAD82946404618F08EFA0023CC
:10F6B000C4F830906363019B002B4AD0444B236510
:10F6C000444B6365444BA365444BE36501232366C8
:10F6D0000026B9F1000F1ED0B9F10F0F4BD8C5E9C4
:10F6E0000066C5E9026600231AF80320EA540133D4
:10F6F0009945F9D12946404618F067FA294640460F
:10F7000018F082FA0C9B33B100230C99EA5CCA54BE
:10F7100001339945F9D12946404618F075FA20463B
:10F7200000F092F8019B002B47D11A4612998B42A8
:10F7300045D1002A3DD02C203CE03946404618F007
:10F7400046FA103E07F11007A1D1B0E74623A360A7
:10F75000ADE7234B236503F1BC4303F5262303F6F2
:10F760004D43636503F12243A3F5C053A3651D4BCD
:10F77000E3651D4BABE75146404618F028FA0C9B59
:10F78000A9F110090AF1100A3BB11946404618F0D8
:10F790003DFA0C9B10330C939BE72946404618F02A
:10F7A00033FA96E71199EA5CCA540133129A9342EC
:10F7B000F8D1002003B0BDE8F08F0023F6E71198E0
:10F7C000E95CC05C41400A430133AFE7705905462C
:10F7D000F870455905460348055163FB044805592F
:10F7E000F803480546FB044805590100024B03484D
:10F7F0000122C3F8002670470010C84300000F40E4
:10F80000094B98420ED003F58063984209D101223A
:10F81000064B03EBC2035A68054B13449B000022BE
:10F820001A6070470022F3E700000F407C350300A8
:10F830008005F210024B03480122C3F800267047EE
:10F840000010C84300000F40044B984203D003F55A
:10F850008063984201D1FFF7D3BF704700000F408B
:10F8600070B5114C114E0A25236843F4807223F4BD
:10F870008073226030462360FDF700FE0023800A7B
:10F8800062680AB983420AD1636853B9013DEBD17A
:10F89000236823F0010323606FF0920070BD0133F1
:10F8A000EEE70020FAE700BF00D001407000020040
:10F8B0002DE9F04F85B0634D0092634AD2F8C03015
:10F8C00043F40033C2F8C0302B68DC0781468A4617
:10F8D00016D500245B4D4E46D04627464FF00A0B06
:10F8E000B8F1000F2BD144B114F1940F05D042466A
:10F8F0000021484622F051FC0027009B1F601AE0BF
:10F9000040F271632B60FFF7ABFF044698B96B6858
:10F91000032BFCD9D5F800312B61D5F800316B6190
:10F92000D5F80031AB61D5F80031EB61FFF798FFF6
:10F9300004460028CDD0204605B0BDE8F08F6C68A5
:10F94000A40005D02B6B13F45C7F12D1002437E0A8
:10F950003E48FDF793FDC00A844205D16B68002B39
:10F96000F0D16FF09304C8E76B68002BF6D1013437
:10F97000F2E7D80514D523F480732B636B6853B971
:10F98000BBF10107EDD04E46D0466FF09304002244
:10F99000BB461746A4E7D5F800310393039BEDE778
:10F9A0000193FFF75DFF044620B9019B13F41C7F10
:10F9B000CCD0E5E710F1930F99D010F1940FDFD080
:10F9C0006B686A689B00434528BF4346B1073246CF
:10F9D00034D123F003013144914212D103F00301E9
:10F9E00049B11848D0F80001114402F8010B8A42CD
:10F9F0004FEA1020F9D1FA181E44A8EB03085F461D
:10FA0000C6E7D5F8000142F8040BE5E7DCF8001181
:10FA100002F8041C4FEA112E02F803EC4FEA114ED3
:10FA2000090E02F802EC02F8011C0438032802F166
:10FA30000402EBD823F003023244CFE7DFF804C01E
:10FA40001846F3E700D0014000400E40700002006D
:10FA50002DE9F04788B00746884615461E46FFF751
:10FA6000C5FE044607F17E400838012850D804231B
:10FA7000236000236360E364626822F44062626092
:10FA80006A46236391466363A8F1040308F11C08E6
:10FA900053F8041F09BA434542F8041BF8D118F083
:10FAA00040F84946074604F5827018F0CCF838460D
:10FAB00018F03BF8184B2365109BDFF8609005EBBE
:10FAC000831704F5D27A18F02CF829468046504660
:10FAD00018F0C9F84035404618F027F8BD42C4F880
:10FAE0005090F0D118F01DF83146054604F58070AD
:10FAF00018F0B1F8284618F018F82046FFF780FEF5
:10FB0000331F1C3653F8042F12BAB3421A60F9D1CE
:10FB100008B0BDE8F08700BF888AC801070D8101E1
:10FB200038B50D460446A8B16C22002122F035FB01
:10FB30000B4B9D4211D10B4B04F10C0203F1200140
:10FB400053F8040B42F8040B8B42F9D1044B2360A9
:10FB5000002038BD6FF08600FBE76FF08500F8E706
:10FB6000090000028C3503002DE9F74F0E461546BB
:10FB7000044600286FD049B9002A6CD10268394B7D
:10FB80009A426BD1002003B0BDE8F08F0268354B7C
:10FB90009A4263D1002DF5D0436803F03F075B190B
:10FBA000436022BF8368013383604FB93F2D20D863
:10FBB00004F12C002A463146384422F0F9FAE1E7F4
:10FBC000C7F140094D45F3D300F12C084A4608EB34
:10FBD000070022F0EDFA0122009204F10C03403DEF
:10FBE0002068424619463D44FFF732FF3F2D4E4400
:10FBF00010D9B3074FEA951210D1009204F10C030B
:10FC0000206832461946FFF723FF25F03F031E44C4
:10FC100005F03F05002DB5D00027C9E7374606EBB4
:10FC2000821804F12C0B04F10C094FF0010A5B4619
:10FC300007F1400257F8041B43F8041B9742F9D11F
:10FC4000CDF800A020684B465A464946FFF700FF12
:10FC5000B845ECD1D9E76FF0860094E76FF08800E3
:10FC600091E700BF0900000273B50D461E46044629
:10FC7000002852D05BB9002A4FD122682B4B9A4200
:10FC80000CBF6FF089006FF0880002B070BD0029D2
:10FC9000F1D00168254B994242D11F2A43D94268CD
:10FCA000D3008DF8073053098DF80630530B8DF8CB
:10FCB0000530530D8DF804308368D90001EB527183
:10FCC0008DF8031002F03F025909372A8DF802100F
:10FCD0004FEA53318DF801104FEA535394BFC2F1EC
:10FCE0003802C2F1780212498DF80030FFF73CFF6C
:10FCF0000028CAD1082269462046FFF735FF0028B0
:10FD0000C3D12023336004F10C032C3453F8042BAB
:10FD100045F8042BA342F9D1B7E76FF08600B4E7AA
:10FD20006FF08800B1E76FF08900AEE709000002CC
:10FD3000AD3503002DE9F04F91B00546BDF8709048
:10FD40009DF8747092469B460E46002900F0BB80D9
:10FD500001F1FF384FEA1818FFF748FD09F1FF33AA
:10FD60000F2B044600F2D880BAF1000F00F0D480C7
:10FD7000BBF1100F03D0BBF1200F40F0CD8017F086
:10FD8000D0FE0023236023636363654B23656549CD
:10FD9000029004F1840017F018FFBBF1100F14BF9C
:10FDA000102308231A4651462046019317F084FF7A
:10FDB0005D4B23655D4B63655D4BA3655D4BE36503
:10FDC0004FF4C173236623699A07FCD106F00F0331
:10FDD000C3F110035FFA83FBBBF1100F04A901D13B
:10FDE000002E72D104F1800017F00EFF029817F078
:10FDF0009CFE1022002108A822F0CFF94FEA081338
:10FE0000A6EB081205EB081108A8029322F0D0F91E
:10FE1000BBF1100F5CD010ABA3EB0B028021BBF148
:10FE2000010F02F8101C08D0CBF1110008AB0BF148
:10FE3000FF320021184422F0B0F908AA04A80423D4
:10FE4000116850F8046B013B81EA060142F8041B7B
:10FE5000F6D117F066FE236B019A039043F010036E
:10FE600023635146204604F1800817F025FF1A99B4
:10FE7000404617F0ACFE029B2B449A4604F1A00BBF
:10FE800040F20516AA452ED108A9584617F09DFE46
:10FE900040F20513236523699B07FCD10CA940465A
:10FEA00017F0B2FE37B31B984A460CA922F080F92E
:10FEB0000025039817F039FE2046FFF7A1FC2846DD
:10FEC00011B0BDE8F08F884646E704F188008BE763
:10FED000002EB2D15A46314608A822F05EF980239E
:10FEE0008DF82030A9E72946584617F070FE1035E6
:10FEF0002665C7E71B9B0CAA994413F8011B12F84F
:10FF0000010B994581EA000147EA0107F5D1002F6D
:10FF1000CED06FF09405CCE76FF08605CFE700BF39
:10FF200030820100F0350300F50536F024FC31FE87
:10FF300036833624FC31FE362DE9F04389B00E4677
:10FF4000DDF84080149FDDE91291002839D0002EA1
:10FF500037D0B8F1000F34D0B9F1000F31D081B3F0
:10FF60007FB30488B4F5105F2ED14488E408182CC0
:10FF70002AD0202C01D0102C23D1944221D1154A13
:10FF800023F47E1090421FD113F47C1FC3F3054568
:10FF900008BF10258D421AD804AB10220021184644
:10FFA00022F0FBF80122CDE90252CDE900091199B6
:10FFB000234632464046FFF7BDFE3D6009B0BDE82E
:10FFC000F0836FF08600F9E76FF08500F6E76FF0D9
:10FFD0008900F3E70002C0032DE9F041DDF8188045
:10FFE0000C4617461E46054630B329B302B91BBB63
:10FFF0004C220021284622F0D0F82388B3F5105F68
:020000021000EC
:1000000009D108F0FE43B3F1407F15D1104B28F41D
:100010007E129A4203D06FF08500BDE8F0816488BB
:10002000C5F80080E208B2426A6205D8182AF2D008
:10003000202A04D0102A02D06FF08600EDE7B242E9
:10004000FAD13946281D22F0B3F80020E5E700BFB9
:100050000002C0032DE9F74F0D461646044600285E
:100060005DD051B9002A5AD103682E4A23F47E1379
:10007000934244D06FF088001DE00368294A23F4BE
:100080007E139342F6D1002E39D0806CE8B1C0F1D6
:100090001002B24219D23830204422F089F804F11B
:1000A00028020092616A04F13803201D18F0CDF98E
:1000B00020B16FF0920003B0BDE8F08FA36CA06494
:1000C000C3F11002103E15441E4406F10F084FEA1A
:1000D00018182F464FF0010904F1280A04F1040B07
:1000E000C1450ED33544ED1B09D0A06C38302A46EB
:1000F0003946204422F05CF8A36C2B44A364002012
:10010000D9E7CDF800A0616A3B465246584618F040
:100110009CF90028CDD1103709F10109E0E76FF013
:100120008600C8E70002C0037FB51D4608B301B3CF
:10013000FAB1F3B10368154C23F47E16A6421BD125
:1001400013F47C1FC3F3054408BF1024944216D84F
:100150000123CDE9024300F1280301910093436A92
:10016000816C021D3830FFF7E5FD58B92C6004B0F2
:1001700070BD6FF08600FAE76FF08800F7E76FF068
:100180008900F4E76FF09200F1E700BF0002C003BE
:100190007FB5094B6A4603F1100615461868596881
:1001A000144603C40833B3422246F7D12846FEF76B
:1001B0005DF8002004B070BD0036030070B5184B28
:1001C00086B001AA03F1100615461868596814464E
:1001D00003C40833B3422246F7D11B882380114B56
:1001E000D3F8B420120316D5A3F500434FF6FF72DF
:1001F0001B88934208BF4FF4A6730B48ADF80A3032
:10020000FCF7CCFB2846FDF7F7FB3220FDF72AFA76
:10021000002006B070BDD3F8B830C3F30803ECE794
:10022000103603000081E00F00F0490207B5084BCB
:1002300018680190202301A88DF80430FDF71CFCFC
:100240003220FDF709FA002003B05DF804FB00BF7F
:100250002236030010B50C480C4C6FF00403A021AB
:1002600013F0800F03F1010207D12344332A83F8EE
:1002700000131346F4D1002010BD03F00F03043B1C
:10028000034419761346EBE700ED00E000E100E0DF
:1002900010B5044617F045FC024B1C6017F045FCF6
:1002A000002010BDEC11002010B517F03AFC034BF4
:1002B0001C6817F03AFC204610BD00BFEC1100206E
:1002C000034B1868002380680222194616F0D0B844
:1002D000100C002030B5144687B00546104618F0C3
:1002E000B8F9636983423CBFD4E903315B181B1A38
:1002F00002467BB10F4903910021CDE90131012371
:1003000004940093D4E90013284617F0EBFB002077
:1003100007B030BD0122627694F82D20002AF6D075
:1003200084F835301321E36920469847636A2046F4
:100330009847ECE7D50201002DE9F04788B0044664
:100340000F461646984617F0F3FB8146002E7BD0E9
:10035000237E03F0FF02002B00F0A380204618F05C
:1003600078F96569A84205D1637ED4E90332134464
:100370005D1B01E0F9D9451BB54228BF354617F092
:10038000D7FB94F82D308246002B6ED161692A4646
:10039000384621F00DFF63692B4463612E4621E04E
:1003A000037803F0FD0111295CD1216B814205D155
:1003B000A3F111014B424B4184F83430013E636993
:1003C000216B8B4203F1010308BF23636361013298
:1003D00095426069E4D1D4E90323216B1344994227
:1003E00000D12263D4E903236169207A134499423E
:1003F0004FF0000508BF62616576FCF77FFD20467F
:1004000018F027F96369834232D194F82D302576AC
:10041000E568656103B12563636A20469847224B0E
:10042000039300230494029323690193012300930F
:1004300063682168207A2A4617F054FB207AFCF77B
:100440007DFD504617F07AFB4846C8F8006017F06B
:1004500075FBD8F80030002B0CBF1B20002008B023
:10046000BDE8F08707F8013BA9E72E460022AFE779
:1004700001232376207A0DF11E01FCF7C7FD9DF8BC
:100480001E30002BDAD00DF11F01207AFCF796FD0B
:100490009DF81F100029D1D1207A2246FFF71AFFBC
:1004A000CCE71646D0E700BFD5020100002807DBE5
:1004B000044A4109012300F01F00834042F8213023
:1004C000704700BF00E100E0002808DB4309044951
:1004D00000F01F0001226033824041F82320704762
:1004E00000E100E070B504460568FFF7DDFE8442D8
:1004F00002D10020FFF7CCFE95F936603046FFF7B9
:10050000E3FF002E0CDB7309194906F01F062033A8
:100510000122B24041F82320BFF34F8FBFF36F8F0A
:1005200095F937603046FFF7CFFF002E0CDB7309DB
:100530000F4906F01F0620330122B24041F8232064
:10054000BFF34F8FBFF36F8F287AFCF717FD287A20
:10055000FCF778FCFCF754FC0023C4E90033C4E941
:100560000433A3602846AB6ABDE87040184700BF5B
:1005700000E100E02DE9F0430C461546064687B041
:100580004022002120461F4621F007FE002395E867
:1005900003002A692376EB68E360C4E904232A7D1B
:1005A00084F82C20AA7D2363012384F8343084F856
:1005B00035300E9B236284E803000F9B6362109B1F
:1005C00084F82D20E761A3622B7A84F836306B7AA9
:1005D00084F837302D4B73602D4BB3602D4B336156
:1005E0002D4B346073612D4BF360FCF751FC38B137
:1005F0002B4B984204D01024204607B0BDE8F0836E
:10060000002104F10800FCF7CBFB07460028F2D1DB
:10061000244B33624FF00108234B84F83C80B361D4
:10062000224BF3619DF8483084F83B309DF844300C
:1006300084F83A30697D84F8390084F8388020469F
:1006400018F018F895F909904846FFF73DFF48461D
:10065000FFF72CFF164B0494CDE902732369CDE913
:1006600000836368E2682168207A17F03BFA044649
:100670000028C0D195F908502846FFF725FF2846E5
:10068000FFF714FF3046FFF703FEB5E7C58602000B
:10069000390301004186020047860200E50401009B
:1006A000038000F01B860200758602004D86020062
:1006B000D50201002DE9F04186B01C46524B0C9D3D
:1006C0000293524B01930126514B0093CDE90366EF
:1006D000504B90460A462946FFF74CFF0746002834
:1006E00056D123682B6463686B64637A85F849305C
:1006F000237A85F84830E37A85F84B30A37A85F879
:100700004A30637B85F84D30237B85F84C30E37BA2
:1007100085F84F30A37B85F84E303F483146FCF7D3
:100720005BFD3E483146FCF757FD617A207A33463F
:100730000422FDF729FE33460222E17AA07AFDF772
:1007400023FE60683146FCF747FD88F8007041469B
:10075000206817F068FB2268536F43F00303536768
:10076000936F617C23F4F85323F01F0343EA0123C2
:10077000A17C0B4393670323536785F8507098F867
:100780001920202A28D007D8E2B1102A38D02327F0
:10079000384606B0BDE8F081302AF8D185F85030EF
:1007A00002220023617B207BFDF7EEFD2368E27CC3
:1007B000DA675A6E42F004025A665A6F42F010022B
:1007C0005A6766B92A6C2068D36C43F00403D3647B
:1007D000052117F021FBDBE7022385F85030E17B90
:1007E000A07B00230422FDF7CFFD2368217DDA6F73
:1007F00042EA0122DA675A6F42F020025A67E1E7C3
:1008000033463E46CAE700BFF1870200E587020093
:100810007D880200718802004041050000350A0011
:10082000BFF35F8F074B5A6A22F480325A62D3F8C3
:10083000942022F00102C3F89420BFF34F8FBFF33E
:100840006F8F704700ED00E0F0B5374D37493848FD
:10085000002387B0CDE90333FFF7E2FF2C68354B67
:100860004FF00052C3F89840661CC3F89C208142A8
:10087000314AC3F8A0202E6041D005AB019304ABF0
:100880000A1A009303AB18F04FF8DDE90372059BD9
:10089000DFF8A8E0072BA2EB01024FF001018CBFAB
:1008A0004FEAD30C4FF0200CB2FBFCF201FA02F23B
:1008B000013AD2B2AEEB070EC01BB3FA83F3BEFB14
:1008C000FCFEB0FBFCF08E44814002FA0EF20139CE
:1008D000C3F11E0311435B0001F0FF0103F03E036F
:1008E00043EA0123134A43F0407343F001130234F7
:1008F000C2F89860C2F89C70C2F8A0302C60BFF3B8
:100900005F8F0C4B0522C3F894205A6A42F4803260
:100910005A62BFF34F8FBFF36F8FBFF34F8FBFF399
:100920006F8F07B0F0BD00BFF01100201C0D00203C
:10093000040D002000ED00E0390001131B0D002024
:10094000BFF34F8F0549064BCA6802F4E0621343B8
:10095000CB60BFF34F8F00BFFDE700BF00ED00E0AD
:100960000400FA05054B1A782AB95B78002B0CBFF6
:100970000320022070470120704700BFFB1E0020AB
:100980000329F8B598BF134B054698BF5C5C0E462B
:1009900088BF0024032805D8DFE800F002080B0E0A
:1009A00044F002040C4B1F684FB9F8BD44F0080432
:1009B000F8E744F02004F5E744F08004F2E77B68B0
:1009C0001A68144203D05B683146284698473F684E
:1009D000EAE700BF263603002012002038B5104D8C
:1009E0002B78ABB10F4C23781BB117F0CFFF00234E
:1009F0002370002017F0CBFF0B4C50B100F0DEFA53
:100A0000002320782B700121FFF7BAFF0123237008
:100A100038BD064B01221A70054B22781A70F7E791
:100A2000F71E0020F51E0020FD1E0020F81E0020ED
:100A3000F91E002010B517F074F8064B1B78044619
:100A40001BB1BDE8104017F070B8FFF7C7FF204694
:100A5000F7E700BFF41E0020094A137830B10133D4
:100A60001370084B1B78012B03D87047013B1370A0
:100A70007047054B1B780BB9FFF7B0BF704700BF3D
:100A8000FB1E0020FD1E0020F81E002070B5144E35
:100A900017F047F833780546ABB900F0CBFB0446B6
:100AA00020B1284617F041F8204670BDAFF3008012
:100AB0000C4816F0F9FF00F097FE0B4B1C6000F09D
:100AC00085FC0A4B186000F0EFF917F062FF084B45
:100AD0001860012328463370002417F026F8E3E756
:100AE000FE1E002020120020F41100201C12002005
:100AF000F81100202DE9F843284A0138135C39B178
:100B0000274F397801330129135404D8BDE8F883FD
:100B1000013B1354FAE7FFF725FF0128044635D8B7
:100B2000DFF8888016F0FDFF98F80030054613B313
:100B30001C4E33781BB9012232701B4A1370DFF848
:100B4000709099F8003023B117F020FF002389F846
:100B50000030284616F0E9FF012017F018FF16F0C4
:100B6000E0FF337805461BB100F028FA002333700C
:100B7000002388F80030284616F0D7FF38788442E2
:100B8000C4D02146FFF7FCFE3C70BFE70329F5D136
:100B90000228F3D100F05EFAF0E700BFFB1E002050
:100BA000FD1E0020F41E0020F81E0020F71E00206D
:100BB000F51E002038B516F0B4FF094B1B78012B49
:100BC000054604D816F0B1FF0024204638BD054B79
:100BD0001C6800F031FA0444284616F0A6FFF4E73A
:100BE000FD1E0020F411002038B54160044616F0C7
:100BF00098FF21460546044816F059FF2846BDE8EF
:100C0000384016F092BF00BF20120020054B1B6831
:100C1000584300F57420044B00F23F20B0FBF3F082
:100C2000704700BF1C12002040420F002DE9FF4713
:100C3000EFF3108772B6AFF3008016F09BFE00282A
:100C400071D0714EDFF8E481337823B10020FFF7D3
:100C500003FF00233370FFF785FE0446002869D0A8
:100C6000841EE4B2012C6CD9FFF77CFE0128674C8E
:100C7000DFF8BC91054600F28E802078A84205D0AE
:100C800099F80030002B00F0B2802570207800F039
:100C9000BDF999F8003013B15D4B1B782370AFF3A9
:100CA000008007B962B6EFF3108772B6594B1A7815
:100CB00052B100221A70564B20781B78984203D10B
:100CC00001212170FFF75CFE534800F0EDFA16F0A9
:100CD00060FE05460028B7D1DFF8588198F800304B
:100CE000A3B189F80000DFF8409199F800301BB1FA
:100CF00017F04CFE89F80050002017F048FE00283D
:100D000079D000F05BF9002388F80030337823B104
:100D10000020FFF7A1FE0023337020780021FFF7A9
:100D20002FFE00232370AFF3008007B962B604B032
:100D3000BDE8F0873378002B96D0FFF78DFE347036
:100D400092E703A9002000F0FDFA044600288BD1A9
:100D5000D8F80030039A9A4205D80120FFF77CFEAC
:100D60000123337080E72D4B1D6800F065F9039B6C
:100D700005449D42F1D200F083F982000399264890
:100D800042F0020292B2CDE900422346244A491BB6
:100D900017F003FE68E7DFF89CA09AF80030CBB9A3
:100DA00017F0F1FD2078854203D099F80030D3B1D7
:100DB00025709AF80030002B7FF468AF194B1B7830
:100DC00023B917F0E2FD184B01221A7001238AF8AB
:100DD00000305BE7207885423FF458AF99F8003047
:100DE000002B7FF452AF2946FFF7CAFDE0E7294602
:100DF000FFF7C6FD49E7012000F008F907B962B620
:100E0000EFF3108772B677E7F61E0020FD1E002074
:100E1000F91E0020F21E0020FC110020F411002019
:100E2000350A0100FA1E0020F51E0020F8110020EE
:100E3000F81E0020F71E002010B516F072FE054BBC
:100E400000221C781A7016F070FE00F0E7FB2043B9
:100E5000C0B210BDF31E002073B5114E337883422B
:100E600004460ED000230F4DADF8043058B101A850
:100E7000FCF73EFF1E20FFF7C9FE2B681B1A2B60F4
:100E8000347002B070BD022301A88DF80530FCF764
:100E90002FFF1E20FFF7BAFE2B680344EFE700BFC9
:100EA000E80C00202812002073B52D4C002501A865
:100EB000636A636A8DF80450FDF728F82846FFF747
:100EC000CBFFD4F8903003F00403AB42254B14BFA2
:100ED00001222A461A70D4F89030234CC3F3003311
:100EE000237005D04FF41670FFF790FE1F4B18606B
:100EF00023781F4DEBB11120FCF7C0FA1849D1F847
:100F00000031C3F3042303FB000292B14C6C194E71
:100F1000C4F30B44002301341946501E04EB84042F
:100F2000E4FB060114F0B8FFFFF770FE2B680344E2
:100F30002B60114B1B680120C3F303239840C0F1C1
:100F4000010000EB80006430FFF760FE2B68034473
:100F50002B60034BD3F89020084B1A6002B070BD91
:100F600000400E40011F0020FF1E00203012002014
:100F70002812002040420F000020044024120020CC
:100F800008B50B4B1B7893B1022000F0F9FB70B150
:100F900000F008FA58B1002201210220FCF702FCFF
:100FA00017F07FFD034B1860034B01221A7008BD38
:100FB000011F00202C120020001F002038B50E4C0D
:100FC0000E4D23782BB92B781BB117F06AFD0C4B13
:100FD000186016F007FF2B786BB10A4AD2F89030F0
:100FE0001B07FBD517F05DFD054B1B68C01A064BB0
:100FF00018600023237038BD001F0020011F00204F
:101000002C12002000400E403012002002280AD08E
:1010100003280BD001280CD1064A136923F00403DE
:10102000136130BF70470020FCF774BE0020FCF74E
:10103000A7BE704700ED00E0044B1B680BB103EB4B
:10104000D303034A10681844704700BF30120020D1
:1010500028120020084B45F60E02D3F88011C3F881
:101060008021064A126802F4A0721A66CA0744BFB9
:101070000022C3F88021704700400E402412002057
:10108000014B1878704700BF011F002038B500F0F1
:1010900015FB094C094B1A6823680025C31A2AB1AD
:1010A00023B15169994203D3C91A5161206038BDF7
:1010B00055615B1A9268F2E7381200203C1200205A
:1010C000C38870B504460D463BB9FFF773FD8542F2
:1010D000064602D217F04BFC35460E4965610B6897
:1010E0008BB90C60A3600DE0AD1A9A686561184673
:1010F0006AB113465A69AA42F6D930B18460521BCC
:10110000A3605A6170BD0020F4E70C60F7E79C60B3
:10111000A260F7E73C12002038B5134D2B685B69DD
:1011200093B1124A146802201C4400F0FBFA2046D6
:1011300000F0CAFA0E492A6800230B70D088800795
:1011400009D501230B7038BD022000F0EBFA022014
:1011500000F00EFBEEE79268002AF4D050690344D9
:10116000012BEBD9EFE700BF3C1200203812002022
:10117000031F002070B516469DF814200271049AD2
:101180000260C0E903360022BDF8183082600446D0
:101190000D46C380EEB900F091FA2844A0619DB1DC
:1011A0002E4616F0BEFC0546FFF770FF314620467E
:1011B000FFF786FF104B1B68A34201D1FFF7ACFF7E
:1011C000284616F0B2FC02E0E36865617BB90020B6
:1011D00070BD00F073FA3044A061002DE0D1E368E7
:1011E0006561002BDDD0216820469847D9E721684A
:1011F00020469847EBE700BF3C1200200C490B68E3
:1012000000227BB183420AD183687AB193608368FC
:101210001BB15A6941690A445A61002070471A4655
:101220009B68EEE70028EFD0022070470B60EEE7E6
:101230003C12002070B5154E16F07AFC3478054645
:10124000FCB9134B1C60134B1C60134B1C8000F04B
:10125000F1F9012000F066FA00F0BAFA0F4B0246ED
:10126000186020B9284616F069FC232070BD23467B
:101270000B4840F2E73114F00FFE0A4B18600123CF
:101280003370284616F05AFC0020EFE7041F0020B8
:101290003C120020381200208E1E00204012002038
:1012A00018FCFFFF3412002070B5044640B316F05E
:1012B00038FC144E0546FFF7E9FE3068A04209D01D
:1012C0002046FFF79BFF0446B0B1284616F02DFCE0
:1012D000204670BDFFF792FF04460028F5D1336821
:1012E0003BB9022000F02CFA284616F01EFC002420
:1012F000EEE7FFF711FFF7E73368002BF4D1F0E7D3
:101300002224E5E73C12002038B50C460546A8B17A
:10131000A1B100230B7016F00BFC094B1B680121D7
:1013200033B916F00BFC002038BD9D4204D121706A
:101330002278002AF9D0F4E79B68F1E72220F3E74E
:101340003C120020F8B506460F4616F0F1FB134B91
:101350001B680446002523B9204616F0EFFB1B202E
:1013600011E05A691544DA88B2420DD10C4E00F0F2
:10137000A5F93368C01AA8420AD3002320463B606F
:1013800016F0DCFB0020F8BDFF2EEFD09B68E2E7F3
:1013900000F094F933682B441B1AEFE73C1200204D
:1013A0003812002008B5074B187848B117F079FBC0
:1013B000054B1B689B69C01A02288CBF00200120C6
:1013C00008BD00BF031F00203C120020014B18681D
:1013D000704700BF40120020F8B50C4B1B688342D9
:1013E00005460E460FD30A4B00241F6840F2E73033
:1013F00021464FF47A720023E5FB070114F04CFDFF
:1014000030602046F8BD2120FCE700BF34120020E8
:10141000401200202DE9F04186B0984600230D4689
:1014200017468DF81330064680B30DF11301FFF710
:101430006BFF9DF813305BBB05A92846FFF7CCFF77
:101440000446F8B9134B18684FF47A720023A5FBD1
:10145000000114F021FDC2F57A7189B2B1F57A7FED
:10146000BDF83430F48308BF0021B183059A02939C
:101470009DF830301146CDE9008330463B46FFF7FA
:1014800079FE0446204606B0BDE8F0812224F9E743
:101490000224F7E740120020014B1868704700BF94
:1014A000341200200F4B1A6810B59AB1531E4FF436
:1014B0007A711342A0FB01010ED1B2FA82F2C2F19D
:1014C0001F04531CE040D24301FA03F3184321FAEE
:1014D00002F20243104610BD002314F0DDFC024668
:1014E000F8E700BF40120020C2072DE9F843044688
:1014F0000BD5474A138801339BB21380FFF7C6FD13
:10150000444B1B680BB1FFF707FEA3077DD516F010
:101510000FFB0546FFF7BAFD4FF000083D4F46466A
:101520003C680CB163698BB13B4B0022012E1A70F1
:1015300003D118F0020F18BF1E70002C61D0FFF706
:10154000EBFD2846BDE8F84316F0F8BA23465A6981
:101550003AB91A792179914288BF1C469B68002BC1
:10156000F5D1284616F0EAFA2569DDB100F0A6F8B3
:10157000A269A0EB02084FEAE873A84573F10003E3
:1015800011DB23691344A361E368B4F806800136D4
:1015900013B121682046984716F0CAFA0546FFF7AE
:1015A00075FDBDE7A84616F0C3FA81462046FFF751
:1015B00025FE484616F0C2FA2369002BE4D0A38B1F
:1015C000B5EB080533B1E28B13449BB2B3F57A7FD8
:1015D0000FD2E38316F0ACFA294680462046FFF787
:1015E0006FFDA36922691344A361404616F0A6FA71
:1015F000CAE7A3F57A73E383A369013B013DA361C5
:10160000E8E7022000F09CF89BE7BDE8F88300BF04
:101610008E1E00203C120020021F002010B516F084
:1016200087FA034B1C7816F089FA204610BD00BFDC
:10163000021F002010B51D4B86B01868596803AA18
:1016400003C2197AD3F8090011700190B3F80D2084
:101650001748DB7BADF8082001218DF80A30002403
:10166000FBF7BAFD03A88DF80C408DF81040FDF78C
:10167000F1F801A901208DF80440FDF7CBF80D4ADF
:10168000536A23F4FF6323F00703536240F2FF73AE
:10169000136201209460FDF7D7F8074B4FF08042AA
:1016A000C3F880211A6006B010BD00BF2A360300BF
:1016B000A00914000020044000E100E0014B9868FC
:1016C000704700BF0020044010B5044616F029FA08
:1016D000124A9368516D9269520704D4CA1A032AB8
:1016E00001D899420DD1E21A022A98BFDC1C0B4B9B
:1016F000B4F1FF3F38BF013C5C655A6A42F0040216
:101700005A6216F012FA064A137833B103490B6D88
:1017100043F002030B650023137010BD002004404A
:10172000E90C00208207054A00F00103516A48BF16
:1017300043F004030B435362704700BF0020044092
:10174000820700F0010309D5074A012111700749FA
:101750000A6D22F0030243F004030A6503494A6A52
:1017600022EA03034B627047E90C0020002004408A
:10177000830742BF014B0422DA6170470020044016
:10178000064B01289B6904D0022805D1C3F38000D1
:10179000704703F0010070470020704700200440AC
:1017A00010B516F0C5F9094A93690446590703F0C4
:1017B000010003F0070348BF40F002001362FFF787
:1017C00093FE2046BDE8104016F0B8B90020044052
:1017D0000148FBF753BE00BFA00914000148FBF706
:1017E0002FBF00BF050024000A4BD3F8883003F058
:1017F0000703013B012B10B50BD816F092F901211C
:1018000004460220FFF776F92046BDE8104016F0A6
:101810008CB910BD00400E4010B50446FBF7A6F889
:101820000B4BA0F57A729A4210D84FF47A735C434E
:10183000B0FBF3F0074BB3FBF0F3B4FBF3F003287A
:1018400004D9BDE810408008FAF762B810BD00BFA7
:10185000FFC99A3B40420F004FF0005302221A602A
:10186000BFF34F8F0549064BCA6802F4E062134389
:10187000CB60BFF34F8F00BFFDE700BF00ED00E07E
:101880000400FA05024A0349034807F031B800BFD3
:101890003C36030060360300B8360300044B1B6877
:1018A000584043085B4240421843C017704700BF8E
:1018B00044120020F8B50E46C9880546144617F0B4
:1018C00067F90746D0B92046FFF7E8FF104B3168AB
:1018D0001A68B5F90430424023EA0203B6F904203D
:1018E000024013430446AB80F2880346286800F0A8
:1018F0000DFAF388E888E443834201D33846F8BD03
:10190000296851F82320224041F823200133F3E7CE
:10191000441200202DE9F04F99B083460F46184637
:1019200000211646049317F090FA002800F08781F2
:10193000784B14930024012515AB0499139330467A
:10194000CDE90B45CDE90D45CDE90F45CDE9114573
:1019500017F004FAA04228DABBF1000F05D1E7B96D
:101960000024204619B0BDE8F08F2146584617F0F4
:1019700083F904460028F2D00BA817F0FBF80DA855
:1019800017F0F8F80FA817F0F5F811A817F0F2F80B
:101990000C2115A800F090FEE3E73146384617F019
:1019A00036F904460028E7D1DAE731460BA817F0EC
:1019B0002EF904460028DFD104990DA817F027F965
:1019C00004460028D8D1F188ADF8385002310FA86C
:1019D000ADF8305017F0DCF804460028CCD10146B1
:1019E0000FA817F049F904460028C5D1F18811A8BD
:1019F000023117F0CDF804460028BDD10DA817F02C
:101A000067F900F01F001F2873D0C0F11F031946AB
:101A10000BA8019317F07CF904460028ACD101997A
:101A20000DA817F075F904460028A5D1BDF832506D
:101A3000BDF83A80A5EB080A4FEA4A1949460DA8B5
:101A400017F066F90446002896D14FEA8A0A0DA9D4
:101A50000BA817F0B2F900284DDA49460DA817F087
:101A600074F90446002887D108F1FF3302939B00E4
:101A700005F1FF3A069305F1804508F18043023BEA
:101A8000013D9B00A5EB08050993AB000393029B66
:101A90009A4541D8BBF1000F0DD00FA9584617F059
:101AA000B6F8002840F0C780049AB388928813FBE8
:101AB00002F3ABF80430002F3FF45EAF01990BA89E
:101AC00017F043F9002840F0B680B388ADF8303005
:101AD0000BA9384617F09BF80146002840F0AD806E
:101AE000384617F0B2F900287FF446AF0123BB80D7
:101AF00042E701949AE70F9A52F80A300BA9013392
:101B000042F80A3008460DAA17F085FA0446002864
:101B10009DD031E7010003000D9B069A0593134405
:101B2000DDF82C900893059B59F82A109A580F9DC0
:101B30004FEA8A08A8F104030793039B91421D44CE
:101B400074D20798002359F8000014F0A5F9002971
:101B500014BF4FF0FF330346BAF1010F2B6016BFDD
:101B600009EB0803002353F8083C1593079B099AD7
:101B700059F80330169359F8083017932B6801333E
:101B80002B60059B134498462B68013B2B6000217A
:101B900011A817F071F800284DD1029B002B48D0F6
:101BA000D8F80020119B1A60089A12685A6011A98F
:101BB0002A68084617F0B8FA00283CD113A911A8E2
:101BC00017F0FBF80028DFDC2A680DA911A817F030
:101BD000ABFA80BB039B4FEAC308414611A817F03C
:101BE00097F840BB0BA9084611AA17F014FA014652
:101BF00018BB0BA817F029F9002812DA0DA911A8B3
:101C000017F005F8B8B9414611A817F081F890B956
:101C10000BA911AA084617F0FBF960B92B68013B24
:101C20002B60039B0AF1FF3A043B2FE74FF0FF3391
:101C300092E7029AB6E704469EE60C469CE66FF0F1
:101C40000B048EE6044B1B68584043085B4240423D
:101C50001843C017704700BF4412002010B50B4C4A
:101C6000226823684240594081EA0200C00FFFF712
:101C7000E9FF2368521A434022EA03020840104356
:101C8000BDE81040C00FFFF7DDBF00BF44120020C9
:101C9000F8B50D46014628681746FFF7DFFF084BE9
:101CA0001E68C1430124BC4202D346EA0100F8BDCC
:101CB00055F82400FFF7C6FF01340643F3E700BFE1
:101CC00044120020104B2DE9F0471E688846196821
:101CD0001D680746541E631C02D13046BDE8F087DC
:101CE00058F824A057F8249050464946FFF7B6FF0D
:101CF000514605434846FFF7B1FF20EA05031E435E
:101D00000543013CE7E700BF441200208842F0B5DC
:101D100004D0094F04380025AA4200D1F0BD3E6826
:101D200050F8044F5E4024EA060451F825601E4036
:101D3000344304600135EFE7441200202DE9F04FF1
:101D400085B0DFF8889003911C4606462146104670
:101D5000D9F80030D9F8003017F067FAC51D272DE3
:101D60004FEAD50325F00705904602938CBF4FF04C
:101D70001E0A4FF0FA0A2D1A0F9B0093029A0E9B2F
:101D80002146304617F04EFC0746C0B92A46214688
:101D9000304617F0C3FABAF1010A14D02246314690
:101DA0000398FFF775FF2246834641463046FFF70A
:101DB00089FFD9F800200BEA00039A42DCD03846AC
:101DC00005B0BDE8F08F6FF00D07F8E74412002072
:101DD000044B0246586800B9704719789142FBD00D
:101DE0000833F7E7E836030010B50446A8B1006CE5
:101DF00010B14C2118F015F9E06B40B12368074A87
:101E0000DB79C3F3840352F823305B69984720469B
:101E10004821BDE8104000F04FBC10BD000B002071
:101E200038B505460C4681B14822002120F0B5F9AD
:101E3000E379084AC3F3840352F823301B699847B7
:101E4000E86320B12C60002038BD0348FCE703485C
:101E5000FAE700BF000B0020009FFFFF809EFFFFFE
:101E6000F0B58BB0044604A817461E460D4617F081
:101E7000FEFE00230293119B0193109B00932046CA
:101E80003B46324604A900F01BFB044640B904A8B7
:101E900017F066FF50B904A9284616F0B8FE0446AC
:101EA00004A817F013FF20460BB0F0BD004CF7E775
:101EB00080B0FFFF70B50C460646114620461A4614
:101EC00017F0C5F80546A0B9B36C33B9321D2146E9
:101ED0002046BDE8704017F058B9B4F90430002B23
:101EE00009DB204616F0F4FEF36BB0EB430F09D983
:101EF000184D284670BD0146204616F0A6FF002862
:101F0000EFD0F5E7B36C2046984705460028F0D19E
:101F10000436B4F90430002B04DA0021204616F010
:101F200094FF68B93146204616F047FF0028E0DBF1
:101F300032462146204616F0E9FF0028F2D006E09E
:101F400032462146204617F063F80028E1D00546C6
:101F5000CFE700BF80B0FFFF38B50D460446002133
:101F600005F1100016F071FF50B1204616F051F93E
:101F700028B129462046BDE83840FDF7E5B90148BB
:101F800038BD00BF80B1FFFF2DE9FF410E46054679
:101F9000012106F1100016F058FF044650B92846FA
:101FA00017F05CFE01287AD12146304616F04DFF2D
:101FB000002801DA3B4C6EE006F108082146404655
:101FC00016F043FF0028F5DB2F1D3946304616F08A
:101FD000F4FE0028EEDA3946404616F0EEFE002800
:101FE000E8DA684616F0C1FD02A816F0BEFD4346C9
:101FF000424669462846FFF75DFF0446002844D163
:102000003346324602A92846FFF754FF044600280B
:102010003BD1EB687BBB02A90322084616F0FFFF09
:10202000044690BBBDF90C30002B04DA002102A855
:1020300016F00BFFC8B902AA334611462846FFF72F
:1020400039FF044608BB02AA05F1140311462846CD
:1020500017F099FD0446C0B902A9684616F0ADFE16
:10206000104B041E18BF1C460FE002A93A46084652
:1020700016F0CEFFD4E702AA05F10C03114628465C
:1020800017F081FD04460028D5D0684616F072FD91
:1020900002A816F06FFD204604B0BDE8F081024CA6
:1020A000F9E700BF80B3FFFF80B0FFFF38B50546FA
:1020B00017F0D4FD01280C4601460DD1204616F03C
:1020C000C4FE002806DB05F13401204616F075FE3B
:1020D000002803DB024838BD0248FCE70020FAE78D
:1020E00080B3FFFF80B0FFFF2DE9F04FB5B005468C
:1020F00001919246994616F08CF80290A0B12846BC
:1021000016F08CF8044658B951462846FFF7CEFF22
:10211000044628B949462846FFF736FF044698B1D9
:10212000284616F07DF881E151462846FFF7BEFFAC
:102130000446002840F07A8149462846FFF724FFEC
:102140000446002840F07281284617F087FD0128D8
:1021500040F0AD812B6C1821013302204FEA530867
:1021600016F0E6FC0646002800F09F8106F11807ED
:1021700017F07DFD384617F07AFD002413AB1819CF
:10218000083416F0F2FC202CF8D14946304617F0FE
:10219000D1FD0446002841D18346D84520D1394697
:1021A0002846FFF7D9FE0446C0BB284616F031F892
:1021B00030B33B46324639462846FCF717FF044603
:1021C00060BB39462846FFF7C7FE044630BB06F120
:1021D000100016F0CFFC06F1280016F0CBFC1DE035
:1021E0000123BBFBF8F103FA01F2D2B2182308FB7A
:1021F00011B103FB026929B1284616F00AF850BB59
:10220000AC4C0BE002F0FE0101EB520106EBC10108
:10221000484617F08FFD04460028EDD04FF0000926
:1022200013AB03EB090009F1080916F0A3FCB9F19F
:10223000200FF5D1D4B1AB6D9E4208D0304617F0D7
:1022400045FD384617F042FD304616F081FC0198F6
:1022500017F03CFDE6E04A4649462846FCF7BEFF3B
:1022600004460028DAD10BF1010B96E705A816F019
:102270007CFC05F1340B0BA816F077FC2146584680
:1022800016F016FD012840F0D8802146504616F081
:102290000FFD5146814605A816F0B9FC044630B141
:1022A0000BA816F067FC05A816F064FCC3E75246BD
:1022B00059460BA816F0AFFE04460028F0D1B9FA33
:1022C00089F94FEA59194A460BA905A8FFF7F2FA0E
:1022D00004460028E4D1014608F1010213A80DF1DB
:1022E0004C0B1FF05AFFA2465B46D045039300F00B
:1022F000A180514605A816F0DBFC039B1C7808EB77
:102300000A01044305A816F0D3FCE4B2039B44EA97
:10231000400403F8014B0AF1010AE6E79BF80100CB
:102320009BF8003080EA020C6FEA0C0101F0010119
:1023300013FB01F3104003EA0C0283EA0C030BF8D1
:10234000013F1BF8013C43EAC11302430BF8013C77
:102350000134A245E2D20BA816F00CFC05A816F039
:1023600009FC05A817F083FC00240BAB18190834EE
:1023700016F0FBFB202CF8D10AF1D0036B44019935
:1023800013F8843C3246284617F027FC044648B927
:102390003E9B002B00F08480284615F03AFF002871
:1023A0004DD1444C05A817F00AFC4FF000080BABC8
:1023B00003EB080008F1080816F0DCFBB8F1200F69
:1023C000F5D1002C7FF437AF01994A46284617F023
:1023D000B6FB044600287FF42EAF3E9B73B128461F
:1023E00015F017FF00285ED0DDE93E23019928464D
:1023F000FCF74AFD044600287FF41DAF01992846EA
:10240000FFF7AAFDAB6D9E42044608D0304617F098
:102410005DFC384617F05AFC304616F099FB002C4C
:102420007FF415AF029B002B7FF47AAE204635B0C7
:10243000BDE8F08F002201248BE71F4CFBE6DDE9AD
:102440003E2301992846FCF71FFD48B30446A9E73F
:1024500028460AF1FF3A15F0DCFE0028A1D0019AC7
:1024600028461146FCF7BAFE0028EFD118F80A30CA
:10247000324605A9284617F0B0FB0028E6D12846C9
:1024800015F0C7FE00288CD0019A05AB11462846EE
:10249000FCF7ACFD0028D9D1BAF1000FD8D181E703
:1024A0000DF14C08F8E7034CC5E6044CCFE6024CAE
:1024B000B8E700BF80B1FFFF80B0FFFF80B2FFFF31
:1024C00030B4DDE9024524B1CDE9024530BCFFF767
:1024D0000BBE014830BC704780B0FFFF73B50546A6
:1024E0001E4617F0BBFB01280C4601460ED11346D1
:1024F000009605F13402204616F079FE044B10F1E7
:102500000E0F18BF0346184602B070BD014BFAE724
:1025100000B3FFFF80B0FFFF38B504460D4617F04B
:10252000D9FB204617F0B1FB032D257023D1144BA6
:10253000144AA3606260A361134AA3632362A36287
:10254000124B62616362124A62634FF00113114AD7
:102550002363114BE362E261201D16F0B9FBE063D7
:1025600004F1340016F0B4FB20640020C4E9160026
:102570000123636438BD002308482370FAE700BFD5
:1025800001000800DC370300BC3703007C37030080
:102590005C3703009C370300080B002080B1FFFF6D
:1025A00037B50446002529464561282218301FF01A
:1025B000F4FD2046256117F0FFFC01230093044938
:1025C00020232A46204617F062FC03B030BD00BF2E
:1025D000898202000928024818BF0020704700BF06
:1025E000FC37030070B50D461646044608B911487D
:1025F00070BD0029FBD00023C0E9023301600B78D5
:10260000092BF4D16C21012016F092FAA06008B9D0
:102610000948EDE715F021FE0EB90020E8E7A9789A
:10262000022016F085FAE0600028F6D1204617F067
:10263000C7FCEDE700AFFFFF80AEFFFF40B10368CE
:1026400033B11B78092B03D180680021FCF7AABFA6
:102650000048704700AFFFFF38B103682BB11B780B
:10266000092B02D1806815F0FCBD0148704700BFFE
:1026700000AFFFFF38B103682BB11B78092B02D1E3
:10268000806815F0F5BD0148704700BF00AFFFFF3F
:1026900010B40446084611461A463CB12378092B6B
:1026A00004D15DF8044B002317F0C5BC01485DF868
:1026B000044B704700AFFFFF10B50A46044619B13E
:1026C000024B00211B68984710BD00BF0C0B002077
:1026D000F7B51646174A05460C46106851686B4612
:1026E00003C395F82A3008336B4413F8087CAB8D8C
:1026F000DA0609D4334622463946284617F0F8FC54
:1027000000F5FA7003B0F0BD204620F024F9AB8D3F
:1027100000F10A049B074FEAC40405D0304620F0BC
:102720001AF904F50C740444781EE823584304FB9A
:102730000700E5E7FF370300174B10B51C68902230
:1027400002FB0044002120461FF027FD134B1B68AD
:10275000DB78637604F10800002118F0C3FD4FF424
:102760000063E3842385072384F82A301323A38599
:10277000236AFF2243F0130384F82420236284F8A1
:102780005420074B074A2046C4E91C32C4E92032D2
:10279000BDE8104017F0D7BC481200201C140020E0
:1027A000D6BE898E55555500F0B5104B1E6893F86E
:1027B00004C0024635464FF0FF3400239C4508DC38
:1027C00091B1631C10D0902303FB046080F8242097
:1027D000F0BD95F8247097422846F9D0FF2F08BF26
:1027E0001C4690350133E9E70020F1E7481200204C
:1027F00070B5244D0446002842D0083001F016FD83
:102800000026FF2384F8243004F14000E66120F024
:102810001DF804F1440020F019F804F1480020F0FC
:1028200015F804F14C0020F011F804F1500020F0EC
:102830000DF82868144B201A00115843C0B217F045
:102840004EFC0146304617F045FCE06E10B100F03A
:1028500039FEE666606E18B117F054FC002363661B
:10286000A06E17F04BFC0023A36670BD286806FB22
:102870000400FFF7BDFF01342B79A342F6DCF4E737
:102880009026F9E748120020398EE338F7B5044660
:102890001AF0DEF9C0F30F23542B3ED9AA2B34BF14
:1028A00001230223C0B27E288CBF02220122032111
:1028B0008DF804301344B3FBF1F000EB40001B1A19
:1028C0008DF805301344B3FBF1F202EB42029B1A80
:1028D00013498DF8063000234B7501AF18461D468D
:1028E0001A4617F8016B44FA06FC1CF0010F06D0DB
:1028F00053009E4030430132C0B2D2B201230135B1
:10290000EDB2032DEDD103B148754B7D43EA82133F
:102910004B75FF230B7503B0F0BD0023C2E700BF6A
:1029200048120020064B1B68D97ADA78437E5B1A7E
:102930009342A8BFDAB24276002117F040BC00BF34
:102940001C140020B0F862302BB9836813F4601FA8
:1029500008BFA0F8623011B1012911D07047436956
:10296000417E23F010034361064B1A68D37A9278B4
:102970000B449342D8BFDAB24276012117F01FBC54
:10298000FFF7D0BF1C1400202DE9F041344E8AB06F
:1029900000253379AB4203DC01200AB0BDE8F081A9
:1029A0003468902303FB054494F82430FF2B0DD0AA
:1029B000236A980106D504F1500840461FF0C3FF72
:1029C000074628B9226A12F0A06F1ED10135E0E750
:1029D000BB790C333B4408A99A7AD8681B8AADF8B6
:1029E0002430C2F3801200238DF81F2008901A466D
:1029F0000DF11F0017F08DFB9DF81F2094F8241097
:102A000008AB384618F001FDD7E7A38D1D2B18D170
:102A10003C23FF210020CDE90431CDE90200CDE9BE
:102A2000000004F12E03C2F38022012118F0C8FF38
:102A30000028B2D04FF0A06104F1200017F028FB6D
:102A4000C4E712F0807F94F8393094F824004FF0F6
:102A500000020CBF3C21432118F058FEE8E700BFFC
:102A6000481200202DE9F0411F46C36904460D4677
:102A700016468BB169B915F05BF829460646A06E7B
:102A800017F038FB2046294617F082FB304615F038
:102A900055F80020BDE8F0810029FAD0036A03F060
:102AA0001203022B00F0BA80236ADD0700F1BE801A
:102AB00094F82430FE2B0CD104F1550001F0D6FE21
:102AC00001F0CCFE28B14FF4800104F1200017F092
:102AD000D7FA256A614B2B40B3F5807F00F0B980AF
:102AE000A8052FD5C5F3802504F12E080022414604
:102AF000284617F014FB002184F8540017F020FB3F
:102B000041460022284617F00FFBA18D20B194F911
:102B10005400002880F296804FF4007104F12000E8
:102B200017F0B6FAA28D02F00302012A0AD141463B
:102B3000284617F0F9FA28B14FF4006104F120009B
:102B400017F09EFA236AD90600F18180D4E91012A9
:102B50002046FFF7BDFD012F0ED0E28C40F271231D
:102B60005A43904208D9228D5A43904273D800F5B7
:102B70001C70B0FBF3F0E084394BE361002384F870
:102B80003930236AB4F86250E16884F8387023F46D
:102B90008032226221613DB913F0100F0CBFC825AD
:102BA0003C25257605F2B3154EB1238D40F27121F7
:102BB000C3EB06134B4342F48032E3632262236A81
:102BC00043F400232362274B1B68DB78637614F001
:102BD000AFFF636943F010030746636104F1080027
:102BE000294618F07FFB012003F0A2FB28B9636996
:102BF0001A075CBF43F00403636126B11AF064F85E
:102C0000E36B0344E363204603F09CFB384614F077
:102C100095FFA06E012117F06DFA3AE7406C1FF0A6
:102C20009AFE00287FF440AF0C2033E7E36E002BC0
:102C30007FF43EAF00F0F0FBE06600287FF438AF91
:102C4000092027E701F0010117F07AFA6AE7064B3D
:102C500093E712201EE745201CE700BF000140005B
:102C6000B9A002001C140020A12D010070B50A4D6E
:102C7000002490262B79A34200DC70BD286806FB57
:102C8000040090F82430FF2B04D000231A46194684
:102C9000FFF7E8FE0134EDE7481200202DE9F04F80
:102CA00091F806B08DB00BF10C0B04460E4601EB0B
:102CB0000B0501220AA90DF1270017F03BFA824605
:102CC00068B19DF827100AAF384600F023FC60B1C8
:102CD000304614F0B1FB00200DB0BDE8F08FA97AAA
:102CE00005F10C07C1F38011EEE7E36EE06695F89D
:102CF00007900793236A298956F80BB0484603F0DA
:102D0000100804F077FD8344B8F1000F39D1A9F120
:102D10000303012B94BF032302235B0040F27122C3
:102D200002FB03B21D4B1B685B79637605F1180348
:102D3000BAF1000F27D09DF8271094F824E0B8F1DD
:102D4000000F24D0A87A4FF0010CC0F3401095F981
:102D50000550CDE902E0CDE90071CDE904C5079841
:102D6000012100F04DFCB8F1000F05D019F053FF20
:102D70000121204617F00CFA304614F05DFB0120CB
:102D8000AAE70123C9E7A97AC1F38011D5E794F82E
:102D90008FC001200CF00F0CD9E700BF1C140020DD
:102DA000012810B50C461CD0022822D030BB0846A2
:102DB00017F046FCE38C228D94F82A00D21AE368BF
:102DC00003F59C5340F27121083301FB0233236168
:102DD000FFF75CFD0A4B20469968BDE8104003F000
:102DE000E3BC03F0F1FB844208D1BDE8104019F0C8
:102DF00012BFBDE810400846FFF794BD10BD00BFEC
:102E00004812002038B50A4D0020FFF7F1FCAB68EE
:102E100013B100221A60DA8018F079FB00242B79B4
:102E2000A34200DC38BD2046FFF786FC0134F6E7FC
:102E30004812002070B52A4C0546A06818B114F05D
:102E4000FBFA0023A360FFF7DDFF002017F04BF92A
:102E500055B9032025712560E58214F039FA2079EF
:102E600017F041F928B970BD02201FF0B4FEA06030
:102E700048B9A06800252571256060BB002017F0C7
:102E800032F90720EFE70026032025712660E6824D
:102E900014F01EFAB542E2DD05EBC5010901334627
:102EA00089B20122032014F0C5F906460028E0D1BA
:102EB000032014F03DFA20600028DAD090226A4303
:102EC00031461FF06AF92379B342C8DD3046FFF777
:102ED00033FC0136F7E714F0AFFAA560CEE700BF88
:102EE0004812002030B5174B826A1B6812065979C8
:102EF00025D51C79028F436B1203B2FBF3F2631AE0
:102F0000B2FBF3F2B0F89C3003B1013BD0F8A05013
:102F100005B15B101B02B3FBF2F35B180BD090F80A
:102F200095200F2A07D91209B3EB820F4FEA8201CD
:102F3000ACBF5B1A00239C42A8BF1C46E1B241769D
:102F400030BD00BF1C140020084B9A7E82420AD973
:102F50001B684FF4A47202FB0030836A13F0100F59
:102F600008BF002070470020704700BF601200209B
:102F7000084A09491368C31AD810002B01FB00F056
:102F800005DB937E8342D8BF4FF0FF3070474FF090
:102F9000FF30704760120020199C8FC170B5044645
:102FA0000E4614F0C5FD3146054604F1300017F019
:102FB0008BFB2046FFF7DCFF01218140054817F01D
:102FC00083FB4FF4807005F099FE2846BDE8704001
:102FD00014F0B4BD84120020F329F8B5744E0446F1
:102FE0000D4626D1338D6BB9A36813F4601F00F032
:102FF000BB80238F626BF32D4FEA0313B3FBF2F315
:103000009FB22DD1204617F001FCB4F89C70002F20
:1030100040F0B380A36A13F0800F0CBF3E23082357
:1030200084F877302046FFF75DFFF32D36D101207D
:1030300057E07369590640F18F80836A1A0740F19F
:103040008B803369436000F1400118F095FE338DA9
:10305000002BC9D0238F626B1B01B3FBF2F39FB22D
:10306000618FB4F89C209BB25B1A9A427EDC736934
:1030700094F836019B074CBF0021022119F0A2FEF3
:10308000726940F202239343BCD1A4F89C7020469D
:1030900017F0BDFB2046FFF725FF0127A36A18079D
:1030A000C5D5628F002AC2D013F4C05FBFD1726948
:1030B00012F00C0FBBD140F202239343B7D1D4F8E6
:1030C000A430002BB3D1A18F204619F004F80028BA
:1030D00055DD638F0133984251DC0128A7D00138B8
:1030E00080B2236BA4F87C00590409D54FF48041C9
:1030F00004F1300017F0F0FA00212046FFF74EFFF0
:10310000B4F87C20A38F94F870101344A387B4F80C
:103110009C309B1AA4F89C3094F86F3002FB01336A
:103120002522B3FBF2F102FB113384F86F304FBB61
:10313000A36A1A0702D41F4B1B6898472046082130
:1031400018F083FE20460221FFF728FF20460121C8
:10315000BDE8F84003F046B9318D238F626B00293A
:103160003FF442AF1B0178E7338542E7737F002BC2
:1031700086D094F83601032180E7012752E7608F5B
:103180000130ADE7204616F09EFFA18F204618F0D3
:103190002CFEA36A1B07054602D4064B1B68984702
:1031A000002DCBD02046BDE8F84017F0D6BB00BFBD
:1031B0006012002094120020074B002210B55A77AD
:1031C000202204465A6117F0CBFA84F836012046D3
:1031D00017F027FC10BD00BF60120020012810B5B9
:1031E0000C462AD0022830D000283DD191F89530E5
:1031F00060F3071381F895300846FFF7DDFFA36AF7
:103200001B07204616D503F063FD042001F0C4FB24
:1032100050B3164A937F3BB3D37F0133DBB2D377EE
:1032200092F821209A421FD8BDE810404FF08060EC
:1032300005F064BD03F020FFE7E703F0C5F9844221
:1032400012D1BDE8104003F037BD91F89530C3F3BB
:103250000312013262F3071381F895302046F321FF
:10326000BDE81040FFF7B8BE10BD00BF60120020DF
:1032700010B501F0F1FB124BFB2210F0020F1A7790
:103280000CBF012203224107197E48BF42F004020D
:1032900062F3030119761A7EC2F3030161F3071288
:1032A0001A764FF441710022DA76DA8319845A6271
:1032B0001A611A85034BBDE810401B68184700BF10
:1032C000601200208C1200202DE9F8434B4C05467B
:1032D000A06818B114F0B0F80023A360022013F026
:1032E000F7FF5FFA85F8002016F0FBFE404617F066
:1032F00053FA0646002867D1404617F058FA0746A9
:10330000002861D1002D74D005EB850105EBC101CA
:10331000C90089B233460122022013F08BFF002836
:103320004FD102204FF4A47984F81A8014F000F8E9
:1033300009FB05F73A46314620601EF02EFF236850
:10334000324603EB0901681E824232DB002DA7F5ED
:10335000A472D8BF0022002199502846636016F05D
:10336000C0FE88BB404617F009FA68BB404617F01C
:103370000BFA074640BB002D16DD02201FF02BFC88
:103380000223A060C3718379C3F102020C33D2B26D
:10339000394618441EF001FFA3689A7913440121AD
:1033A0001A7B61F301021A73FFF762FF3046BDE832
:1033B000F88309FB02FC013243F80C1001F5A471FB
:1033C000C2E7C4E90077A7760020002517F0E4F9EA
:1033D000002017F0ECF92846C4E90055A57617F04F
:1033E000CDF9284616F07DFE022013F071FF072666
:1033F000DCE7A57625602B46AFE700BF6012002012
:10340000014B987E704700BF60120020014BD87EB0
:10341000704700BF60120020F8B5284D14F088FBFB
:103420006C681CB914F08AFB2046F8BD23686B60F9
:10343000EB7E4FF4A4760133EB76012714F07EFB8C
:103440003246002120461EF0A8FE04F128006761E4
:10345000402117F039F92B8BA4F8443194F8373117
:10346000A4F8866067F3030384F837314FF6FF73DF
:10347000A4F87A302B7F84F8423144F29023A4F8E8
:10348000403194F88530072262F3030384F88530D5
:103490000B4BC4F8883003F1CE5303F59813C4F8EE
:1034A0008C3041F61B33A4F890301B2384F8923003
:1034B000002104F1080017F015FFB5E760120020A5
:1034C0004801480170B5044617F023FA04F10800DA
:1034D00000F0ACFE0D4B20461B6800269847C4E95F
:1034E0000A6614F025FB4FF4A472054631462046C7
:1034F0001EF053FE064B5A682260DA7E5C60013A89
:10350000DA762846BDE8704014F018BB901200200F
:10351000601200202DE9F04106464FF480400F462E
:1035200001F03AFA044630B90E4B1D6893F81A8040
:103530007135A04502D80020BDE8F08155F8493C1E
:10354000DA0609D5C3F38003BB4205D1062229461A
:1035500030461EF0F8FD18B1013405F5A475E8E712
:103560000B20E9E76012002008B5B0F894305A1C2F
:1035700062F30B03A0F89430042001F00DFA70B14F
:10358000074A937F0133DBB2937792F820209A4267
:1035900005D8BDE808404FF0806005F0AFBB08BD1E
:1035A0006012002038B58B790B4405469B7D03F0F3
:1035B0000303032B0C4609D101212C3017F084F8AA
:1035C0004FF4006105F1280017F07EF80548A5606A
:1035D00021461FF022FABDE838404FF0005005F0B8
:1035E0008DBB00BF6C120020014B1877704700BFE5
:1035F00060120020014B187F704700BF601200204E
:103600002DE9F74F1D4616469DF8383080F89B305F
:103610002A469DF83C8052F8103BC0F828310446F9
:103620000F4600F14401B8F1000018BF0120DDF899
:1036300030A09DF840909DF834B005F05DF820462C
:1036400018F0FCFB204617F0B4F819F0C1FB49460E
:103650000246204617F0A7F8C8230DF106012046C0
:10366000ADF8063017F092F847F6FF73A4F8303142
:10367000AB88A4F82C31AB7984F82E31DAF800301D
:10368000C4F87130BAF80430A4F8753004F1280A8F
:10369000BBF1000F03D00421504617F015F8B8F124
:1036A000000F04D04FF40051504617F00DF84FF4BE
:1036B000607001F071F9C0F3C018C3054FEA8818B3
:1036C00048BF48F08008810548BF48F4807814F06E
:1036D0002FFA4FF482618346504616F0F5FF4146BB
:1036E00004F12C0016F0F0FF584614F027FABB1E28
:1036F000012B7AD84FF40021504616F0E5FF012146
:103700002046FFF74BFC0421204618F09EFB6B7D02
:10371000C3F3040384F870306A8952006263697BE2
:103720002A7B42EA01226287E97BAA7B42EA0122E4
:1037300022876A7D84F86F30C2F3421284F83E20FB
:1037400000220523A2870122A4F87C20A4F89C3043
:103750009DF94410204617F031F801F077F920F474
:103760000060C4E908012046FFF7BCFB3B4A3C4B24
:10377000B2F8288007F0FD07B8F1000F68D1002FDC
:1037800038D16660E36140F2C7182046166116F032
:10379000ACFFB9F1010FE0600AD094F8373169F35A
:1037A000030384F8373109F00F01204617F0B1F90F
:1037B00004F10800414617F095FD012002F0B8FD24
:1037C00028B963691A075CBF43F0040363616B891E
:1037D00040F27121013B5943204616F0A5FF2046D7
:1037E00002F0B0FD03B0BDE8F08F012F87D140F2A9
:1037F000014185E7E3614FF4D7782B8940F27127C7
:103800005B0007FB0366666040F6080104F14006B2
:10381000504616F059FF3146204618F0ADFA2B8974
:1038200001335B0031467B4304F13402204601F052
:1038300021F9EB795B0031467B430122204618F0E9
:10384000A1FA236C20469E0816F04FFF3044A0E7F3
:103850006660E361002FD0D197E700BF60120020BF
:10386000DD31010070B51D46C36A1B0704461646CC
:1038700013D408212C3025F4105516F025FF25F01F
:103880001005064B2D0433402D0CC4E908352046A5
:103890004021BDE87040FFF781BB70BD2FCF87F797
:1038A0002DE9F04F85B004460191084689B34B7964
:1038B0009A071FD41FF04FF8019D70B96B79DB0791
:1038C00005D54FF4803104F1280016F0FDFE01A863
:1038D0001EF0BCFF05B0BDE8F08FA36ADF0309D579
:1038E0004FF4803104F1280016F0F6FE6B7943F0B6
:1038F00001036B71019E14F01BF9737931469E0729
:1039000005461ED504F1AC001FF096F8284614F0C9
:1039100015F9DFF8909114F00BF9A36ADD0507465D
:1039200014D5D4F8AC3043B19A7913441B7B392BAE
:1039300003D829FA03F3D80711D4384614F0FEF857
:10394000C8E704F1A8001FF068F8DFE794F94631F2
:10395000022BF2DCD4E92A2372B9002BEDD004F15A
:10396000AC001EF091FF0546384614F0E7F82946F2
:10397000204617F07CFACEE7002BF0D194F8928025
:10398000039304F1A80BD4F8A86096F807A0B379C4
:10399000AAEB030A5FFA8AFAC24527DC58461EF0F2
:1039A000D2FFA8EB0A0805466B796FF3C3036B716E
:1039B000294603A81FF031F8D4F8A8302BB15B7961
:1039C000990702D1B8F1000FDDD1039B002BB4D0D1
:1039D0009B79022B40D800201FF0FDF8014670BBF8
:1039E000039904F1A8001FF027F8A6E700201FF0B4
:1039F000F2F8054630B9039904F1A8001FF01CF84D
:103A000003959AE78079B1790C300C314246314404
:103A100028441EF0CDFBEB7953FA88F3EB71B379B0
:103A2000727953FA88F3B3716B7962F300036B71A7
:103A300073796FF3000373714FF00008B4E7039BD1
:103A40004A79587960F300024A715A796FF300029B
:103A50005A7103A81EF0EBFFE36A9A0512D503988A
:103A6000034600680028FBD1DB79C3F14503DBB2D4
:103A7000032B07D81FF0AFF801460028B0D003A8E9
:103A80001EF0CBFFD4F8A83013B15B79DB0704D567
:103A9000039A537943F008035371384614F04EF8F3
:103AA000039965E77C2C020070B5036B990786B01B
:103AB000044601D516F02DFF236BDA0733D5A66A2D
:103AC000330723D516F4002F14BF03250125204604
:103AD000FFF74EFA94F89B3005930023049394F873
:103AE0003E300393238F0293638F0193636BC3F381
:103AF0004F030093C6F3800204F17103294680B29C
:103B000017F05EFF30B9002006B070BDB50C05F0AF
:103B10000205DCE7012104F1300016F0DDFD4FF471
:103B2000005116F0D1FD236B980410D52046FFF705
:103B30001FFAA16AC0B2C1F3403117F07FFC002820
:103B4000E1D04FF4005104F1300016F0C5FD236BB5
:103B5000D90409D500212046FFF7A2FE4FF4805179
:103B600004F1300016F0B8FD236B5A0512D520463B
:103B7000FFF7FEF994F89B500023C2B2194628467D
:103B800017F0C4FD0028BED04FF4806104F130006E
:103B900016F0A2FD236B5B0711D52046FFF7E8F96D
:103BA000616B238F628FC1F34F0180B217F0E8FE83
:103BB0000028A8D0042104F1300016F08DFD236BFD
:103BC0001E0709D5204618F0CCFC00289BD0082100
:103BD00004F1300016F080FD236BDD0618D5204679
:103BE000FFF7C6F9E16A11F4805180B200F0C58098
:103BF000002117F05AFF002885D04FF4805104F1BE
:103C00002C0016F069FD102104F1300016F064FD5F
:103C1000236B580615D52046FFF7AAF994F877309C
:103C20000093D4E9082380B217F022FF00283FF464
:103C30006AAF002384F87730402104F1300016F099
:103C40004BFD236B190516D52046FFF791F900238C
:103C50000093B4F89830B4F8962094F89A1080B293
:103C600017F09FFB00283FF44EAF4FF4006104F1C2
:103C7000300016F031FD236B13F4804532D19A05E4
:103C800016D52046FFF774F994F8371194F8772089
:103C900001F00F0180B200F03FFD00283FF433AF88
:103CA00084F877504FF4007104F1300016F014FDE1
:103CB000236B1B0616D52046FFF75AF9B4F88C3053
:103CC000009394F89130B4F88A2094F8901080B260
:103CD00017F01DFF00283FF416AF802104F13000DB
:103CE00016F0FAFC236B9E0612D52046FFF740F92A
:103CF00094F8771080B217F0EFFE00283FF403AF7E
:103D0000002384F87730202104F1300016F0E4FC21
:103D1000236BDD0508D504F130004FF4807116F0F7
:103D2000DBFC204618F05AFA236B180408D504F17E
:103D300030004FF4004116F0CFFC204616F0E5FEAF
:103D4000236BD90308D504F130004FF4803116F00D
:103D5000C3FC204616F022FD236B9A0308D504F11C
:103D600030004FF4003116F0B7FC204616F024FD69
:103D7000236B9B0704D40120C6E617F0ADFE3AE79B
:103D800000221146204616F015FD204616F014FDBF
:103D90002046FFF7EDF894F8771080B217F052FF45
:103DA00000283FF4B0AE022104F1300016F094FC7C
:103DB0002046FFF787FB024B1B689847DBE700BFF5
:103DC0008C120020134AF8B5002302F1240151E8B7
:103DD000004F41E80035002DF7D1012734B9BDB1BE
:103DE0000D48294616F070FC2046F8BD94FAA4F060
:103DF000B0FA80F007FA00F624EA0604FFF7A4F808
:103E00000028EBD0FFF750FE0028E7D13543E5E767
:103E10000120EAE760120020841200202DE9F74F0C
:103E200004460190002860D0C579314F0C35054417
:103E300013F07EFE4FF000080090464640464FF4D7
:103E4000A47ABA7E5FFA88F94A4517D93A680AFB1C
:103E500009FB5A44916ACB0644D5B2F89420C2F3C8
:103E60000B02002A3ED0E279C2F14502D2B2032A07
:103E700015D802201EF0AFFE044640B9002300987A
:103E8000FB8313F05BFE304603B0BDE8F08F0146C4
:103E900001A81EF0C2FDE5790C352544002004225E
:103EA000012312FB0033002105F82090E9543B6800
:103EB0005B4402FB005CB3F894308CF802300323BF
:103EC00012FB00320136A9543B685B440130B3F861
:103ED000942061F30B02A3F89420E3790433E37197
:103EE000C0B2F6B208F10108ABE70646CBE700BF67
:103EF00060120020F7B5684604F0F2FB134E00256F
:103F00004FF4A477B37EAB4201DC03B0F0BD34685C
:103F100007FB0544A36A03F01803102B13D10522F5
:103F2000694604F145001EF00EF960B101212046FA
:103F300018F075F938B901201EF04DFE014610B198
:103F4000204601F067F90135DCE700BF6012002070
:103F50002DE9F74F13F0ECFD424BDA680092002296
:103F6000DA6013F0EBFD009B13B903B0BDE8F08FEE
:103F700068461EF089FC82798768019002F10C0482
:103F800004440146A07A10F0200F14BF0320022041
:103F90000A3202448A71FA6A52050FD5E07AA27A8F
:103FA00042EA0022384617F050F938B901A81EF04D
:103FB0004DFC3D21384617F03AF8D4E7BA6A94F838
:103FC0000AB0019912F400720BF0030013D0032819
:103FD0008A79EBD10A44127B392AE7D8224B23FA9B
:103FE00002F2D307E2D54A7942F002024A7138461A
:103FF00000F018FEB7E70328F5D0487962F34100D6
:104000004871084694F8069094F905A01EF0A3FCA8
:10401000019DAC79063CE4B20646AC713846FEF729
:10402000A7FF0C3405EB04080BF0030BC0F30323CC
:1040300043EA0B13F6B288F8033088F80200A8F8B8
:1040400004602B4605F804A088F801905A796FF3B4
:1040500041025A711B68002BF8D1284617F005FA67
:1040600081E700BF601200207C2C020030B5D368CD
:10407000C4688BB01BBA0D46C1780293002361F36C
:104080000703817861F30F23417861F31743916847
:1040900009BA0391816809BA07915168126809BA8F
:1040A00012BA049105920178426861F31F6312BA53
:1040B000CDE9082324BA069406AC00942346802256
:1040C00002A9012014F03DF90028F6D1DDE908101D
:1040D000DDE9063200BA09BA12BA1BBA2860696073
:1040E000AA60EB600BB030BDF8B5094F044600265E
:1040F0000CB90748F8BDA179E5796D1AEDB20C311C
:104100002144B8192A461EF053F82E442468EFE7DC
:104110009C120020F8B5094F0446002604B9F8BDEA
:10412000A079E5792D1AEDB20C30B91920442A4650
:104130001EF03EF82E442468F0E700BF9C120020D9
:10414000104B1A7842F0F0021A701A7C42F0F0021A
:104150001A7493F8202042F0F00283F8202093F89C
:10416000302042F0F00283F8302093F8402042F0F3
:10417000F00283F8402093F8502042F0F00283F8D8
:1041800050207047AC1300200368054A23F07F637A
:1041900023F4002302EAC14213430360704700BFC7
:1041A0000000F80FF8B544881E4E04F00704072CF1
:1041B000054628D113F0BCFC0022110106EB0217C2
:1041C000735C1B090F2B0AD00132062AF5D1164A5F
:1041D00013880133138013F0B1FC1920F8BD2B684C
:1041E0007B801123735494B213F0A8FC18F06CFD7B
:1041F00006EB0413D8602B6823F4E02343EA04435E
:104200002B600020EAE72301F15CC1F303120132C5
:1042100002F00F02052A28BF002262F30711F154B1
:10422000E4E700BFAC130020901E002038B544889E
:1042300004F00704072C05460FD013F079FC240185
:10424000064A135D43F0F00313552B6843F4E02353
:104250002B60BDE8384013F071BC38BDAC130020B2
:104260002DE9F047458805F00705072D07468946E3
:1042700037D01D4C4FEA051804EB051A14F80860F6
:1042800018F022FD3609DAF80C3006EBC50604EB0F
:104290004606C01A708014F8083003F00F02042A92
:1042A0009EBF013262F3030304F80830B9F1030F33
:1042B00014D114F8081004EB0514A01C01F00F0130
:1042C00018F08DFB044613F033FC3A68074B13409B
:1042D00023433B60BDE8F04713F030BC4FF6FF745A
:1042E000F1E7BDE8F08700BFAC1300200000FF7FBE
:1042F000064A9268824208B507D0427922F003024A
:1043000042F00302427104F061FD08BD0C1400206C
:1043100010B5064C20461EF099FA201D1EF096FAA4
:1043200004F10800BDE810401EF090BA0C14002003
:1043300010B502201EF04FFC034C606002201EF0FE
:104340004AFCA06010BD00BF0C14002008B5FFF7A8
:10435000DFFF034B0022DA60BDE80840FFF7E8BF4B
:104360000C140020014B5868704700BF0C1400204B
:10437000014B9868704700BF0C14002038B50C4CF6
:10438000E3681BB1E36898470023E36023686BB1DF
:1043900007481EF079FA054640B123681BB14FF07B
:1043A000004004F0ABFC284617F065FC38BD00BFA8
:1043B0000C14002010B5064CE0604FF0004004F0F3
:1043C0009DFCE3681BB1E36898470023E36010BDE0
:1043D0000C14002038B58379034404465B7B13F04A
:1043E000300F437923F0030308BF43F00103437107
:1043F00013F09EFB2146054605481EF00EFB4FF0CC
:10440000004004F07BFC2846BDE8384013F096BB22
:104410000C140020F7B5144F7C68A3790C331C44AE
:1044200000F01AFB6679E6B116F0020519D136EAFA
:10443000000016D1E378B4F80920B4F80710A07989
:1044400001962479009401F003FB002808BF0C2595
:10445000B8682A4642F2410103B0BDE8F04016F0C8
:1044600098BF1125F4E700BF0C14002010B50D4CC7
:10447000626893790C331A441179D078B2F8073016
:10448000B2F80520003918BF0121003818BF0120FB
:1044900001F0DAFD42F242010246A068BDE8104098
:1044A00016F077BF0C14002010B5084C60688379B3
:1044B00018440F3000F09EF90023A0681A46BDE8AA
:1044C00010404FF6284116F022BF00BF0C14002008
:1044D000242816D80F2805D802280CD8B0FA80F066
:1044E00040097047084B103880B2C34003F0010305
:1044F00083F0010070470538012894BF0020012097
:1045000070470120704700BF2D2011002DE9F04FAA
:1045100095B0FFF727FF86790C3642F2360330F864
:1045200006809845054600EB06040ED1FFF71AFFFA
:1045300002211EF062F9A3787F220233A370AA55EC
:1045400000232022627023776377E0780121FEF751
:104550002BF900230646002800F0D780CDE912335E
:10456000237A8DF84A30E37A8DF84E30A388E288BA
:10457000ADF8482013F01000B4F80920ADF84C2035
:1045800003F0050306D093B1E37D012B51D0002544
:10459000122614E07BB3E37D657E012B37D16B1EC1
:1045A000DBB2022B09D800F057FA012338E04FF4B0
:1045B0008043DDE91212914220D900251126FFF730
:1045C000D7FE012332464146ACB216F0A0FE002DC4
:1045D000CCBF0534053C24B2002E40F099800A235C
:1045E00094FBF3F4E4B2FFF7C3FEC3791844C4723A
:1045F00015B0BDE8F08F4FF6FF73DAE71F29DCD95D
:104600009A42DAD8E37D657E0028BED1C5E7032B48
:10461000D3D16B1EDBB2022BCFD800F01DFA0423DE
:104620000342CAD0032D08BF04252840C0B2002889
:10463000C3D0E07815F05AFD20B1A088FFF748FFFD
:104640000028A4D0334A237F1278002A54D0042BA8
:104650009DD8637F042B9AD8A388DB0653D418F027
:10466000B7FB0121C822084003F0B0FE94F91630D0
:10467000B4F804E0677EE18894F80C9094F815A0F3
:1046800094F818B003EB8303B0EB430F4FEA4302F7
:10469000637B0F93A37B109304F10F031193637F4C
:1046A0000546E07DC8BF15B2B4F809200C93237FFE
:1046B0000B93E37E032808BF0420032F08BF0427C1
:1046C000003B18BF01230A93A37ECDF80C90CDE9DF
:1046D0000873119B02931FFA85FC109B0193CDE98F
:1046E000060BCDE904AC0F9B009330465FFA8EF3C6
:1046F00015F0B8FD064662E7002B7FF45EAF637FDE
:10470000002BA9D059E70020ABE70546072656E75E
:10471000002468E7051F0020F8B5074601200D4674
:1047200016461EF058FA0446C0B106220C2116F0B7
:1047300001FE691EA379C9B2032998BF084A03F193
:104740000C03234498BF525C9F8088BF0022204600
:10475000DE70DA719A71FFF7CBFD0120F8BD00BF62
:1047600007380300F8B5FFF7FDFD83791844B0F86A
:104770000F60B0B2FEF7E8FB0446C0B116F031FBA3
:104780000138C0B2032814D80B4B1C5C0027FFF77C
:10479000EFFD054604233A4642F2300116F0B7FD1C
:1047A000AB790C33E818C68004724472F8BD022756
:1047B000EDE700242746EAE7073803000B4610B56B
:1047C0000649074C0622002808BF214618461DF05E
:1047D000BAFCB0FA80F0400910BD00BF071F0020EE
:1047E0000D1F0020024B1A6802609B88838070476F
:1047F0000D1F002013B50D4C28B10368236083887A
:10480000A38002B010BDFAF761F8CDE900019DF870
:104810000230A370BDF80530BDF80020A4F80330C5
:104820009DF8073022806371EBE700BF0D1F002069
:1048300010B5044613F07CF9064B22681A60A28872
:104840009A80054A137843F00103137013F076F948
:10485000012010BD071F0020061F0020024B187802
:10486000003818BF01207047061F0020024B1A684D
:1048700002609B8883807047071F0020024B1869E5
:1048800008B104F03BBA7047280D002010B53D4A2E
:10489000002302F1100151E8001F02F1100C4CE856
:1048A0000034002CF5D140EA0104A10201D501F049
:1048B000B5FD220101D503F0CBFA002C01DAFFF798
:1048C0005DFD630001D501F063FBA00001D5FFF79A
:1048D0003FFBE10007D5FEF757F820B92A484FF013
:1048E000805117F01CFA620107D516F045FB20B97C
:1048F00025484FF0806117F012FAA30105D518F092
:1049000060FAFFF7F7FA15F0F6FBE00108D515F0AD
:1049100039FF072804D11C484FF0807117F0FFF9C8
:10492000610201D515F0E1FB220201D515F0D1FBA2
:10493000E30207D515F024FF20B913484FF4801186
:1049400017F0EDF9A00507D500F03AF920B90E48A7
:104950004FF4007117F0E3F9E10507D5FFF732FADC
:1049600020B909484FF4807117F0D9F9620503D5D1
:1049700016F0CBFC16F0CAFC230501D517F0D7F9C9
:1049800010BD00BF280D0020380D00200146014851
:1049900017F0C5B9280D0020014B1B68184070475F
:1049A000280D0020044B10B5D3E9064204430A4306
:1049B000C3E9064210BD00BF280D002070B51E4D92
:1049C0002B68002B044603DAFFF7C0FC002031E01F
:1049D0001A4E4CF20C000021FFF7E4FF0023336075
:1049E00024B163682B60A36803B133604FF00040CB
:1049F000FFF7CCFF33680BB9114B3360114B1248F2
:104A0000AB6000232B7312F053FDFFF799FB204698
:104A1000F6F7D6FF70B92CB1B4F90E10B4F90C004A
:104A200002F016FF18F0D8F903F02CFE03F0B2FDE7
:104A30000028C9D070BD00BF280D00201C14002024
:104A4000EA0C00207D4801002C0D0020014BD3E929
:104A500006017047280D0020054B9B69DA054CBF05
:104A6000032001201B0548BF40F00400704700BF31
:104A7000280D0020F8B517461C4606460D4603F0E3
:104A800085FB1C4BBA7A53F8222053F820301A4485
:104A9000194B9C4224D9194B9C4214D9184B93FBB7
:104AA000F2F3002BB8BF0333013C9A1004EBA304CC
:104AB000B4FBF2F371682A68A1EB930102EB4302A5
:104AC00071602A60F8BD0F4B0F49A3FB04435B09DB
:104AD00002FB03F303F6C313A1FB0313DB0AE9E7AD
:104AE00002FB04F303F57433084A8F33A2FB03235C
:104AF0001B0CDFE75C3803004C621000136666068F
:104B000040420F001F85EB515917B7D183DE1B437D
:104B1000024B1A6802601860704700BF241400201E
:104B2000024B00221A6000F0FBB900BF24140020E1
:104B30002DE9F843064615F08AFE0446002835D0D4
:104B400045784DB912F0F4FF237863701B4B1B6856
:104B50006360257012F0F2FF4FF00108677837B9F3
:104B600023781BB34FF4007004F0C8F81EE097FAE6
:104B7000A7F5B5FA85F508FA05F55FFA85F96368D2
:104B800033B90E4B27EA050565701B686360E5E7DE
:104B90009B681BB963681B686360F0E74946304651
:104BA0009847012805D163681B6863600120BDE850
:104BB000F8830228EED10020F9E700BF241400207A
:104BC00070B50E4E0025FEF71BFCA84201D801204F
:104BD00012E03068FEF7B8F950B93468FEF710FCFF
:104BE0000134B4FBF0F303FB104434600135EAE711
:104BF000FFF79EFF0028F0D170BD00BF20140020F9
:104C000010B58379034404461B7B392B96BF044AB5
:104C1000FF21D15C1DF0F1FDA0790C30204410BDC6
:104C20000B3803002DE9F34105460C46019115F0C0
:104C3000FEFD830605D501A81DF008FE02B0BDE803
:104C4000F081019FBE790C36BB5D392B18D8164A0E
:104C500012F80380B8F1FF0F12D038461DF07BFE2A
:104C6000013840450CD1114B1E6896B9A3792344F5
:104C700021461A7B284602B0BDE8F04117F047B93B
:104C800001981DF0E3FDBA5D0199284617F03FF940
:104C9000D4E773680BB93668E7E72146284698479A
:104CA0000028F8D0CAE700BF0B3803002414002006
:104CB00037B504460D46202115F0BBFD2946204698
:104CC00015F024FE2146012017F0C8F921460020E6
:104CD00017F0C4F90120044A00900023214617F080
:104CE0004EF903B030BD00BFE7BD020073B50C46FE
:104CF0001646054617F024FB80F001002946C0B295
:104D000015F08CFDC368012C9A7907D032462146F4
:104D1000284602B0BDE8704017F018BB13441022BB
:104D2000DB8A00922946034A002017F028F9204622
:104D300002B070BD4DC3020037B5044617F040FB0A
:104D40000321204615F093FD00250346044A0095F3
:104D50002146012017F013F9284603B030BD00BFEB
:104D600033C202002DE9F347074602200E461DF02C
:104D700032FF0546002846D0B3790C333344002176
:104D8000B3F80480B3F806A0B3F8089017F075F8EC
:104D90002846FFF735FF02210446384615F067FD27
:104DA000A4F804806081A4F806A0A4F8089017F085
:104DB0004FFF08F10108B0FBF8F303FB18000223D2
:104DC00060806370AB79B371EA79F27103F10C0022
:104DD000D21AD2B2291830441DF0EAF9394601201E
:104DE00015F01CFD1022C660638900923946074AFF
:104DF000012017F0C4F83846294617F03CF8002087
:104E000002B0BDE8F0870720FAE700BF4DC30200FB
:104E10002DE9F34104460D460146012015F0FEFC44
:104E200001210746284617F028F82846FFF7E8FE34
:104E3000064600F10108404603F052FCD6F8013066
:104E4000C7F812307379BB750221204615F00FFDAB
:104E500029460746F080204617F00DF820230093DE
:104E6000044A3B462146012017F089F8002002B091
:104E7000BDE8F08119C302007FB504460D46014626
:104E8000012015F0CBFC50E8003F43F4806340E87C
:104E90000036002EF7D1204617F052FAD8B320463C
:104EA00015F0CDFC430715D5334632460DF10F0101
:104EB000204615F07DFF9DF80F30062B0AD82846B6
:104EC00012F0BAFA012200232046FEF7CBFC0020A4
:104ED00004B070BD0E21284616F0CFFF2846FFF71C
:104EE0008FFE0646FFF7B2FDC6F80510FFF7AEFDD0
:104EF0002946C6F80100204616F0BDFF03212046D2
:104F000015F0B5FC0022034600922146034A012019
:104F100017F035F8DBE70821DDE700BF37C20200F4
:104F200010B5054C054A0649204617F073F920468E
:104F3000BDE81040FFF7ECBD28140020FFC30200BD
:104F4000AD500100F7B58B790C33CE18CB5C023B2A
:104F500004460D460F2B00F2A080DFE803F0089E08
:104F60009E9E9E739E829E9E2C689E9E9E4F12F0D9
:104F7000DFFD71780746204615F0C8FC2021204649
:104F800015F057FC2146012017F068F82146002053
:104F900017F064F80123009300231846404A214685
:104FA00016F0EDFF284612F047FA384612F0C6FD1B
:104FB000012003B0F0BDB3887288717815F0DEFE71
:104FC000204615F03CFC830708D42946204617F0FC
:104FD000F7F90121204616F038FFE9E721460120C4
:104FE00015F01CFC2F4B82689A4203D12146012008
:104FF00017F004F8284612F01FFAEAE77778B67837
:10500000084612F019FA162F05D132460321204620
:1050100017F0E6FBCCE72146012015F0FFFB836883
:10502000002BC5D03246032120469847C0E70146F1
:10503000012015F0F3FB07462846767812F0FCF9BC
:10504000BB68EDE70146012015F0E8FB074628465E
:10505000767812F0F1F9BB68002BA9D03246042112
:10506000E2E70146012015F0D9FB0F4B82689A4216
:1050700003D0284612F0E0F99AE7D6F80120D6F8D6
:1050800005302046FEF7EEFB284612F0D5F9214602
:10509000012016F0B3FF02219CE7002089E700BF42
:1050A000B5C3020033C2020037C202002DE9F3414A
:1050B0000C46054617F044F9A37900286BD00C3351
:1050C000E61814F80380B8F1010F41D0B8F1080FC9
:1050D00039D0B8F1000F51D17189284616F03DFF43
:1050E000B188738872788B4294BF074600270929DC
:1050F0000B4638BF0923013B9BB29A420FD8002AC6
:1051000008BF0027F3883289084616F045FE40B9EB
:10511000204612F091F9012002B0BDE8F081474627
:10512000F0E7002FF4D02946002015F077FBC4608B
:1051300073891022013B00921B4A9BB22946002032
:1051400016F01DFFE7E72146284617F097F8E2E73B
:10515000F188284616F001FF0746701C17F04AFE3A
:105160000028D5D0002FD3D02946002015F056FBBB
:105170002023C4600093F3880C4ADFE721462846C9
:1051800017F01BFC0028C6D12146284602B0BDE816
:10519000F041FFF7D7BE23441B7B0E2BD3D0214613
:1051A000284617F0F9FBEDE7ED4C0100D1C20200F3
:1051B00038B504460D4615F042FB42070BD4204695
:1051C00015F03DFB830706D429462046044ABDE876
:1051D000384016F0B4BF284612F02EF9002038BD32
:1051E000394D010038B505460C4615F020FB00F09E
:1051F0001800102806D121462846054ABDE8384047
:1052000016F09DBF204612F017F90C2038BD00BFE4
:10521000654D0100014A16F092BF00BF114E01001A
:1052200070B505460C460146012015F0F7FA064612
:10523000284615F004FB020704D5204612F0FCF8BE
:10524000002070BD33685B05F7D4284617F078F866
:1052500040B121462846FFF7ABFF18B91DF0BBFC53
:10526000044630B121462846034ABDE8704016F096
:1052700066BF0720E5E700BF794E010073B504461D
:105280000E4615F0D4FA00F0300010284FF002005E
:1052900031D11DF0A0FC054678B3437943F00203F9
:1052A0004371022116F0E9FD2846FFF7A9FC2946C3
:1052B0004670204616F0DFFD1621204615F026FB2D
:1052C0002021204615F0B5FA2146012016F0C6FE31
:1052D0002146002016F0C2FE204616F065FF01218F
:1052E000204615F0C4FA034601200090044A2146E6
:1052F00016F045FE002002B070BD0720FBE700BF9E
:1053000061C202002DE9F04387B004460E4615F055
:1053100096FA00F4C060B0F5C06F06D102201DF00F
:105320005AFC054610B9072054E00025214601200B
:1053300015F074FA96F8068008F10C08B04481461E
:1053400008F10F0300F1120208F11F0153F8040BDA
:1053500042F8040B8B42F9D10321304616F08DFD43
:105360003046FFF74DFC0A22074608F105010130DF
:105370001CF0F9FE0C210DEB010003F01FF903AB4B
:1053800003CBC7F80B00C7F80F10059BC7F8133005
:1053900007F10B020DB30A21284616F06EFD2846D0
:1053A000FFF72EFC2946204616F065FDC9F80C6073
:1053B0004FF48071204615F03CFA0321204615F089
:1053C00056FA002503460D4A00950120214616F0A5
:1053D000D6FD284607B0BDE8F08307F11303204649
:1053E000012115F07AFE2046314616F044FDC9F839
:1053F0000C50204615F08DFEDFE700BF41C40200CF
:10540000F0B589B00D46044617F014F8AB790028C2
:1054100000F0A3800C33EA18EB5C033B082B00F28E
:105420003881DFE813F009003601360184003601C7
:10543000360136015D007E00D2F80100D2F8051079
:10544000B2F8097003AB03C302F1130301210B325D
:10545000204615F042FE0421284616F00EFD28468F
:10546000FFF7CEFB0C21064605A803F0A7F805AB15
:1054700003CB3346C6F80100C6F80510079A43F877
:10548000092F0021721C204615F027FE214600201E
:1054900015F0C4F903AA0346478303CAC3F81200F0
:1054A000C3F8161020460821FDF778FD4FF400716F
:1054B000204615F0BEF9204615F02BFE2946204661
:1054C00016F0D9FC0321204615F0D1F9034600203F
:1054D000714A0090214616F052FD012009B0F0BD3E
:1054E0000B21284616F0C9FC2846FFF789FB294600
:1054F000204616F0C0FC12F01BFB4FF4407105462D
:10550000204615F096F94FF48051204615F099F990
:10551000284612F013FB4FF48061204615F094F9F1
:10552000DBE7284611F088FF4FF40071F5E706210C
:10553000284616F0A2FC2846FFF762FB204615F02D
:1055400048FC2946204616F096FC204615F007FE3A
:105550002146002016F052FDBFE72B441B7B043B85
:10556000072BBBD801A252F823F000BF8D550100D4
:10557000B355010015560100DD540100DD54010052
:10558000DD540100DD5401002B56010020464FF48C
:10559000007115F04EF9AA790C322A4402F1090380
:1055A00020460132002115F098FD284611F044FFF5
:1055B00093E74FF48060FFF7EFF9B0B14FF400616B
:1055C000204615F036F900272046CDE90577FDF78E
:1055D000CFFC0646204615F028F90095034605AA9B
:1055E0003946B0B216F0D6FA77E72146012015F019
:1055F00015F900F11201204615F0C6FD06212846D6
:1056000016F03BFC2846FFF7FBFA2946204616F029
:1056100032FC62E7284611F00FFF2146012016F008
:105620001DFD204615F09BFD57E712F081FA4FF45F
:1056300000710646204615F0FCF84FF480512046D4
:1056400015F0FFF8304612F079FA4FF4C0612046A9
:1056500015F0FAF82946204616F00DFC21460120E7
:1056600015F0DCF8C268054682B193790C331A4410
:1056700002F1130301210B32204615F02EFD2046C6
:1056800015F047FDE968204616F0F5FB0023EB60B6
:1056900023E7002022E700BF41C4020010B5074CF9
:1056A00007492046002216F0B5FD2046FFF730FAE4
:1056B000BDE8104001200021FFF774B93414002028
:1056C0000154010038B505460C4615F0B0F800F05D
:1056D0001800102806D121462846054ABDE8384062
:1056E00016F02DBD204611F0A7FE0C2038BD00BFDE
:1056F0000553010038B58B790C460C331944E35C33
:10570000142B054603D0152B0FD0002038BD0131D6
:1057100016F068FF15212846224616F0ABFF2146F9
:10572000284616F0A8FB0120F0E70146012015F0FD
:1057300075F80B4B82689A4203D0204611F07CFE2C
:10574000F1E7A17921440D31284616F04BFF2046A0
:1057500011F072FE2946012016F050FCE3E700BF6D
:10576000C9C6020037B504460A460D46142116F094
:1057700081FF2946204616F07EFB0321204615F0C6
:1057800076F83022034600922146034A012016F0A3
:10579000F6FB002003B030BDC9C6020010B5074CAF
:1057A0000749084A204616F035FD2046FFF7B0F9B4
:1057B000BDE8104020200021FFF7F4B8401400207D
:1057C000F5560100CDC6020073B5ADF800208DF886
:1057D00002301E460446009B019301A80D46114667
:1057E00016F0EAFE9DF80630B34203D1BDF804304E
:1057F0008B4205D0284611F01FFE122002B070BD6A
:10580000204615F084F99DF80230827A9A4209D137
:105810008288BDF800309A4204D1284611F00CFE6F
:105820000020EBE76946204615F02DFC024A294688
:10583000204616F084FCE1E7655701002DE9F041B0
:1058400016461A43BDF8188007460C461D4605D17A
:1058500020461146BDE8F04116F08BBF4146204678
:1058600016F067FB78B12146384614F0D7FF402385
:105870008674C5742146069338464346034ABDE8FC
:10588000F04116F07CBBBDE8F08100BF2BC80200E0
:10589000F7B505460E460146012014F0BFFF036828
:1058A00013F0F00F03D02946012016F0D7FB28464D
:1058B00015F094FAB3790C3333445F789B781F402A
:1058C0000378C3F3030000EA1310384016F02BFFEF
:1058D000044668B9284616F02FFF384016F023FF1B
:1058E000044628B9284615F07CFA01F0A7FF0446C3
:1058F0002846002115F00DF91721304616F0BDFAA3
:105900003046FFF77DF9314644708470284616F022
:10591000B2FA0321284614F0AAFF4022034600925F
:105920002946034A002016F02AFB03B0F0BD00BF51
:10593000E1C7020008B581B2074815F0D3FC012089
:1059400000F0F6FC30B9054A536919075CBF43F013
:105950000403536108BD00BF541400204C14002000
:10596000012383400649DB4301F1240252E8002F62
:105970001A4001F1240C4CE800200028F4D17047B3
:105980004C1400200123074A03FA00F002F124031B
:1059900053E8003F034302F1240C4CE80031002996
:1059A000F4D170474C140020044A536A4FF08040F1
:1059B00043F40023536203F0A1B900BF4C1400204C
:1059C00038B51E4C4FF01013E3624FF4E0632386AA
:1059D00047F6FF73A4F8603094F86730012262F351
:1059E000030384F86730164A164B0025C4E91632C3
:1059F0006562FFF731F84FF48073A4F84830124B1A
:105A0000E361124B84F856001A6865611378527886
:105A1000A4F8BC5013445B10294604F108006376D7
:105A2000A4F8B45015F05EFC294604F1940015F07A
:105A300059FCBDE8384017F0EFB900BF4C14002006
:105A400055555500D6BE898EB1CA02001C140020DF
:105A50002DE9F0411F4C9DF81C609846636A0F4683
:105A6000D907154633D460B30120FFF78BFF626A74
:105A70009DF8183084F8546022F4C07242EAC312D0
:105A8000052E626207D102F019F868B96D00ADB257
:105A9000BD4228BF3D4694F854309A0715D413F000
:105AA000040F14BF0326012694F86730A78566F318
:105AB000030384F86730E58584F830800120BDE871
:105AC000F0810120FFF74CFFD1E70226ECE7002030
:105AD000F5E700BF4C140020024B586AC0F3800069
:105AE000704700BF4C14002010B51D4CFFF7F4FFA9
:105AF000636A13F0010313D1A8B994F8663094F8DF
:105B00003110253BDBB20133DBB2032B28BF00236E
:105B100041FA03F2D207F6D5253384F8663018E04F
:105B200094F8543010B194F85520134303F0050352
:105B3000052BE2D101F0C2FF0028DED194F86730D6
:105B400003F00F02012A05D1032262F3030384F854
:105B5000673010BD012262F3030384F86730CCE79D
:105B60004C140020024B586A00F00100704700BF3F
:105B70004C140020F8B52F4C40F27123E36018B1AB
:105B8000636943F01003636117F09EF8E28DE66CE1
:105B9000236DA78D151F40F271214D43AE4218D2DF
:105BA000A3F5967301FB0733181AE76823893B4472
:105BB00083420EDA6369514343F01003891B63612A
:105BC0008142D4BF21612061BDE8F840194800F04E
:105BD000B9BB40F271277A43A2F5AF722261FFF799
:105BE00083FFA28D236D07FB023363602365AE4202
:105BF0004FF00003104AE3640DD3FFF76DFF136805
:105C000038B19A791B7B617E0B4493420DDC63763D
:105C1000DAE71A78F6E7FFF75FFF136838B1DA7949
:105C2000197B637E5B1A9342F1DA6276CCE75A788D
:105C3000F6E700BF4C1400201C14002038B50E4CB1
:105C4000054680B10320FFF78BFE002384F8453022
:105C50000123A4F846300420FFF782FEBDE8384057
:105C60001020FFF77DBE0520FFF77AFE0123A4F880
:105C7000B83084F8B650EEE74C140020274B70B5CE
:105C80005A6A0D4609B3160747D503F1450603F1D5
:105C9000460428B3D1061FD52388012B1CD95B08E5
:105CA00023800420FFF75CFE1020FFF759FE16F05A
:105CB000CFFF2388B0FBF3F202FB1300307055B323
:105CC0000320BDE87040FFF74BBE940625D503F1D5
:105CD000B60603F1B804DCE70420FFF753FEE3E760
:105CE000D20314D5B3F84610B3F8482091420ED22F
:105CF0002288520092B22280B3F84830934228BFE3
:105D0000134623801020FFF72BFE0420CDE7102040
:105D1000FFF738FEF9E70520D3E770BD4C140020EB
:105D200070B54A4A054651681068AC79127A8AB053
:105D30006B4603C30C3408201A702C44FEF72CFE6B
:105D400020B10122A11D28461CF063FDA3798DF826
:105D50000F30A37A03F00F0303F128026A440021F5
:105D600012F8282CADF81020CDF82110ADF8251030
:105D70008DF82010062B08D8DFE803F0044F070742
:105D80005F074B000D20FFF7FDFDA37AC3F38013DF
:105D90008DF81230E368CDF81330238AADF8173050
:105DA00000231A460DF113010DF1120014F0B1F9A0
:105DB000E3798DF819304FF47F43ADF81A307F2323
:105DC0008DF81C3063798DF81D300023ADF81E303E
:105DD000AB791233AB711C2128461CF077FDAB79EF
:105DE0002B4403AC0C3309AE224603CAB2421860FE
:105DF0005960144603F10803F6D11068186029466B
:105E000013481CF00AFE4FF0804002F077FF0AB002
:105E100070BD0D20FFF7A4FDB7E7D4F81230CDF820
:105E20002130E38AADF82530EB79063BEB71A37A9C
:105E3000C3F3C0138DF82030A7E7064B5B6A9B04C1
:105E400044BF42F00102ADF810209EE74538030040
:105E50006C1400204C14002070B583790C33C418E6
:105E60002379DA0702D44FF0FF3070BDA37AE27ACB
:105E700003F00F05082DF6D8062D01D92846F4E7C2
:105E8000911F1F29EFD8012D1FD10C2AEBD1244ED1
:105E9000736A13F0060F01D1DB05EFD414F046F955
:105EA00020B914F03AF90028E8D1DCE7A37A96F893
:105EB0003020B2EBD31FC3F3C010D4D104F11201D0
:105EC00000F00100FEF77AFCEDE7042DD6D114496D
:105ED000144A486A0240002AC5D0C96B0029CDD0B7
:105EE0008A790C3288188A5CC3F38013B3EBD21F13
:105EF00008D014F01BF90028C0D114F005F90028CF
:105F0000BCDBB0E704F10C01062208301CF01BF9E1
:105F1000044614F00BF90028B0D1002CAED0ECE709
:105F20004C14002008000400F0B5184C606B87B0DA
:105F300000B3A76BBE790C36FDF71AF80223FF21D8
:105F4000BA5DCDE90431BD19D20995F823305B095A
:105F50000393AB8B02936B8B01932B8B00930021EC
:105F600005F1080380B215F02BFD606BFDF7AAFA6E
:105F700000236363A06B11F05FFA0023A363636ADD
:105F800023F00403636207B0F0BD00BF4C1400208F
:105F900013B5154C11F0CCFD236A01930023236245
:105FA00011F0CCFD019BA3B9636A1A0406D515F064
:105FB0001FFAA0B1636A23F400436362636A1B03A0
:105FC00005D5FFF7B1FF636A23F40023636202B0D3
:105FD00010BD01A81CF058FC15F075FAE2E74FF06F
:105FE000804002F08BFEE9E74C14002038B50E4DDE
:105FF000044601F05DF8E86B18B111F01DFA0023BA
:10600000EB6315F07FF90948FEF710F9AB6B0BB1A4
:10601000FFF7CAFC0448214600F0E4F9BDE8384027
:1060200003481CF013BC00BF4C1400205414002083
:106030006C140020034B586A10F0050001D1FFF7E3
:10604000D5BF70474C14002070B53B4C636A1646B0
:1060500003F0010270B95AB111F06AFD636A23F0CE
:10606000010305466362FFF7E5FF284611F066FD70
:10607000002070BD002AFBD19B0704D5E36BBBB1A8
:106080000120FFF7DBFD94F8303003F0FD03012B16
:1060900016D011F04DFD0546C6B10E20FFF772FC7B
:1060A00016F012FE42F2107303FB0600A06210E02D
:1060B00002201CF090FDE0630028E1D10720D8E722
:1060C000FEF7CCFB0028E4D11220D2E70E20FFF728
:1060D00047FC0020FFF756FC636A13F00403C4D1A9
:1060E000E364E38D40F27122023B5343E26023619B
:1060F00016F0AEFD0323B0FBF3F303EB4303C31A27
:10610000253384F86630FFF7EFFC16F0DDFD6060A4
:106110002065B4F8BC00002808BFF520FFF70AFC92
:10612000064B05481A681378527813445B1063765F
:1061300000F008F999E700BF4C1400201C1400205F
:1061400038B51A4C636923F010036361054600F00B
:10615000AFFFB4F8BC302BB9A36813F4601F08BFBD
:10616000A4F8BC301148012100F03CF9104BE36168
:10617000636A5A0405D485F00100BDE83840FFF792
:10618000F9BCA26A6168521A002AF4DA23F001030A
:1061900043F400436362FFF74DFF4FF0804002F08D
:1061A000ADFDFFF799FC0028E5D138BD4C14002067
:1061B000B1CA020008B5FFF78FFCB0B10B4B586AAB
:1061C00020F0040210F001005A6203D1BDE808403B
:1061D000FFF70CBF00F06CFF15F094F8FFF7E4FB3D
:1061E000BDE808400020FFF7ABBF08BD4C140020FD
:1061F0002DE9F04F314CA56B636BAE7900278BB066
:106200000C36C4E90D7705EB0608079383468946EB
:10621000D8F824A001F0EAFDAA5D08F10806C2F34F
:10622000C01231460DF127008DF8272013F086FFAC
:10623000CDE904B9636A0798C3F380230393FF236E
:1062400002939DF8273052463946CDE9006308F1A4
:106250000E03FDF7D5F9284611F0EEF8636A23F036
:106260002402D907626205D40120FFF7BFFE0BB0FC
:10627000BDE8F08F124B94F854501A681378527896
:1062800013445B10052D637602D101F017FC40B971
:1062900094F854309A070ED413F0040F14BF03255A
:1062A000012594F86730012065F3030384F8673013
:1062B000FFF746FFDBE70225F3E700BF4C140020A1
:1062C0001C14002010B5074C2368DA0607D523F00C
:1062D0001003236018B9A168012013F0EEFE00231B
:1062E000A36010BD0C150020014610B50446022025
:1062F00013F0E3FE054B1B68D90305D463691A0745
:106300005CBF43F00403636110BD00BF0C150020A7
:10631000014BD868DC3870470C15002010B5034BD2
:10632000DC6816F0D1FCDC3C201A10BD0C150020F6
:10633000034B1B6813EA004314BF01200020704781
:106340000C150020F8B50023036043690446580784
:106350000DD5204650F8081FC90C01F4FC7141F01E
:106360000501FDF711FF636923F0040363616369AD
:106370002589D90603D516F0A7FC28446060184E7D
:10638000606831462D1A51F8043F8BB923600C60C8
:10639000B3684BB1617E5A7E914219D26269D206CE
:1063A0000FD50020FFF78EFFBDE8F84015F0DCBCEC
:1063B0005A681F892A44D21B002AE7DA19461B684B
:1063C000E3E75A681B6913441B1A002BECDBE8E770
:1063D0001A895B68D31AE2680344D342E4D5E0E744
:1063E0000C15002038B50B4DAB680446A342084697
:1063F00001D1FFF767FF6B68074A1BB1A342196819
:1064000004D11160BDE8384015F0AEBC1A460B4609
:10641000F3E700BF0C150020101500202DE9F34113
:10642000634E33685C0700F18A80B368002B40F04C
:10643000868056E8003F43F0040346E80032002A15
:10644000F7D17468BCB116F03FFC01AA8046014642
:106450002046276916F094FB08B9204622E06369BC
:106460002568D8065CBF019BFF1AA5B96368DC37B5
:106470001F44C6E9024756E8003F23F0040346E8FC
:106480000035002DF7D1B468002C4BD102B0BDE827
:10649000F04101F017BD01AA4146284616F070FBF5
:1064A00018B92846FFF720FFCBE76B6928896A688F
:1064B000D90648BF08EB0002DB07A2EB000005D4B9
:1064C00001992B695B1AE9685B1A18446368D9194A
:1064D000091A002919DD8F4204D9E168C01ADC319C
:1064E00081421DD96069C10711D42169D5F80CC05A
:1064F0000B442189A3EB0C035B1AE1689B1ADC3186
:106500008B4204DD6A6067462C462D68ADE7697EE4
:10651000637E9942F9D2C3069FD5EF686A60F3E7BC
:106520000746F2E7A36813F4601FC3F3C24009D122
:10653000336843F010033360214613F0BEFD02B010
:10654000BDE8F08104F108073846FDF72BFE3368FB
:1065500043F0100333602146F8B913F0AEFDA36891
:1065600013F4601F4FEAD341C3F3C24517D0013D76
:10657000EDB201F4FC7129433846FDF705FE032115
:106580003846FDF76DFE75B1A268237E1344120CE8
:106590009BB212041343A360D1E72846CDE7032141
:1065A0003846FDF75DFE3846FDF740FEECE700BFDC
:1065B0000C15002008B5034B996809B113F07DFD57
:1065C00008BD00BF0C150020014B9868704700BF44
:1065D0000C1500200A4B70B59C6884420FD12146EF
:1065E000012013F06AFD6668258916F06DFBAD1B6E
:1065F000C54221464CBF0020022013F05EFD70BD55
:106600000C150020054B1B681B6A13F0100003D00B
:1066100013F0030018BF0120704700BF1C150020B5
:106620002DE9F341344B9C68A5790C356719635DFE
:1066300003F04F036355838D0622103B06468846C0
:106640007A700D2B32D8DFE803F054315007310C4B
:10665000313131313131310C635D6FF303036355F7
:1066600024E0625D006A012363F30302625510F4C3
:10667000006F4FF00C027A7006F12E0107F108024C
:106680000CD001924FF0FF320092C0F380201A46E6
:1066900013F048FD635D43F08003E0E7D6F82E3049
:1066A000BB608B889380336A5B05F3D4B28D635DE6
:1066B00062F345136355B91C304616F059FB635D10
:1066C00060F386136355A3797A7802331344E37138
:1066D000B38D03F01403142B04D0B8F1000FC4BF22
:1066E00042447A7002B0BDE8F081635D62F3030357
:1066F000B5E7635D0222F9E74812002038B5294961
:106700000B7D4A7D0133DBB2B3EB921F04460B7560
:1067100003D303230B75002038BD016AC90234D5A9
:1067200090F87E200323243A92FBF3F303EB430318
:10673000D21A2532D2B2A18D94F87F30B4F9340048
:1067400084F87E2011F0100103F00F0323D116F01E
:106750003AFB01F095F8B4F97820824204F1700513
:1067600004D0A4F8780001F033FD6881284601F0D8
:10677000F3FB00221146104613F0A1FC94F87E00B2
:10678000002116F01FFB0120C6E75B001A4102F052
:1067900003022532CFE702461946002001F016FE1B
:1067A000D7E700BF481200201F4B2DE9F0410446F7
:1067B0001860006C1D4E1CF0CEF801462046FFF715
:1067C0002FFFA38D03F01403142BB36814BF226CA6
:1067D00000221A602046FFF791FFFFF713FF144BCA
:1067E000051E144808BF184601F0ECFC6369676891
:1067F00003F0100816F068FA6D000346627EE8B2F6
:10680000B8F1000F03D1FF1AB7F59B7F07D51146EA
:1068100001F082FCB068BDE8F04101F051BC616854
:1068200016F058FAF6E700BF1C15002048120020A9
:10683000C5680100116B010070B50546FFF7E2FE67
:10684000104B114E041E114808BF184601F0BAFC47
:106850002846FFF753FF054660B133686000597E54
:1068600000F0FE0001F058FC094BBDE8704098684C
:1068700001F026BC01F0A6FC30682946BDE8704056
:10688000FCF760B8C56801001C150020116B010001
:1068900048120020034610B5094C052B20680AD089
:1068A000062B0CD1002001F08DFC20680121BDE8F1
:1068B0001040FCF747B8BDE81040FFF7BDBF10BD62
:1068C0001C150020032803D1024B1868FFF7B4BF42
:1068D000FFF7E0BF1C1500200C4B032810B51C6807
:1068E0000FD1206C1CF037F801462046FFF798FEC8
:1068F000074B226C9B6820461A60BDE81040FFF7EA
:106900009BBFBDE81040FFF7C5BF00BF1C150020AE
:10691000481200202DE9F8438B790C33CC18064639
:106920002379DA0703D44FF0FF30BDE8F883E77A24
:10693000252FF8D83C4B9A6893790C33D118D35C47
:10694000A27AC3F38013B3EBD21FECD1056AEB0636
:106950004CBF02310431062204F112001BF0F3FB9C
:106960000028E0D194F80A9013F0E0FB05F4C0454C
:1069700080F001032A1EC9F3801904F10C08414676
:10698000DBB218BF0122484616F0AEF9014658B1F5
:10699000A37A03F00F03032B16D1336A9807C2D5ED
:1069A0000C2FC0D10320C0E713F0C6FB0028BAD1DA
:1069B000A37A03F00F03002DEDD0032B85F4C0451F
:1069C00013D1A904AFD5E8E7052BACD1306AC207D3
:1069D000A9D500F01403142B0CD004F1180016F004
:1069E000F1F800289FD005209FE7052B9BD16B0471
:1069F000ECD498E706F12E052946C0F3802013F069
:106A00008AFB0028E9D1A27A336AC2F38012C3F369
:106A100080239A4287D10622294640461BF093FBE9
:106A20000028DAD07FE700BF481200202DE9F74F99
:106A30004FF0FF310746002401A8019401F060F8EF
:106A4000019949B13846FFF765FF032806D00528AC
:106A50004BD001A81BF0FAFE01203FE0DFF8A88030
:106A60002848DFF8A89001F0ADFBD8F800302046A8
:106A7000597E01F075FBD8F800B0D9F80860DBF852
:106A800044001BF068FFB4790C3406EB040A335D54
:106A900003F0400343F00403054633550AF10201B5
:106AA000584616F065F9335D60F386133355D8F810
:106AB0000030D9F808005B6C002DA4BF06358AF8B9
:106AC0000150036001F0FCFAD8F800301B6ADB04C7
:106AD00007D50199384613F0EBFD002003B0BDE85F
:106AE000F08F01A81BF0B2FEF7E7019801F0C0F8A3
:106AF0000199384613F085FD0028ADD0204601F0FD
:106B000061FBEAE7D96801001C150020481200204B
:106B10000E4A032810B5146805D0042809D0BDE832
:106B20001040FFF7B7BE617E0120BDE8104001F0C4
:106B3000AFBA2046FFF77AFF30B101F057F920468F
:106B4000BDE81040FFF778BE10BD00BF1C15002047
:106B500038B50D460446002001F034FB01F046F93B
:106B600029462046FCF738FA014B00221A6038BD4E
:106B7000201500200123074A03FA00F002F1140354
:106B800053E8003F034302F1140C4CE800310029A4
:106B9000F4D1704760120020F8B5244F7B6913F4DC
:106BA000C07F05460C4603D099063BD401200CE07B
:106BB00039B15A0705D4D5F8A43013B90820FFF726
:106BC000D9FF7B699B0601D50020F8BD7B7FAE6AAB
:106BD000022B06F0080604D916B114B90220F4E716
:106BE000E4B995F8921095F83701063100F00F00DE
:106BF00000F000FE85B20EB904B16D00FFF78EFB08
:106C0000A8420DDB7B6913F01C0FDDD11EB1002CF7
:106C1000DAD10520D9E7002CFBD1D5E70320D4E752
:106C20000420D2E7002CCFD0C3E700BF60120020C1
:106C300038B5124D6B69044643F400734FF480611C
:106C400028306B6115F0EFFF0121204613F0FCFDA9
:106C500000212046FFF7A0FF014620B12046BDE8F5
:106C60003840FFF775BF6869617E80F48070BDE8C9
:106C70003840C0F3002001F00BBA00BF60120020C2
:106C800038B50C4B0446186000F5947001F064F9B7
:106C90002046FCF76DF9C4B2204613F01CFA0546F5
:106CA000204613F01AFA29460246022013F007FA8A
:106CB00038BD00BF2015002008B5002001F082FA81
:106CC00001F094F8014B00221A6008BD2015002045
:106CD00010B50446FFF7D4FF064801F073FA616867
:106CE000226C637E01EB9202BDE81040112001F09E
:106CF00091B900BFC16F01003F4B37B51C68A26A54
:106D0000002350050193D4F8A03012D504F1A4005B
:106D100001931BF0B9FDC4F8A00050B194F84631BE
:106D2000013B84F846314FF4806104F1280015F0EE
:106D30007AFFD4F8A0500DB9304B9D6894F94631D4
:106D4000022B0DDCD4F8A83013B1A36AD90502D503
:106D5000D4F8AC3023B14FF480512046FCF71EF933
:106D6000D4F8A410A36AAA79002902F10C024FEA10
:106D7000830314BF0121002103F00C0343EA011334
:106D8000A95C21F01C0143EA0103AB540DD11B4A5D
:106D900002F1140353E8003F23F0080302F114004A
:106DA00040E800310029F3D102E00320FFF7E2FEC2
:106DB000284601F085F9019B53B15B7903F00A0382
:106DC000082B02D12046FCF7CFFB01A81BF03EFDAB
:106DD0006B799A070ED5A36A1B040BD50820FFF721
:106DE000C9FE4FF4004104F1280003B0BDE8304073
:106DF00015F019BF03B030BD20150020601200202F
:106E00002DE9F04385B000230446032103A8039332
:106E100000F076FE039D35B9F4212046FFF798FE79
:106E200005B0BDE8F083AB79644F0C331D447B693A
:106E30002A79D6074ED4DD064CBF07200420FFF781
:106E400099FE002601212046FFF7A6FE054650B90F
:106E50007869617E80F48070C0F30020400001F00A
:106E60007FF9FFF749FF039800F002FFDDF80C807F
:106E70007A6998F80630510603F10C0308EB030910
:106E800015D458F803303B610620FFF773FEA36A60
:106E90001A060CD404F1280252E8003F43F08003A4
:106EA00042E800310029F7D10120FFF763FE49468F
:106EB000204613F0CFFC99F80430DB077BD5002E79
:106EC00052D11DB129462046FFF742FE03A800F02B
:106ED000F1FCA5E723F0100301207B61FFF74AFED8
:106EE000AE7AF0062FD50220FFF744FEA36AAA7AF5
:106EF00083F00203C2F38002C3F340039A422FD10E
:106F000004F128004FF4006115F08DFE50E8002FC9
:106F100042F4806240E80023002BF7D1A26A82F09D
:106F20000202A2627B77AA7AA36AC2F3C00203F0CC
:106F300001018A4285D183F0010316F00306A362A2
:106F400018BF01267EE707F1140353E8003F23F042
:106F5000040307F1140141E80032002AF3D1C5E728
:106F60007B7F0133DBB2DDE72046FCF701F8C0B2DE
:106F700013F0B1F806462046FBF7FAFFCDF804807F
:106F8000A38F009382B200233146022013F09FF8B2
:106F90004FF0FF3103A800F0B3FD03998B790B4448
:106FA000DB7D002B8DD02046FCF7FCFA002D3FF452
:106FB00037AF294631E7002E83D0E9E76012002081
:106FC00008B5124A0346042B10680BD002D8032BD5
:106FD00018D008BD053B012BFBD8BDE80840F121C6
:106FE000FFF7B6BDFFF70CFF094A02F1140353E89F
:106FF000003F23F0200302F1140040E80031002993
:10700000F3D1E6E7BDE80840FFF712BE20150020E7
:1070100060120020164B033810B51C68032818D8DE
:10702000DFE800F00702181E2046BDE81040FFF719
:10703000E7BE2046FFF7FCFD0E4A02F1140353E8B9
:10704000003F23F0200302F1140040E80031002942
:10705000F3D110BDF1212046BDE81040FFF778BD07
:107060004FF4806104F1280015F0DDFDF221F2E714
:10707000201500206012002010B50446FFF700FE26
:10708000054801F09FF8FFF737FE627E6168022035
:10709000BDE8104015F01EBE15700100034B5B6A81
:1070A00013F0060F0CBFE220F12070474C140020B3
:1070B00008B5FFF789FA054B834206D100F096FE2A
:1070C000BDE80840002001F07DB808BD4C14002048
:1070D00070B5214C214801F075F894F8673094F8A8
:1070E000662003F00F030021C82015F06CFE00F0AD
:1070F000C7FBB4F96020824205D0A4F8600001F01B
:1071000067F8A4F86200164800F026FF0022114636
:10711000104612F0D4FF666815F0D6FD0246FFF760
:10712000BDFFB61AB6F5FA6F054609DCFFF7F0F8B1
:10713000627EA0F5AF712846BDE8704000F030BF18
:107140006668FFF7E5F8637EA0F5AF723146284622
:10715000BDE8704000F05EBF4C140020FD750100DA
:10716000A414002038B500F041FEFFF7D7F840F234
:107170008A2398420D4C0CDDFFF790FF0546FFF780
:10718000C7F8627EA0F5AF712846BDE8384000F030
:1071900007BF15F099FDE36C62689B1A0344E36432
:1071A0000020BDE8384015F090BC00BF4C14002012
:1071B000F7B5104C94F8455006460F462DB1013DE9
:1071C00084F84550002003B0F0BD0B4B1B68022033
:1071D000597800F0C5FF94F83030CDE900533A46B5
:1071E000E06B0323314615F0A1FCE06B00F068FF73
:1071F0000120E8E74C1400201C140020094A02F189
:10720000240353E8003F43F0080302F1240040E860
:1072100000310029F3D1044B1B680120597800F09C
:1072200037BF00BF4C1400201C1400204389028982
:107230005B0040F2712043435B1AD0B24343120A11
:10724000B3FBF2F3024A126811445818704700BFAA
:107250004C17002030B58C1AE41A002C08DA124CB6
:107260006468551A1D44B5FBF4F505FB044421443C
:107270001344CB1A40F2E242B3FBF2F39BB24289D1
:107280002BB9530040F2712404FB03111346013261
:10729000B3FBF2F402FB143202819B1A40F2E2408B
:1072A00000FB131030BD00BF4C1700202DE97043C8
:1072B000064618469DF8183089461446E3B9C31EA1
:1072C000012B8CBF02250325222100F093FA164BD7
:1072D0005B686D0040F2712808FB05F581446BB1D5
:1072E00021463046FFF7A2FFABB201464A46304680
:1072F000BDE87043FFF7AEBF0125E5E77389348928
:107300000133B4FBF3F203FB1244F37934815B00E5
:10731000640008FB03F308FB04F404EB530404EBE0
:1073200009002844BDE870834C1700202DE9F04186
:10733000134E736A5B0780461BD58B790C33CF18CD
:10734000C8B9FD79CC583989284600F053FA04446D
:10735000B8F1000F11D1033D012D94BF0323022387
:107360005B0040F2712202FB034434647B7986F8AF
:107370004430BDE8F0810125E4E70123F0E700BFD8
:107380004C1400202DE9F04F1F46984B9D6B5B6A13
:10739000AC798DB00C341646021E05922A5D06911A
:1073A00008BF002161F345122A55314603F040021F
:1073B0003846C3F3801A039212F0BAFE05EB0408B4
:1073C0000790285D08F1080B5946C00912F0B0FE7D
:1073D000039B8146002B44D1002844D112F0A6FE25
:1073E00080F00103DBB203F0010352463146384618
:1073F00015F07AFC0490002800F08A80039B002B93
:1074000033D1B9F1000F75D1079B002B72D012F068
:107410007EFE00286ED001220AA90DF1270012F08D
:1074200089FE002874D09DF827302A5D591E4B42F2
:107430004B41B3EBD21F6BD106220AA958461AF072
:1074400082FE002864D13368C8F80830B388ABF8EE
:1074500004302B5D67F3C7132B554FF00009CA4664
:1074600019E00123BFE7039BBDE7604B5B6A13F4A0
:1074700000791CD115F804A0CAF3801A484612F00E
:107480005EFE3368C8F80830B388ABF804302B5D73
:1074900067F3C7132B55059B544E002B3ED196F82E
:1074A000B630002B3AD0013B86F8B63030E012F00F
:1074B0002BFE002806DA15F804A04FF00009CAF3E5
:1074C000801ADBE700221146104612F02DFE15F857
:1074D00004A08146CAF3801A0028CFD000230221DD
:1074E0001A4608EB010015F0F9FA2B5D60F38613DC
:1074F0002B55C3E77A1E57422B5D5741B7EBD31F7D
:1075000006D10622314658461AF01DFE0028A4D0A6
:107510000023049304980DB0BDE8F08F15F0D4FB60
:10752000074613F077F9059B0093024639469DF80C
:10753000583008F10E00FFF7B9FE2D4B059A1B6875
:107540000746D9799AB9022000F00AFEB06B00F024
:10755000B7FDB36B9A7913441F63FFF735F8254BDA
:10756000C361069BB3B9736A23F4806315E00020FE
:1075700000F0F6FDB06B00F0A3FDB36B1E489A79E6
:1075800013441F6300F01EFE069BC3B9736A23F405
:10759000806317E0736A43F480637362039B9BB15B
:1075A000B9F1000FB6D000231A46514608F1020087
:1075B00015F094FA2B5D60F386132B55AAE7736AD6
:1075C00043F480637362EBE72B5D0022C3F3C013C7
:1075D00059460AA88DF8283012F0ACFD2B5D9DF8B5
:1075E000282062F3C7132B55DAE700BF4C140020A4
:1075F0001C14002003B30200C97701002DE9F04FED
:10760000042885B01ED005D8032800F0CF8005B02F
:10761000BDE8F08F431F012BF9D805384FF0010169
:1076200018BF0120FEF72AFB15F04EFB644AD36C0D
:1076300051685B1A03440020D36405B0BDE8F04FE5
:1076400015F043BA03A800254FF0FF31039500F071
:1076500057FA039858B1FEF7FFFB0828074603D8EE
:10766000584B1E5C30070AD403A81BF0EFF8544BAC
:107670005B6A13F0060F12D0FFF774FD0FE0072FBF
:10768000039C13D14E482A46214613F031FE0028B0
:10769000EDD013F038FE10B10120FEF76BFA012196
:1076A000084605B0BDE8F04FFEF7E8BADFF81081F4
:1076B000FEF734FED8F8243013F00403814645D099
:1076C00016F0020342D0A0F55573002B0DDDA27910
:1076D0000C3222440120917A0090C1F380130C32C5
:1076E000C1F34011FFF74EFE0546204600F0C0FAF8
:1076F00021460120FFF71AFED8F82430D9072FD5EC
:1077000094F806B003F0800A0BF10C0B12F00EFD9A
:10771000A34480F001039BF80A00BAF1000218BFED
:107720000122DBB20BF10C01C0F3801015F0DCFA82
:1077300070B165BBD8F824309A0720463BD5F307D3
:1077400012D4730739D5FEF7EBFA90E71D46CCE764
:10775000BAF1000F04D1514612F0EEFC0028E8D037
:1077600020460FF069FE1DE015F077FB78B1A9F215
:10777000B249B9F1000F0ADDA0790C3020440C3079
:1077800010F8021CC1F38011FFF712FD0546042F0B
:1077900003D1D8F824309907E2D57207E0D5204606
:1077A000FEF7BEFA002D7FF47AAF60E705B0BDE8C2
:1077B000F04FFFF723BD042FC3D10FF03DFE56E776
:1077C0004C1400204F380300032808B50AD107489D
:1077D00000F0F8FC064B012093F94410BDE8084086
:1077E000FEF706BDBDE80840FFF708BFFD750100C4
:1077F0004C140020064B10B55B690C4610B101F02B
:107800003BF8034618795B8804FB003010BD00BFCD
:10781000480D0020084B10B55B690C4610B101F013
:107820002BF803465A88A2423BBF1B79A41A0020BA
:10783000B4FBF3F010BD00BF480D00200138C0B20A
:1078400003289ABF014B185C00207047583803008A
:107850008BB20029054AB4BF053B05331BB20A2190
:10786000108093FBF1F39370704700BF981E0020C7
:10787000024B9B78C01A40B2704700BF981E002090
:10788000024B1B88C01A00B2704700BF981E002030
:10789000074B186840F20D1338B9002BC1BF4433B1
:1078A0004522B3FBF2F0C0B270470068453BF3E7F6
:1078B000480D00202DE9F041064610F039F9074641
:1078C000FFF7E6FF35460446286818B16CB928462C
:1078D0001AF0BCFF31680A481BF09FF8384610F0D8
:1078E0002DF900233360BDE8F081D0F800801BF053
:1078F00066F92B68013CC3F800802D68E4B2E3E729
:10790000480D0020024BDB6B03B11847FEF752BE57
:10791000480D002010B5064AC043131D53E8003F30
:107920000340141D44E800310029F6D110BD00BF0A
:10793000480D002010B5054A131D53E8003F0343CE
:10794000141D44E800310029F6D110BD480D002077
:1079500070B519461546064610461C4615F0A9F99D
:107960002A46454D2346304615F0A8F9D5E90623A9
:1079700000EA020401EA030654EA060313D0630195
:1079800004F0806010D56B68180623D43B4B23406D
:1079900093BB3B4B06F020022340134356D12046B5
:1079A000314615F082F970BDA4F1080333431CD1B0
:1079B000EB7A012B42D16B68D90743D50323EB72D5
:1079C0006B8C013304206B84FFF79CFF012015F0C2
:1079D00071F9E4E72B1D53E8003F23F08003291DD4
:1079E00041E80032002AF5D1DDE7A4F10C0333436E
:1079F00017D115F05FF9DBE724F0011323F4A0435E
:107A00003343C6D1EB7A012B18D16A6840F20143A7
:107A1000934314BF002303230520EB72FFF772FF8B
:107A2000BDE7231F334302D115F045F9B7E704F151
:107A30007F433343AAD1EB7A022B0FD0042015F0F9
:107A40001EF9ACE713F40063BAD1B8E70420FFF7DE
:107A500071FF4FF0006001F051F9A0E76B689A07E1
:107A600006D50423EB722B8C013303202B84ABE768
:107A700013F02003F7D1F5E7480D00200150010075
:107A80000DD50155014B986A704700BF480D002085
:107A900010B5064CA06A19F090FF28B9A06A19F039
:107AA0008EFF00F0010010BD0120FAE7480D002014
:107AB000014B986A19F085BF480D0020024B5868A9
:107AC000C0F34020704700BF480D002010B50446A9
:107AD0004FF40070FFF71EFF084B986A19F073FF10
:107AE00038B10CB9002010BD4FF40070FFF722FF31
:107AF000F8E7002CF6D00C20F5E700BF480D002079
:107B00002DE9F04F0468594D89B006468846002C8F
:107B100048D0A77920460C371AF01DFF27440A38B1
:107B20003C89B8F1FF3FA4EB000402D04445A8BF54
:107B30004446B5F83890B0EB090713D4002C0EDD9D
:107B40006D6B36683D44FF2C224629463046A8BF5F
:107B5000FF221AF05EFE241A36680544F3D109B0FC
:107B6000BDE8F08FA9EB0009296BD6F800A0A1456C
:107B7000A8BFA14601EB000BC846B9F1000F0DD01C
:107B80004246FF2A59465046A8BFFF221AF041FE3E
:107B9000B8EB0008DAF800A08344F1D1A4EB0904A3
:107BA0004F44CBE7A86A03AA032119F067FEBDF88A
:107BB0000E700294A146E8620A3702AC09E0236025
:107BC0001B682B602368C3F800902368002F1C46B5
:107BD00011DD2B68453F002BF1D101201AF0FBFF8E
:107BE000034620600028F1D1019002A81AF02EFE71
:107BF000019B3360B3E72B1D53E8003F43F00803BC
:107C00002A1D42E80034002CF5D14FF0006001F04D
:107C100075F80298BDF81020437943F001034371D1
:107C2000069B30606B63059B2A872B638379BDF8C5
:107C30000E200C3303441C711A819DF80C20297A04
:107C40009971072ADC711FBFAB8C0133AB846B8C3D
:107C50000ABF012203F1FF331A714FF00A0118BF66
:107C60006B841AF0CAFD346853E700BF480D00204A
:107C70002DE9F04187790C37C41986B0237913F0C8
:107C8000020805461BD1174E43F0020323716A46D2
:107C9000D6E90A0119F0F6FD2389B06A0333694673
:107CA000ADF8043019F0F0FD009BEB519DF90E008A
:107CB000FFF7DEFD6071B37A022B03D8E37106B0E3
:107CC000BDE8F0819DF81130012B04D0022B04D0C7
:107CD0002BB90423F2E70323F0E70123EEE784F84E
:107CE0000780ECE7480D002037B5124B00F00F0479
:107CF0001B88ADF80430012C15D0022C15D18DF85D
:107D000004400D4D6B6842F222000340A3420ED0A6
:107D1000FFF700FE2046FFF70DFEA86A01A919F043
:107D20003EFD03B030BD2024EBE70024E9E700204E
:107D3000F7E700BF80380300480D00202DE9F0432D
:107D4000124F85B002234FF0000881461046CDE95E
:107D500002180E461546FB7214F0A9FF0090797ABE
:107D6000B86A02AB424608F0AFFA044650B948463A
:107D7000FFF7BAFF2B4604464246012130463D73C9
:107D800014F091FF204605B0BDE8F083480D0020B7
:107D900037B5144B00F00F041B88ADF80430012CEC
:107DA00014D0022C16D000240F4D6B6841F6010050
:107DB0000340A34213D0FFF7ADFD2046FFF7BAFD05
:107DC000A86A01A919F001FD03B030BD04238DF8A4
:107DD0000430E9E78DF804404FF40064E4E7002044
:107DE000F2E700BF80380300480D002038B5104C82
:107DF000E37A23B100221146104614F053FF002508
:107E00002846E57214F056FFA06A0122032119F0FA
:107E100054FCA06A2A46012119F038FD8020FFF7A2
:107E200079FDBDE838404FF44050FFF783BD00BFF7
:107E3000480D002008B5FFF7D9FF044AD38C013361
:107E4000D3840620BDE80840FFF75CBD480D002044
:107E5000F8B51B4D6B68590704D50420FFF75AFD90
:107E6000FFF7E8FF6B681A070FD50FF061FE0646B3
:107E7000FFF70EFD124F044624B101201AF0ABFEAD
:107E80000146A8B930460FF059FE6B68DB0615D5E0
:107E90001020FFF73FFD00F001FD78B10FF048FE24
:107EA0000446FFF7C7FF2046BDE8F8400FF046BE86
:107EB0003846013C1AF0BBFDE4B2DDE7F8BD00BF77
:107EC000480D002010B50022084C1046114614F051
:107ED000E9FEA06A08F0BCF914F0EFFE20461AF0A3
:107EE000B5FCBDE810400820FFF714BD480D002088
:107EF000014B986A19F0A3BD480D002038B5154C08
:107F0000A37A8342054610D0431E042B08D8DFE82D
:107F100003F0030D11161800A06A08F0F7FD20B950
:107F20002846A57200F0A8FC606138BDA06A14F074
:107F3000CDFEF4E70121A06A14F0CAFEEFE70321A9
:107F4000F9E7FFF7BBFD0028EAD0A06AFFF7D0FFF2
:107F5000E5E700BF480D002073B504460F4D40898A
:107F600000F094FAA07B287214F074FE6872E07B33
:107F7000002600F00F00FFF7C1FF0096D4E90021B2
:107F8000A37BA86A19F07AFD32463146304612F0DA
:107F900096F8206814F090FE02B070BD480D0020E5
:107FA0002DE9FF4100231A4E00938DF80C30C0F3E9
:107FB00040134FF001088DF80E30C0F30013044653
:107FC000154686F80B808DF8048002918DF80D30EF
:107FD000FFF7DEFE28B1042014F051FE04B0BDE826
:107FE000F081284614F063FE717A03466A46B06A4F
:107FF00008F076F92A460746C4F3801140463573E7
:1080000014F050FE12F05CF8002FE4D1E6E700BF58
:10801000480D00202DE9FF411C4E02921D46002311
:108020000F46019301210393C3060446F1720097A2
:1080300005D573691B888DF80D1013440293C4F3A2
:10804000401328468DF80E3014F031FE717A034645
:108050006A46B06A08F044F928B1042014F00FFE13
:1080600004B0BDE8F0812046FFF792FE2B46804623
:10807000C4F3801201213846357314F014FE12F057
:108080001FF8B8F1000FE8D1EAE700BF480D002063
:1080900038B50A4D01230C46EB72FFF779FE10B19B
:1080A000042014F0ECFD2B7BA34204D922460021CE
:1080B000012014F0F7FD12F003F838BD480D002040
:1080C000F8B5044611F0FDFFA179E279114E521A7C
:1080D0000C3107460123B06AD2B2214419F0C8FB23
:1080E000E579A379ED1A57FA85F524680CB935615D
:1080F000F8BDA179E279B06A521A0C310023D2B2EC
:10810000214419F0B5FBE379A2799B1A55FA83F55E
:10811000EBE700BF480D0020F8B5104E02230D46D6
:10812000F372FFF7E1FD044620B1BDE8F8400420FA
:1081300014F0A5BD284614F0BAFD2A46074621468C
:108140000120357314F0AEFD717AB06A3B462246C9
:1081500008F0ACF80028E8D1F8BD00BF480D0020B9
:1081600038B5094D02230C46EB72FFF7BDFD10B187
:10817000042014F084FD2B7BA34204D92246002165
:10818000012014F08FFD38BD480D0020014B587BB5
:10819000704700BF480D002068B1084B194653F8DE
:1081A000042F0AB18242FAD25B1A9B10013BDBB268
:1081B000034A537370470123FAE700BF5C3803009A
:1081C000480D0020014BD863704700BF480D0020C8
:1081D00073B50F4B0F4E9B7DFF2B044615D1ADF8A9
:1081E00004000023B06A8DF803300DF1030201A9E9
:1081F00008F046FC9DF80350B06A22462946F6F77F
:10820000FFFB40EA052002B070BD034B1D78F3E789
:10821000981E0020480D0020921E0020044BC2B280
:10822000C0F30721986A82B002B0F6F769BC00BFBC
:10823000480D002010B50D4C0021A06A19F095FAE8
:108240000B49A06A19F0E9FAFE21A06A19F0D4FAE4
:10825000A06A08F02DFA074BB3F910208242C8BF7C
:1082600018821A8A9A805A8ADA8010BD480D002036
:10827000921E0020981E0020F0B5154C85B0B4F970
:108280001070ADF80210ADF80420ADF806304FF0D4
:10829000C8124FF082136946CDE90223ADF8000001
:1082A00002AD04200B46B1F9002035F9026BBA4249
:1082B000A8BF3A46B242A8BF3246013821F8022B85
:1082C000F1D103CB034BA060596005B0F0BD00BFF6
:1082D000981E0020A01E002073B50546F6F78CFC02
:1082E000314E036833608388304CB3800023A37021
:1082F000238033788DF80130FF2D18BF1D46A575FA
:108300002B4DA86A0DF103030DF102020DF10101DD
:1083100019F04EFB9DF8013040B90133DBB20D2B53
:108320008DF80130EDD9012002B070BDA27DFF2A89
:1083300000D0A3758DF8053033709DF802308DF8AC
:1083400004300198FFF76AFFC828A8BFC8209DF82D
:1083500003308DF8043020820198FFF75FFF154B42
:108360009842B8BF18466082B4F91000FFF730FF9A
:10837000ADF804000198FFF751FF2082B4F9120014
:10838000FFF726FFADF804000198FFF747FF4FF60F
:10839000FF73A382642360821A4618461946FFF7CA
:1083A0006BFF0020C0E700BF921E0020981E002037
:1083B000480D00200CFEFFFF034A0346B2F90600F9
:1083C0000BB1FFF75DBA7047981E0020084B10B53F
:1083D000B3F9044030B903EB4103B3F906309C42D2
:1083E000A8BF1C46A242A8BF2246104610BD00BF2F
:1083F000981E0020014BB3F912007047981E002010
:10840000014BB3F910007047981E002073B5064663
:108410000FF08EFB0C4D0446B5F91200B5F9103083
:10842000B042B8BF30469842A8BF1846FFF7D0FE0A
:10843000ADF804000198FFF7F1FEE880204602B095
:10844000BDE870400FF07ABB981E002073B5064659
:108450000FF06EFB0C4D0446B5F91000B5F9123063
:10846000B042A8BF30469842B8BF1846FFF7B0FEEA
:10847000ADF804000198FFF7D1FEA880204602B0B5
:10848000BDE870400FF05ABB981E0020F0B5C0F355
:10849000072585B0FE2DADF8040027D0144C9DF8BB
:1084A00004700FF045FB637DAB4206460ED0114BC6
:1084B00018689B88ADF80C300F4B029002A9986A9F
:1084C0008DF8085019F0A9F9FF232375237DBB42CD
:1084D00006D0094B3946986A19F08EF927756575EB
:1084E000304605B0BDE8F0400FF028BB05B0F0BD48
:1084F000981E0020921E0020480D00202DE9F04714
:10850000DFF8449086B007460E4614460DF1080881
:10851000A9F1100ACDE900980B4B3A46802150464C
:108520000FF044FF0028F5D1102C254628BF102558
:1085300030462A46414619F03BFE641B2F442E4428
:10854000E8D106B0BDE8F087231F002030B589B020
:10855000202269460D4DFFF7D1FF6A4604AB144651
:1085600003CC9C4228606960224605F10805F6D1DB
:10857000074C08AD1A4603CAAA4220606160134640
:1085800004F10804F6D109B030BD00BF131F00206C
:10859000231F002010B588B0694620200FF05EF937
:1085A000044630B96846FFF7D1FF034B012283F838
:1085B0002020204608B010BD131F002070B5134BBB
:1085C00093F820308CB005460C460BB9FFF7E2FF5C
:1085D0000023CDE90033CDE9023354B91C222146F2
:1085E00005A8049419F0D9FD04A8FFF7AFFF0CB05B
:1085F00070BD102C264628BF1026294632466846F4
:10860000FFF77CFF3544A41BE7E700BF131F0020E2
:108610002DE9F84FDFF86890D9F800B08246884617
:108620001746BBF1000F28D099F804500026B54238
:1086300007D13D7099F80400A84214BF0120022020
:1086400017E074196110C1EBC1015944C4F3470428
:10865000887900F00100B8EB000003D106225046F3
:1086600019F071FD002806DB02D0661CF6B2DEE7C9
:108670003C70BDE8F88F2546D9E70320F9E700BF35
:1086800044170020014B00221A7170474417002044
:10869000F8B5124C05460FF04BFA637985F30705E0
:1086A000AB42064605D1002430460FF047FA20467B
:1086B000F8BD206865710027277110B10FF04AF8E6
:1086C00027606379002BEED0C5EBC5000FF024F8CE
:1086D00020600028E7D160710724E5E744170020F7
:1086E000044BD3F8012002605B7903F01F03037190
:1086F000704700BF341F0020F0B5244B002918BF7D
:108700000B4614461268C3F8012022795A710021E1
:108710008BB019700125C1F3C402CFB2A65C01F081
:10872000070205FA02F2164207D01A7802F128066B
:108730006E44013206F8287C1A7001312529EAD1ED
:108740001A7828B16946981D19F032FD0BB0F0BDBA
:10875000002AFBD005330126C0F3C405C1B2675D12
:1087600000F0070506FA05F52F4208D1B1FBF2F536
:1087700002FB15110AAD55FA81F111F8281C03F816
:10878000011F01302528E7D1E0E700BF341F00209A
:10879000034B002818BF03460B449879704700BF6D
:1087A000341F002082EA12421FFA82FC8CEA010385
:1087B00093FAA3F31BBA9BB203EB031363449BB27C
:1087C00093FAA3F31BBA9BB203EB031363449BB26C
:1087D00093FAA3F31BBA9BB203EB03136344154A4A
:1087E0008CEA030C1FFA8CFCA2FB0C23ACEB0302FB
:1087F00003EB52035B0903EBC30100B503EB8103F9
:108800000D4AACEB0303002818BF0246C3F3C401B2
:10881000114403F0070ED8B24978012303FA0EF38E
:10882000194201BF13780CFB03F302EB134290795A
:108830005DF804FB4D91CFBA341F0020064B074A68
:108840001A60074B074A1A60074B084A1A60084B20
:10885000084A1A6001207047981200201DCE0200BD
:108860009412002055CE0200901200201BCE020070
:108870008C12002057CE02000528044B08BF0320AD
:108880000622013802FB0030704700BF8238030027
:10889000014B986D80B27047005008400A4B5868F1
:1088A00000F07060B0F1106F0CD008D8B0F1E06F3C
:1088B00008D0B0F1006F14BF002001207047B0F164
:1088C000406FF8E70120704700400840431C07B59F
:1088D000014606D00023CDE90033034A034810F0D7
:1088E0005CF803B05DF804FB03CF020074180020AD
:1088F00070B50E461546044610B302F0DDFC08B311
:10890000236813F4807F114B1CBF01221A70104A98
:108910001B7814600F4A16600F4A15601BB902F0ED
:10892000C1FC02F0A9FC0EF0EBFE02F08BFB0B4B3E
:108930000B48197802F092FBBDE8704002F052B982
:10894000212070BD40F20440FBE700BF601F002003
:10895000601700205C17002058170020FE1F002021
:10896000197702002DE9F04186B00EF09DFE974B7D
:10897000974D1A78974911200EF0C6FC2B685A685B
:108980005423B2FBF3F2002392B2512118460EF0A9
:1089900051FC0446002840F00B810EF00FFD10F052
:1089A000A6F8044610F0A5F8844240F2D08010F0FA
:1089B0009EF881B20023012210200EF03BFC0446F9
:1089C000002840F0F580844B1968844B186807F044
:1089D000F7F800F05FF90446002840F0E9802B68C2
:1089E0001C7F002C00F0B680102C28BF102419F03A
:1089F00079FE621C81B20023D2B208200EF01AFC6C
:108A00000446002840F0D480754A76490D200EF0C7
:108A100045FB06460446002840F0CA800EF0C4F923
:108A20008DF806606E46324606212C2000F008FACA
:108A300060B9304614F0F3FF10B1302840F08C805C
:108A40003C2000F01BFA2C2000F018FA9DF80630AC
:108A5000190740F1928096E80300ADF80C10090C5C
:108A600002908DF80E109DF8063013F0280F07D1F4
:108A7000DDE90201ADF80410090C00908DF8061034
:108A80002B681869002840F08D802B68586900F029
:108A900047F92B6893F82220D20700F18D8010F05F
:108AA0000CF802A902460746286814F02EFA04467C
:108AB00000287DD108F09EF904AA0221322000F09E
:108AC000BFF928B9BDF810104FF0FF3018F0CEFEF6
:108AD00010F015F8044600286AD1012000F0D0FCFF
:108AE000414B18681AF0DAF90446002860D115F0F5
:108AF0005DFC044602F0A2FE804614F0CFFF414622
:108B00000246204613F014F90446002850D12B6881
:108B10001B689B050CD4B7F5FA7F09D90FF001F853
:108B2000012107460846F7F7E5FF38460EF0FDFF3E
:108B30002B689A692D4B1A6014F035FA2C4B18608B
:108B4000304600F039FD2B480EF0A2FA30E00FF06D
:108B5000D0FF2EE704244AE704AA01213C2000F0BC
:108B60006FF940B99DF81030012B14BF49237223CF
:108B70008DF806306AE74923FAE7F5F7A7FECDE955
:108B80000401030C8DF80A30BDF81530ADF80B3038
:108B90009DF817308DF80D304923ADF808008DF899
:108BA0000E3060E714F084FE044600283FF46DAFF9
:108BB000204606B0BDE8F08193F8230015F0E9F8EF
:108BC00000283FF46CAF40F20C44F1E7FE1F002098
:108BD0006017002019770200C4190020C81900206E
:108BE000ABCF0200A7CF02005C170020981800202E
:108BF00094180020CD88010002480022032119F0BA
:108C000016BD00BF2C190020F8B5114814F0CAFF9A
:108C1000E0B914F0C8F90F4D0D4E286006F10C07AD
:108C2000286814F0B0FE0EF0FBF80446304614F04D
:108C3000B5FF10B9384619F009FE02F0C3FA08B9B9
:108C4000002CEDD1BDE8F84014F027BFF8BD00BFFF
:108C5000100B00209418002008B5054B1B782BB989
:108C600014F035F9B0FA80F0400908BD0020FCE7A7
:108C70005F1F002010B5054C01232370044B1B68B7
:108C800003B198470023237010BD00BF5F1F002071
:108C9000981800200D4B98420DD8023B984210D8EE
:108CA00070B1023B98420ED020F0704020F460403A
:108CB00000F590607047064B9842F5D140F21C4099
:108CC00070472120704740F21B4070470AE000F0D7
:108CD0000BE000F0024B4FF080525A60704700BF2B
:108CE00000ED00E0044A002352E8000F42E80031A2
:108CF0000029F9D1FBF7CABDA0180020064A52E8A6
:108D0000003F034342E800310029F8D1034B1B68C0
:108D100003B11847704700BFA01800209C1800201E
:108D2000034B002814BF02461A46024B1A607047D4
:108D3000D58C01009C18002037B51C68E10705D5CB
:108D400014F014FE1649174819F079FCA20723D530
:108D500001F022FBD0B9144D01900EF0E9FE04465B
:108D6000284619F091FD019020460EF0E7FE01988B
:108D700090B143799B070CD401A8022119F066FE3B
:108D8000019801F0F9FA14F0A0FDE6E714F09DFD5A
:108D9000DEE701F0E5FAF6E7002003B030BD00BFE2
:108DA000240B00202C190020A418002008B5054829
:108DB0000EF006F8044B1870BDE8084001210EF0D3
:108DC0000FB800BF340B0020611F002038B50446E7
:108DD00048B10EF0ADFE21460546084819F01DFECB
:108DE00028460EF0ABFE064B022193F900000DF071
:108DF000F7FFBDE83840FFF73DBF00BFA4180020D3
:108E0000611F0020F8B50C4B0C4F04460E46386825
:108E10001968154606F0D4FEFFF73CFF50B93868D4
:108E200033462A4644F4802107F0E0F8BDE8F840D4
:108E3000FFF730BFF8BD00BFC4190020C8190020DB
:108E4000F8B50C4B0C4F04460E46386819681546A9
:108E500006F0B6FEFFF71EFF50B9386833462A46C3
:108E600044F4802107F0D2F8BDE8F840FFF712BFC4
:108E7000F8BD00BFC4190020C819002038B50A4B3E
:108E80000A4D19680446286806F09AFEFFF702FFAB
:108E900040B9286844F4802118F0EAFBBDE8384066
:108EA000FFF7F8BE38BD00BFC4190020C819002064
:108EB0002DE9F043134B0E461968134B8DB0054650
:108EC0001868174606F07CFE80B9009733460A22E0
:108ED00002A9284607F0BCF80DF1080904464FF036
:108EE0000008444505D1002CEFD120460DB0BDE867
:108EF000F08359F8041B284618F0BAFB08F1010862
:108F0000EFE700BFC4190020C8190020F8B50C4BCA
:108F10000C4F06460C463868196806F051FEFFF7FC
:108F2000B9FE054648B9E24316FA82F2386842F4BF
:108F3000802246F48021FFF7BBFF2846F8BD00BF22
:108F4000C4190020C8190020034B00221A609A801F
:108F5000FF229A71704700BF841F0020064A1379D0
:108F6000834207D9126801238340134214BF0120B2
:108F70000020704700207047A8180020054A0346CB
:108F80001068002208B91A607047C10748BF013253
:108F90004008F7E7A8180020014B1879704700BF78
:108FA000A8180020102A2DE9FF4706460F4615464F
:108FB00023D8DFF84C80DFF84CA000244FF00109E3
:108FC000D8F8002009FA04F3134213D046EA04202B
:108FD00040EA0A006A46E9B280B2FFF731FF48B9B9
:108FE0002A463946684619F0AEF818B960B204B09E
:108FF000BDE8F0870134202CE2D14FF0FF30F6E7D6
:10900000A81800200080FFFF2DE9F3411D4E054602
:1090100001460622304619F096F820B996F9060066
:1090200002B0BDE8F0810024EF1CA0462046FFF707
:1090300095FFD8B13B88CDF800806946ADF8033084
:10904000E0B2BB788DF8053016F097FD21280DD0E1
:10905000A8B903222946684619F075F830B92B687B
:109060003360AB88B38060B2B071D9E70134202C93
:10907000DCD12B683360AB88B380FF23B3714FF032
:10908000FF30CDE7841F0020034B93F906300133F6
:1090900001D1FFF759BF7047841F0020F7B5044680
:1090A00014F020FD631C39D114F0C6FC4FF40041CC
:1090B0000846FFF749FFFFF729FF4B4B4B480025B8
:1090C000214620221D6019F068F8284602F05CF95C
:1090D000474D0446FF267CB93720FFF7CFFE424AB2
:1090E0000C2143F6FF70FFF78DFE404A2021382007
:1090F000FFF788FE002017E094F97530013305D0A2
:109100002B7843B91321204615F052F9204602F07E
:109110003BF90446DFE784F87560F7E72046FFF780
:109120001DFF18B940F2064003B0F0BD6B460622A1
:109130000021204613F06BFF00283CD049236846ED
:109140008DF8063014F07CFC2A484FF47F4140EA49
:1091500004200840FFF7DAFE2349E3B201229A40D7
:109160000B6823EA02030B60234B93F90630A342FA
:1091700001D1FFF7E9FE0B791C4A0020013B0546AF
:10918000C1B2994221DBFF260020D65402F0FCF840
:10919000174F0546002DA2D095F97530A34205D191
:1091A0003B78EBB91321284615F002F9284602F066
:1091B000EBF80546EEE76B4606220121204613F048
:1091C00026FF0028C0D07223B9E75656A64200D029
:1091D00025B1551895F90150555401250130CFE7B7
:1091E00085F87560E2E700BFA8180020641F002022
:1091F000621F00200080FFFF841F00202DE9FF4137
:10920000354C064601A8FFF7B9FE2379019A93422F
:109210001ED86279012A40D100274FF0FF383D4621
:1092200010E02368EB40D9070BD5082202AB1146AA
:1092300068B213F0ECFE20B1039B43453CBF2F46C0
:109240009846013523799D42EBD378B2FFF726FF8C
:10925000236813F0010529D0002501220135202DB6
:1092600018D002FA05F71F42F8D13B432360A368E8
:10927000194A013373610C2143F6FF70A360FFF7B5
:10928000C1FDA8B1236823EA07032360A368013B5B
:10929000A36073614FF0FF3519E0022AFAD10F4A3B
:1092A000134413F9010D421CFBD0CFE70127DCE783
:1092B00022790A4C013AD2B22146601C18F053FFC1
:1092C0006DB22246202138202570FFF79BFD2846ED
:1092D00004B0BDE8F08100BFA8180020641F002082
:1092E000F0B54A4C89B0002501AA04213F20257021
:1092F000FFF7A6FD00B101952570454C019E224661
:109300000C2143F6FF70FFF79BFDC0B10D23A38036
:10931000019B2560032BA56011D803AD2A461421BB
:1093200043F6FF70FFF78CFD48B995E8070084E825
:10933000070022460C2143F6FF70FFF763FD019BF7
:10934000042B06D004210DEB01023F200191FFF711
:1093500059FD304A20213820FFF772FD28B12D48F1
:1093600020224FF0FF3118F018FF237903225B0011
:10937000B3FBF2F3284A1370FFF7E6FD00252379CB
:109380009D420DD3012E06D83D20FFF777FD002525
:1093900023799D4215D314F055FB002009B0F0BD90
:1093A0002368EB40DB070AD56FB2082203AB1146F6
:1093B000384613F02CFE10B93846FFF76FFE013522
:1093C000DDE72846FFF7CAFDF0B16EB202AB04221A
:1093D0000C21304613F01BFE04280AD1029BC3F374
:1093E00000238DF80C30012203AB0C21304613F022
:1093F000E0FD0023CDE90333CDE90533102203ABB3
:109400000D21304613F0D5FD0135C1E7621F002064
:10941000A8180020641F0020631F0020F8B5114B1E
:1094200004461879104B00221D46D1B2884205D956
:1094300013F9017BA74202F1010604D10B4B1B7803
:109440008B4202D9F8BD3246EFE70749481C18F0B5
:109450008AFE2C70BDE8F840034A20213820FFF72F
:10946000D1BC00BFA8180020641F0020631F00208B
:109470000149024819F0E3B8440B00202C190020E0
:109480000A4B1022DA8228216422C3E906124FF621
:10949000FF721A8402225A60002283F82B200F22C6
:1094A00083F82D0083F82C20704700BFB4180020EB
:1094B00038B502F023FD40B9094B1A6893F82A1019
:1094C000243203464824994200DC38BD04FB03F5EE
:1094D0005559ED0601D40133F5E70120F5E700BF4A
:1094E000B418002038B5124C94F82B30F3B16268F0
:1094F00012F001051AD104F1080004F057F863686E
:1095000043F004036360FFF7D3FF78B194F82C3085
:1095100008484EF6602253434FF482712A460DF0FC
:10952000E1FD18B9636843F00103636038BD00BF13
:10953000B41800202C19002022F00042052A10B592
:109540000DD0B2F5827F13D0032A06D1114A536899
:1095500023F00203536002F0D9FC002010BD0D4A35
:109560001B88118D9942F8D1002313850120F5E75E
:10957000084B5A6893F82B4022F00102012C5A60E4
:10958000F4D102F009FAFFF7ADFF204602F008FD22
:10959000ECE700BFB418002000487047C318002053
:1095A000044890F82B1000F10F020830012918BF71
:1095B00010467047B4180020F0B4827912F0280FDA
:1095C000034626D0144A0168C2F80F108188A2F819
:1095D00013108179517592F82A6011680025AE4206
:1095E00007DC5368F0BC43F004030320536002F02F
:1095F000D7BC4C6A14F4404F08D1186808609F88A3
:109600009879887144F008048F804C6201354831A4
:10961000E5E72120F0BC7047B41800204379024AE6
:109620009B09D05C704700BFB43803000B6810B5CD
:1096300003608B888380FF2A044602D10723A3712D
:1096400009E0032A08D8054B9B5C8371072B02D1E4
:10965000FFF7E4FFA07110BD0023F0E7B838030066
:109660008379024A03F00703D05C7047AC380300EB
:1096700010B582798B79094C02F0070203F00703D9
:10968000A25CE35C9A4206D1062218F05CFDB0FAB7
:1096900080F0400910BD0020FCE700BFA4380300A3
:1096A0007FB5134B03930E4605460446A0B114F054
:1096B00087FF78B900223146204615F0B6F8022817
:1096C00007D10123009303AA04233146204613F057
:1096D00075FD0DB104B070BD204614F040FF044686
:1096E0000028F7D014F06CFF0028F5D1E2E700BFA6
:1096F0000100FFFF2DE9F04F97B08346099114F068
:10970000A5FE099883790C33C518C45C19F023F9B8
:109710001E2C099F064624D8012C26D9C54BE340B0
:10972000DA0722D5384697F8068019F014F9BBF805
:109730000A2083B29A4228D214F0010240F0A1809C
:1097400004F07F03522B00F09C801E2C00F09980C7
:10975000099B009321460423584614F0BFFB2124A3
:109760000CE004F07F03522BDCD021460097062347
:109770000022584614F0B2FB41F20614584614F089
:109780006AFE204617B0BDE8F08F4744013B3A7BA4
:109790001E2A9BB242D8012ACED9023A1C2ACBD823
:1097A00001A151F822F000BF39980100399701005A
:1097B0003D98010039970100339801003997010065
:1097C0002998010039970100399801003997010063
:1097D0003D98010039970100419801003997010037
:1097E00029980100399701006F980100399701000D
:1097F00039970100399701007398010039970100EA
:1098000077980100399701003997010039970100D5
:1098100039970100399701007B980100522A26D020
:10982000D22A89D10D2B05E0062B0FD0142B83D122
:109830000CE0052B80D909E0022BF8E7042BF6E7B2
:10984000032B7FF679AFDB073FF576AF022C00F0F4
:10985000F380DBF800309B689F0516D40BF14400C1
:1098600018F0F4FF099BCBF84430002486E7012B65
:10987000E0E7032BDEE7012BD9E7002B7FF45CAF99
:10988000E4E709A818F0E2FF69E71E2C584600F04B
:10989000928314F095FE0746002840F082805846D7
:1098A00014F089FE00287CD004F07F03522B00F0D6
:1098B000BC80082C68D1B6B2152E14BF022010202F
:1098C000691D14F063FE00285ED0DBF81430D80761
:1098D00049BF23F0010343F00103CBF814303946AC
:1098E0005CBFCBF814300121584614F080FE099873
:1098F0000D9014F061FAB0F80180B0F803900446BE
:109900000D9819F028F8152814BF022510250534E4
:109910002146284603F020F821460390284614F0FB
:1099200035FE0490B8F1000F00F04481C84500F204
:1099300041810D9A0221092014F061FABBF80A70E6
:10994000023FBFB282463E4640464FF0FF35039A83
:10995000494615F01CF90446002800F06D8114F00A
:10996000E9FE002800F0858101222146584614F0C6
:109970008BFF03468DF82E00002800F020810D9A01
:10998000009222460821A4E0DBF8143013F001060F
:109990003CD023F00103CBF814300021584614F0DA
:1099A00026FE1E2C63D8032C66D9231F142B63D8E4
:1099B00001A252F823F000BF8D9C0100799A0100AA
:1099C000799D0100799A0100EF980100799A0100D0
:1099D0005F9E0100799A01007D9E0100799A010045
:1099E000939E0100799A0100859A0100799A0100FD
:1099F000879F0100799A0100799A0100799A010004
:109A0000A39F0100799A0100AD9F010043F001037B
:109A1000CBF814300121584614F0E9FD00961223CA
:109A200032462146584614F059FA09A818F00EFF9C
:109A30001BE700BF54554541099D934C284614F03F
:109A4000BBF92188B0F801602A46584614F05BFA49
:109A50002388BBF80A10B34228BF3346172BB8BF80
:109A60001723ABF80A30584614F0DCFCFDE6522C04
:109A700000F09082D22CD8D0099B009300220623BC
:109A8000214626E0099F384614F096F90546B0F8BD
:109A90000180B0F803A0384618F05DFF152805F1E5
:109AA00005010CBF2046022002F056FFB5F8053034
:109AB00004900793B8F1000F07D0D04505D815F0F2
:109AC000BDF950B90097102301E0009701234246E9
:109AD0001021584614F002FAC7E63A460221112036
:109AE00014F08DF9BBF80A3003939E1E063B9BB21F
:109AF0000590B6B244464FF0FF350893049A51469C
:109B0000204615F044F8814668B3079A514615F08F
:109B10008BF80446484614F00DFE40B94FF6FF732B
:109B20009C4201D00134A4B25445E7D91BE04FF068
:109B30000003ADF834300DAA0CAB4946584614F07A
:109B400040FF039ABDF834300690053A9A42089ACD
:109B5000D8BF1346002DADF8343009DB9D4202D149
:109B6000EB1CB34208DB691C1CD100970A23AEE74B
:109B7000351F9D42A8BF1D46042211A93846ADF8E5
:109B80004490ADF8464019F024F906992A46384623
:109B900019F01FF9043E4FF6FF73761B9C42B6B2D4
:109BA000C0D1E0E7059B04355D703946584601F0A9
:109BB000DFFC5AE60D9B009301234246E2E6049B3C
:109BC00013B1204614F09AFD204614F0CBFDD8B115
:109BD000002D54DC0DA818F039FE082358468BF8E8
:109BE0001C3050F80C2B92F870208DF844208DF822
:109BF000483011AA002340F20251ADF84640ADF8BA
:109C00004A3018F058FD30E6ADF844000DF12E034F
:109C100011AA2146584614F0D4FEBDF844300590F0
:109C2000BB4228BF3B46002DADF844300ADBAB42B7
:109C300002D16B1CB34209DB6A1C0D9B1FD1009340
:109C40000A23BAE7B51E9D42A8BF1D4602220CA9F1
:109C50000D98ADF8304019F0BCF805990D982A46DA
:109C600019F0B7F8023E4FF6FF73761B9C42B6B26E
:109C7000E2D0601C80B28145BFF469AEDCE70235FA
:109C80000D998AF8015091E7DA0C0020DDF8249054
:109C9000484614F091F8B0F80180B0F8033004930E
:109CA000B8F1000F41D098453FD84A46022105201F
:109CB00014F0A5F8BBF80A400590023C4FF6FF7778
:109CC000A4B24546BA462946584615F03BF85045D9
:109CD000064649D04FF400622946584614F0D4FD98
:109CE00000283CD1304615F0C5F800280CBF0223EF
:109CF0001023574503931ED0304615F0BBF806904D
:109D0000384615F0B7F8069B834203D1039B013315
:109D1000A34211DB384615F0ADF8059B01305870B1
:109D20001946584614F0C3F89FE5CDF8009001237A
:109D300042460421CDE637460DF146013046ADF8E6
:109D4000445002F05FFE039B11A99A1C484619F08B
:109D500040F8039B023CE41A5545A4B2DAD0049BB8
:109D60000135ADB2AB42AED24FF6FF739F42D1D1B7
:109D7000CDF800900A23DBE7DDF82490484614F084
:109D80001BF8B0F803A0B0F80530B0F801600393F9
:109D90000746484618F0DFFDC51FADB20024102D60
:109DA0000C9458D82A46F91D0DA818F001FA002E77
:109DB00053D0564551D84A460121072014F01FF8C8
:109DC000A046074633460A249A45049307D9BBF8B0
:109DD0000A00394613F0F6FF0328049B04D8B8F1B3
:109DE000000F1AD039469CE7ADF84430039BADF81C
:109DF00048300DAB13930BAA0DF12E0311A9584651
:109E0000ADF846A0ADF8505014F03AFF0A280446C9
:109E1000E5D0BDF82C3030B11E46CDF80090234679
:109E20003246062155E6ADF83030BDF82E30ADF89B
:109E300032300CAA0423BBF80A00394613F0CDFFD8
:109E4000BDF82E304FF6FF729342CBD001339BB258
:109E50004FF00108B8E70424DFE70124DDE7099C9F
:109E60000A238BF81C30204613F0A6FF234600225D
:109E7000B0F80110584613F071FAF6E4099C204638
:109E800013F09AFF0C238BF81C30B0F80320234604
:109E9000EEE7DDF82480404613F08EFF054640468D
:109EA00018F059FD0023441EBBF80AA08DF8343089
:109EB00061D014F001075ED120460DF02DFC06465E
:109EC00000285ED00AF1FF332246691C039318F084
:109ED0006FF9424601210F2013F091FFB146049023
:109EE000002C04DC30460DF035FC049919E739F8F4
:109EF000025B01222946584614F0C6FC023C8DF84C
:109F0000340068B9284614F037FB10B1284614F025
:109F1000F5FB284614F026FC60B180238DF8343020
:109F200030460DF017FC9DF83430CDF800802A46FD
:109F30000E21CEE50DAB294611AA584614F041FD7D
:109F40009DF834300146002BEAD1039BBDF8442034
:109F5000DB1B9A42C2BF0AF1FF33DB1BADF8443072
:109F6000BDF84420404618F034FFBDF84430984214
:109F7000B8D31F44B4E7042300258DF834302E46AF
:109F8000CEE71123F8E7099AB5F80110584613F007
:109F900083FA6AE4099AB5F80110584613F0D7FA23
:109FA00063E40999584613F011FB5EE4697858465A
:109FB00013F077FB39E513F094FB36E57FB5174ACC
:109FC0001368064623F0080342F60520136014F0D8
:109FD00019FE054650B1684602F0B0FB002014F0AF
:109FE000BEFA044620B92946FFF75AFB04B070BDFB
:109FF000102204F12101684618F0A5F838B10121BA
:10A00000204614F0F4FA636923F0010363611EB182
:10A010003146204614F0C7FE2046E0E7981900209C
:10A0200007B5837801916A46082104488DF800300D
:10A0300018F041FB03B05DF804FB00BF2C190020B1
:10A04000054B0022C3E90322C3E905221A70DA6135
:10A050004FF6FF725A84704708190020014B1860B0
:10A06000704700BF041900200D4B827813B55A6069
:10A07000B0F8032091B2102910D040F60344A14259
:10A080000CD041795B8C8DF80210ADF804200548A6
:10A09000ADF800306A46052118F00DFB02B010BD86
:10A0A000081900202C19002073B5837901900C3316
:10A0B000C418C35C132B0ED8042B10D9053B0E2BF0
:10A0C0000DD8DFE803F01E0C0C1E0C0C0C0C0C164B
:10A0D0001A0C0C0C2300302B13D03E2B1BD0FAF79C
:10A0E00047F9019B834202D001A818F0AFFB02B0F0
:10A0F00070BD2046FFF7B8FFF1E70F4BE2785A60DA
:10A10000EDE701A9204602F063F8E8E701A920463F
:10A1100013F0C7FCE3E7094E0025019B3BB156F85D
:10A12000043B01A92046013598470E2DF5D101A821
:10A1300018F08CFBD3E700BF08190020BC380300DF
:10A1400007B500F013F920B103B05DF804EBFFF799
:10A15000ABBF00F017F9019018B1054B1B681BB19C
:10A16000984703B05DF804FB01A818F06FFBF8E70F
:10A1700004190020024610B1022804D07047034899
:10A18000032118F054BAFFF7DBBF00BF2C190020E1
:10A19000024B1A78024B53F8223018470819002056
:10A1A000F438030010B504460120FFF7F1FF034B1C
:10A1B0001C70BDE810400020FFF7EABF081900201E
:10A1C00010B50621044642F2050013F084FB236813
:10A1D000C0F80330A388A0F807300648FAF7EAF879
:10A1E00013F0BDFB407920B113F0B9FB407940F486
:10A1F000805010BD71B5020010B5062104464FF61F
:10A20000284013F068FB2368C0F80330A388A0F847
:10A2100007300648FAF7CEF813F0A1FB407920B1D9
:10A2200013F09DFB407940F4805010BDA94401001B
:10A2300038B505460C4669B9022142F21B0013F0FD
:10A240004AFBB5F86E30A0F803300D48BDE8384041
:10A25000FAF7B0B8122142F21A0013F03CFBB5F83D
:10A260006E30A0F803302146053004F1100351F898
:10A27000042B40F8042B9942F9D10248E6E700BFCD
:10A28000BBB70200F7B70200014818F0FDBA00BFE3
:10A29000181900202DE9F3410D46B0F86E10019217
:10A2A00040F6FF73994205D101A818F0CFFA02B029
:10A2B000BDE8F0811146134601229BBB1E4818F0F1
:10A2C000ACFBFFF7E1FF04460028F0D018F043FB99
:10A2D0006379A66803F001086FF300030746637112
:10A2E0000421204618F07BFC43798179B6F86E2072
:10A2F0008660044668F300030C314371DB4362540B
:10A30000084403F00103C2F3032242EA031242703D
:10A31000478022463046294613F0C8FB2046FAF70C
:10A3200059F8CEE75C79986024F0030414435C711B
:10A3300000221B68C1E700BF1819002070B5074C48
:10A340000546206800B970BD8368AB4204D1066839
:10A350000DF072F82660F4E70446F2E718190020C1
:10A360000146014818F059BB1C190020014818F09B
:10A370008BBA00BF1C1900200146014818F04DBBE4
:10A3800014190020034BD86818B103F10C0018F021
:10A390007BBA704708190020044BDA6822B9586963
:10A3A000003818BF012070470120704708190020AD
:10A3B0000138C0B20A289ABF014B185C00207047D0
:10A3C000FC38030007B5064818F05EFA0421019036
:10A3D0000DEB010018F03AFB019803B05DF804FBA7
:10A3E00030190020F7B5186810F0020003D0164E9F
:10A3F000316811B9012003B0F0BD002404222346C6
:10A400000DEB0200019418F017FABDF80630DB07D7
:10A4100002D4FFF7D7FF04460C4F002557F8043B42
:10A4200023B1BDF804002146984748B13368002B9A
:10A43000E0D0074B022193F900000CF0D1FCD9E7E2
:10A440000135062DEAD1F1E730190020341900203A
:10A450008B1F002010B509480CF0B2FC084B0949CD
:10A460001870002420200C600DF030F8064BC3E972
:10A470000044C3E90244C3E9044410BD540B002066
:10A480008B1F0020301900203419002070B5084EB1
:10A49000002596F82A30ECB2A34200D870BD2046C1
:10A4A00001F014F910B1204601F036FC0135F0E757
:10A4B000B418002013B5C37A0093B0F80930D0F86F
:10A4C0000520D0F80110007801F0B8FB04460348DD
:10A4D00000F086FE848002B010BD00BF200204039D
:10A4E00037B5FF230DF107008DF8073001F030FC80
:10A4F000044604489DF8075000F072FE8480857180
:10A5000003B030BD2003040138B54B795B07054625
:10A510000C460CD414212046054A13F0C8FA2179C0
:10A52000204613F075FB10B9A3791C44257438BD7F
:10A53000243903008378132B10B50C4608D1054B42
:10A540001B6803B198472046BDE8104018F07EB95B
:10A5500010BD00BF4C19002010B500210446007842
:10A5600013F075FA48B16178207813F05AFE04466A
:10A57000034800F035FE848010BD0224F8E700BFD8
:10A580002002560110B54178007801F095FB044691
:10A59000024800F025FE848010BD00BF2002560254
:10A5A000024B00201870024B187070478D1F00205E
:10A5B0008C1F00202DE9F04383780D2B91B00D46C0
:10A5C0004FD109AC821C00F11A032646106851686D
:10A5D000274603C708329A423C46F7D113883B808E
:10A5E0001C21284618F032FABDF826402F6814F0D6
:10A5F0000C043ED1384618F0AEF9A0F10208A0458F
:10A600000DDA4FF0FF3400239C428DF81C301EDB26
:10A61000A31C0122394607A818F00EF917E0631CA5
:10A620000122394605A818F007F99DF81430012BCE
:10A63000E9D023460122394607A818F0FDF89DF815
:10A640001C3013B101331C44D9E78DF81C3001F0E4
:10A650004FFC012808D0022843D050B9284618F0F2
:10A66000F5F811B0BDE8F0839DF81C3013F0010F30
:10A67000F4D09DF82F0000F011FC07469DF8300043
:10A6800000F00CFC0DF11C099DF828200DF12901AA
:10A69000804605A8FEF7CAFF9DF836200DF1370168
:10A6A0004846FEF7C3FF134B1B78DB071ED405A8F3
:10A6B00012F0A6FC044605ABCDE90145CDF80090AB
:10A6C00042463946304600F017F82B68002BC5D0BB
:10A6D000CDE9004505AB42463946304616F036FE18
:10A6E000BCE79DF81C3013F0030FC1E74FF0FF34B7
:10A6F000E1E700BF8C1F00202DE9F74FB0F802C042
:10A700000C9F9DF934A0DDF838B01CF0100F064600
:10A710001C4633D05FFA8CF51CF0080F184614BFA6
:10A7200005F0080505F00F0513F05EFE814638467A
:10A7300013F05AFE96F90F30019380465A4613489B
:10A740007678042113F0F8FA019BA0B10571226814
:10A75000C0F80520A288A0F8092080F80B9080F8A6
:10A760000CA0437386733B68C0F80F30BB88A0F819
:10A77000133080F8158003B0BDE8F08FCDE90DAB44
:10A780000C9703B0BDE8F04F13F076B960390300C1
:10A7900010B50021421D03790446084618F046FB17
:10A7A000024648B16188208812F031FE0446034811
:10A7B00000F016FD848010BD1A24F8E720020A027A
:10A7C00013B50446007813F0C4FE70B10023CDE940
:10A7D0000033E278B4F8011012F0AFFF04460448E9
:10A7E00000F0FEFC848002B010BD2524F7E700BF16
:10A7F00020020A0408B50649064817F020FF06495A
:10A80000064817F01CFF06480CF054FF002008BD56
:10A810006C0B0020541900207C0B002050190020E4
:10A82000640B0020014813F0B9B900BF100B0020E1
:10A8300030B5114B994285B00D46144619D193009D
:10A840000FD503A902A80CF0E1FC0823E1B20193A3
:10A85000039B00930022029B41F00051284617F011
:10A86000D1FE064813F032FA00B10471012005B0A0
:10A8700030BD0020FBE700BF50190020D439030091
:10A8800022F00042B2F1A04F08B504D1034813F002
:10A890001DFA012008BD0020FCE700BFD8390300E5
:10A8A00070B5FFF7BFFF90B1FEF776FE00260446B5
:10A8B0002046FEF7D5FE0546064800F091FC86804E
:10A8C0002268C0F80620A2884281057370BD024C40
:10A8D0000226EDE720090115B039030008B501F0A3
:10A8E00079FBBDE808400249024817F0CCBE00BF22
:10A8F0008C0B00202C190020F8B50E4E05460020C8
:10A90000307100F041FD012704466CB16DB994F837
:10A9100072306BB1377113F0BEF82046132113F07B
:10A9200047FD6468002CF2D1F8BD204613F044FDC9
:10A930006468EAE7B01E002038B50A4C00232360A3
:10A94000A38003682360207813F02EFD054630B9FC
:10A950000548064917F073FE608801F051FB284650
:10A9600038BD00BFB01E00202C1900208C0B002029
:10A9700022F00042B2F5887F2DE9F0471C4600F036
:10A98000E2800ED840F203139A423CD040F2091301
:10A990009A4200F0C2800E2A00F0B3800020BDE889
:10A9A000F08740F207239A424AD0B2F5037F59D08C
:10A9B00040F206239A42F1D120684C30FEF750FE57
:10A9C0002568A48895F8736095F870A095F975903E
:10A9D00095F876800746604813F078F90028DDD0B6
:10A9E000EB6C4360B5F850300381731E5E425E41EC
:10A9F0008772C67280F80CA080F80D9080F80E80E7
:10AA0000A0F80F40CAE7207800F0B0FC0028C5D0BD
:10AA1000524894F80090B4F80280A788E688257A16
:10AA2000648913F053F90028B8D080F80490A0F896
:10AA30000580A0F80770A0F80960C5728481ADE7B1
:10AA4000207800F093FC0028A8D060782578FFF7E4
:10AA5000AFFC0446424813F039F900289ED0057136
:10AA600044719BE7A578012D1DD0022D2BD0C5B9CF
:10AA7000E37894F8008094F904706679394894F981
:10AA80000640023BDBB2022B9ABF374AD55C012558
:10AA900013F01CF928B180F8048045718771C671E4
:10AAA000047201207BE7E37894F8008094F9047045
:10AAB00066792E4894F90640023BDBB2022B9CBF1C
:10AAC000294AD55CE4E7E378294894F8018027789F
:10AAD00094F90490667994F90640023BDBB2022BAC
:10AAE00096BF214A0125D55C13F0F0F80028D8D094
:10AAF000A0F804808771C57180F80890467284724E
:10AB0000CFE723461B4813F8014B0822002113F01E
:10AB1000EEF80028C5D00471C3E7174894F8008008
:10AB20006788A688E588248913F0D0F80028B8D073
:10AB300080F80480A0F80570A0F80760A0F809501C
:10AB4000A0F80B40ADE70D481C7813F0BFF80028C3
:10AB50003FF424AF047121E7303A03002C3A03009C
:10AB6000243A03001C3A0300DC390300183A0300BE
:10AB7000203A0300143A0300103A0300283A030075
:10AB800010B5007800F0F2FB40B1132113F010FC77
:10AB90000446034800F024FB848010BD2524F8E718
:10ABA0002002060570B5144606460C4A20460D469E
:10ABB000142112F07CFF2179204613F029F858B9AE
:10ABC000A3790C331C44064BA6711B79A5801BB1DD
:10ABD000BDE8704012F060BF70BD00BF0C3A0300CA
:10ABE000B01E0020024B1A68024B00205A607047CA
:10ABF00058170020100B002010B5FDF7B3FE0446D7
:10AC000030B9044812F0A0FF044608B9FDF7F4FF7C
:10AC1000204610BD100B002073B522F000421C46E8
:10AC200040F20A639A4208D8B2F5C06F08D8042AE5
:10AC300048D00D2A4ED0032A1ED0002002B070BD8D
:10AC40006FF4C0631A44092AF7D801A353F822F01D
:10AC500039AD0100E7AC01000BAD01001BAD0100F7
:10AC600031AD01003BAC010051AD010067AD010009
:10AC700087AD0100D5AD010001A8F3F709FE5748E3
:10AC8000BDF8044013F022F80028D6D00023437109
:10AC9000C37103724372C372037343738373C373C9
:10ACA0007F23072283746FF031030271C37404227F
:10ACB0002C238271037525226FF01E038272048299
:10ACC0004375BAE74648246813F000F80028B4D06A
:10ACD0008480B2E72346042253F8044B4148002104
:10ACE00013F005F8F2E7207800F040FB0028A4D02C
:10ACF0003D48267894F90150A47812F0E7FF002827
:10AD00009BD006714571847197E72478374812F01B
:10AD1000DDFF002891D004718FE7257834486468FE
:10AD200012F0D4FF002888D00571C0F8054084E7F0
:10AD3000257830486468F3E72F482578646812F076
:10AD4000C5FF00283FF479AF0571A0F8054074E70E
:10AD50002A482578646812F0B9FF00283FF46DAFE7
:10AD60000571447169E76378254824780D2B96BFF7
:10AD7000244A0125D55C12F0A9FF00283FF45DAFFD
:10AD80000471457159E763781F4826780D2B98BFE9
:10AD90001C4A4FF0000198BFD55C6368A27888BF59
:10ADA000012512F0A4FF08B1067145716378012BEB
:10ADB0003FF643AF8DF804301348247801AB0122ED
:10ADC000002112F094FF00283FF437AF01230471F3
:10ADD000437132E724780D4899E700BF743A0300C5
:10ADE0006C3A0300703A0300583A0300603A0300DB
:10ADF000643A03005C3A0300543A0300503A0300FB
:10AE00004C3A0300343A0300483A0300443A030042
:10AE100002481422002117F0C0B900BF58190020C1
:10AE200070B51C4C05460CF083FE63795B07064643
:10AE30000ED414212046184A12F039FE21792046FA
:10AE400012F0E6FE20B13046BDE870400CF076BE50
:10AE5000A3790C3323442DB91A79FF2AF3D0013298
:10AE60001A71F0E7012D05D15A79FF2AEBD0013292
:10AE70005A71E8E7022D05D19A79FF2AE3D0013211
:10AE80009A71E0E7032DDED1DA79FF2A1CBF013287
:10AE9000DA71D8E758190020683A03000428024BF9
:10AEA00028BF0020185C7047783A030038B5054683
:10AEB000084800F011F9044648B900F063F9044667
:10AEC0001DB1054B1B689B792B7000F073F9204670
:10AED00038BD00BF843A0300741900202DE9F843FF
:10AEE00080460D489DF820900F4616461D4600F0FE
:10AEF000F3F878B9094B1C6884F80480C4F805702D
:10AF0000C4F80960A4F80D5084F80F90BDE8F84328
:10AF100012F04FBEBDE8F8837C3A03007819002098
:10AF200038B5054606480C4600F0D6F838B9054B4A
:10AF30001B681D715C71BDE8384012F03ABE38BD27
:10AF4000943A03007819002038B5054606480C46A7
:10AF500000F0C2F838B9054B1B681D715C71BDE883
:10AF6000384012F026BE38BD8C3A03007819002014
:10AF700010B50446054800F0AFF830B9044B1B6823
:10AF80001C71BDE8104012F014BE10BD9C3A0300C5
:10AF90007819002038B505460C460748012100F015
:10AFA000ABF838B9054B1B689D80DC80BDE83840A4
:10AFB00012F0FFBD38BD00BFAC3A03007819002085
:10AFC00070B5064608480D46144600F085F848B9A5
:10AFD000064B1B681E71A3F80550DC71BDE870407C
:10AFE00012F0E7BD70BD00BFA43A0300781900203D
:10AFF00070B505460B480E4600F06EF8044678B969
:10B0000000F0C0F8084B04461B6825B1D3F80620B1
:10B010002A605A89AA800EB11B7B337000F0CAF8EF
:10B02000204670BDB43A030074190020044A034658
:10B03000106810B102789A4200D170470069F8E7B1
:10B040007019002008B512F07DFDFFF7E1FE024BFC
:10B0500000221A6008BD00BF7019002038B5104DDD
:10B06000104A0446284617F03BFF4FF48270A04771
:10B070000D4B01461860287818B14FF4827217F012
:10B0800032FF4FF48270A047084B014618602878C1
:10B0900028B1BDE838404FF4827217F024BF38BDA4
:10B0A0008E1F0020BC3A030078190020741900207C
:10B0B000084A136833B94178036141F001014170D6
:10B0C00010607047197802789142FAD003F11002AB
:10B0D0001B69EFE77019002010B5044616F037F928
:10B0E00028B9034B22681C60024B1B681A6010BD14
:10B0F0006C190020781900202DE9F84F04684FEAF8
:10B10000042A98460AF4E06AC4F307234AEA030AC9
:10B110000AEB0209B9F5807F83460F46154603D92D
:10B120001D263046BDE8F88F16F011F906460028B6
:10B13000F7D1124B24F47F44C3F800B024F0C704C5
:10B140000F4B44EA19244FEA09291B681FFA89F9B1
:10B1500044EA090443F8044B53442A46414618463E
:10B1600017F026F8012F04D1FF2DD9D800F8015C83
:10B17000D7E7022F08BF20F8025CD2E76C19002045
:10B180007819002008B5074B1A68074B52F8040BD2
:10B190001968064B49681B689847054B1B689888D7
:10B1A00008BD00BF781900206C1900209C0B0020FE
:10B1B00074190020024B00221A6016F0CAB800BFB2
:10B1C0006C190020054B186808B1C3681BB1003822
:10B1D00018BF012070470069F6E700BF7019002012
:10B1E00010B5034C23681860FDF744FD206810BDBE
:10B1F00074190020F8B504460D4601460020174694
:10B2000012F0A1FCF2F75AFC194E78BB194B1B68DF
:10B210001C603368187058709870D870204612F00F
:10B220006CFC18B165B94368220E2BB90F250DE0EF
:10B230005979914204D008331D68002DF8D1F5E703
:10B240003846A84733681B684BB9012524F47F4072
:10B2500020F0C70040F40070FFF7C2FF858032681D
:10B26000012052F8041B12F06EFCF8BD1425EDE726
:10B270007419002078190020094B802283F80123DB
:10B2800083F8042383F8052383F8062383F8072330
:10B2900083F8082383F81D23A02283F8222C70470B
:10B2A00000E100E0034AD2F8B03043F05403C2F8A2
:10B2B000B030704700400E40054BD3F8E80010F462
:10B2C00080501CBFD3F8EC0000F00100704700BFB5
:10B2D0000081E00F1C4A136870B504460D466BB33D
:10B2E00093F87D10586811F0040129D110608C2268
:10B2F000184693F8706016F050FF80F8706022686E
:10B30000C0F85A20A288A0F85E20A27980F86020B8
:10B3100003462868D864AA79A98883F85220FF22B6
:10B3200083F8752083F8762040F6FF72A3F86E202C
:10B33000064AA3F85010116859601360184670BD92
:10B340001A1D0346CBE700BF801900207C1900209E
:10B35000054A0346106800B97047B0F86E209A425B
:10B36000FAD04068F7E700BF7C190020054A034681
:10B37000106800B9704790F870209A42FAD040687F
:10B38000F7E700BF7C19002010B9024B186870471E
:10B39000406870477C190020114A00232DE9F041D4
:10B3A0008C2113608046024601200BF043FF0446C7
:10B3B00020B90C4E05463060A84502D82046BDE8AD
:10B3C000F08101200BF0B4FF07468C2200210135EB
:10B3D00016F0E3FE87F8705037603E1DECE700BFC3
:10B3E0007C1900208019002010B501238B4090F8B3
:10B3F000711021EA030149B2044680F87110002956
:10B4000049D112F052FB204614F0E2FB102104F166
:10B41000180017F02EFD2046FEF790FF04F13800CB
:10B4200017F014FA204614F034FB214A13681BB1BC
:10B430009C42596830D11160A36859050BD51A0593
:10B4400009D443F40063A18994F87000A36004F167
:10B450007802FFF7A7FB00236360204617F017F977
:10B4600012F0A4FC94F870304FF48072B2FBF0F24A
:10B4700042430344B3FBF2F102FB1133DBB2591E2A
:10B48000C9B2FD29F5D884F8703000236360094BF8
:10B490001A6852B91C6010BD1A465B68002BCBD0ED
:10B4A0009C42F9D163685360C6E7131D5268F0E708
:10B4B0007C1900208019002010B5084C206830B994
:10B4C000074BBDE81040186001200BF001BF436836
:10B4D00090F871102360FFF787FFEFE77C190020D9
:10B4E0008019002090F8743003F00B03013BDBB2AD
:10B4F0000A2B9ABF014AD05C00207047CA3A030069
:10B500001FB5014690F870308DF80430FFF7EAFF60
:10B51000B1F86230ADF80630B1F86430ADF80A30F9
:10B52000B1F866308DF80C00ADF8083001AAB1F81A
:10B530006C300548ADF80E3040F2031117F0BBF83F
:10B5400005B05DF804FB00BF2C19002007B590F88A
:10B5500070308DF8051001AA40F2072103488DF8DC
:10B56000043017F0A8F803B05DF804FB2C19002094
:10B5700038B50A4B1B6804460D462BB143699B073F
:10B5800002D512F06DFF30B120682A460421BDE8D3
:10B59000384014F02CBAA3699D6138BD841900208D
:10B5A000014B1860704700BF84190020024B1868D7
:10B5B000003818BF012070478419002013B50446D5
:10B5C000019120B901A817F041F9212012E00846A5
:10B5D0000029FAD017F0BFF980B20028F2D0094B49
:10B5E00001991B6820464BB1984728B9019920461C
:10B5F000FEF780F802B010BD0020FBE701F0D2FAA0
:10B60000F3E700BF8419002038B5436A59040446A3
:10B6100015D4134A92F82B20012A03F400430FD1CA
:10B62000826A92040CD4002B01460CBF53201420D4
:10B6300011F022FD18B9636A43F00803636238BD54
:10B64000002BFCD1074D20462946FEF711F80028B3
:10B65000F5D12868AA88AB792060A280A371EAE7B7
:10B66000B4180020C31800202DE9F041164D85F8CC
:10B670002A0038B300EBC000C100002301220420DF
:10B680000BF0D8FD044650B904200BF051FE4827BA
:10B690002860A04695F82A30A34203DC0024204607
:10B6A000BDE8F0812E6807FB046614220021C6F86D
:10B6B000188006F1340016F070FD304612F0F3FCED
:10B6C0000134E7E72860E9E7B4180020074B93F856
:10B6D0002A20824281BF1B6800EBC00003EBC0033D
:10B6E000586A8CBF00F0010000207047B418002099
:10B6F00008B50146FFF7EAFF40B1054B1B6801EBB7
:10B70000C10103EBC103586AC0F3C02008BD00BFEC
:10B71000B41800202DE9F04F384A93B0516807461D
:10B7200010680FAB03C39068354A1860146807EBC4
:10B73000C70304EBC30412AAE37B94F82E8094F8A9
:10B740002F6002EB430333F80C1C636ADA0447D41E
:10B75000012641F01001B04694F80D9094F8315054
:10B76000C3F3404A5B0348BF4AF0020A8BB289F038
:10B770000809B8F1010F0B9304F1070BD4E9072373
:10B78000C9F3C00994F9324009D0B8F1020F06D0CC
:10B79000B8F1040F14BF4FF000084FF00308012E5A
:10B7A00005D0022E03D0042E14BF002603263846EF
:10B7B000CDE90C23FFF79CFF0121CDE90760CDE91E
:10B7C0000051CDE90548CDE903BADDE90C230B9919
:10B7D000CDF80890384601F08DFB13B0BDE8F08F2E
:10B7E000A26A950648BF41F02001500648BF41F0CB
:10B7F0004001DA0348BF41F00401ADE7D63A030047
:10B80000B418002070B50C4B93F82A601C68002116
:10B810008E4202DCFF25284670BDCDB22846FFF7D8
:10B8200055FF28B1E37B012B02D1636ADB06F2D41A
:10B8300001314834ECE700BFB4180020014B93F805
:10B840002A007047B418002070B504461546FFF76B
:10B850003DFFB8B10E4A136804EBC40403EBC40304
:10B86000E6005B6A13F010040FD0C3F300330B70D3
:10B8700013683344DB7B5A1E042A04D8033B18BFE9
:10B8800001232B7070BD0023FBE72046FAE700BFC1
:10B89000B41800203F4A70B5146800EBC00304EBF5
:10B8A000C3040646636A5B0704D500231A4619469B
:10B8B00001F002FC636A9D0706D53046FFF72AFFB8
:10B8C000636A23F002036362636A18070CD5A279E6
:10B8D0002146C2F3C002304601F08CFB0546E8B9B0
:10B8E000636A23F008036362304612F088FD054660
:10B8F000A0B9626AD10611D5D30404D5304611F03F
:10B90000B9FB40B11BE01206E37B09D4E37B626A1A
:10B91000023B012B15D9616A48071FD4284670BD28
:10B9200003F0FB03012BF6D02169304601F088FBC0
:10B93000636A256123F0800363620028E6D0054630
:10B94000ECE7D305E7D56169304601F097FB0023AA
:10B950006361636A23F480736362D2E7E37BA28D41
:10B96000012B03D1A2B1802A28BF802211F0400F01
:10B9700094F830304FF0010118BF0123304601F038
:10B980009BFB0028DBD1636A23F004036362C5E7F5
:10B990004022EBE7B41800202DE9F041114D0024BE
:10B9A000482795F82A30A34201DCBDE8F081E6B2D1
:10B9B0003046FFF78BFE98B1286807FB04F8404437
:10B9C000436ADA060CD55B040AD4FFF71DFE2B6828
:10B9D000434430465A6A42F006025A62FFF75AFF61
:10B9E0000134DEE7B41800202DE9F04FDFF848926B
:10B9F000D9F8004000EBC00304EBC30404F1100AC3
:10BA000089B0804650460E46174616F01FFF04F1D7
:10BA100014031846029316F019FF002017F0DBF804
:10BA20000546002800F00381012F40F2726718BF1D
:10BA30001F27012EA6735CD0022E0CBF06260426FB
:10BA40000221284612F053FB0121284612F04FFB39
:10BA50003146284612F04BFB284616F07CFF86B292
:10BA6000B91B012300930A2242F6072389B2284614
:10BA700012F08DFB0644B6B2B91B042300931222C8
:10BA800042F6042389B2284612F081FB0644B6B27E
:10BA9000BB1B012B069503932DDC002399F82B206B
:10BAA000002A00F0A480504616F0D0FE636A25619B
:10BAB00043F080026262DB0400F1AB8099F82B0056
:10BAC000002840F0A68017F086F80790002800F0C4
:10BAD000A080394612F016FB002800F0A4800298DE
:10BAE000079D16F0B3FE636A656143F48073636279
:10BAF0008FE00526A4E7002017F06DF807900028D6
:10BB0000CBD0BB1E9B1B02211FFA83FB01F014F854
:10BB10008345064611D22BF001018AB2411A07A8CB
:10BB2000049216F0BAFF049A164602223EB907980C
:10BB3000F0B907A816F08AFEAFE70322F6E7711CFA
:10BB400006980492C9B212F0D2FA049A06981146E5
:10BB500012F0CDFA079906A817F019F8002017F08F
:10BB60003AF80790002836D0ABEB06031FFA83FBA8
:10BB70005B46022B38BF02239A1E92B20F2A31D99C
:10BB80001021049200F0D8FF049A824203461FD28B
:10BB900022F00F018AB29346411A07A816F07DFFE2
:10BBA0005B460622591C06980493C9B2059212F00E
:10BBB0009EFA059A0698114612F099FA079906A876
:10BBC00016F0E5FF049BB21C13449BB23EB965E737
:10BBD00040B10722E6E707A816F038FE33460233E5
:10BBE0009BB25BE707A816F031FE3346EEE7039AF7
:10BBF000D11A89B2284612F085FA0646504616F048
:10BC000025FE636A256143F080026262002E3FF4E4
:10BC100052AF606A10F010000AD0404609B0BDE88B
:10BC2000F04FFFF737BE07A816F010FEF1E71A2015
:10BC300009B0BDE8F08F00BFB418002070B505460C
:10BC400014461E46FFF742FD30B3144B186805EB4F
:10BC5000C50500EBC500426A93050BD4A1F1200590
:10BC60004FF6DF739D4217D8A4F120059D4213D8EB
:10BC7000A14211D8C3698B4202D1036AA34204D006
:10BC8000C0E9071442F0020242629DF8103080F8C9
:10BC900030308685002070BD2120FCE7B4180020DC
:10BCA000044A116800EBC00301EBC301CA7B12F028
:10BCB000C7BA00BFB4180020F8B505460C46FFF718
:10BCC00005FD28B3052923D8124E336805EBC502BC
:10BCD00003EBC203D700186916F03DFE1F2817D8E2
:10BCE00033683B44586916F036FE1F2810D8012CE3
:10BCF0000ED0231F012B0BD93168394422464B6AE1
:10BD000023F482534B622846BDE8F84012F098BAFB
:10BD10002120F8BDB418002010B50446FFF7D6FC6A
:10BD200090B10A4A106804EBC40300EBC300436AF5
:10BD300023F0500343F00403436212F0AAF92046B3
:10BD4000BDE81040FFF7A6BD212010BDB4180020AB
:10BD500070B50546114890F82A40036800229442C5
:10BD600001DC1A2016E0596ACE0714D493F8396022
:10BD7000760710D40A4CD0F80F00A688186041F05E
:10BD80000901A0799871D4B29E8059622046FFF7CC
:10BD9000C1FC2C7070BD01324833E0E7B4180020BC
:10BDA000C318002070B5FFF72DFDFF28044615D0FD
:10BDB0000B4D03B2286803EBC30300EBC300DE00A6
:10BDC000436A23F01003436212F063F92968314497
:10BDD00020463431BDE87040FEF796BB70BD00BF11
:10BDE000B41800208378122B2DE9F0410F463CD186
:10BDF0000B689A790C321344DD781E790DB145F445
:10BE000080553046FFF762FCD0B1DFF86480D8F887
:10BE1000004006EBC60304EBC304636A23F010037F
:10BE2000636295B9A0692246314608F12E0300F0FD
:10BE300089F9A5612222294608F12E0016F0ADF9F4
:10BE40003846BDE8F04116F001BD204612F021F958
:10BE5000636A5A0603D523F040036362F0E704F1F6
:10BE600034013046FEF750FBEAE7BDE8F08100BF41
:10BE7000B418002073B5144D144C6A68236802F09E
:10BE8000800103F002030B431BD0530654BFA67A74
:10BE90000126FDF785FB0196837983F00803C3F340
:10BEA000C0030093E388A288217A607A00F0DEFF65
:10BEB00040B9236823F0020323606B6823F08003FA
:10BEC0006B60002002B070BDB418002088190020FB
:10BED000064B0121A3F108020020C3E9000043F84A
:10BEE000081C4FF0101353605172704790190020D6
:10BEF000014B187B704700BF88190020024BD87A8D
:10BF0000003818BF012070478819002070B5224EF4
:10BF1000716811F002013AD1204D2B68580706D5FF
:10BF2000084600F0C9FF2B6823F004032B602B6840
:10BF3000726803F0080302F00402134310D0FDF707
:10BF40002FFB83791A071FD5FEF756F90446C8B9A7
:10BF50002B6823F008032B60736823F004037360DD
:10BF6000FFF788FF044668B9EB7A5BB12B685B0783
:10BF700008D40121084600F09FFF50B92B6843F018
:10BF800004032B60204670BDFEF71AF9DEE711248A
:10BF9000F8E70446F6E700BFB4180020881900202F
:10BFA000032805D10A4A136843F00803136008E028
:10BFB000012808D1064BDA7A42B11A6842F0080229
:10BFC0001A60FFF7A3BF10F0FD0FEBD00020704701
:10BFD00088190020094B10B500205862FFF7D4F9EA
:10BFE00004461CB9BDE81040FFF766BA204641F28E
:10BFF000160112F05FF96468F3E700BFB41800207F
:10C00000A0F11B03E02B10B5044618D8042142F21E
:10C01000240011F060FC6FF06F03437142238371C1
:10C02000A0F803400748F8F7C5F911F098FC4079EB
:10C0300020B111F094FC407940F4805010BD2120D3
:10C04000FCE700BF59B9020037B50D46044612F0AF
:10C0500058F96988204611F09EFE6A7E2B7E43EADD
:10C060000223A4F862306A7F2B7F43EA0223A4F8FC
:10C070006430EA7EAB7E43EA0223A4F866301B23D9
:10C08000A4F86C302D4BDA8B1B8CA4F86A30022399
:10C0900084F87230A4F86820204611F005FD20468F
:10C0A00013F071FD94F87330022B15D101F056F99D
:10C0B00070B194F9753001330AD1A368052143F4B6
:10C0C00080532046A36003B0BDE8304012F070B941
:10C0D0000021204611F062FE0021204600F02CFADB
:10C0E000288C4FF6FF73984225D000F0C5F90094D4
:10C0F00000F0B0F96A46ADF8040040F2062110489D
:10C1000016F0D9FA002240F20221204616F08FFAEA
:10C110002046FFF7F5F9204613F041FD204600F0D8
:10C1200079FEA36823F48043A3600121204612F026
:10C1300047F903B030BD0020D9E700BFB418002094
:10C140002C190020F7B504460F461646991D5A795A
:10C1500068461D46FDF76AFA2CB969463046FFF776
:10C16000B9F80446A0B140F20323A4F8723084F871
:10C1700076703368C4F85A30B388A4F85E30B37967
:10C1800084F8603029462046FFF75EFF03B0F0BD1B
:10C19000032140F2064011F09EFB6B88A0F80330AB
:10C1A0000D2343710148F8F705F9EFE73DB80200A8
:10C1B00007B54FF4887190F8703004488DF804305A
:10C1C00001AA16F078FA03B05DF804FB2C190020E0
:10C1D0002DE9FF410378302B04460E4639D006D8AE
:10C1E000052B25D0082B41D004B0BDE8F0813E2BB3
:10C1F000FAD183780C2B4BD8022BF5D9033B092BB2
:10C20000F2D801A252F823F0A1C20100DDC301005F
:10C21000E9C10100E9C1010075C30100E9C10100E4
:10C22000E9C10100E9C10100E9C10100C9C3010080
:10C23000B0F80300FFF78CF828B1617909B141F437
:10C24000805112F037F8304604B0BDE8F04116F0E6
:10C25000FDBAB0F80300FFF77BF80028F3D0A1780F
:10C2600009B141F4805112F07EF8ECE7B0F8030018
:10C27000FFF76EF80028E6D0627990F8743022B1AA
:10C2800043F0010380F87430E9E703F0FE03F9E7B7
:10C29000212B00F0B880292B1FD0202BD3D0A3E76F
:10C2A0008088FFF755F80028CDD0E278002ACAD15F
:10C2B000E179A27942EA0122A0F86220E17AA27A29
:10C2C00042EA0122A0F86420227A617A42EA01223D
:10C2D000A0F86620FFF714F9B5E7C7783C2F00F106
:10C2E000020502D1FFF75EFDADE790F80680B8F1D8
:10C2F000000F23D1544A546AC2F82480CFB147F4C6
:10C3000080572946204611F0FCFFE76084F87280D0
:10C3100001AA40F201212046CDE9014716F0CBF9F0
:10C32000A36843F48063A36041462046FFF75CF8AE
:10C3300089E729462046FFF787FE84E7408C4FF6C1
:10C34000FF7398420BD000F097F840B1FDF728F941
:10C350002B460246FF210020FFF7F4FE73E73B4B1C
:10C36000223455F8042B43F8042BA542F9D12A882E
:10C370001A8068E7B0F80300FEF7EAFF00283FF4F0
:10C3800062AFB4F8053090F87020A0F86C308DF8EA
:10C390000420ADF80630227AE37943EA0223ADF8AF
:10C3A0000830A27A637A43EA0223ADF80A30227B8E
:10C3B000E37A43EA0223ADF80C3001AA40F20911F6
:10C3C000234816F078F93EE78088FEF7C1FF002881
:10C3D0003FF439AFA179FFF7B9F834E78088FEF769
:10C3E000B7FF00283FF42FAF90F870308DF804307D
:10C3F000D4F80630CDF80530D4F80A30CDF809303D
:10C4000001AA0E21DCE78088FEF7A2FF00283FF496
:10C410001AAF90F870308DF80430E3788DF805305D
:10C42000A3798DF80630E3798DF80730237A8DF8FB
:10C430000830637A8DF80930A37A8DF80A3001AAA2
:10C440004FF40371BCE700BFB4180020E2180020CD
:10C450002C19002050B1074B1B68C31A807A0C229C
:10C46000B3FBF2F340EA032080B270474FF6FF704F
:10C47000704700BFA00B002009490B7A09680246EB
:10C48000FF2B01D10020704703EB430301EB830036
:10C4900031F82330C3F30B039342F4D0C37AEFE7B0
:10C4A000A00B002008B5054B054A1978054816F081
:10C4B00017FD054BF7221A8008BD00BFFE1F0020A4
:10C4C000E23A0300901F0020DA0C002010B5044669
:10C4D00070B30068836CA34222D1636883641549FA
:10C4E000224616F0B0F804F10C0016F0D0F804F172
:10C4F000440016F0ABF9FFF759F858B1A06948B1FC
:10C50000143016F0A3F9A069183016F09FF9A0694D
:10C510000BF020F92046BDE810400BF01BB9134684
:10C52000002BDCD05A68A242F9D162685A60D6E783
:10C5300010BD00BFF1E40200F8B5054648200E46E4
:10C5400016F0D3FC2A4F0446387818B14822214609
:10C5500016F0C9FC8CB1FFF729F898B11C2016F031
:10C56000C4FC0146A061387810B11C2216F0BBFC57
:10C57000A3692BB920460BF0EDF800242046F8BD46
:10C5800000221A700321284611F008FCAB6C63608E
:10C59000AC64172326810026638116492560224654
:10C5A0002677666428460AF0B9FD03F0FFF93246A3
:10C5B000014604F10C000AF0B1FD02232374FEF7DA
:10C5C000F5FF18B90C4B1B78002BD7D00B4B1988F3
:10C5D0001729D3D9204611F070FC0028CED11221A2
:10C5E000204611F04AFF636943F002036361C5E727
:10C5F000901F0020F1E402008F1F0020DA0C0020C1
:10C60000F8B5054610B3002920DB114C2468247EC0
:10C610008C421BDD3F2919DC01F0030600EBA10170
:10C62000760091F831400327B74002F0030224EA74
:10C630000704B240224381F8312013B1002111F0E8
:10C64000D6FF2846BDE8F84012F02EB8F8BD00BF6E
:10C65000A019002070B5164600221A7032800A7A9E
:10C660000D46072A4DD8DFE802F004090D111A1E05
:10C67000304AE86830F8023B338043E0EB68981DAD
:10C680005B88F9E7EB68981D9B88F5E7697B1E4B93
:10C6900011F0FAFF022218803280184632E002239D
:10C6A0001A4833802EE01A4C2B7B23702B88E889A4
:10C6B000013363702B8801331B12E11CA37000F05F
:10C6C000A1F90330308020461CE0124CA889EB8988
:10C6D000A370020A1B0A20706270E37000F006FA71
:10C6E00058B1C3681A88022A07D19A782271DB7878
:10C6F000637106230748338004E00423FAE78022AD
:10C700001A70002070BD00BFAA1F0020F23A03007B
:10C71000971F0020911F0020054A064B18601368E0
:10C7200043F001031360044B828B1A80704700BFF3
:10C7300098190020A0190020B61E00202DE9F04F06
:10C74000504E37688FB0002317F00807CDE9043347
:10C75000CDE9063305460DD04B4B014603F11002DF
:10C7600053F8040B41F8040B9342F9D100200FB0A9
:10C77000BDE8F08F10200AF0DBFD044600287ED0D3
:10C780000CF090FF0220F5F723FB01462046F5F759
:10C7900047FB00286DD1802204A92046F2F754FE01
:10C7A000002866D1B946394B1B68D988BAB2914284
:10C7B00019D829462046F2F79DFE2046F5F714FBCE
:10C7C000214610200AF0D6FD2F4B294605F1100214
:10C7D00051F8040B43F8040B9142F9D1336843F04C
:10C7E00008033360C2E71A68ADF80E901FFA87FBA2
:10C7F0004FEA0B1802EB0B1B5846019212F03CFB60
:10C800008246584600F046F920B3AAF520539BB261
:10C81000032B019A02D9BAF5245F1DD132F80830F2
:10C82000ADF820300DF10E0259460DF10D03002038
:10C83000ADF822A0FFF70EFFBDF80E20014609A8B3
:10C8400015F0B6FCBDF80E2008A904322046F2F718
:10C850003FFE70B90137A6E70AF55643FF339BB296
:10C86000042BF7D832F80830ADF82030ADF822A00C
:10C87000E8E7014640F2074000F014FE9DE71A2069
:10C8800075E700BF98190020AC1F0020A0190020F8
:10C89000144B1B6813F0040370B5014606D0124B0D
:10C8A0001C68E389002290B2834209D80F4A1468B9
:10C8B000E589002290B285420AD84FF6FF7006E063
:10C8C000A56835F812508D4202F10102EBD170BD1E
:10C8D000A66836F812608E4202F10102EAD10344E2
:10C8E00098B2F4E7981900209C190020A0190020A4
:10C8F000094B1B685B070AD5084B1A68D38983422A
:10C9000003D9936833F810007047C01A80B2044B03
:10C910001B689B68F6E700BF981900209C1900204F
:10C92000A019002038B50468094905460C222046A4
:10C9300015F009FC50B90749022204F10E0015F068
:10C9400002FC18B90C342C60022038BD1020FCE722
:10C95000F53A0300033B03002DE9F743102801914A
:10C960000BD0022804D04FF6FF7003B0BDE8F0836F
:10C97000019B1888FFF78CFFF7E701A8FFF7D2FFAC
:10C980000228F5D01028EED11B4B019F1E6816F02F
:10C99000040608D0194BD3F80080B8F816600024BC
:10C9A000A5B2AE421AD8164BD3F80080B8F816904C
:10C9B0000025ACB24C45D6D2D8F81000102200EBBE
:10C9C0000510394615F0BFFB01350028F1D1A0193B
:10C9D0006FEA40406FEA504080B2C6E7D8F81000D6
:10C9E000102200EB0410394615F0ADFB013400288D
:10C9F000D6D145F40040B8E7981900209C190020D2
:10CA0000A0190020020408B51DD5124B1B685B0756
:10CA1000C0F30E0013D5104B1A68D38A98420CD27B
:10CA2000136903EB001000F1100350F8042B41F8D8
:10CA3000042B9842F9D1102008BDC01A80B2074BD0
:10CA40001B681B69EDE7FFF753FF0870000A487089
:10CA50000220F1E7981900209C190020A01900205D
:10CA60000B4B1B6870B51D68044642F60306A542D1
:10CA70000AD2204629B912F0FFF9B04206D110348B
:10CA800002E012F003FA08B1204670BD103CEEE758
:10CA9000A0190020437ADA0702D5C3F3800070475B
:10CAA000034BC2881B881A4214BF01200020704724
:10CAB000B61E00200A4B1B68DB0708D570B1094B76
:10CAC0001B68DB88834234BF00200120704728B1F7
:10CAD000054B1B88834294BF00200120704700BF94
:10CAE00098190020A0190020B81E002070B5024639
:10CAF000FFF7E0FFE8B10F4B1968CD88954209D3E5
:10CB000002F1805001380B68040103EB00101B5B3D
:10CB100093420ED0002398B2854201D8002008E04D
:10CB20000E681C0106EB0310345B944203F1010311
:10CB3000F1D170BDA01900202DE9F3410025184F57
:10CB400001900E46A8463A68D188ABB299421DD9E9
:10CB50001468ABB204EB0314B4F90430002B1CDAF4
:10CB60002046FFF797FFC0B1E1680B889E4214D1C1
:10CB700032460198023116F02CF9E3681B8882B224
:10CB8000934207D0114601A815F087FF404602B036
:10CB9000BDE8F08143441FFA83F80135D3E700BFB5
:10CBA000A019002037B58B7901910C33CD180A46B6
:10CBB000C95C11F00103044629D01D290AD10121C5
:10CBC0001E2011F01CF90146204611F070F90120D9
:10CBD00003B030BD032916D10E4BB5F801201B88D8
:10CBE0004189934228BF1346172BB8BF17234381AF
:10CBF00011F018FC636923F00203636140F20941FC
:10CC0000204611F037FC01A815F020FEDFE718469A
:10CC1000DEE700BFDA0C002038B5124B42891B88D2
:10CC20008B4228BF0B46172B0446B8BF17234381FE
:10CC3000114611F0F7FB636923F002036361A369F6
:10CC40009D693DB100229A6129462046BDE83840E1
:10CC5000FEF78EBC40F20941204611F00BFCA3699F
:10CC60001D7038BDDA0C00200148FEF799BC00BFEA
:10CC7000B5F9010008B5002142F20E0010F02BFEBC
:10CC8000BDE808400148F7F795BB00BF29B902008D
:10CC900038B590F87230032B0446154606D1FFF7DD
:10CCA000E9FF012384F87230002019E0C9B9012B93
:10CCB0002DD9032140F2064010F00DFEB4F86E307D
:10CCC000A0F8033045711348F7F774FB10F047FEE6
:10CCD0008378002BE5D010F042FE807840F480503D
:10CCE00038BDA3B102214FF6044010F0F4FDB4F8B2
:10CCF0006E30A0F803300848F7F75CFB10F02FFE09
:10CD00004379002BCDD010F02AFE4079E6E70220CF
:10CD1000E6E700BF3DB8020073B80200F8B5074669
:10CD20000E4642F213000E2115461C4610F0D3FDAC
:10CD3000B7F86E30A0F80330BDF81830A0F80B300B
:10CD4000BDF81C30A0F80D30BDF82030A0F80F3031
:10CD5000A0F80560A0F80750A0F809400648F7F7CA
:10CD600029FB10F0FCFD807820B110F0F8FD8078F0
:10CD700040F48050F8BD00BFB5B80200F8B50D46CC
:10CD800007461C2142F219001C46164610F0A3FD6E
:10CD9000B7F86E30A0F803302B68C0F805306B6828
:10CDA000C0F80930A0F80D6023460F3004F11002DE
:10CDB00053F8041B40F8041B9342F9D10648F7F7D7
:10CDC000F9FA10F0CCFD807820B110F0C8FD807821
:10CDD00040F48050F8BD00BF65B7020070B506464C
:10CDE0000D4642F27A000421144610F074FDA0F8BA
:10CDF0000360457184710648F7F7DCFA10F0AFFD67
:10CE0000407920B110F0ABFD407940F4805070BD06
:10CE1000B7BC020010B50221044642F2300010F007
:10CE20005AFDB4F86E30A0F803300F48F7F7C2FA95
:10CE300010F095FD437963B910F091FDC088FEF7BD
:10CE400087FA044628B110F08AFD017A2046FEF7E1
:10CE50007DFB10F084FD407920B110F080FD407919
:10CE600040F4805010BD00BF65470100F8B507468B
:10CE70000E4642F24100082115461C4610F02BFDDB
:10CE80009DF81830C3709DF81C300371477186718E
:10CE9000A0F80750A0F809400648F7F78BFA10F001
:10CEA0005EFD407920B110F05AFD407940F4805089
:10CEB000F8BD00BF1544010038B505460C4642F2E6
:10CEC0004200062110F007FD002343718371C371F6
:10CED0000372C57004710648F7F76CFA10F03FFD55
:10CEE000407920B110F03BFD407940F4805038BDCE
:10CEF0006D4401002DE9F04106460F4642F236002E
:10CF0000192115461C46DDF8248010F0E4FC2B0A9C
:10CF1000C371230A83729DF8183003739DF81C3087
:10CF20008571447243732D0C9DF82030C670240C1B
:10CF300087800572C4728373D8F80030C0F80F3050
:10CF4000B8F80430A0F813309DF8283043759DF9E7
:10CF50002C3083759DF83030C375002303769DF81F
:10CF6000343043769DF83830C37686760648F7F736
:10CF700021FA10F0F4FC407920B110F0F0FC407977
:10CF800040F48050BDE8F0810D45010038B50546FC
:10CF90000C464FF61940052110F09DFCC570446009
:10CFA0000648F7F707FA10F0DAFC407920B110F0E4
:10CFB000D6FC407940F4805038BD00BF11B5020066
:10CFC00038B505460C464FF61A40052110F083FC93
:10CFD000C57044600648F7F7EDF910F0C0FC4079E1
:10CFE00020B110F0BCFC407940F4805038BD00BF47
:10CFF00041B5020070B50D4606460121DAB1FFF7D2
:10D00000C5FF0446A8B9072142F2350010F063FCC1
:10D01000C6702B684360AB8803810848F7F7CAF9EC
:10D0200010F09DFC437923B110F099FC447944F44D
:10D030008054204670BDFFF7C3FFE2E7D1B602007F
:10D0400010B50A460446042142F2370010F058FC9D
:10D0500003230371002343718371C4700648F7F7FB
:10D06000A9F910F07CFC407920B110F078FC4079EF
:10D0700040F4805010BD00BFC5B5020010B50A468F
:10D080000446042142F2380010F03AFC03230371F5
:10D09000002343718371C4700648F7F78BF910F0D1
:10D0A0005EFC407920B110F05AFC407940F4805089
:10D0B00010BD00BF11B60200F8B506460F4642F299
:10D0C0003900062114461D4610F005FC0123847129
:10D0D000240A0371C7704671C47105720648F7F7D8
:10D0E00069F910F03CFC407920B110F038FC40792F
:10D0F00040F48050F8BD00BF5DB602000148FCF767
:10D10000ADBF00BF09D101002DE9F04F867987B08E
:10D110000C3605900546805BC0F30B00FEF718F94E
:10D12000044618B905A815F091FB4EE090F872304E
:10D13000022BF7D1AB5B059AC3F30B0103F4405309
:10D14000B3F5805F9060A95342D153796FF3000328
:10D150005371836B002BE5D0042105A804F1380638
:10D1600015F074FC0599304615F057FCA06B0023B0
:10D1700001465A1CA9BBDBB2012B01D915F0BEFC3C
:10D18000A06B15F0E8FB03281FD9D4F8389099F864
:10D190000670484615F0DFFB0C3709EB070539F838
:10D1A0000770A0F10408474522D9524FD4F838A09F
:10D1B00007F1100957F804BB53464246294620465A
:10D1C000D8474F4510D00028F4D007B0BDE8F08F05
:10D1D000383015F03BFB059A537943F00103537146
:10D1E000BAE709681346C4E70028EED130469AE74B
:10D1F000A06B15F0B0FB04378742F7D36988A1F123
:10D2000040033F2B0BD80421304615F01FFCA26BC6
:10D210006988204612F035FC0023A363D5E7052971
:10D220000BD0062961D00429E0D1304615F00EFC60
:10D23000A16BA06CFEF7C2F9EEE72946204612F07A
:10D240001EFC02460028D1D12B79122B06D0132BBD
:10D2500036D06979204612F0EAFBC7E794F87330BC
:10D26000022BF6D029898B1F9BB240F67A4083426D
:10D2700024D86A89931F9BB283421FD891421DD83C
:10D28000AB89B3F5FA7F19D2EF89A7F10A0080B212
:10D2900040F6764C604511D8B4F86A000290B4F8B4
:10D2A0006800CDE900702046FFF738FD021E18BF68
:10D2B00001226979204612F076FB97E70122F8E710
:10D2C00094F87330012B03D16979204612F0AFFB3B
:10D2D000A3681A048AD523F40043A3602B89012B89
:10D2E00084D12046FEF764FF80E7A16B204612F050
:10D2F00048FC91E7083B03000C4B1A7801469AB9A9
:10D300005B689B0710D490F97520013218BF012289
:10D3100091F8523013F0400005D091F8600010F001
:10D32000400018BFD0B270470122F1E7A4190020D5
:10D33000024B586800F00200704700BFA41900209B
:10D34000024B586800F00800704700BFA419002085
:10D35000014B1B68184700BFAC0B002008B50FF04D
:10D3600026FE02281BBF034B5868002000F0100067
:10D3700008BD00BFA419002007B5024608460428CE
:10D3800002F0010113D9B1B903200C4B5A6002F02D
:10D390008003019302F04003009302F0200302F0A7
:10D3A000040200F0C1F9002003B05DF804FB00297D
:10D3B000EBD00328E9D12120F6E700BFA419002013
:10D3C00038B50D490D480AF0F3F90446054688B909
:10D3D0000B4B0C4A1A600C4A5A600C4A9A600C4A71
:10D3E000DA6000F0F3F9032104462846FFF7C4FF92
:10D3F000084B1D70204638BDEFBEADDEBEBAFECA7A
:10D40000AC0B00201DD701005700030069D70100B5
:10D410007DEC0100A419002038B5044603200AF071
:10D420007BF90546D0B194F87030037094F87530EC
:10D4300043702046FEF756F82A46A87040F2026173
:10D44000074815F0F4F8074B2046DB6801219847A0
:10D4500094F97500BDE83840FBF716BE38BD00BF33
:10D460002C190020AC0B002070B5054608200E4694
:10D470000AF052F9044680B195F870300370074BFA
:10D48000466000212846DB68984722460448BDE8EC
:10D49000704040F2016115F0CAB870BDAC0B0020BD
:10D4A0002C19002038B5054608200C460AF034F93E
:10D4B000024638B1C0E900540D21BDE838400248A9
:10D4C00015F0B5B838BD00BF2C19002038B5054699
:10D4D00008200C460AF020F9024650B195F8703049
:10D4E0000370446040F20561BDE83840014815F022
:10D4F0009EB838BD2C19002013B504460191114681
:10D5000012B301A904200AF0A9F9019B104AB3FB48
:10D51000F2F102FB1133019345F2180201AB002135
:10D52000204612F0FBFC08200AF0F6F8024648B14B
:10D5300094F870300370019B436040F20461054829
:10D5400015F075F802B010BD01AB45F21802E8E71E
:10D5500040420F002C19002010B5044601200AF0AB
:10D56000DBF8024648B194F870300370BDE8104013
:10D57000024840F2036115F05AB810BD2C19002082
:10D5800038B5054608200C460AF0C6F8024650B1E8
:10D5900095F870300370446040F20761BDE8384090
:10D5A000014815F044B838BD2C190020014B5B68C8
:10D5B000184700BFAC0B002010B50F4C2068D0B14D
:10D5C0000023037780F83D3080F85E3020219F30C3
:10D5D00015F04FFC206860215F3015F04AFC206890
:10D5E00021211D3015F045FC20682121BDE81040A7
:10D5F0003E3015F03EBC10BDAC190020F0B50D4614
:10D600008FB00646144632492022284614F09BFD6E
:10D6100070B930492022204614F095FD40B92E4BB8
:10D620001B681B7D002B51D040F203400FB0F0BDB2
:10D63000366C202206F15101284614F084FD38B9D9
:10D64000202206F17101204614F07DFD0028EBD068
:10D6500068460CF00CFB06AA2B4605F12007154680
:10D6600018685968164603C60833BB423246F7D1DC
:10D670002021284615F0EFFB2022294668460BF0B2
:10D680002BFB224602F120062C46106851682346E7
:10D6900003C30832B2421C46F7D12021284615F0B8
:10D6A000DAFB2022294602A80BF016FB012104A870
:10D6B0000BF0E2FA084B18686946C030F4F764FCD6
:10D6C000044668460CF002FB002CADD10020ADE70B
:10D6D0004C3C03002C3C0300AC19002000F0C003BC
:10D6E000402B07D1094B1B6873B100F03F0053F882
:10D6F00020007047802B01D1054BF4E7054A06480E
:10D70000C02B08BF1046704703487047B41900206B
:10D71000B0190020C70203009DD90100014B1B680E
:10D72000187A7047AC19002010B50E4C00392468E7
:10D7300018BF0121003B18BF0123A3749DF80830D6
:10D740002070003A18BF0122003B18BF0123E37488
:10D750009DF80C302174003B18BF012362742375BF
:10D7600010BD00BFAC19002001280AD002280ED03D
:10D7700098B90B4B1A68936943F001039361002039
:10D780007047074B1A68936943F00203F6E7044BAE
:10D790001A68936943F00403F0E72120704700BF43
:10D7A000AC190020024B034A1A600020704700BFEA
:10D7B000B4190020E83B0300024B034A1A60002022
:10D7C000704700BFB0190020C03B030070B51F4D6B
:10D7D000286838B94FF4907015F087FB286058B965
:10D7E0001A2431E0C0300CF075FAFFF7E5FE286826
:10D7F0004FF4907115F03DFB2B6815484FF0FF3149
:10D800000022D9600326102119721E7011491A775F
:10D8100083F83D2083F85E201A829A749A6109F099
:10D820007DFC044680B92868C0300CF02EFA2868C8
:10D830003146C030F4F770FE30B122460549044845
:10D8400014F001FF40F20744204670BDAC190020DF
:10D85000B81900208DFE02002DE9F043DFF8389161
:10D860001F46D9F8003015461A7F022A8BB0804631
:10D870000E461DD103F15F0403F17F0254F8041B2F
:10D8800046F8041B9442F9D103F19F0254F8041B9B
:10D8900045F8041B9442F9D1BF3354F8042B47F8E0
:10D8A000042B9C42F9D1B8F1000F66D1002442E06C
:10D8B0009C6914F001041BD0334B03F1200253F890
:10D8C000041B46F8041B9342F9D1304B03F12002AC
:10D8D00053F8041B45F8041B9342F9D12C4B03F178
:10D8E000200253F8041B47F8041B9342F9D1DAE7EE
:10D8F00004A80CF0BCF902A80BF037F9D9F8000025
:10D90000244B009404AA02A9C0300CF0FEF804468F
:10D91000A8B104A80CF0DAF902A80BF02BF9B8F1C1
:10D92000000F03D00821404612F0ABFC214640F224
:10D930000740FFF7B7FD20460BB0BDE8F083314646
:10D94000202204A80BF0DEF92946202206A80BF0BD
:10D95000D9F92022394602A80BF0D4F904A80CF01A
:10D96000B5F902A80BF006F93046202115F073FA3C
:10D970002021284615F06FFA95E7002245F216019E
:10D98000404612F0BBFA91E7183B0300393B030015
:10D990005A3B0300E1FC0200AC19002045F20603EB
:10D9A000994210B504463CD00DD840F20323994269
:10D9B0001AD045F20203994211D040F20123994254
:10D9C00012D048202CE045F2170399423AD045F294
:10D9D0001A0399421CD045F20C039942F1D105215A
:10D9E000204612F04EFC1AE0174894F8701014F01C
:10D9F000FFFD94F87330012B14BF80204020FFF707
:10DA00006DFE4FF4A0410346002220469847D8E718
:10DA1000C02112F058FA07212046FFF725FD00200B
:10DA200010BD93791A44517C41F49051FFF71CFDCD
:10DA300094F87330012B14BF80214021204612F04E
:10DA400042FAECE70220EBE7B8190020B1F5A04F4D
:10DA50002DE9FF410446154600F0E980A1F5A043F9
:10DA6000DE1F042E00F2EA809279066C0C32083B2D
:10DA700096F86C711544032B03D8DFE803F0307976
:10DA800087D5F9072ED56F1D6F481022394614F03F
:10DA90005AFB002865D096F97A013B4610220321F3
:10DAA0000FF087FA06460FF082FA022811D194F897
:10DAB0007330012B0DD13B4604F11802153553F894
:10DAC000041B42F8041BAB42F9D1A36843F48073F2
:10DAD000A3601021384615F0CCF9002737E017F085
:10DAE00001070ED10027226C92F86C3123EA07035C
:10DAF00082F86C31204612F082FC002004B0BDE8B0
:10DB0000F0810FF054FA02280DD0206C6B4690F98A
:10DB10007A01102203210FF07AFA0028E2D01021B6
:10DB2000684615F0A6F9206C05F10508434690F902
:10DB30007A010A2202210FF03CFAD5F80530A362DF
:10DB4000D5F80930E362B5F80D3023860646002E7D
:10DB5000C9D000213046FFF7A5FC0821204612F06D
:10DB600090FB2046082112F08CFB40F20340C5E7F1
:10DB7000BA07B7D5053596F97A0106212B4610224A
:10DB80000FF017FA102106462846A4E7BB07A9D5CF
:10DB90000FF00DFA02280DD0206C6B4690F97A0137
:10DBA000102206210FF033FA00289BD0102168467E
:10DBB00015F05FF9697989B96B1D0A4613F8010FF1
:10DBC00060B90132062AF9D194F85210206C81F024
:10DBD000080104F14C03C1F3C00107E00039206CD7
:10DBE00005F106034FF0060218BF012190F97A01F2
:10DBF0000FF0DFF9226CD2F8743143F04003C2F821
:10DC000074316B89ADF804306B790646002BD5F87A
:10DC1000060000900CBF4923722368468DF8063039
:10DC200002270FF00BFF92E707F004075BE712F003
:10DC300078F8236C002283F878215BE704B0BDE814
:10DC4000F041FFF7ABBE00BF1C3C0300F0B5B1F5DF
:10DC5000A04F8DB0054608D045F21304A14244D030
:10DC60000DB0BDE8F040FFF799BE046C0023CDE98C
:10DC70000833CDE90A3394F87931042B0DF1200CE7
:10DC80002CD11F4B1B6893F85E205AB103F13E0262
:10DC900067464E33106851683E4603C608329A42C2
:10DCA0003746F7D104F22113069305F15303059388
:10DCB00005F15A0304932379039363790293A379BB
:10DCC00004F1E102CDE900C304F2111104F1D10322
:10DCD000284612F0E9FD00200DB0F0BD013B022BFB
:10DCE0009CBFD4F848310893DCE7016C01F22111A4
:10DCF00012F033F84A21284612F0E5F8EBE700BFAE
:10DD0000AC190020F0B545F20E06B1428DB00446C4
:10DD100013460BD045F21303994260D0B1F5A04FE2
:10DD200076D111F0FEFF00200DB0F0BD9979026CA4
:10DD30000C310B44591D02F23112153351F8040B0A
:10DD400042F8040B9942F9D1256C102205F23111E9
:10DD500005F2211014F0F7F920B90B21204612F03A
:10DD600090FAE0E70023CDE90833CDE90A3395F8CE
:10DD70007931042B0DF1200C2AD1284B1B6893F824
:10DD80003D205AB103F11D0267462D3310685168DA
:10DD90003E4603C608329A423746F7D105F5AE73C0
:10DDA000069304F15A03059304F153030493EB7AA9
:10DDB00003932B7B02936B7B05F1D102CDE900C36A
:10DDC00005F2111105F1E103204612F06DFDAAE7FD
:10DDD000013B022B9CBFD5F848310893DEE7056C68
:10DDE000102205F5AE7105F2311014F0ACF90028DF
:10DDF000B3D1D5F874319B0742BF94F8743043F027
:10DE0000020384F874304B21204612F05CF88AE754
:10DE10000DB0BDE8F040FFF7C1BD00BFAC19002058
:10DE200073B545F21406B14204461AD045F21906FC
:10DE3000B14221D0B1F5A04F28D111F072FF216C71
:10DE400001F5A273019301F1D103009301F11102D5
:10DE500001F1E1032046513112F0C7FD002002B06C
:10DE600070BD036CD3F844210B4BB2FBF3F103FB01
:10DE70001121FFF72BFBF1E713781BB90C2112F0EE
:10DE800000FAEBE7492112F01EF8E7E702B0BDE81F
:10DE90007040FFF783BD00BF40420F002DE9F04FF7
:10DEA00097B01C46DDE92098544B229F154604AAE2
:10DEB00006468C4603F1100B924618685968964640
:10DEC000AEE8030008335B457246F6D16B4620226C
:10DED0006146504611F00CFF8346002871D1484B33
:10DEE000089365238DF824300DF1250305F1100208
:10DEF000184655F8041B43F8041B9542F9D110212C
:10DF000014F0A9FF0DF1350304F11002184654F87E
:10DF1000041B43F8041B9442F9D1102114F09BFF19
:10DF200099F8063083F00803C3F3C0038DF8453039
:10DF3000D9F80030CDF846300621B9F80430ADF8F4
:10DF40004A300DF1460014F086FF98F8063083F051
:10DF50000803C3F3C0038DF84C30D8F80030CDF877
:10DF60004D300621B8F80430ADF851300DF14D00B8
:10DF700014F071FF00238DF854300124239B8DF899
:10DF80005340352208A9684611F0B2FE8346C0B955
:10DF90002398102114F05FFF3B46352208A96846FC
:10DFA0008DF8204011F0A4FE834650B9B27C0146A2
:10DFB000C2F11002384614F0F0F81021384614F07F
:10DFC0004AFF1021684614F054FF352108A814F0C8
:10DFD00050FF1021504614F04CFFBBF1000F06D04B
:10DFE0000821304612F04DF917B0BDE8F08F5A46BF
:10DFF00045F21201304611F081FFF5E77B3B03004B
:10E000000062746C2DE9F04194B0074606A80C46F6
:10E01000984615460BF02BFE02A80AF0A6FD0CABA5
:10E0200004F1200C1E46206861681A4603C20834B9
:10E0300064451346F7D12021304614F00CFF20220E
:10E04000314606A80AF048FE2A46334620351068B5
:10E0500051681C4603C40832AA422346F7D1202146
:10E06000304614F0F8FE20220DEB020031460AF093
:10E0700033FE2021304614F0FCFE01210AA80AF0EC
:10E08000FBFD2022414602A80AF026FE04A80AF061
:10E090006CFD002104A80AF0EFFD1C4B186800235A
:10E0A00001931B4B009306AA02AB04A9C030F3F7FF
:10E0B000D7FE0446A0B104A80AF05CFD06A80BF048
:10E0C00005FE02A80AF056FD214640F20740FFF780
:10E0D000E9F90821384612F0D4F814B0BDE8F0810F
:10E0E0001A99202204A80AF00DFE04A80AF042FDA5
:10E0F00006A80BF0EBFD02A80AF03CFD224645F213
:10E100001501384611F0FAFEE7E700BFAC19002010
:10E11000E1FC020045F20D039942F7B5044627D011
:10E120000DD8B1F5A04F1DD045F20403994200F07F
:10E130008F80204603B0BDE8F040FFF72FBC45F2CA
:10E140001103994200F0A68045F215039942F0D1DF
:10E15000006C90F87931052B06D8DFE803F0503ACF
:10E16000423A555011F0DDFD0027384603B0F0BDAE
:10E1700093790C331A44561D02F125052A4631467F
:10E18000FFF73CFA074620B10B21204612F079F840
:10E19000EBE7236C3146113351F8042B43F8042B81
:10E1A000A942F9D1236C01F12002313351F8040B5B
:10E1B00043F8040B9142F9D1216C01F1F103009372
:10E1C00001F1310201F1910320461131FFF71AFFED
:10E1D000CAE72046452111F076FE2046FFF7BCF93C
:10E1E000C2E72046452111F06EFE364B1B68D96808
:10E1F0004B1C5A425A412046FFF77EF9B4E74621AC
:10E20000204611F060FEAFE72E4B1B6893F85E507E
:10E2100065B100F11102002100F5AE70019000918E
:10E220003E331146204612F07AF89DE71021E13086
:10E2300011F07FFE00283DD00821204612F021F881
:10E24000294640F20740FFF72DF940F207478CE7D7
:10E250009179036C0C310A44511DC133153251F8C8
:10E26000040B43F8040B9142F9D1256C102205F1FF
:10E27000C10105F1B10013F066FF20B90421204669
:10E2800011F0FFFF70E7D5F8743143F00103C5F8D2
:10E29000743169E70B4B056C196810224E3105F596
:10E2A000AE7013F050FF0028E8D1102105F1E10015
:10E2B00011F03FFE216C2046E13111F06AFD47214B
:10E2C0009EE700BFAC190020F8B545F2160399424D
:10E2D000044600F062810BD8B1F5A04F0ED045F294
:10E2E000030399420ED02046BDE8F840FFF756BB25
:10E2F00045F217039942F6D1022002E011F011FD18
:10E300000020F8BD9379056C0C33D618F379DF073C
:10E3100008D4FFF70DF828B10521204611F0B1FF10
:10E320002120EEE79F4F327A3B681B7A9A4201D256
:10E330000621F2E7D6F80530C5F80B30B6F80930FB
:10E34000A5F80F300223AB7294F9523094F85210B2
:10E35000002BA6BF81F00803C3F3C0030123AB70F9
:10E3600094F8603083F00803C3F3C0036B70337A12
:10E37000102B28BF1023A374F379D8072BD5AB79C2
:10E38000DA0728D5737A2A7A134085F86D31B37A83
:10E390006A7A134085F86C3195F97A3101331ED0D1
:10E3A000206C90F86C319B0719D481F0080190F92A
:10E3B0007A0104F14C030622C1F3C0010EF0F9FD0D
:10E3C00068B140F21B412046FFF74EF8A368590799
:10E3D000A6D50821A1E7002385F86D31DAE73B686F
:10E3E000F079597C00F0080229B112B1AA7912071C
:10E3F00003D4032191E7002A79D0AA79110776D5B1
:10E40000D5F8741141F00401C5F87411B5F86C1118
:10E4100021F4807121F00101A5F86C1193F81CC062
:10E42000B179BCF1020F02D019B3022175E789B1AD
:10E43000012283F83D20DA7CB2B9042285F87921E3
:10E44000A27C0F2A27D994F8742042F0080284F89D
:10E45000742020E093F85E20002AE6D0DA7C83F86E
:10E460003D10002AE1D1E8E793F85E20002AE4D1CC
:10E47000DBE7024312F004023FD072794A49187870
:10E48000052A28BF032202EB82020A44125C85F8A7
:10E490007921002AD4D1197C95F8792109B1002A73
:10E4A000A7D0206C042A00F5A6703AD103F11D0212
:10E4B0002D3352F8041B40F8041B9A42F9D1D5F8C9
:10E4C000743195F8792103F004017ABB23F002033B
:10E4D000C5F87431E27400295AD0216C204601F14C
:10E4E000910301F171025131FFF7B6F908E71A7F84
:10E4F000012A05D1B2791AB1042285F87921CAE737
:10E50000420703D4AA7912F00402F6D0727927499F
:10E510001878052A28BF032202EB82020A44125C03
:10E52000EBE71022002113F038FEC8E743F00203A6
:10E53000C5F8743149B90123013AE374032A3FF65F
:10E54000DFAEDFE802F010181025A37C0F2B85BF8B
:10E5500094F8743043F00803012384F8743088BFC2
:10E560000223E374B9E72046452111F0ACFC2046B4
:10E57000FEF7F2FFC4E62046452111F0A4FC3B68FB
:10E58000D9684B1C5A425A412046FEF7B5FFB7E600
:10E590004321204611F097FCB2E611F032FC4221F3
:10E5A000F7E700BFAC1900208C3B0300A53B03003C
:10E5B000F8B50446FEF7A0FE266C054628B394F98C
:10E5C00075305F1C0BD086F87A31FEF7B1FE07215B
:10E5D000012011F0B6FB024618BB1A2111E02046BB
:10E5E000FAF70CFE86F87A01236C93F97A3101333D
:10E5F000EBD1FEF79DFE90B1A3685D0709D441F20F
:10E6000005212046FEF730FF07E0FF2386F87A3128
:10E61000EFE70521204611F034FE0020F8BD00256B
:10E62000D5E7867931490C360968831991F800C01D
:10E6300083F801C091F81CE0281E18BF0120BEF12C
:10E64000010F0DD183F802E0D870487C00B3D87870
:10E6500000071DD4A3685B07DBD441F20321D0E798
:10E660008F69BEF1020F07F002070ED191F85EE04C
:10E67000BEF1000F09D04FF0010E83F802E0D87010
:10E68000002FE2D140F00800DEE74FF0000EF4E783
:10E69000BCF1030F07D0096911F0FF1F1EBFD97825
:10E6A00041F00401D97094F874108F0708D5D97817
:10E6B000480705D4BCF1030FCFD041F00401D97055
:10E6C000002D18BF0325102119715D719D71216CFA
:10E6D0009059C1F803009888A1F807009B794B7204
:10E6E0002046062111F083F9012097E7AC1900209C
:10E6F000F0B545F20E06B1428DB0044615460ED077
:10E7000045F21306B1425CD0B1F5A04F40F0BD8098
:10E7100011F007FB236CD3F87431190757D5236C1C
:10E72000D3F8742112070CD4AA790C3215446A1D4F
:10E7300003F22113153552F8041B43F8041BAA42B7
:10E74000F9D1256C0023CDE90833CDE90A3385F8EA
:10E75000783195F87931042B0DF1200C2AD14D4BED
:10E760001B6893F83D205AB103F11D0267462D3313
:10E77000106851683E4603C608329A423746F7D1C0
:10E7800005F5AE73069304F15A03059304F15303A0
:10E7900004932B7903936B790293AB7905F1E10232
:10E7A000CDE900C305F1D10305F21111204612F0A5
:10E7B0007BF80CE0013B022B9CBFD5F84831089355
:10E7C000DEE7056C95F8783123B1012B54D0002099
:10E7D0000DB0F0BD102205F5AE7105F2211013F059
:10E7E000B2FC20B10B21204611F04BFDEFE7D5F82C
:10E7F00074319B0742BF94F8743043F0020384F8ED
:10E800007430012385F878310023CDE90833CDE950
:10E810000A3395F87931042B0DF1200C25D11D4BCD
:10E820001B6893F85E205AB103F13E0267464E33EF
:10E83000106851683E4603C608329A423746F7D1FF
:10E8400005F23113069304F15303059304F15A03BF
:10E850000493EB7A03932B7B02936B7B05F1D1023C
:10E86000CDE900C305F1E1039EE7013B022B9CBF0C
:10E87000D5F848310893E3E705F2311111F06DFA4C
:10E880008821204611F01FFBA1E70DB0BDE8F04044
:10E89000FFF784B8AC19002045F21403994213B570
:10E8A00004462BD00CD8B1F5A04F13D045F20E037F
:10E8B000994232D0204602B0BDE81040FFF76EB852
:10E8C00045F219039942F5D1137813BB0C2111F0CD
:10E8D000D8FC10E011F025FA216C01F5A273019328
:10E8E00001F1D103009301F1510201F1E10320464E
:10E8F000113112F07AF8002002B010BD036CD3F889
:10E900004421114BB2FBF3F103FB1121FEF7DEFDB5
:10E91000F1E7872111F0D7FAEDE79179036C0C311B
:10E920000A44511D03F22113153251F8040B43F828
:10E93000040B9142F9D1226CD2F8743143F00803F0
:10E94000C2F87431D7E700BF40420F0030B545F23E
:10E950001003994285B0044600F0A6800CD8B1F5AA
:10E96000A04F27D045F20503994228D0204605B094
:10E97000BDE83040FFF712B845F21103994200F0AC
:10E98000B08045F212039942F0D1016C91F87931CF
:10E9900013B1043B012B03D8D131204611F0F9F912
:10E9A000236C93F87931042B40F2DF80052B03D1DF
:10E9B000862192E011F0B5F9002005B030BD9179C3
:10E9C000036C0C310A44511DE133153251F8040B2C
:10E9D00043F8040B9142F9D1206CD0F8743113F054
:10E9E000040354D090F87931042B22D1604B1B687A
:10E9F00093F85E5065B100F11102002100F5AE7090
:10EA0000009101903E331146204611F088FCD3E777
:10EA10001021D13011F08DFA58B10821204611F0A3
:10EA200030FC40F207402946FEF73CFD40F207402B
:10EA3000C3E7216C91F8793101F1E10213B1043B94
:10EA4000012B12D801F21113039301F5A67302935F
:10EA500004F15A03019304F15303009301F1D1032C
:10EA6000F1312046FFF71AFAA6E701F5AE730193DC
:10EA700091F87801D1F84831C34003F0010343F025
:10EA800080030093134601F151021131BCE780F875
:10EA9000783100F1E102009300F5A67100F5AE7344
:10EAA000204612F016F887E7056C102205F1B10137
:10EAB00005F5AE7013F047FB20B10421204611F09C
:10EAC000E0FB79E7D5F874319B0742BF94F87430C6
:10EAD00043F0020384F874308821204611F0F3F9E2
:10EAE0006AE7056C95F87931042B05F5AE701ED1F7
:10EAF0001F4B196810224E3113F025FB0028DCD182
:10EB0000102105F1D10011F014FA216C01F211135A
:10EB1000039301F5A673029304F15A03019304F1E0
:10EB20005303009301F1E10201F1D10398E701469B
:10EB3000102205F1B10013F006FB0028BDD105F14C
:10EB4000D101204611F025F9216C91F8783101337B
:10EB5000DBB2142B81F87831D8D0D1F8743123F09E
:10EB60000103C1F874318421B7E78721B5E700BFFD
:10EB7000AC19002045F215039942F7B5044651D06F
:10EB80000CD8B1F5A04F19D045F20D0399421BD016
:10EB9000204603B0BDE8F040FEF700BF45F2160383
:10EBA0009942F5D1016C01F1F103009301F13102B9
:10EBB00001F191031131FFF725FA01E011F0B1F8ED
:10EBC0000027384603B0F0BD93790C331A44551D25
:10EBD00002F1250632462946FEF710FD074620B110
:10EBE0000B21204611F04DFBEBE7236C2946113336
:10EBF00051F8042B43F8042BB142F9D1236C01F1F5
:10EC00002002313351F8040B43F8040B9142F9D13F
:10EC1000216C204601F1910301F171025131FEF79F
:10EC20001BFECDE711F0EDF8236C93F87931052B3D
:10EC3000C6D8DFE803F0190311111E1920468221FE
:10EC400011F041F90C4B1B68D9684B1C5A425A41D0
:10EC50002046FEF751FCB3E72046822111F033F93C
:10EC60002046FEF779FCABE78321204611F02BF913
:10EC7000A6E78521F9E700BFAC190020204B1B68EF
:10EC80009B6913F0040310B5044610D141B180F81C
:10EC9000773090F870101B48BDE8104013F0A8BC06
:10ECA00090F87330012B03D18368580705D410BD49
:10ECB000022B02D183685907F9D494F9772094F88C
:10ECC0007730002AF3DBB3B9012384F8773094F866
:10ECD00077305B08EBD04FF47A72534394F870109E
:10ECE0000848002208F0FEF994F8773063F07F03BB
:10ECF00084F87730DBE75A06E9D45B00E5E700BF2C
:10ED0000AC190020B819002030B545F21E03994215
:10ED100089B00446154610D845F21603994213D817
:10ED200045F20103994200F09F8145F20C0399429C
:10ED300022D0B1F5A04F00F09D812A46204609B0AF
:10ED4000BDE83040FEF72ABEA1F5A043173B072BD4
:10ED5000F3D801A252F823F041EE01003BED01008F
:10ED60003BED01003BED010025F001003BED010012
:10ED7000F1EF01002BEE010090F97730002B02DB60
:10ED80008268530707D52046092111F07AFA41F22B
:10ED9000092009B030BDAB792B44A04D5B7C2D68B8
:10EDA0006D7C03F00801D5B121B9032111F069FA96
:10EDB0002120EEE713F0040F03F0010308D042F026
:10EDC0000802826093B9A36843F02003A36013E0B4
:10EDD000002BF8D0836843F010038360F3E75807F3
:10EDE00044BF42F00802A260DB0703D5A36843F0EA
:10EDF0001003A3600029E6D1A368894943F0040306
:10EE0000A3602246204608F089F9022120460EF030
:10EE1000C5FF47F23053002245F21A01204608F0A0
:10EE200061F9A3689D0540F18980A368580740F106
:10EE3000858094F8700009B0BDE8304010F035BE10
:10EE400090F87430D9074DD590F97530013342D020
:10EE500094F9131001291DDCA26893060DD56F4BA0
:10EE600015071B6801D4187C38B1187F10B91878C1
:10EE7000032802D09B69980734D501290AD0674B33
:10EE800011071B6801D41A7C22B11A7F52BB1B7870
:10EE9000032B27D10023CDE90433CDE906330EF04F
:10EEA00086F8022801AB35D1A06AE16A228E03C33D
:10EEB0001A8094F97500BDF80450421C37D00EF04A
:10EEC000BEF8002833D1204641F20601FEF7CCFA05
:10EED00041F206005DE78368DA0616D4FEF728FAE9
:10EEE0000028B5D04D4B1B68197F022932D1DA7C3E
:10EEF00082B393F85E306BBBA3685B0720D52046D6
:10EF000011F0BFF941F2022043E7FEF7F5F90028BE
:10EF1000E4D0E7E794F975000A2202210EF077F8B1
:10EF20000028C6D1CDE90100ADF80C00C1E704AB63
:10EF30002A460DF106012046FDF720FF002028E7B4
:10EF4000204641F20221FEF78FFA01212046FFF709
:10EF500095FED7E7204610F078FFA56860B96D07E9
:10EF600005D50821204611F08CF91A2011E71A2145
:10EF70002046FEF779FAF8E715F0040508D0FEF709
:10EF8000DFF9C8B194F975102046FEF7F9FAD5E714
:10EF900022462349204608F0C1F8022120460EF0FF
:10EFA000FDFE47F230532A4645F21A01204608F08A
:10EFB00099F8A3685807E2D494F97530591C06D023
:10EFC00048F2080040EA032080B2F9F757FF226CAC
:10EFD000D2F8743143F02003C2F874312046FFF7B1
:10EFE000E7FA0028AAD04121204610F06CFFA5E7DF
:10EFF000FEF7A6F900285FD0236C002B5CD0A26836
:10F00000520759D5D3F87431980655D42B78002B74
:10F01000D2D10521204611F034F98FE7AC19002038
:10F020001DFF020090F87430D90706D4402110F07B
:10F030004AFF29462046FEF717FAA3685A077FF5CC
:10F040007DAF204645F21A0113F0D2FA20461B4943
:10F05000224613F0F8FAA36823F03C03A3600221D0
:10F060002046FCF7C1F969E702461449144808F044
:10F0700055F863E745F21A0113F0BAFAA36823F0D2
:10F080003E03A360236C2BB193F97A01431C01D09A
:10F09000FAF704F822462046084913F0D4FA22462B
:10F0A0000649074813F0CFFA20460221FCF79CF9E5
:10F0B000204610F055FF41E702206AE61DFF0200DE
:10F0C0002C19002045F21E0399422DE9F341044614
:10F0D000154611D845F21603994214D845F201039A
:10F0E000994200F0188345F20203994200F098809B
:10F0F000B1F5A04F00F015832A46204602B0BDE8C6
:10F10000F041FEF74BBCA1F5A043173B072BF3D80A
:10F1100001A252F823F000BF39F10100F9F001001B
:10F12000F9F00100F9F00100D3F60100F9F0010057
:10F13000DDF20100B7F20100914E33681A7F022A16
:10F1400011D1DA7C7AB193F85E3063B941F20221D1
:10F15000FEF78AF920460121FFF790FD41F20220D7
:10F1600002B0BDE8F081A3685D0701D50220F7E792
:10F170002046FEF7C1F833681A78051E18BF01252E
:10F18000032A07D0196911F0FF1F6AB224D042F098
:10F19000040503E094F87420900725D49A69920737
:10F1A0001FD41A7F012A1CD045F0080502210B202C
:10F1B00010F0C7FD0246E0B18379034406215D7378
:10F1C00094F97530013302BFA36843F00203A360D2
:10F1D000204610F00CFC0CE094F874108907D6D48B
:10F1E000DCE75B7C002BE1D041F203212046FEF7F7
:10F1F0003BF9A368634943F00403A3602246204619
:10F2000007F08CFF022120460EF0C8FD47F2305374
:10F21000002245F21A01204607F064FF00209FE714
:10F2200083685F0703D490F97730002B05DB236CEC
:10F2300053B1D3F87431DE0606D52046092111F00A
:10F2400020F841F209208BE7204610F0FEFD28B996
:10F250000821204611F015F8212081E7206CD0F814
:10F26000743143F01003C0F87431AB790C332B4484
:10F270005A68C0F803201A89A0F807209B7A4372C5
:10F28000236C0122DA70A26812F0040610D1224623
:10F290003C49204607F042FF022120460EF07EFD49
:10F2A00047F23053324645F21A01204607F01AFF62
:10F2B000A3689805B2D5236C002BAFD0D3F8743176
:10F2C000D906ABD594F97530013320D094F8743059
:10F2D000DA071CD5A36843F00203A360236C002B5C
:10F2E0003FF444AFD3F87431DA067FF53FAF9F06A1
:10F2F0003FF53CAFFEF724F820B3A3689E0721D466
:10F300002B78FBB90521204610F0BBFF86E7FEF7FE
:10F3100017F894F9751040B14B1C02D1A3689F07F0
:10F32000DCD42046FEF72CF978E74E1CD6D094F8B2
:10F330007430D807D2D408460DF081FE0028CDD015
:10F34000052186E794F97530581C06D048F208006C
:10F3500040EA032080B2F9F791FDA368256C084FBD
:10F36000EA7923F00203A360D5F8743143F0200357
:10F37000C5F874313B681B7A934205D9062168E7CA
:10F38000AC1900201DFF020094F9521094F852307D
:10F390000029A6BF83F00803C3F3C00301236B70E9
:10F3A00094F86030102A83F0080328BF1022C3F3BA
:10F3B000C003AB702046A274AE79FDF79DFF002814
:10F3C00036D0F10734D594F97530D4F840805A1C02
:10F3D00024D088F87A3106F00D063B689A699007C8
:10F3E00004D41A7F012A01D0310701D406F0F706B0
:10F3F0001A78032A1FD01B6913F0FF1F01D046F0B3
:10F40000040694F874309A071BD5730719D40321A6
:10F41000204610F036FF40F20340A1E62046F9F7FF
:10F42000EDFE88F87A01236C93F97A310133D2D159
:10F4300006F00C06D1E71B7F002BE2D106F0FB069D
:10F44000DFE70721022010F07CFC01900028E2D0C9
:10F4500090F806C03A680CF10C0C00EB0C01137824
:10F460004B70137F012B06D0022B45D192F85E30F2
:10F47000003B18BF01238B70CE70102316F00106DD
:10F480000B711BBF2B7A6A7A4E7103F0030318BF0E
:10F490004B71236C14BF02F0030232468A7183F869
:10F4A0006D214A7983F86C2150F80C20C3F80A20AA
:10F4B0008A88DA818A791A7406B3206C90F86C1104
:10F4C00011F002061AD194F8521090F97A0181F0E5
:10F4D000080104F14C030622C1F3C0010DF069FDDF
:10F4E00060B13146FDF7DEFF2046082110F0C9FE6D
:10F4F00001A813F0ABF98EE70023BCE7019E002EB4
:10F5000089D0FDF715FF95F806C078B11CF0010F02
:10F5100004D0236C93F97A31013307D105212046B9
:10F5200010F0AFFE304607F087FF95E63B68597C48
:10F530000CF0080229B112B16A7B100703D4032131
:10F54000EDE7002A75D06A7B110772D5D5F87411E2
:10F5500041F00401C5F87411B5F86C1121F4807103
:10F5600021F00101A5F86C11187F697902280BD0F0
:10F5700071B942EA0C0212F0040248D185F87921EF
:10F580001B7C002BDBD10DE021B993F85E209ABBE8
:10F590000221C4E7012283F83D20DA7C92BB0423D8
:10F5A00085F8793132460621204610F020FA95F888
:10F5B0007931206C042B52D13B6800F5A67003F121
:10F5C0001D022D3352F8041B40F8041B9A42F9D156
:10F5D000D5F8743195F8792103F00401002A45D15A
:10F5E00023F00203C5F87431E27400294AD0812166
:10F5F000204610F068FC11E683F83D10DB7C002B00
:10F60000C6D1CCE793F85E30002BC8D1C0E72A7989
:10F6100019785348052A28BF032201EB81010144D0
:10F620008A5C85F879211B7C002BBBD0002AB9D1DC
:10F6300085E71A7F012A02D16A79002AAFD11CF02E
:10F64000040F03D16A7B12F0040297D02A7919784B
:10F650004448052A28BF032201EB8101DFE710227D
:10F66000002100F5A67012F098FDB1E743F0020307
:10F67000C5F8743141B90123032AE37412D9042A6D
:10F680007FF4CCAD8421B3E7A37C0F2B85BF94F826
:10F69000743043F00803012384F8743088BF0223D8
:10F6A000E374A4E7012A07D02046822110F00BFC66
:10F6B0002046FDF751FFB1E52046822110F003FC02
:10F6C0003B68D968481C424242412046FDF714FF7E
:10F6D000A4E590F87430D90706D4402110F0F3FB6C
:10F6E00029462046FDF7C0FEA3685A077FF596AD70
:10F6F00045F21A01204612F07BFF1B4922462046A4
:10F7000012F0A1FFA36823F00403A36002212046A6
:10F71000FBF76AFE82E502461349144807F0FEFC37
:10F720007CE545F21A0112F063FFA36823F03E0363
:10F73000A360236C2BB193F97A01431C01D0F9F734
:10F74000ADFC22462046084912F07DFF06490748D5
:10F75000224612F078FF204610F002FCD6E700BFE8
:10F760008C3B0300A53B03001DFF02002C19002069
:10F77000184622F0004240F20A439A422DE9F04135
:10F7800020D8B2F5806F01D800203EE06FF480648D
:10F790002244092AF8D801A353F822F0E3F7010024
:10F7A000EFF701000FF801005DF8010031F80100EA
:10F7B00079F801009BF80100A3F8010089F7010026
:10F7C000BBF801006FF4A0615318042BDCD8A2F23F
:10F7D0000252032A79D8DFE812F08A009200B700BB
:10F7E000CB000578448864480EF070FA3EE0057856
:10F7F0004468826900F10803002160480EF077FA3E
:10F8000010B10571C0F805400120BDE8F08106780F
:10F8100045880479826900F10803002158480EF0F8
:10F8200066FA0028F0D00671A0F80550C471EBE725
:10F83000047907784688C588A4F11B0359425941C9
:10F8400000F1080289004F480EF076FA0028DBD05C
:10F850000771A0F80560C4710581D5E70578448873
:10F860004269031D002148480EF041FA0028CBD020
:10F870000571A0F80540C7E706784588848800F13F
:10F880000802002141480EF057FA0028BCD006714A
:10F89000A0F80550A0F80740B6E7057844683C4852
:10F8A000A2E704783A480EF011FA0028ACD00723FA
:10F8B0004371002304718371A6E7047835480EF084
:10F8C00005FA0028A0D004719EE7077846880579DC
:10F8D000C48800F1080200212F480EF02DFA0028FC
:10F8E00092D00771A0F80560C57104818CE7077894
:10F8F00046880579C48829480EF0E8F9EFE787685B
:10F900004588047906787FB1C78800F10802002194
:10F9100023480EF011FA00283FF476AF0671A0F8E4
:10F920000550C47107816FE71D483B463A4639468A
:10F930000EF0DDF900283FF467AF0671A0F805501E
:10F94000C471077247725FE790F8008047880679B4
:10F95000C588048913480EF0B9F900283FF454AF64
:10F9600080F80480A0F80570C671058144814BE7DA
:10F97000057844680C4837E79C3C0300983C03003A
:10F98000943C03008C3C0300903C0300883C030043
:10F99000843C03006C3C0300803C03007C3C03007F
:10F9A000783C0300743C0300703C0300004870473F
:10F9B00071F7010030B585B004460846039111F097
:10F9C000B6FD830708D410F0010003D003A812F09D
:10F9D0003DFF012005B030BD03998B7903F10C0286
:10F9E00088188A5C013A1C2A00F2E880DFE802F0FD
:10F9F0000FE689E68CE695E69CE6A4E6ACE6B3E67F
:10FA0000BAE6C2E6E6E6C4E6D2E6D4E6DD0003796D
:10FA10000BB103F588534278023A162AD6D801A1D1
:10FA200051F822F081FA0100CDF901008BFA0100B2
:10FA3000CDF9010097FA0100CDF90100A3FA010008
:10FA4000CDF90100AFFA0100CDF90100C7FA0100BC
:10FA5000CDF90100BBFA0100CDF90100D3FA010094
:10FA6000CDF90100DFFA0100CDF90100CDF9010067
:10FA7000CDF90100E9FA0100CDF90100F9FA010020
:10FA800017212046FDF7C8F8A0E7002211462046BE
:10FA90000FF075FB9AE71A46002120460FF01CFC78
:10FAA00094E70022114620460FF087FD8EE70022E2
:10FAB000114620460FF06FFC88E71A4600212046C9
:10FAC0000FF05CFD82E71A46002120460FF039FD59
:10FAD0007CE70022114620460FF062FE76E71946C9
:10FAE00020460FF0C6FE71E7009300231A46194620
:10FAF00020460FF0C8FE69E7194620460FF015FFB3
:10FB000064E7B0F80110BCE702338B710A460023AA
:10FB1000417820460FF033FB5BE701338B71002205
:10FB200020460FF0D9FB54E702338B714278002353
:10FB300020460FF042FD4CE701338B7100231A463B
:10FB400020460FF028FC44E701338B710022204649
:10FB50000FF0F7FC3DE701338B71002220460FF0D8
:10FB60000DFD36E702338B714278002320460FF0FB
:10FB700017FE2EE70021B3E705338B71B0F80320A1
:10FB8000B0F80100002300930B46014620460FF019
:10FB90007AFE1EE70021B0E703338B710A46B0F806
:10FBA000011020460FF0E0FE13E703338B710A4685
:10FBB000B0F8011020460FF0E0FE0AE7002009E748
:10FBC00070B507F0B5FF1F4B1E6C05460EB1EEF782
:10FBD0003BFDEEF78BFE1C4C8302A3F580532360A4
:10FBE000EEF784FE8302A3F50063636000F072FA0F
:10FBF00020680821043011F0EDFC23681B68834263
:10FC000002D0206811F0F5FC60680821043011F082
:10FC1000E1FC63681B68834202D0606811F0E9FC74
:10FC20002268636852685B689342084A94BF002365
:10FC3000012313700EB1EEF717FD284607F07EFF83
:10FC4000002070BD00000E40BC190020FB0C0020FD
:10FC50002DE9F041164B93F90020164B53F8225032
:10FC60000C3506462C46204611F0DBFCE0B907F0C7
:10FC70005FFFA17980460431201D11F0ABFC0746DF
:10FC8000404607F05BFF2368BB4202D1A388B34222
:10FC90000BD0A379033303F4FE7308331C4485EAC5
:10FCA0000403B3F5006FDED300242046BDE8F081E5
:10FCB000FB0C0020BC190020431E2DE9F74F9BB21E
:10FCC0004FF6FD7293420646884643D8234B93F97C
:10FCD0000020234B53F8225007F02AFF214BD3F882
:10FCE00040900C350746B9F1000F01D0EEF7ACFC9F
:10FCF0002C46EA464FF6FF7B204611F092FCE8B90D
:10FD0000A38886EA030218EA020F0CD194E80300E4
:10FD10008AE80300DB43ADF80430ADF806B0019982
:10FD2000201D11F05CFCA379033303F4FE73083348
:10FD30001C4485EA0403B3F5006FDDD3B9F1000F6D
:10FD400001D0EEF791FC384607F0F8FE002003B032
:10FD5000BDE8F08F41F21200F9E700BFFB0C002074
:10FD6000BC19002000000E402DE9F84FDFF8C490C8
:10FD70002F4A99F9003052F8238083F0010308F1EB
:10FD80000C0A52F823603046EEF7F6FC06F10C0739
:10FD9000D346584611F045FC054648BB9BF8061073
:10FDA0000BF10400043111F015FCDBF80030834244
:10FDB0000DD09BF80640033404F4FE7408345C4410
:10FDC00084EA0A03B3F5006F12D2A346E1E75C466A
:10FDD000384654F8041B11F002FC9BF8062003324D
:10FDE000B5EB920F07F1040705F10105F0DDE7E738
:10FDF000D8F80410341D0131204611F0F0FB012128
:10FE000006F1080011F0EBFB0821204611F0E2FB9F
:10FE10000146304611F0E3FB99F80030404683F08C
:10FE2000010389F8003011F0E4FB3846BDE8F88F93
:10FE3000BC190020FB0C00202DE9F04F9A46431E10
:10FE400085B016469BB24FF6FD72934281460091F3
:10FE500000F2C380624B93F90020624B53F822708A
:10FE600007F066FE604BD3F840800C370546B8F1CA
:10FE7000000F01D0EEF7E8FB3C46204611F0D1FB25
:10FE80000190002841D1A17904F1040B04315846B6
:10FE900011F0A0FB2368019A98422AD1A388E18837
:10FEA000994526D1CAB2964212D1324604F10801D0
:10FEB0005046019312F047F9019B48B9B8F1000F81
:10FEC0004FD1284607F03AFE002005B0BDE8F08F7C
:10FED00094E8030002AA82E80300DB43ADF80C308B
:10FEE0004FF0FF33ADF80E300399584611F077FB11
:10FEF0000246A379033303F4FE7308331C4487EAF4
:10FF00000403B3F5006F1FD302BB002ED6D006F159
:10FF1000080B04EB0B035F40B7F5006F24D3FFF72A
:10FF200023FFC0F30A0304461BB19B44BBF5006FDB
:10FF30001AD9B8F1000F01D0EEF796FB284607F06A
:10FF4000FDFD40F21B40C0E7002A96D0B8F1000F3B
:10FF500001D0EEF789FB284607F0F0FD40F20340A0
:10FF6000B3E7EEF781FBACE7009BADF80C9046EAF7
:10FF70000323ADF80E3004F1040B04F108030399D8
:10FF80000093584611F02BFB06F10309009B4FEA42
:10FF9000A9090027B90008B94F4513DB311D5846A0
:10FFA00011F018FB0146204611F019FB0446B8F188
:10FFB000000F01D0EEF758FB284607F0BFFD002CDC
:10FFC00082D0CBE71A1D18465AF80110009211F0A2
:10FFD00006FB009A01371346DCE7212075E700BFD6
:10FFE000FB0C0020BC19002000000E4008461946FA
:10FFF00008B580B21346CAB20021FFF71DFF024BBD
:020000022000DC
:10000000002818BF184608BD06E000F073B5084682
:1000100016461D460DF1030201AB0DF1020180B23F
:1000200011F00EFB044658B99DF80330AB4209D3DA
:1000300001992A46304612F0BBF8204602B070BD46
:10004000014CFAE7014CF8E70BE000F011E000F09A
:100050002DE9F74F90461D4ABDF830900D4692F9B4
:1000600000101B4A52F821600C369FB234464FF004
:10007000000AC24526D2204611F0D3FA10BB07F081
:1000800057FDA17901900431201D11F0A3FA834698
:10009000019807F053FD22685A4508D1A388BB4256
:1000A00005D34B459CBF45F8043B0AF1010AA179F1
:1000B000033101F4FE7108310C4486EA0403B3F500
:1000C000006FD6D3504603B0BDE8F08FFB0C002084
:1000D000BC19002001480121EDF77EB800650A0037
:1000E000084B10B540F201141C6098600120586064
:1000F00011448A4202D1D869C04310BD12F8010BE5
:100100009861F6E700C001401046044A1368591E82
:10011000033102D80021116018477047BC0B002042
:10012000034B1868034B002808BF1846704700BFF0
:10013000CC190020C83C0300014811F0E4BB00BF0B
:10014000D419002013B50B4C0229226005D10A48AE
:1001500011F0D9FB002002B010BD00930A46074BF6
:100160000146054811F0B1FB003818BF01204000DE
:10017000F1E700BFBC0B0020D419002009010200E8
:10018000014811F0D3BB00BFD41900200148002161
:1001900011F0EEBBD419002008B5064B1B680133E3
:1001A00005D0FFF7EDFF80F00100C0B208BD0020D0
:1001B000FCE700BFBC0B0020F8B50D4610B90024C9
:1001C0002046F8BD0E4F3E68002EF8D100F0A2F890
:1001D00004460028F3D0386000F0E8F8204611F01B
:1001E00081FA38B130463E6000F0E0F8204611F068
:1001F00074FAE4E7002DE3D02046A847E0E700BF0B
:10020000D0190020024B1868003818BF0120704731
:10021000D019002038B50C4605F050F8A3780B4AE9
:1002200013705A1E55425541A8420CD0012B04D0E0
:100230002846BDE8384005F029B8204604F0F8FF0C
:100240000028F5D038BD0020FCE700BFBC1F00200F
:10025000024B00215B680846184700BFD00B002006
:1002600010B50446FFF75CFF0C4B1A1A534253417A
:10027000A34201D1012010BD094B1B683BB9094ABB
:10028000064B002C08BF1346074A1360F2E711F033
:1002900081FD0028F3D00020EDE700BFA03C030063
:1002A000D0190020C83C0300CC19002010B511F073
:1002B0005BFE044618B9034B01215B689847204652
:1002C00010BD00BFD00B002010B511F056FE20B9B4
:1002D000024BBDE810401B68184710BDD00B002032
:1002E00010B511F078FA20B9024BBDE810401B6838
:1002F000184710BDD00B0020431E033306D8044B13
:10030000984228BF1846642838BF6420704700BF51
:1003100040420F00F8B5054607F003FC0F4B1E687E
:10032000074626B9384607F000FC344611E0B468A9
:100330008CB194F810C01CF0010F0CD195E80F009F
:100340004CF0010C84E80F0084F810C0384607F028
:10035000ECFB2046F8BD3668E3E700BFC40B002085
:1003600038B505460C4641B10B6833B11B68013303
:1003700003D0CB680BB18B684BB911F005FCBDE81D
:1003800038404FF492724121002000F0CBB908466A
:1003900001F040F80023044A85F8DC30C5E9234326
:1003A000C2E9003338BD00BF880D002010B50446F7
:1003B00018B9054B054A136010BD04F0A5F8D4F830
:1003C0009830002BF6D1F4E7C3160300C00B0020D1
:1003D00010B50C4604F0D6F8054B00215B680320ED
:1003E00098471CB105F0F2F80128FBD110BD00BF01
:1003F000D00B002008B502460868FFF77DFF0860B3
:100400004868FFF779FF48608868FFF775FF8860E4
:10041000C868FFF771FF0B69C860581C03D00B4810
:10042000834228BF03460B614B69581C03D0074821
:10043000834228BF034688694B61FFF75DFFBDE833
:1004400008408861104604F07FBE00BF40420F00A4
:100450002DE9F84FD0F8903006460F4613B1038BC4
:100460008B4244D0D6F88CB0BBF1000F42D0DBF801
:100470000830002B3ED0DBF80C1000293AD0D6F81B
:10048000A0A0BAF1000F38D04FF000094D46C84681
:1004900001E0DBF8083005EBC50203EB820401350F
:1004A000E389BB4214D8238ABB42304610D3B4F947
:1004B0001220B6F924309342A04653DD96F8D010AE
:1004C000EEF79EFA337D834281464BD9DBF80C1060
:1004D0008D42DED3B8F1000F3ED0002342461946CC
:1004E0003046D0473783C6F8908086F8D9900020F0
:1004F000BDE8F88F0320BDE8F88FD1465446524638
:1005000047F6FF7504EBC40803EB8808B8F80E3013
:10051000BB421BD8B8F81030BB4217D3B8F9122031
:10052000AA4207D14FF0FF093783C6F8908086F8BA
:10053000D990DCE796F8D0103046EEF761FA337DBB
:10054000834281464246EFD9DBF80C100134A142C8
:1005500004D9DBF80830D5E70120C9E7002AFBD031
:100560009046E1E7A046B8E72DE9F04782B004469F
:100570008946164604F0F8FF3B4D08B100236B6036
:100580002B68D4F88CA0D4F890700BB153454BD0A5
:100590004FF00008C5F8089005F018F8012836D18A
:1005A0002B68DAF800103A6813B11868884246D010
:1005B000204611F0B5FCC5E900A7D4F8A0508DF88D
:1005C0000760002D42D000220DF10703114620469E
:1005D000A847204604F0CEFA0546B8F1000F00D037
:1005E0008EB1B5FA85F040F2DE324009332100F0D9
:1005F00099F83146204604F079FC1C4B05461B68EF
:10060000394620469847284602B0BDE8F0870120C9
:1006100003F0B8FF164B00215B680320984704F0F5
:10062000D5FF0128FBD1BBE76B68002BB0D0BB42E4
:10063000AED1AB68994514D04FF00108AAE76968BC
:1006400011B109689142B6D05968B1E7217D94F89B
:10065000D930994228BF19463246204604F05EFA46
:10066000B7E70025CFE700BF880D0020C00B0020B2
:10067000D00B0020F8B505460E4607F052FA314679
:1006800007462846FFF7E4FE044620B1384607F047
:100690004CFA2046F8BD04F04FFF2246314628466A
:1006A000FFF762FF0446384607F03FFA2046F8BDE0
:1006B00013B50446694611F0C3F8204611F0C7FB94
:1006C000FF28024606D09DF800102046EEF718FAE3
:1006D00002B010BD0048FBE70080FFFF07B54FF4F4
:1006E00000730A49ADF806300DF1060211F0C4F8A6
:1006F000BDF80630B3F5007F05D1022808BF002001
:1007000003B05DF804FB0120FAE700BFEC190020FC
:10071000024B1960024B1860FEE700BFC80B0020B7
:10072000EC1B002008B550B90548064B01601A6063
:10073000054B1A68054B1A601868FFF7E9FF08BDFA
:10074000C80B0020F01B0020D0190020EC1B00205B
:10075000054B1B680BB918467047834201D01B69D3
:10076000F8E70120704700BFF81B0020094A136812
:100770000BB918467047834207D11B691360064ABC
:100780001368013B13600120704703F110021B69DD
:10079000EEE700BFF81B0020F41B00202DE9F74F07
:1007A000DFF83081DFF83091064607F0C1F998F89C
:1007B00000B001900123BBF1000F06D089F8003092
:1007C00003B0BDE8F04F07F0B9B9404F88F80030EA
:1007D00089F800B011F01AF908B111F015F93D6867
:1007E0003B4965B9DFF8F4A0DAF800203B68AA427B
:1007F0004FF000042FD836484FF0FF313BE06B7DBF
:100800008BB12B68B34202D09A1B8A420BD96A681B
:1008100013442B60AB68003A18BF0122003B18BF9D
:1008200001236A75AB752D69DBE7907D20B1107DE2
:1008300088429CBF014614461269002AF5D1002C5B
:10084000D9D0D4E90001A275411AD4E90232204678
:1008500098470135C8E71A46FF21EEE75A7D4AB1AD
:100860001A68B24224D0921B824221D8914201D30D
:1008700011461C461B69002BF0D15CB12046FFF7E6
:1008800075FF38B13B682361DAF800303C60013312
:10089000CAF800303B685A7D6AB911F0B3F80646D1
:1008A00099F80030002B93D1019888F8003087E741
:1008B0001C460021DEE7186800F0D4F8044611F069
:1008C000A1F80646002C83D1EAE700BFF81B002000
:1008D000FCFFFFBFBE1F0020BD1F0020F41B002037
:1008E00038B5054608B31822002111F056FC07F070
:1008F0001FF902462846FFF72BFF20B1104607F0EC
:100900001DF9022038BD0A4B1C6854B909491D6005
:100910000B682C61013310460B6007F00FF920467D
:10092000F0E704F110032469EFE70120EAE700BFD4
:10093000F81B0020F41B002038B50446FFF708FF21
:1009400007F0F6F805462046FFF702FF637D23B95E
:10095000284607F0F3F8032038BD00236375064BE3
:100960001B68A34203D111F04DF8FFF717FF28468B
:1009700007F0E4F80020EFE7F81B00202DE9F84F1E
:10098000DDF82890DDF830B0984604460D46FFF7B4
:10099000DFFE924607F0CCF8074611F033F8064622
:1009A0002046FFF7D5FE637D23B12046FFF7C4FF45
:1009B0000023A375BAF1010F23D175B9B8F1000F67
:1009C00021D1B9F1000F03D05A4631462046C8471D
:1009D000384607F0B3F8002019E035440D4BAA1B48
:1009E0009A4210D8012363759DF82C30C4F8089002
:1009F000C4E900582375C4F80CB03046FFF7CEFEAA
:100A0000E6E7AE42EAD1384607F098F80120BDE8A3
:100A1000F88F00BFFCFFFFBF2DE9F0410746884675
:100A2000FFF796FE07F084F83D68064610F0EAFFEF
:100A30007B7D7BB185420DD0094B2C1A9C4209D895
:100A4000304607F07BF8B8F1010F08BF254628466D
:100A5000BDE8F081304607F071F80025F7E700BFE8
:100A6000FCFFFFBF08B50023044A194603F028FF26
:100A700010B1012818BF032008BD00BFCF19030023
:100A80002DE9F74F15460E2200900F462A70EBB164
:100A90001C4C5B68A3428CBF00240124DFF86890E3
:100AA0004FF000084FF0060AD9F800105FFA88F3FB
:100AB0000AFB03F3CA185079012809D92878A0F154
:100AC0000E035842584103B0BDE8F08F1C46E5E7DD
:100AD000A042CE5EB2F902B0117902D008F101084D
:100AE000E2E700980191002210F055FF0028F5D0B0
:100AF00001992970B7F90020B242EFDB5A45EDDCCD
:100B00000020E0E7FFC99A3BCC0B0020014910F020
:100B10007FBF00BFCD560200014910F079BF00BF72
:100B2000A156020070B5164E0328337804460D46D0
:100B30001ED023FA04F202F00102AA421DD053B1E2
:100B40000122A24023EA0203A5402B43DBB233700B
:100B50004BB1012070BD2DB10A4B01201B68984795
:100B60003378EDE73570074B00201B689847F0E7B6
:100B70009A07DED003F0FC03E9E7002070BD00BF58
:100B8000BF1F0020381C002038B504460D46FFF773
:100B900039FB60B104F0FEFC48B9012D07D80120F3
:100BA00011F0F8F90D4B1B6823B15B6898470C4BAB
:100BB0001C7038BD07F075FF0A4B1A68801A186060
:100BC000F0F770FC084B1B684FF47A7202FB0030A0
:100BD00010F079FE012004F0E5FCE8E7BC1C0020E1
:100BE000FD0C0020301C0020341C0020F8B5124FF2
:100BF00005460C4606F095FF3B78064633B1012DBD
:100C000004D01CB90D48F0F74FFB3C702146284634
:100C1000FFF788FF0A4B1B7804463BB93B782BB99A
:100C200011F0A0F910B1074B1B689847304606F049
:100C30007CFF2046F8BD00BFC01F00200C1C002018
:100C4000BF1F0020D00B0020054A0B46117831B1A0
:100C500000211170034A187852680121104770472B
:100C6000C01F0020D00B0020124B0239012910B503
:100C700018701ED8FFF7C6FAD8B104F08BFCC0B1CB
:100C800004F0E6FAA8B90C4B1C6834B12368984705
:100C9000BDE81040002011F07DB910F012FE074BA6
:100CA000186007F0FEFE064B1860204604F07AFC40
:100CB000EEE710BDFD0C0020BC1C0020341C002001
:100CC000301C002038B5044680B106F02AFF01210F
:100CD00004460846EFF70EFF012108460A4A07F0CE
:100CE00051FE2046BDE8384006F01FBF06F019FF50
:100CF000214605460120EFF7FDFE0120024A21466C
:100D000007F040FE2846EDE7143D0300F0B5324DF4
:100D100085B006F006FF2B78044623B12F48F0F784
:100D2000C3FA00284AD1F0F751FB02AA03A911F037
:100D300003F90346002832D011F012F9029B9842C1
:100D40001ED10020264B03991B68264E9942307015
:100D500021D9C91A00270123CDE900771F482B703C
:100D6000214A334607F054FE00282FD11F4A13783A
:100D7000D90717D4204606F0D8FE002005B0F0BDF4
:100D800011F0ECF8029B98421ED0154B154A1B68D7
:100D90000393002010700121FFF7C4FEEAE720460C
:100DA0002B70E8E731780029E4D103F0FE031370DB
:100DB000002BDFD10E4B1B689847DBE7204606F07F
:100DC000B4FE032005B0F0BD0220BBE7032320469C
:100DD0002F703370F3E700BFC01F00200C1C0020F1
:100DE0002C1C0020FC0C0020490C0200BF1F00201E
:100DF000381C002038B5134D06F093FE2B780446BE
:100E0000C3B9114A11491370114B124A1A601248A2
:100E1000124A5A60EFF7E8FE11491248EFF7E4FE74
:100E2000114B124A1A60124B1B68124B02221A60B5
:100E300001232B70AFF30080204606F076FE0020E1
:100E400038BD00BFC11F0020C01F00201C3D030093
:100E5000D00B00200D0D0200FC1B0020ED0B02004A
:100E6000243D0300041C0020381C0020C50C020097
:100E700000300E402C1C00200D4BD3F8E020D20394
:100E800014D50C494FF48032C3F8E820C1F8EC20A7
:100E90009A6BD1B2C2F3072299679A6704229A67C4
:100EA00000229A679A679A679A679A67704700BFA5
:100EB0000010084000100846F8B50C4C0D461746C7
:100EC000064606F02EFE0123A36204232760666017
:100ED000A560C4F8E830064B4FF48072C3F8802157
:100EE00006F023FE0DB10223A362F8BD00100840F6
:100EF00000E100E0054B1860054B01229A6540F6C1
:100F0000FF72196358635A65704700BF401C002088
:100F1000001008402DE9F04F042A83B0054639D966
:100F20000B7883614B7883618B788361CB788361A5
:100F30000068D5F808B06E6800F00700012306309D
:100F400003FA00F808F1FF3909EA0B07A2F1040AD5
:100F5000A8EB0702924501F1040446F000560DD8B3
:100F6000F0192146524611F023F90AEB0B0248EA28
:100F700009031A40AA6003B0BDE8F08F2146F019BA
:100F8000019211F015F9019AA118AAEB0802304656
:100F90003A44E8E7013A032AEDD8DFE802F00B080B
:100FA000050211F8013B836111F8013BAB6111F8B7
:100FB000013BAB610B78AB6103B0BDE8F08F00BFC4
:100FC00038B50C46104B1546014668B10122C3F8EE
:100FD000B8200E482246FFF79DFF1DB10A4B0422A0
:100FE000C3F8B820002038BD64B1D3F89C20A242D9
:100FF00084BF0122C3F8B820C3F898400222C3F886
:10100000B820EAE70122FAE70010084090100840F3
:1010100010B506F086FD184B184901229A65C3F8F1
:1010200088201A66164A5A660722C3F884200A8066
:10103000144900220A804FF4A021C3F8E81003F1FC
:10104000C0630446C3F8EC100F4B1A600F4BD3F883
:1010500088305B020AD50E4B18680E4B4FF48002A5
:10106000C3F88820416BA43001F0AAFA2046BDE8FD
:10107000104006F05ABD00BF00100840BC1E002002
:10108000E00E0020BA1E00203C1C0020004008405A
:10109000D0190020004008440D4B07221A800D4B48
:1010A00000221A800C4B0121C3F8B810C3F890201D
:1010B0004FF40052C3F89400C3F8B420074BF02259
:1010C0001A6403F10073A0221A64FFF7A1BF00BFE6
:1010D000BC1E0020BA1E002000100840000008447A
:1010E0002DE9F041044688B1394E3A4F06F019FD1A
:1010F0003388394A03F07801032C054603F07F0C4E
:10110000114453D13C6824B906F00FFD0320BDE81B
:10111000F08124F00104386820F00100A0424AD197
:1011200000223A6022886FEA42426FEA52428C42C1
:10113000228036D1294CDFF8B8C02788ACF180086E
:101140003A46083A92B201F10800604528BF40468D
:10115000082A04D9B0F900E0BEF1000F36DB228086
:101160003B440C8888781E499B1ADBB2C4F30C04FC
:10117000CC6300F007003380CB66C1F88420FFF712
:101180007BFE04280DD1174BD3F88830164B186816
:10119000164B4FF48002C3F88820416BA43001F055
:1011A0000FFA284606F0C1FC0020B0E7601E0128B7
:1011B00098BF0C46AFE7094862440088A21A48BFAE
:1011C000803208389042ADDC28469DE70146B8E7FA
:1011D000BA1E00203C1C0020E00E0020BC1E002097
:1011E0000010084000400840D0190020004008448A
:1011F000600F00200E490F4B0A881B880E481344CD
:10120000073B03F0780303440832987892B20A80CF
:1012100000F0070009490428C1F8842004D101F531
:1012200040514A681203FCD4054A1360704700BF5E
:10123000BC1E0020BA1E0020E00E00200010084056
:101240003C1C002010B5054C206828B1C30701D410
:10125000FFF746FF0023236010BD00BF3C1C0020A9
:10126000084B4FF48032C3F8EC2003F17C43C3F801
:10127000E420D3F88030C3F30C03782B01D8FFF7B8
:10128000FBBD7047001008442DE9F84304460E46A4
:1012900006F047FC504B514D1A882D888146504826
:1012A00002F07801032C02F07F03014417D14D4C6A
:1012B00024688CB92A44073A02F07802841803445F
:1012C000E31A48BF8033AB4210DB484606F02DFCE2
:1012D00000242046BDE8F88324F00104EFE7012C48
:1012E00002D0022CEBD1083D0C46E8E7002E41D09D
:1012F0008C423D4942D1D1F83C800A6B02F0070292
:10130000063201279740D1F88020C2F30C029A429E
:1013100047DDB4F900302588002BD6DBA378C5F370
:101320000C0503F007037A1EA5EB08053A43052BCD
:10133000337005EA02052CD82DB2E84340F236425C
:101340000421C00FFFF7EEF97580E378274A337464
:1013500012687B1E03EA0803D118B160A9B213FA20
:1013600085F5BD4289BFFF1A0023B780F2609CBF9C
:10137000B180F360484606F0D8FBAAE7A4F1080262
:10138000824238BF04F17802B2F80080C8F30C083A
:10139000B3E7174BDB6C003B18BF0123A5EBC3057C
:1013A000CAE78B6B7A1EA3EB08033A431A40114B32
:1013B00015B25B686AB9C3F30363D91E4B424B4154
:1013C000DB0033700B4B7280D3F89030C3F30723EC
:1013D000BCE70823F5E700BFBA1E0020BC1E0020B2
:1013E000E00E00203C1C002000100840401C0020A3
:1013F0000000084000400840431C08D0044AD2F8CE
:101400003C311B0C1B0480B20343C2F83C317047D3
:1014100000400840054BD3F8B400431C14BFC0F390
:1014200080700120A6223121FFF77CB90081E00FF6
:10143000034B1A689B88026083800020704700BFBE
:10144000DC0C00200F4B0628D3F8883104D183F43C
:101450000013C3F340507047022805D113F4400F26
:101460000CBF01200020704750B9074AD2F8D400C1
:1014700010F0010005D083F48003C3F3805070475F
:101480000020704700400E400081E00F0C4A528857
:10149000B2F5E16F94BFC8225A2210B594BF7824E8
:1014A000502490428CBF172210220A70054A03462E
:1014B000107818B19C422CBF0020012010BD00BF45
:1014C000DC0C0020010D002013B5234B1B780E2BE4
:1014D00004463ED00DF10701FFF7D8FF1E2C8CBF4C
:1014E0001E4C1F4C9DF807304FF001028CBF0121AC
:1014F0000021C4F8082170B1194A4DF60174C2F8F0
:1015000004411B0202F1007243F44043C2F804316B
:10151000144AA2F8D430134A134C92F8D83023F06E
:101520000103034323F0020343EA4103DBB282F8E1
:10153000D83024786CB923F0040343EA800323F005
:101540000803B2F8D440A2F8D64043EAC10382F8B7
:10155000D83002B010BD00BFDC0C002000400846AF
:1015600000400844001F0021C41F0020084B094A06
:10157000D3F88831DB4303F4FE1343F40053B3FA8A
:1015800083F30E33A3EB4313013B1370704700BF8B
:1015900000400E40000D002002280CD0062802D08A
:1015A00020B100207047054B18787047034B18781E
:1015B0000430C0B270470720704700BF000D002004
:1015C0002DE9F7433A4E3B4F96F8009015463A4ABC
:1015D000D2F8C820B9F1020F0446884607EA02078C
:1015E0001AD147EA006788F80000002372882B6050
:1015F000B2F5E16F94BFC8225A2227F47F57944274
:1016000027F008079ABF380A00F47F5043F6C870E5
:10161000384303B0BDE8F083284A1278904228BFCF
:10162000144604EB83030B70F4B1013CE4B24FF0B9
:1016300030632B606A4601A9204610F0C9FADDE943
:10164000002347EA03671E4B98F800101B7847EA0F
:10165000823747F47F5747F008073BB90029194BF9
:1016600018BF4FF07F43C1E7164BE2E7164B174810
:10167000B9F1060F08BF03462AB90029114B18BF5C
:101680004FF07F43B2E7B2FA82F2C2F11F02D2B248
:101690009B5CDBB239B15A1ED2B2FD2A05D81B06BB
:1016A00043F00403A2E7074BA0E74FF07F439DE719
:1016B000DC0C00203F00C0E0001F0021000D0020D6
:1016C000C51F00200400000BB883E00FB083E00FBB
:1016D0002DE9F3410446C820FFF7F6FE2B4B2C4EB4
:1016E00018780E2801D0FF2C05D1FF243470204635
:1016F00002B0BDE8F08102282DD1072C204628BF7A
:10170000072001284FF0000301AA0DF1030138BFA3
:101710000120FFF755FF05461E4B1F4FDDF80480E3
:10172000C3F85881C7F8C8509DF80340347020466C
:10173000FFF7CAFE194A4FEA082303F4E063127860
:1017400043EA1863A7F8D030002AD0D1C7F8CC50AC
:10175000A7F8D230CBE7A0B9052C32BF002701276C
:101760000420201A3B4601AA0DF10301C0B2FFF785
:1017700027FF4FF48003054637B1094AC2F8083104
:10178000CAE700273846ECE7064AF7E7DC0C0020FA
:10179000020D002000400840001F0021C41F00204F
:1017A000004008460040084408B501F059F8094BCC
:1017B000094A002818BF1A46136823F47F115B08F2
:1017C00003F4FE130B431360044B4FF00072DA6115
:1017D00008BD00BF004108401841084000400840D3
:1017E00008B501F03DF8064B4FF4001228B1C3F8DC
:1017F00000214FF000621A6208BDC3F81821F8E713
:1018000000400844014B1868704700BF441C00208A
:10181000436C012B38BF01232DE9F0479A46464B14
:10182000464F9B69464E474D03F4E073A3F5C072E3
:10183000804645485142514102685245434A0FD1C2
:1018400014788C420CD198F8D0C03C78A44507D1CC
:1018500098F815C03478A44502D1A888BDE8F0876F
:10186000B3F5C07FC0F800A011704AD1D8F89440F9
:1018700024B12368082B58D994F838400F2120460A
:1018800010F088F9BAFA8AF3002852D0B0FA80F240
:101890009B1A002BC6BFD840C3F10F094FF00F09A8
:1018A000504501D909F1FF39234B2004C3F8BC008E
:1018B00003F1806340F6FF72C3F8B82003F10073B0
:1018C0004FEA0921C3F8B81010F095F9A88000F08C
:1018D00045FD09F01F094FF4FA7304FA09F45C435B
:1018E00041F66A03B0FBF3F00A23B4FBF0F45C4367
:1018F000174B1C6098F8D0303B7098F81530337057
:10190000ABE798F8D030062B06D1124B1B78002B92
:101910000CBF9624C824B1E7022B08D00D4B1B78CE
:10192000002B0CBFB424F024A8E70024A6E732243F
:10193000A4E74FF00F09B7E700600840FF0C002054
:10194000FE0C0020DC0C0020D80B0020C71F00205C
:10195000441C0020C51F0020FF290DD00F4B10484C
:10196000C3F850010B04090501F0F87103F4E023FA
:101970000B430C49C1F85031FF2A0DD0074B40F200
:10198000F711C3F85011130103F4F87302F00702C2
:101990001343044AC2F85031002070470040084405
:1019A0000000F70100400846F8B5134B134E1F68BE
:1019B000134D384600F040FF3378C4B2A34201D142
:1019C0002B78A3B1092C14D80E4B012C195D05D12D
:1019D0000D4B1B78022B01D141F0400101F00F02A9
:1019E00038460909FFF7B8FF002334702B70002038
:1019F000F8BD0024FA21F1E7D0190020C31F002010
:101A0000C21F00202C3D0300DC0C002038B504462A
:101A100000F04CFC142200212E4810F0BEFB2E4B8F
:101A200025781A782D49521B18BF01220A702268A6
:101A30001A60C820A2889A80FFF746FD284BD3F889
:101A4000C820284BFF211970274B2849062D03EA8F
:101A50000203274A1AD14FF4EE40C2F824014FF492
:101A60008A42C1F82421012243F08043C1F8202199
:101A70001B4AC2F8C8301E4B0322C3F85821FFF797
:101A800093FF1C4B01221A70002038BD022D4FF02D
:101A900007000ED1C2F80C010620C1F80C0116494E
:101AA000C2F808114FF4404143F00303C2F8041197
:101AB000DEE7C2F80C010520C1F80C01C020C2F815
:101AC000080143F08043812243F00403C1F8082158
:101AD000CEE700BFC81F0021DC0C0020C21F002081
:101AE000001F0021020D00202800C0A00040084671
:101AF00000400844C61F0020C1004000014B187080
:101B0000704700BFC51F00202DE9F0472D4C2E4B1C
:101B1000236000F023FC4FF4FA7307464FF47A7603
:101B2000B0FBF6F629482A4A7343190E1B0218180F
:101B300041F10001002304F0AFF9A0F580730546E0
:101B4000A36220B966222B21FEF7ECFD01254FF49C
:101B50007A726A434FF0000A53465008310204F08B
:101B60009BF91C4B19601C4BB7F57A7F4FEA05684F
:101B70008946044618604FEA152505D276222B21A6
:101B80005046FEF7CFFD01264FF47A73A8FB030100
:101B900003FB05117308C01841F100010023324610
:101BA00004F07AF90D4B023419600D4B49F100092C
:101BB000A408186044EA8974024B013C1C63BDE828
:101BC000F08700BF005008400211010020A107006B
:101BD00040420F00541C0020501C00204C1C0020D0
:101BE000481C0020044B4FF00052C3F880211A60BB
:101BF000024B01225A60704700E100E000500840AB
:101C0000074B4FF00052C3F88021C3F88020BFF388
:101C10004F8FBFF36F8F034B04225A60704700BF92
:101C200000E100E00050084010B50446A242A2EBDB
:101C30000000A3EB010104D2034B1B6B01331844DA
:101C4000013901F0030110BD0050084038B5020110
:101C50000A4B01259D500A4A4FF480738340536616
:101C6000044605F05EFF074A1378A54023EA050302
:101C70001370BDE8384005F058BF00BF005108445C
:101C800000500840C81F00202DE9F04715460446C3
:101C900088461E4605F045FF022D00F0B880074635
:101CA00005F046FF6C4B6D4AD3F8189092F815A0DA
:101CB000DA6D5FFA8AFA520744BFD3F818900AF136
:101CC000010A05F03BFF664B664A1B6811684FEA44
:101CD0008A7CA3FB093213F1004301FB09CCD8F83D
:101CE00000304CEB020C012D04BF01336344ACEB1C
:101CF000030C08BFC8F80030BCF1804F0AF0030A9B
:101D0000C0F09880584AD2F800C0584AD2F800E093
:101D1000514A23F04041106B4FF000480022ECFB89
:101D200001820EFB012282424FEA937381BF01338D
:101D30000130121A03F00303A3EB0A03914588BF95
:101D40004549DFF848C184BF096B03F1FF3303F055
:101D500003030CF80430A2EB0900A3B1F10742BF62
:101D6000434B41F61F71D966B30742BF404B41490F
:101D7000D966710742BF384B00211967330742BF4C
:101D8000354B00211965344B04F1100103EB041E9F
:101D90000901CEF80C2111225A5037499A694FF0A7
:101DA000010EA2EB090A0EFA04F8D3F85C900A7847
:101DB0005FFA88F848EA020282450A7026D34FF497
:101DC0008072A24019EA020F20D11CF804000028FA
:101DD0003FD10DB3F0071A6608D5254B274941F6C8
:101DE0001F7240F20110DA66C866DA66B10706D5DE
:101DF0001F4B22491F4A2248DA66C866DA66720714
:101E000042BF204B01229A60330719D4384605F0AF
:101E10008CFE0120BDE8F0871B48240140F804E057
:101E20005A6605F07EFE14490B7823EA08030B700E
:101E300005F07BFE384605F078FE0020BDE8F0870F
:101E4000212000F0A5F9044B4FF480325A60384647
:101E5000DDE71A663846DAE700500840881C0020A3
:101E6000481C00204C1C0020501C0020541C00204A
:101E70000050084400001F1FC81F002000500846E3
:101E8000000001010040084000510844C91F002023
:101E9000024B1878003818BF01207047C81F002077
:101EA0001030034B0001185800F00100704700BFCC
:101EB000005008401030044B01F46001000141F073
:101EC00003011950704700BF0050084038B505F0B5
:101ED0002FFE084B084A9D69547DDA6D520748BFB2
:101EE0009D69E4B248BF013405F028FE284604F09D
:101EF000030138BD00500840881C002038B50B4B4A
:101F000003EB001210300001D2F80C411D58FFF70E
:101F1000DDFFAB0706D5844200D90139204601F028
:101F2000030138BD844238BF0131F7E70050084053
:101F300008B5222000F02CF9024B4FF480225A60A1
:101F400008BD00BF00500840064B1B68434303EB2D
:101F50008171054B1B68A3FB003013F1004341EB7B
:101F6000000070474C1C0020481C00200D4A10B592
:101F7000146820F0404301464FF000420020E4FB8B
:101F80000320094A126802FB0300084B1B6B9842AE
:101F90004FEA917104D901330131C01A01F00301F4
:101FA00010BD00BF501C0020541C002000500840F1
:101FB000F8B5064603F0EEFA044608B1FFF720FE36
:101FC000084D094F00232B6130466B61AB617B7577
:101FD000FFF7CCFFC9B27975A8610CB1FFF702FE1B
:101FE0000020F8BD00500840881C00203B4B082210
:101FF00070B501210546C3F8C8203948394CEBF7C4
:10200000EBF8394B1D702378013B012B0CD8237C56
:10201000E07B01229A400C21302313FB001303F1D3
:10202000884303F520431A60304B00225A677DB97C
:102030002F4A4FF6FF71D16702F10072F821D16784
:102040005D672C4B4FF08042C3F89420002070BD98
:10205000636853B300F082F9626800EB5203B3FB8C
:10206000F2F3013B1B0243F0F80326782049224A91
:10207000022E1CD0032E1D484FF6FF7521D0012ED5
:1020800027D143F00203CD67D36707234367237C3F
:10209000E07B01229A400C21302313FB001303F153
:1020A0008C4303F520431A6011E0F823DDE743F089
:1020B00001034FF6FF70C867D3670C4B05225A67C0
:1020C000E5E743F00503CD67D367012343670B4B77
:1020D000B8E7CD67D3670023F8E700BF00400E469E
:1020E00000350A00581C0020CE1F002000000840C8
:1020F000000008440040084400000846004008462C
:10210000F8B5064604460FCE1C4F3D460FC5336852
:102110002B601B4B1B480822C3F8C8200121EBF79A
:102120005BF8194A00235367A37BE17A1B0443EA57
:102130000123217A0B4393673B78032B1BD8DFE8FD
:1021400003F01402080E617B207B00230422ECF7CD
:102150001BF9217CE07B00230422ECF715F9A17A1E
:10216000607A01230422ECF70FF9084B1878BDE8D8
:10217000F840FFF73BBF0120F8BD00BF581C00200E
:1021800000400E4600350A0000000840CE1F002027
:10219000044BD3F89430002BBCBF034BC3F8800032
:1021A000704700BF00400840000008404FF0006347
:1021B00018B1034AC2F894307047024AFAE700BFE8
:1021C000004008460040084408B5064B06491A6816
:1021D0004FF0045092000FF0EBFFBDE8084000F014
:1021E000A5BD00BF6C3D0300703D030007B501A80D
:1021F000ECF74EFB134B144AC3F8442148F2E67245
:10220000C3F838214FF40862C3F834210F4AC3F8E9
:10221000A0200F4A4AF63F41916002F580424FF0FC
:10222000C07191620022C3F8FC200A4AC3F89C20C6
:10223000094B7F225A6203F1007323225A6203B0D2
:102240005DF804FB00400840C0E653517A27000FB8
:1022500000300840806D6303003008440F4B0022BB
:1022600010B5C3F88820C3F88C20C3F890200C4A1E
:102270000121D1605A6812F0706FFBD14FF0045207
:10228000DA67012402F5FD52C3F880401A66054B57
:102290001B689847044BDC6010BD00BF004008403D
:1022A00000400846DC0B002000400844034BFD22A0
:1022B000C3F8C8200122C3F8CC20704700400E4666
:1022C00038B5FFF7F3FF1B4B1B481C4C1C4902227F
:1022D000C3F8C8201B4B1A6842B102EA0005A542A8
:1022E00004BF5D68156008338B42F4D1164B02229F
:1022F000C3F8C820154B164AD3F83C111160154A93
:10230000C3F8942000F04AFBFFF770FF124B032242
:10231000C3F8D820A3F500530122C3F894204FF44A
:102320006072DA604FF04072C3F8F820C3F81021F1
:1023300038BD00BF00400E460000FFFF000008400F
:10234000B081E00F0080E00F00400E4400400840E4
:10235000E00B00200048F0000060084608B5EAF7EE
:10236000DBFA044BD3F81031C3F308230133B0FB7D
:10237000F3F008BD00400E4070B5044618B1284D7A
:102380002268531C00D170BDC2F30063110C35F8F4
:10239000130011F0FE0F93B243EA0043606818D0B7
:1023A0000434CAB2022A216808D9D4E90160033A88
:1023B000C3E9001698600C340C33F3E704D162686B
:1023C000C3E900120834DBE7012AD9D104341960CB
:1023D000D6E7120F072AF5D8DFE802F00704090D47
:1023E0001013181DC04303F180631860EAE71A68F0
:1023F00042401A60E6E703F1C063F6E70FF029FCFC
:10240000E0E70122824003F1C063F2E7012282404B
:1024100003F18063EDE71A6830EA0202FBD1D1E7ED
:10242000363D0300024B0122C3F89420704700BFE1
:1024300000400846024B0122C3F89420704700BFB9
:1024400000400844024B4022C3F89420704700BF6C
:1024500000400844024B4022C3F89420704700BF5C
:102460000040084608B50C4B1B68D3F8943023B1E4
:102470001A68022A01D9186A08BDFFF76FFF074BD7
:102480001B6D024698B20028F6D0C3F30743D2086A
:102490005343B3FBF0F0EFE7D01900200060084091
:1024A000064B5B68C3F30363984206D1044A936BFF
:1024B00023F0F00343EA01119163704700400840A4
:1024C000001F00212DE9F0470E460FF0ACFBDFF8AE
:1024D000B090DFF8B0A08046002505F022FBD9F8C7
:1024E0000430C3F30363012B07460BD1711C1AD0D0
:1024F0000FF099FBA0EB0805384605F016FBAE423D
:10250000EBD80DE0052BF1D00B2BEFD0023B012BCC
:102510000CD9013602D00FF086FB384605F005FBDA
:102520001648BDE8F08705F000FBD6E7DAF808307A
:102530001A04C3F389140FD4013602D00FF073FBD1
:10254000384605F0F2FA24B2A4F1C8006FF4FF7324
:102550009842B8BF1846E4E7731C03D00FF063FB42
:10256000A0EB08056FEA84546FEA9454384605F0EE
:10257000DCFA14F5007FC2D0E6E700BF00FEFFFFE3
:102580000040084000700840024B012218619A6028
:10259000704700BF00200840084910B5D1F87031DD
:1025A00040B11C464A68D1F870319C42F9D1C2F35F
:1025B0000362027003F00F0010BD00BF004008402E
:1025C000094BD3F8883001F0800103F480030B43FA
:1025D00009D1064B4FF400129A61837F1BB1044B63
:1025E0000122C3F8F820704700400840006008440A
:1025F0000060084610B505F094FA084B1B680446C5
:102600003BB1984728B1002200204FF4806100F0D0
:10261000BFFC2046BDE8104005F087BA6C1C0020C6
:102620002DE9F0411F4CDFF89080069F0646A2FB83
:1026300003502C1960F1000E9C46A0454FF000039A
:1026400073EB0E0E07D24FF4B4720E211846FEF74C
:1026500069F802201BE00029FBD0C6F3130601EB4A
:102660005C04B4FBFCF4A4FB0646E40C44EA4634E8
:102670000D4E34600D4C22600D4A914209D10D4A35
:10268000A5FB025302FB00339B093B600020BDE821
:10269000F081C4040A46E80444EA553103F0FCFB27
:1026A0003860F3E700C9E876701C0020741C002035
:1026B00000F049020A3BB2DF0046C32338B5164D8D
:1026C0002B780C4623B9154B1B6D03F03F032B7081
:1026D000134BD3F894305B051CD5124BB0FBF3F0D1
:1026E00040F24D534343A3F546430C3B584300F59A
:1026F000C91000F5556028B940F21B322B21FEF7B6
:1027000011F801202B78084A5343B3FBF0F3002063
:10271000236038BD0220FCE7D21F002000300840B3
:102720000040084000366E018096980070B5374C26
:10273000374B256B374C1B682468ED024CBF1B19C7
:102740001B1BB3F1804F04D8002B3AD1324E1C46EC
:102750000AE0B3FA83F4314EC4F10204E340304D91
:10276000AB4201D901345B0803EB5605B5FBF6F526
:102770002C4EB34234BF002601262403013D44EA17
:1027800086242C430C60D8B1B3FBF0F1642400FB29
:1027900011336343984288BF01F1FF314808013883
:1027A00001390728204D214C4FEA510311D900214E
:1027B00029700621C4F894101B0243EA0013136029
:1027C00070BDB3FA83F4D4F10204134EC6D50024CD
:1027D000C5E71029EBD068B1012129700621C4F8A2
:1027E0009410134909780029E6D012490224C1F84F
:1027F0009440E1E7012914BF0121002129704FF025
:102800000601C4F89410ECD1D6E700BF00300840B0
:10281000741C0020701C0020E0673500C0CF6A00E7
:102820003FBE4025401B5F13CF1F002000400844DF
:10283000D01F002000400846084B5B6B03F00700E8
:10284000C3F3C20213F0380F18BF5043C3F3821210
:1028500013F4E07F18BF5043704700BF00300840BA
:10286000034BD3F8380180F01000C0F3001070471C
:1028700000400840174B4FF4002210B5C3F89420D5
:10288000154C164BB0F1804F88BF1C46144BDA6CC8
:10289000D2071DD51B6F134A04F5F42404F5907478
:1028A000B4FBF2F4033CE4B203F00703A34202D00A
:1028B0002046EBF7C7FC0C4B1B784BB10B4B4FF48E
:1028C0007022C3F8942003F100732404C3F89440E9
:1028D00010BD00BF00400846E0673500C0CF6A0069
:1028E00000300E4040420F00D11F0020004008443D
:1028F0007FB50446EAF74CF81C4B06462C33586863
:102900000093A37922683146FFF78AFE054648BB4B
:10291000A379012B14BF164916491022C1F838219A
:10292000206815495843FFF7C9FE03AA02A930469B
:10293000FFF7FCFE0F4A43F6FF53C2F8A4300C4BDE
:102940000299C3F8A4104FF4EE611163039A1A635D
:102950002068FFF78FFF094BA2881A6203F54053E6
:1029600000229A63284604B070BD00BF00300840C2
:10297000004008460040084450300840000008402D
:1029800008B5044B01221A70034B1868FFF772FF59
:10299000002008BDD11F0020741C0020024B4FF402
:1029A0008062C3F894207047004008460D4BD3F86E
:1029B0000421D3F8B030D2B2FF2A03D043F3074347
:1029C000591C01D190221923074903EBD37302EB61
:1029D0006302022381F84630232381F8472081F8DF
:1029E000453070470081E00F001F002140B10368AF
:1029F000012B05D90069034B002808BF1846704712
:102A0000004870473C3D030038B5054614480C4665
:102A1000FFF7ACFA2DB1C30103EB5503B3FBF5F39C
:102A20002360104A5368D80217D40F4B1B68D2F8A2
:102A3000A810C3F3810311F4806203F10103C9B24A
:102A400018BFDA00FF2906D00649D1F8AC104905B5
:102A500001D502EBC302626038BD0022FBE700BF74
:102A600040420F000000084000200840084B1A6850
:102A7000C117A2FB000310F1807002FB013343F188
:102A80000003400E40EAC310803820EAE07070472F
:102A90007C1C0020174B072270B5C3F88420FFF779
:102AA0005DFC154B154A164EC408010B0546E005A2
:102AB000C01841F10001002303F0EEF9114B18603A
:102AC0004EF66020FFF7D2FF4042C6F89C000E4849
:102AD000FFF74CFA024658B1E301500818184FEAC4
:102AE00015714FF0000341F1000103F0D5F9706753
:102AF00070BD00BF00400840B2E60E0065CD1D006D
:102B0000001F00217C1C002040420F002DE9F843EB
:102B1000054608469846FFF769FF16460746002D0A
:102B200000F0A98018F0050F5DD02C69002C00F092
:102B3000A480FEF767FE4FF47A735C43201A7B682B
:102B4000A0F6AC50C01AFFF791FFAC8B3062002C9E
:102B500000F09680FEF756FE4FF47A735C43201A1D
:102B60007B68A0F6AC50C01AFFF780FF70614A4B3B
:102B7000EC68D3F80090002C00F08580FEF742FE50
:102B80004FF47A735C43241A7B68A4F6AC54E41ABD
:102B90003B68E41A414B1A68E117A2FB044314F1A5
:102BA000807402FB013343F10003640E44EAC31452
:102BB000803C3B4BB4613B4CD3F88430F3612368D9
:102BC0004BB148460FF0E7F928B12368D9F848001F
:102BD000324639469847AC69FEF714FE0146204656
:102BE0000FF098F8F06218F0020F29D06B684FF4DC
:102BF0007A7058435BB13B6803F51C53103318449B
:102C0000AB7F002B46F2A81308BF00231844FFF740
:102C10002DFF6B69B062002B38D078684FF47A7260
:102C200002FB0300AB7FA0F50350002BA0F11000C6
:102C300046F2A81308BF0023C01AFFF717FF7062FF
:102C400018F0040F17D0A86818B34FF47A735843DC
:102C5000A0F503501038FFF709FFF0602B684FF420
:102C60007A70584323B13B6803F51C531033184462
:102C7000FFF7FCFE3061BDE8F8834CF2503062E7AC
:102C80004CF2503070E74CF2503483E747F230504A
:102C9000D3E747F23050DEE7D01900207C1C00203B
:102CA000001F0021781C0020064BD86DDB69C0F3A3
:102CB000011203F01F03000C02FB00000133184453
:102CC000704700BF0060084010B508461C460EF073
:102CD000B1FF094B0246D3F8F800FFF787FE0368FF
:102CE000A018002B054AA8BF4FF4FA721A44044BEF
:102CF00092FBF3F2104410BD001F00210CFEFFFFF9
:102D000018FCFFFF074BD3F8D8304FF604014FF6FD
:102D100005029BB28B4208BF1346034A012093650C
:102D2000704700BF0081E00F0050084070B5194C9B
:102D30000FCC86B001AD0FC5C822236816482B60A2
:102D400000210FF02AFA7C22002114480FF025FA06
:102D5000134B144AC3F8F020FFF728FE124B1B78E0
:102D60002BB101AD0FCD0B4E0FC62B6823600F4B5F
:102D70000F4AC3F8DC2F0F4AC3F8E02F0E4AC3F8FE
:102D8000E42F02F1957202F27112C3F8E82F06B037
:102D900070BD00BFC81F0021381F0021BC1E0021CC
:102DA000001F00213F003700C61F00200010002137
:102DB0000200620209C805780708DC060A4B197888
:102DC00001F0FF0229B10021197008499202C1F8EF
:102DD000A020597801F0FF0229B100215970930217
:102DE000024AC2F8A4307047D31F002000000846F2
:102DF000074BD3F8E40E074BD3F88C301A0103D4F9
:102E0000054B1B6E1B0401D500F58070704700BF99
:102E100000100021004008400000084008B504F000
:102E200080FE0F4B1A78B2B90E4A126812F4843F32
:102E300011D10D4A1021C2F894101B786BB9094BBF
:102E40001B68DB0509D4084B2022C3F89420BDE899
:102E5000084004F06ABE054AECE7044BF4E700BF03
:102E6000D71F0020600F00200040084400400846A3
:102E700010B504F056FE0E2104460320FFF710FBA8
:102E8000044B40F2012220465A62BDE8104004F093
:102E90004CBE00BF00000840044B00221A70044BD7
:102EA000197811B11A70FFF7B9BF7047D61F00200B
:102EB000D71F002008B504F034FE244B4FF0805299
:102EC000C3F88020BFF34F8FBFF36F8F4FF4807232
:102ED000C3F88020BFF34F8FBFF36F8F0222C3F878
:102EE0008020BFF34F8FBFF36F8F1022C3F8802075
:102EF000BFF34F8FBFF36F8F2022C3F88020BFF343
:102F00004F8FBFF36F8F4FF00052C3F88020BFF395
:102F10004F8FBFF36F8F8022C3F88020BFF34F8F96
:102F2000BFF36F8F4022C3F88020BFF34F8FBFF3F2
:102F30006F8F4FF00042C3F88020BFF34F8FBFF375
:102F40006F8FBDE8084004F0F0BD00BF00E100E075
:102F500008B504F0E6FD0D4B4FF080521A604FF4B7
:102F600080721A6002221A60002283F80123102264
:102F70001A6020221A604FF000521A6080221A60F4
:102F800040221A60BDE8084004F0CFBD00E100E037
:102F900070B5084C01232370074B1E68074BD3E91B
:102FA000005332401940284001F0F4F90023237007
:102FB00070BD00BFD51F0020841C0020600F0020C2
:102FC0002DE9F047DDF820A003EA0108099B064639
:102FD0000D4602EA000703EA0A09BAF1000F40F0C1
:102FE0004981031F0B4300F00F81052871F1000395
:102FF00080F0E38050EA010300F05C81431E0B4344
:1030000000F01D81FFF756FFAB4AD2E9004323EAE7
:10301000050324EA06043C4343EA0807A74BA84DEE
:103020001E68DFF8EC8226EA0A0646EA09061E60F8
:10303000C2E90047FFF7F2FE14F02A4F14BF48F22E
:1030400002034FF40043B0079E48C26E48BF43F4EA
:10305000005383EA020122EA0302EA669A4A816681
:103060000B40D366C4F380421203210348BF42F4ED
:103070008072E30648BF42F40052A50648BF42F4FE
:10308000007260069148924DD0F80C3248BF42F46D
:103090008062210648BF42F4006282EA030123EA0B
:1030A0000203C5F80C328B4BC0F808120A40C7F374
:1030B0004025AD04C3F80C22E20448BF45F4803536
:1030C000A30348BF45F48015A00748BF45F4001589
:1030D00014F4001F06D0D8F800000EF08BFF08B9DA
:1030E00045F40025E1027C497C4848BF45F40035A1
:1030F000FA0648BF45F480050A6A730748BF45F0E1
:10310000040585EA020323F001031A4002621D4010
:10311000CB61734B73481D62734B744A16F0010FF9
:1031200018BF1A46836E7D0748BF42F40012704DE7
:1031300082EA030123EA0203AB666E4B41660A4052
:1031400000F500509A66C16B04F0010305F50055C7
:1031500081EA030221EA0301E96382631A40664BB4
:10316000DA63D8F80020200248BF644B92F8E920C7
:1031700058BF634B610748BF43F4806322B114F426
:10318000C06F18BF43F480735E485F4CD0F8EC10FA
:10319000320748BF43F0004383EA010222F4A02231
:1031A0001140C4F8EC101340C0F8E820574ABDE8BD
:1031B000F047C2F8EC30FFF7CBBEA0F580630B43BD
:1031C00006D020F48063A3F500730B437FF41AAF9D
:1031D00004F0A7FC3849D1E9003223EA060322EAC9
:1031E000050242EA08023B43C1E90032484A12683C
:1031F00092F8E9200AB313F4C06F1ED0434B4FF48A
:103200008072C3F8EC2014E004F08BFC2A4AD2E967
:10321000003123F004033B4341EA080157EA080761
:10322000C2E9003114BF394A374A4FF48063C2F80B
:10323000EC30BDE8F04704F078BC334BDFE704F036
:1032400070FC1D4AD2E9003123F001033B4341EAFF
:103250000801C2E900312F4A57EA08074FF001037D
:1032600015BF93632C4902F1C062CB6314BFD363D3
:103270009363DEE750EA01037FF4C4AEBAF1010FB5
:103280007FF4C0AE04F04DFC0C4A136823F0010338
:1032900043EA09031360134A4FF48063B9F1000F46
:1032A00004D0536602F1C0629366C2E710498B6690
:1032B0005366BEE7BDE8F087600F0020841C002045
:1032C0000000084400000840000008460060084074
:1032D0000060084400600846004008400040084480
:1032E0000040084600500840041C500004185000DC
:1032F0000050084400500846007008460D0A0A09AC
:10330000090A0A0900100840001008440010084685
:10331000D01900200070084000700844024B586823
:10332000C0F3C000704700BF600F0020024B186858
:1033300000F00100704700BF600F0020024B58688A
:10334000C0F3C030704700BF600F002010B50446C6
:10335000FEF7B6FFFFF7AEFD04F14C00FDF79CFE53
:10336000FEF77CFFFEF7D0FBFEF73CFCFFF792FB7D
:103370001049114AD1F8F810072304F1A400FFF70F
:10338000C5FB4FF440010020FEF794FD4FF40011FF
:103390000120FEF78FFDFFF7B5FC20B940F2E722D0
:1033A0001421FDF7BFF9FFF7EBFABDE8104001204B
:1033B000FEF71CBE001F00216C1F0021084B80225D
:1033C000C3F8882003F17E430822C3F88820054A09
:1033D000D2F8BC3E23F02003C2F8BC3E704700BFC9
:1033E000004008460010002108B504F09AFBFFF7E2
:1033F000E5FF034B01229A60BDE8084004F095BB4D
:1034000000400840F0B583B00646144602F0C2F80A
:10341000002800F09B80514BDD6815F0060540F058
:10342000958004F07EFB23790095022B07463ED160
:10343000237B022B35D00320FEF732FD18B9484B11
:103440005B685B047FD5A37B257B4649A26801921C
:10345000003B18BF0123012D0B705DD0424A434C45
:10346000002313702278002A61D13C4E0420FEF71D
:10347000EDFBF36E23F0F85323F4F81343F050639D
:1034800043F48033F3662A46022301A90420FEF7A1
:10349000FBFB002852D0364B012130222170C3F8AB
:1034A0009420384604F041FB002003B0F0BD032017
:1034B000FEF7F6FC002846D12279D6F8AC30012A76
:1034C000226838D0D51A254B2A4A0095DA660022A0
:1034D0001A67627B284B002A0CBF012200221A7057
:1034E000264B264AD3F8BC3E0CBF43F0200323F002
:1034F0002003C2F8BC3E0320FEF7A8FB174B204A6E
:10350000DA662279012369460320FEF7BDFBF8B194
:103510001C4B01221A708BE72379022B9ED0009B53
:10352000D6F8AC100B4413440025019396E72370A2
:10353000FFF774FC99E79A42C5D3C3E70320FEF76F
:1035400085FB0C4BF366384604F0EFFA0320ACE73A
:10355000384604F0EAFA0120A7E700BF005008400F
:1035600000400840D91F0020D61F0020D71F002090
:103570000040084600000101D81F00200010002173
:10358000010C0100DA1F00202DE9F3410D4607462A
:1035900004F0C7FA1B4BDFF8788000241C70FFF79B
:1035A0000DFF194BC8F86C30C8F8704006466879B2
:1035B000431E5842584101F08DFC40F60143C8F8C3
:1035C00070302A792968D7F8B430012A01D199429C
:1035D00000D3CC1A04230DEB030103200194FEF762
:1035E00053FB50B9094B88223046C3F8882004F0B9
:1035F0009CFA012002B0BDE8F081304604F095FA53
:103600000020F7E7DA1F0020000001010040084415
:1036100000500840F8B5194C05462078B0FA80F003
:1036200040F206423E214009FDF77CF855B960782A
:10363000B0FA80F0BDE8F84040F206423E21400971
:10364000FDF770B80E4F0F4DD7F8A0304FF440661D
:10365000C3F381232370C5F8A0606078B0FA80F0CE
:1036600040F206423E214009FDF75CF8D7F8A4304D
:10367000C3F381236370C5F8A460F8BDD31F002095
:103680000000084000000844F8B50B4C0B4DD4F87E
:1036900088300B4F0423C5F88830D4F888305B039A
:1036A00000D4F8BD0426C7F8886002200EF0D1FAD5
:1036B000C5F88860F1E700BF0040084000400846B8
:1036C000004008441C4B70B5D3F888601B4D03F1D3
:1036D0008063A822C3F8882010221A60184A194B68
:1036E00093666B66FFF76AFB174B1B7813B90320D1
:1036F000FEF7ACFA00242C67FFF7C6FF134A144B01
:10370000D2F8E41E0B40C2F8E43E124B0422C3F888
:103710008820114BB206C3F8C44008D503F5807366
:103720009B6CB3F5817F22BF034B80229A60BDE87A
:10373000704001F0C9BD00BF004008400050084083
:103740000050084410000002DA1F00200010002181
:10375000DF0000FF00400844001E002110B549B9F9
:1037600018B3144A53681B0E13F00E0F1DD11368C3
:103770009A061AD4FFF77CFB0E4C0020FEF70CFFD4
:10378000032801D0092806D1D4F88C30DB03F4D407
:10379000636F0C2BF1D9FFF777FF074B0122DA603B
:1037A00003F17E430422C3F88820044B4FF4C06227
:1037B0005A6210BD004008400040084600600844BE
:1037C00008B503210920FEF76BFE024B20229A6008
:1037D00008BD00BF0040084038B5054604F0A1F917
:1037E0000446FDF715FC35B1FFF756FB2046BDE852
:1037F000384004F09AB9084B1B78002BF6D0074BE1
:103800001D78002DF2D1FFF747FB2A464FF4804088
:103810000021FFF7BDFBE9E7D61F0020D51F0020E0
:103820002DE9F84F564B0646D3F888300D4614461E
:10383000002A40F0A28013F0A00F14BF4FF001093E
:103840004FF00009DFF854814E4F01F03DFDA023F9
:10385000C8F888300320FEF7F9F90420FEF7F6F9DE
:103860004FF0000AFFF718FB474BFB66C7F870A044
:10387000FFF70AFF454BD3F8BC2E42F02002C3F8F5
:10388000BC2EFF22C8F800203D4A4FF480719160A1
:10389000D3F8E42E3E494FF0040B1140C3F8E41E68
:1038A000C8F888B0C3F8C4AEFB6813F0060F04D0A4
:1038B000FEF73EFB5846FEF7C9F9B9F1000F08D0F4
:1038C000344B4FF40062C3F88820334B4FF400426E
:1038D0005A6666B1304B5B6C180701D4FFF7C8FA23
:1038E000FFF76EFF0420FEF7B1F9FFF767FA244BEC
:1038F000DA68D1073FD55A6812F0706FFBD1274BB9
:10390000274AC3F88820274A936B23F0F003936378
:1039100015B12046FFF760FF234BD3F8B4305A1C93
:1039200001D05B0002D51D4B0122DA601CB31A4B9B
:10393000DA6E9A66124A136A23F00103D3611B4BB5
:10394000D3F80C22C3F80822A3F54053DA6F9A6724
:10395000A3F50053D3F8EC20C3F8E82003F5C043E7
:10396000DA6B9A63A3F50053114A5A660B4B4FF674
:103970000842C3F88820BDE8F88F4FF0000961E7DE
:1039800000400840005008400000010100100021E4
:10399000DF0000FF004008460000084000400844E7
:1039A00010003000001F00210081E00F006008407F
:1039B0005000F0029A4B196EDA6E2DE9F04F01EAD1
:1039C0000209C3F8689003F5805385B0D3F8E0602E
:1039D000D3F8EC201640C3F8E86003F5A043D3F811
:1039E0000012D3F80C2201EA020AC3F808A2A3F5D8
:1039F000005359691A6A01EA02088A4A08EA02026F
:103A0000DA61894BD3F80022910006D4D3F8003153
:103A10009A00C3F3407740F1E18004F082F8834BD1
:103A2000DA68DF6D12F0060F9A6E07EA020727F4D4
:103A3000800222F4006214BF4FF0010B4FF0000B24
:103A40005A667B0704D57A4A537D0133DBB253753E
:103A500004F06BF8B9F1000F00F0DF8019F40044B6
:103A600027D004F05EF80146FFF7C2F96F4D044617
:103A7000AA69AB699A42FCD0AA699342FCD0FFF7CD
:103A8000B7F9A04240F0AC80084604F04EF8694B0C
:103A90001C60694BD3F8885015F4E05240F0A280C6
:103AA00024F07F4424F0DF040CB9FFF70BFE4FF045
:103AB000807419F0020F4FF0000516D05E4B5F497D
:103AC000D3F8883003F46042C1F88820002A00F05F
:103AD0009E801D0400F19E8013F4005F0CBF4FF028
:103AE00000534FF000631C430025C9F340394FEAEF
:103AF0004909534B3340002B4AD016F4206F0AD0AB
:103B000040F60F0206210020FCF70CFE0020FFF714
:103B100063FE26F48026F00506D5484BFF221A6086
:103B200044F4C064FFF7A4F916F0090F0AD040F678
:103B3000240208210020FCF7F5FDFFF741FE414B70
:103B400001229A6216F0106F0CD040F62D02092166
:103B50000020FCF7E7FDFFF733FE00221146104678
:103B6000FDF72EFA16F4202F0AD040F63502072171
:103B70000020FCF7D7FD0020FFF72EFE26F480265C
:103B8000F10301D5FDF76CFB002EB8BF49F0080921
:103B900072070DD52B4B5B6A13F4005F14BF2A4AE2
:103BA0002A4A4FF400531ABF536244F4000453628C
:103BB000730548BF44F0040416F4802600F0AA8080
:103BC000FDF718FB0138062842D8DFE810F0210184
:103BD0002401210127012A012D012D01BB4639E7CE
:103BE000044645E70192FFF76DFD144B019AC3F8B7
:103BF000882015F4805307D115F4806F0CBF4FF067
:103C000080544FF0806454E74FF0804451E74FF008
:103C1000007368E74FF0004365E74C464D4668E7A0
:103C2000000008400000F7FF00E100E000500840FD
:103C3000881C0020801C00200040084000400844F0
:103C4000090B0B89001008400010084400100846BA
:103C500040F6660203210020FCF764FD7C4A136EE7
:103C6000D2F8800003F007030633012101FA03F3C1
:103C7000C0F30C001B1A9BB2072B13D9754BD3F85A
:103C8000883058020ED47448136B126DC06C58B152
:103C900003F0070306339940C2F30C03C91A89B233
:103CA000072901D844F400746C4B1B78002B31D0E9
:103CB000674BD3F8E03013F4A02F2BD1684B694A3F
:103CC0001B7893B9FB0410D4137873B1E3086649E9
:103CD00043EA457383F00103D1F8E41E03F00103C6
:103CE0005B0021FA03F3980714D10420FDF7AEFF1F
:103CF0005E4B5F49D966FFF7CFF85A4A13782BB964
:103D00005C4B5D4A1B682340134201D144F480445C
:103D100027F48057BAF1000F1DD01AF4805F18BF46
:103D200044F480241AF4807F18BF44F400241AF469
:103D3000005F18BF44F010041AF4007F18BF44F06D
:103D400020041AF4806F18BF44F040041AF4006F86
:103D500018BF44F08004B8F1000F3BD018F4802F56
:103D600018BF45F4007518F4803F18BF44F4805420
:103D700018F4801F18BF44F4003418F4001F18BF53
:103D800044F0020418F4003F18BF44F4801418F4FF
:103D9000800F18BF45F0100518F4002F1AD0324BD1
:103DA000D3F8BC3E13F0C00F14D02A4B5A68C2F3AC
:103DB0000362032A01D0072A07D1D3F88C20D10649
:103DC00003D4D3F89020120731D54FF40022DA61E2
:103DD00028F40028002F00F00D81380540F1818083
:103DE000264ADFF888A0D378002B4DD0013B4FF452
:103DF0000061DBB2CAF86410D37033B9204B1B7872
:103E0000C3B1204B40F60142DA660023002266E08F
:103E100044F4803422E744F400641FE744F48064EF
:103E20001CE744F4807419E744F0080416E744F4EE
:103E30000014CFE7DAF8703013F4A05F15BF4FF429
:103E4000807340F60143CAF85030CAF87030DCE79E
:103E5000001008400040084000000840D71F002024
:103E6000D61F0020D81F002000100021005008405D
:103E700000000101600F0020088D0100C91F002013
:103E8000DA1F0020005008460320FDF7DFFEDAF8B5
:103E90000C30A848A84913F0060F02BFA74B41F603
:103EA0001F72DA664FF40063CAF86430DAF80C3037
:103EB00013F0060308BFCAF87030C38A13F4006217
:103EC00060D023F40063C3820B7803F0FF0A002B59
:103ED0005CD1FEF72DF8FFF7F5FB534620221C437B
:103EE0001543B9010BD52E20FEF752F9934A4FF036
:103EF0000073936602F17C4245F008055366FA06AA
:103F000008D52B20FEF744F98C4A1023936602F162
:103F10007C42536617F4E00F05D1FB045ED5BBF17C
:103F2000000F00F0AC80B80210D52920FEF730F960
:103F3000FFF7F4F940B18249824A834B53668B669E
:103F400082494968490424D445F0040517F4800BDC
:103F5000DFF8F0A129D00420FDF778FE2720FEF736
:103F600017F9FFF7AFFB4FF48003CAF86430784BC2
:103F7000D3F8E42E50067CD4764B02221A6045F02A
:103F8000020528E00B784FF40053A8E74FF40043F4
:103F90003CE76A4920208B665366FEF7F9F82D202E
:103FA00045F00C05FEF7F4F8D0E7FA024CD50420F2
:103FB000FDF74CFE2820FEF7EBF8DAF87030002B06
:103FC0003FD1FFF77FFB5D4A5F4B936602F17C4276
:103FD00045F0010553665B4B00221A657B0509D548
:103FE0005D4A9378002B00F09880013B937000238A
:103FF00049EA03094A4620462946FEF7C9FF0EB1A1
:10400000FDF720F918F4002F00F08C804F4B4FF48F
:104010000022DA6118F0206F00F0888018F0007F2D
:1040200001D0FDF7C1FB18F0006F01D0FDF7D8FB00
:10403000002200204FF4006105B0BDE8F04FFEF70C
:10404000A7BFCAF870B0BEE7FB04C4D50420FDF7D3
:10405000FDFD424BCAF86C30FDF76AFFDAF85C30C0
:1040600013F4A00FB7D12A20FEF792F8FFF72AFB2E
:104070007DE7D3F8BC3E990681D4394B7DE7364ABB
:1040800013794BB1013BDBB2137113B92C4B354A99
:10409000DA6600231C43A1E70420FDF7D7FD0320C7
:1040A000FDF7D4FD274B2D4ADA6603F03AFD824630
:1040B0000DF10F00FEF770FA2B4B1B7883460BB106
:1040C000FEF7D6FEBBF1030F0ED1DFF880B0002063
:1040D000FEF762FA032807D1DBF88C30DA03F6D456
:1040E000DBF874300C2BF2D99DF80F30032B06D17E
:1040F0001E4B012250461A7003F017FDC9E71C4BF6
:10410000D3F8E03013F4A02FF2D1FEF7C5FE5046ED
:1041100003F00BFD4FF48043BCE70220FDF796FD52
:10412000012365E7B8F1000F7FF474AF05B0BDE877
:10413000F08F00BF881C0020DA1F002000500844C8
:10414000005008460050084010000002004008409F
:104150000010002100400844C91F00200000010198
:10416000004008460000010DD91F0020D61F002086
:1041700000100840014B1B68184700BFF00B0020DF
:10418000034A0123136202F17C42D361704700BFEE
:10419000004008440B4B10B55C691A6A1440A2B287
:1041A000DA61E20704D55868C0F30360FFF7E8FF5F
:1041B000630706D5BDE81040042200200021FEF769
:1041C000E7BE10BD004008400C4A08B5136BD16B28
:1041D0000B409363DB070FD5094B187840F6AC22F0
:1041E000122100F00100FCF79DFABDE80840002212
:1041F00001200021FEF7CCBE08BD00BF00700840C2
:10420000600F0020044BDA6FD207FCD41A6FD96F0D
:104210000A409A67704700BF0030084070B50D46ED
:10422000144603F07EFC064BD3F8BC6E74402C4061
:104230007440C3F8BC4E03F078FC05EA060070BD7C
:1042400000100021034BD3F8BC3E99430CBF012062
:10425000002070470010002109490A4AD1F8EC00FB
:1042600010B504230124C2F8EC308C624FF40051E5
:104270005162410744BF02F10072C2F8EC3010BD38
:10428000001008400010084437B5204D0C4641B9D5
:104290000A460721FFF7C2FF1D4B2C635C6003B089
:1042A00030BD07221146FFF7B9FF1A4B07225A60AB
:1042B000237985F8303063790193012101A80DF04D
:1042C000BBFE019BC2B2D34000F00F0040EA0310D6
:1042D00085F83100A27985F83220E27985F833201B
:1042E0002068686383B1028801218B4205D8237955
:1042F000013B1344084A9361D1E730F81150AA42B8
:1043000028BF2A460131F0E71A46F0E7001F0021D6
:10431000301F0021000008440000084010B5054C83
:10432000237823B101F0D0FB0020207010BD0320C2
:10433000FCE700BFDC1F002008B501F0AFFB024B1B
:1043400001221A70002008BDDC1F0020431C07D08A
:10435000044B6FF0FF029A6103F100731040986103
:10436000704700BF0070084400F01803182B0AD0F3
:1043700003070AD410F0100040F2011318BF1846CA
:10438000034BD86470470020FAE70120F8E700BF2C
:10439000001F0021344B2DE9F7431E6801F400791A
:1043A00000F00103174653EA090205460C462ED0D9
:1043B0004FF0000803B30023002201200021CDE9C3
:1043C0000088FEF7FDFD41463046FEF77BF841468A
:1043D00070830120FBF7FCFF716B06F1A400FEF770
:1043E000EFF822490868FFF7B1FF4FF0FF330B6089
:1043F000337C43F004033374B9F1000F07D001217B
:1044000030460DF021FA24F4007405430C43D6E93C
:104410003E232A40234052EA030103D01449304688
:1044200009688847FB070FD51249134A08681368C3
:1044300000211160114A0121117003B19847104BFE
:1044400000215B680220984717F00E0F08D040F259
:10445000F3123B21002003B0BDE8F043FCF762B942
:1044600003B0BDE8F08300BFD0190020F40B00209A
:10447000F80B0020B01C0020B41C0020DE1F002020
:10448000D00B0020F7B50446D4E93EC71046DDE95D
:1044900008268CEA020587EA06010540194085EAEC
:1044A0000C057940C4E93E5123F4004106EA0103BA
:1044B00020F00100002543F40073024043F00203A2
:1044C000CDE90055FEF77CFD237C9A0717D5D4F87B
:1044D000FC309B0513D54FF4881120460DF0B4F93C
:1044E000237C65F341032374D4E93E2302400B404F
:1044F00052EA030103D00349204609688847002097
:1045000003B0F0BDF80B002038B10368044A002B5B
:1045100008BF1346034A13607047014BFAE700BF18
:104520003D1D0300F80B0020024B986B00F00F00BC
:10453000704700BF001F00210F2938B505460C4603
:104540000ED801F043F801280CD1074A936B23F0F1
:104550000F032343936328460DF020FD002038BD50
:104560000120FCE70220FAE7001F0021014BD86B75
:10457000704700BF001F0021014B0020D963704726
:10458000001F002103282DE9F7434CD8274B13F8CF
:104590000080274B1E5C274B13F8009003F0C1FAF4
:1045A0000746FEF7C3FE054640B10023CDE90033C0
:1045B0000022002301200021FEF702FDFEF7BEFECF
:1045C00048B10023CDE900330022002300204FF43E
:1045D0000041FEF7F5FC26B3174B5C6C04F00804B1
:1045E000164B31465C644046FFF7B8F84A46314600
:1045F0004046FFF715F9124B5C6465B1114B186822
:10460000416BA430FDF7DCFF0F490868FFF79EFE01
:104610004FF0FF330B60384603B0BDE8F04303F0C2
:1046200084BA3446DCE703B0BDE8F0834C3D0300B8
:10463000483D0300443D03000000084000000844DA
:1046400000000846D0190020F40B0020104AD2F8D0
:10465000883013F0A00F16D1D2F88C0010F00400AF
:1046600013D10C4BD3F8E43E23F07F4323F0FF0338
:104670005BB15368C3F30362092A07D0B2F10C009F
:1046800018BF01207047002070470120704700BF0D
:10469000004008400010002170B50D4616460BB1D1
:1046A000FFF7DAFD0A480368026A03F007030633DE
:1046B00001249C40C2F30C03E41AA4B2B44228BF04
:1046C000344622462946FCF725FC204670BD00BF33
:1046D0000010084070B50D46064620B9194B1B68FE
:1046E000A3B1032011E000F071FF012828D1164B7F
:1046F00093F90040C4F11C04641BC4F11C03002B9B
:10470000B8BF5B42232B0CDD012070BD81EAE17351
:10471000A3EBE173DBB2232BF6D80B4B197000200F
:10472000F3E7B57403F0FDF9084A5369E40223F492
:10473000FF2304F4FF241C43546103F0F6F9EEE771
:104740000220E2E7D0190020DB1F002000700840A3
:1047500090F8C23053B9074BDA69920208D49B6FC4
:1047600013F4706F14BF01200020704700207047C1
:104770000120704700600840F8B5436B02EA01056C
:1047800023EA01032B434363344A01F00B030C4635
:1047900023EA0501516402F100722B4061070646CD
:1047A000536411D50121FFF7D3FF68B1FEF76CFF09
:1047B00015F0040F14BF2A4A2A4A4FF40073D3613C
:1047C000294B0422C3F88820E20606D515F0100F05
:1047D000264B14BF00221B22DA6423061DD52F06A8
:1047E00016D51F4B4FF400129A6103F17E4301224C
:1047F000C3F8F82003F095F90E2107460320FDF7D2
:104800004FFE1A4B40F201225A62384603F08DF9EE
:10481000294606F1A400FDF7D3FEE00503D5E9051E
:1048200016D5FDF707FEA20503D5AB0513D5FDF799
:1048300011FE14F0600F09D0D6F8941030460DF038
:104840007EFA0B4B98640B4B80229A600020F8BDD7
:10485000FDF7E8FDE7E7FDF7F5FDEAE700000844AE
:10486000006008460060084400400844000008401A
:10487000001F002100400840014B1868704700BF2E
:10488000AC1C002037B5012300240022CDE9003400
:10489000002310461946FEF793FB0220FDF7D6F9D8
:1048A000054D064B21461C6002206B6898472B681B
:1048B00003B0BDE830401847D00B0020B41C0020E6
:1048C0002DE9FF41022903900C461546984605D173
:1048D000FFF7D8FF002004B0BDE8F081194E03F0C7
:1048E00020F9336807463BB1AB4205D003F01DF910
:1048F000002333600120EEE7134B3560C3F80080DE
:1049000001230022CDE90033002310461946FEF7AB
:1049100057FB0E4B002502201D70FDF797F922462C
:104920002B4603A90220FDF7AFF9094B039A1A6041
:10493000084B1B6804469847384603F0F6F8002CED
:10494000C8D1D5E7B41C0020B01C0020DE1F002019
:10495000AC1C0020D00B0020044BDB6D5B055ABF64
:10496000034B1878012000F0010070470050084008
:10497000DE1F0020014B98690DF078B900600840F7
:10498000014B98690DF088B90060084070B50E467B
:1049900003F0C7F8054600F03DFE044620B1284666
:1049A00003F0C3F8204670BDFEF76EFE114B32785F
:1049B000D3F8E43E022A23F0F00316D0101F42423F
:1049C0004241520043EA02137278022A0FD0111FAB
:1049D0004A424A41520043EA8213064AC2F8E43E80
:1049E000054B0422C3F88820D9E70122EAE7012217
:1049F000F1E700BF001000210040084470B50E46EA
:104A000003F08FF8054600F01DFE044620B128464D
:104A100003F08BF8204670BDFEF736FE104B32785F
:104A2000D3F8E43E022A23F00F0315D0101F4242B0
:104A30004241520013437278022A0FD0111F4A429A
:104A40004A41520043EA8203054AC2F8E43E054B5C
:104A50000422C3F88820DAE70122EBE70122F1E71C
:104A60000010002100400844F8B50E7890F8D0708E
:104A7000044630460D46FCF7E5FC002844D094F887
:104A8000D030B34208D1AA88636C9A4204D16A88B4
:104A9000B4F8D2309A4235D084F8D060AB88A4F80C
:104AA000D4306B88A4F8D230AB886364FF2363757D
:104AB00030460DF07FF804F1D00520752846FCF74C
:104AC000A5FF10BB2846FCF7B3FCF0B9D4F8903032
:104AD00053B194F8D010B94206D0B3F91220204651
:104AE000E9F78EFF84F8D9002046FCF791FE0949CA
:104AF000A4F8D400084AD1F8F810012304F1A40066
:104B0000FEF704F80020F8BD01200E2384F8D03011
:104B1000F9E700BF001F00216C1F002170B505469A
:104B200090F8D0000E280C461DD0FF291DD01AB1D8
:104B30000F4B4FF0FF321A600DF03CF8064695F827
:104B4000D000FCF729FD844228BF0446E4B2B442F9
:104B500038BF3446E0B26875FCF7BAFDA0F1FF0338
:104B60005842584170BD0220FCE70120FAE700BF1F
:104B7000D80B0020C36B012B01D10020704770B50A
:104B8000364BD0F89060D3F8F830C0F8943086B047
:104B90003146058B04460DF0A4F8B3898DF8060064
:104BA000D6E90121EB1A9BB201FB032268460021E2
:104BB000ADF804300092FDF79BFE38B9284B228BEC
:104BC000DA63FCF7F1FE20B106B070BD022006B03A
:104BD00070BD227C60F3410222740DF045F8D4F8D8
:104BE00090305969431EDBB209680291FD2B0246E1
:104BF0000BD9CD1C09D91B4B01311B680CD0D81C1B
:104C000007D802A92046029301E002A920460CF031
:104C1000A7FF002006B070BDD91C04D802A9204609
:104C200002930CF09DFFD4F8FC309B0504D4237C48
:104C300043F002032374ECE74FF4803120460CF07C
:104C400003FED4E93E2302400B4052EA0301E0D0C8
:104C50000549204609688847DBE700BF001F00219F
:104C600000300840E00B0020F80B002038B590F829
:104C7000DC400546ACB102F054FF0A4B1F22DA615A
:104C8000013C03F100731440DC6103F17A43D5F871
:104C9000E0201A66D5F8E4205A66BDE8384002F0F4
:104CA00044BF38BD006008442DE9F74F064615465D
:104CB000084619B9012003B0BDE8F08F002AF9D0E9
:104CC000032904D80021FCF7DFFA0028F2D082780B
:104CD0000488037990F805B0C788B0F9000000286F
:104CE00002F00701C0F2D180A1F1070CDCF1000055
:104CF00040EB0C00052928738CBFC2F30010002084
:104D0000C2F3801C6873900985F810C000F002009F
:104D1000C2F3C00C40EA0C00C2F340126874AA74DB
:104D2000AF820BB996F8CA30013BDBB2EB74736B00
:104D3000D80600F196800639012900F29280544B82
:104D4000DB6C544B5A6B1B6B03F0070306334FF0BD
:104D5000010909FA03F909F1FF39083C42F000584A
:104D600004EA0904002318F804A0AB60013404EA43
:104D70000904631D03EA09035A1C02EA090218F830
:104D8000037018F80220BAF1800F47EA0227727CFC
:104D900018BFAAF1320A3BB214BF4FFA8AFA6FF079
:104DA0007F0AC7F30B079AB30020D6F89C300BB1EB
:104DB00051469847631C03EA0903E87385F80EA07F
:104DC00018F80310013303EA090318F8032001332C
:104DD00003EA090341EA022118F80320013303EA38
:104DE000090341EA024118F803006A7C002341EA02
:104DF00000613046FDF768FF2860737C042B03D107
:104E0000022FDCBF013028600423AB71002052E781
:104E1000D90422D5D6F894209AB11368022B10D960
:104E200092F82400FB0008B1B3FBF0F39B45BBD81C
:104E3000002BB9D0CBEB0B20B0FBF3F0C043C0B2DA
:104E4000B3E730460CF0B9FF019030460CF0A5FFF7
:104E5000019BB3FBF0F0C0B2E4E718F80400400097
:104E6000EDE70023EB730C4BDA68C2F3072312045F
:104E700048BF63F0FF035AB212F1800F1CBF323BF0
:104E80005AB20023AA732B60BFE7022013E700BFCA
:104E900000000840001008400070084070B50A4B40
:104EA0000A4DD3F8EC604FF48064C5F8EC40002064
:104EB000FEF792FC4FF400536B65730544BF044B3F
:104EC000C3F8EC4070BD00BF00100840001008445B
:104ED00000100846082318B1024AC2F8883070470B
:104EE000014AFAE70040084600400844F8B5044685
:104EF0000E4641B9037C5A0641BF4FF6FF7261F37B
:104F00008613828303743C4BD4F894701B680BB1F6
:104F100020469847394BA18BD3F8842012F4E05FE8
:104F200004BF2022C3F810224FF6FF73994204D029
:104F3000334B1B680BB120469847324DD4F8941080
:104F40002A68914207D020460CF0F9FE2E4B986457
:104F50002E4B80209860974245D02D4B1B684BB15B
:104F60001FB13A68002A40D0BF68394620469847AA
:104F7000D4F8941008460CF0FAFE30B32549FDF73A
:104F800043FD07272046FCF743FC16B3224B94F958
:104F9000122093F900302149D4F89400C3F11C0386
:104FA0009B1A4A69DB0222F4FF2203F4FF23134316
:104FB0001B4A4B611B4B28600621116720460122CA
:104FC0001A700CF0EBFF0020F8BD20460CF096FBA9
:104FD000D4E70D4B0F4AD3F8F81004F1A4003B4678
:104FE000FDF794FDD2E70127CCE717463946204666
:104FF0009847D4F89410BDE7C01C0020006008401A
:10500000A81C0020A01C0020001F00210040084018
:10501000A41C00206C1F0021DB1F00200070084032
:1050200000000844DD1F0020B1F5007F38B50C46B4
:105030001BD200F0CBFA0128054618D1E8F77EFC18
:10504000002211460220E8F7ADFB0A4B0A4A1A6318
:1050500003F10073E40202201C632A462946E8F7A4
:10506000A1FBE8F73BFC002038BD0120FCE7022053
:10507000FAE700BF00400E4400F80F000248482243
:1050800000210DF08AB800BFE81E0021002373B58F
:1050900083746423C0E92C33C0E92E334FF0FF350D
:1050A000C0F8AC30A0F8C0300E264FF6FF73C0E950
:1050B000075580F8D06045648582837504461120C9
:1050C000E8F736F9042834D11B4B5B6813F4403FF2
:1050D0002FD12046FEF73AF92046FFF7CFFF94F98B
:1050E00012102046FFF7F6FA144A6023536402F5C3
:1050F000805240F6FF7151625165114A5364114B61
:105100004022C3F88820626B29462046FFF734FB13
:10511000002240F2022310461946CDE90066FDF751
:105120004FFFFCF723FA204602B0BDE87040FBF7C2
:10513000D5BA022002B070BD00300E400000084019
:10514000000008460040084470B50C68B0F8D42050
:105150008D680346013404BFD3F8AC400C604C6842
:10516000013404BFD3F8B8404C606E1C00F1A400B9
:1051700038D1D3F8B440CE688C60751C38D1D3F8E0
:10518000B0500E69CD60013604BFD3F8A4600E6143
:105190004E69013604BFD3F8A8604E618E690136AE
:1051A00004BFD3F8BC608E618E693EB34132B24217
:1051B00038BF32460E688A61C3F8B4404C68C3E910
:1051C0002E420A69C3F8A4204A690D49C3F8A820F1
:1051D000C3E92B650B4AD1F8F8100723FDF796FCBD
:1051E000002070BD02F14104AC4238BF2C46C2E73A
:1051F00002F16405B54238BF3546C2E76422D9E7FB
:10520000001F00216C1F002138B5084D0446286896
:10521000003818BF0120621C214600F033FC2B68C7
:10522000003B18BF0123A370002038BDB81C00202C
:1052300038B5054C054B417800782568236000F0AF
:10524000D9FB00B1256038BDB81C0020583D0300D3
:1052500070B502F066FC0C4E054600F0B7F9012867
:1052600004D0284602F061FC022070BD736813F080
:10527000706FC3F30364F0D1F36BDB06EDD5284602
:1052800002F053FC2046F0E700400840074B1B6843
:105290004BB10028064A074B08BF00231360064B9A
:1052A0001870002070470220704700BFB81C002013
:1052B000BC1C0020503D0300DF1F0020014B18786C
:1052C000704700BFDF1F002038B502F02AFC0B4AF0
:1052D00013884FF6FF718B4203D102F026FC0320A6
:1052E00038BD074C074DE56504F100741B04E36508
:1052F000118002F01AFC0020F2E700BFE20C00204F
:10530000006008440000FFFF2DE9F34105460F4609
:105310001446FFF79BF980B1DFF81882D8F80C30FB
:10532000DE0740F1EA8002F0FCFB06460320FCF7B2
:10533000B7FD38B1304602F0F8FB0226304602B025
:10534000BDE8F081D8F80C3013F0060FF2D13046EA
:1053500002F0EBFB6A4B4FF400612846D3F8E48E71
:10536000D3F8C46EFEF76EFF40B1664B4FF4007287
:105370000121C3F888200846FBF72AF83946284659
:10538000FBF778F95E4BC3F8C46EC3F8E48E0646AB
:105390000028D3D12B7CD80601D4002C66D0C4F3CE
:1053A0004000FEF737F914F4807F14BF564A554A7F
:1053B0004FF002031BBFC2F88830544AC2F888304D
:1053C00000211CBFD16093624D4BD3F8BC7EFEF729
:1053D0005BF94F4A14F0040F07EA02034FF48061AF
:1053E0006BD04C489342C16106D14B4A92F8D03001
:1053F00043F0020382F8D030424B042214F0400FF5
:10540000C3F8882014BF454A454A40232046C2F8C5
:105410008030FEF7A9FF28460CF020FD40B114F0C3
:10542000010F14BF384A374A4FF48073C2F88830EE
:10543000A1064CD56B8C4FF6FF7293420FD0394AC0
:105440003949D26D100CC2F301120880013237497C
:10545000B3FBF2F32F4A3648C8651B04D3652B7C97
:10546000003C18BF012464F304132B7428460CF08D
:1054700092FDF0B128460CF0F1FCD0B14FF40031B0
:105480002846FEF7DFFE431C9BB203221F4801A9FA
:105490000CF03BFB9DF8042002F00703052B9DF860
:1054A00005301DD1120715D443F480731A4AC2F88F
:1054B000CC3000200CF06BFB40E71C489342C161EC
:1054C0009AD1154A92F8D03023F0020392E7FFF701
:1054D000FBFEC4E713F0040F09D19DF80630E3E7A3
:1054E00003F03002202A05D113F0010FF4E74FF446
:1054F0008073DBE79DF80630D8E703261EE700BF80
:1055000000100021004008440040084600100840F8
:105510008000004000600846001E00210070084620
:105520000070084400600840E20C0020006008445D
:105530000000FFFF0050084008B5094BD3F8B43015
:105540005A1C0BD05B0009D40320FFF71BF8054B56
:105550004FF08062C3F894200122DA6008BD00BFDA
:105560000081E00F00400846054BD3F8880003F1A6
:1055700080634FF40022C3F88820C0F3C040704716
:1055800000400840014B024A1A607047A41C0020EA
:1055900089420200024BD86800F00100704700BF4A
:1055A00000500840084BDA68D10707D508B9FCF766
:1055B00027BBDB68DA0706D4FCF714BBDB68DB0724
:1055C00001D40028F8D17047005008400F4B5B68A9
:1055D000C3F30363013B0B2B0FD8DFE803F0060690
:1055E0000C06060606080A08080802207047042070
:1055F00070470520704703207047054BDB6813F0A8
:10560000060F0CBF01200420704700BF0040084077
:10561000005008400A4A5368C3F303630B2B08D0B9
:105620006FF49050184100F0010080F0010040003C
:105630007047D2F8880010F48030ECD1704700BF7A
:10564000004008400C4A5368C3F30363062B07D895
:10565000042BD8B20CD8C31E5842584140007047A2
:10566000072B07D1D2F8440110F00050EBD170475E
:1056700002207047002070470040084008B5437C76
:10568000033BDBB2072B96BF044A0021D15CFEF737
:1056900073FFBDE808400120FCF788BD643D0300AE
:1056A000012310B580F8C2302823C0F8A8300423A5
:1056B0004374054B044619680CF022F82046FFF7A6
:1056C000DDFF002010BD00BF10580300012310B5FE
:1056D00080F8C2302823C0F8A83002234374054B59
:1056E000044619680CF00CF82046FFF7C7FF0020AD
:1056F00010BD00BF14580300F8B5D0F8E0308B425D
:1057000004460D46164601F0010703D190F8DC303F
:10571000202B19D04FB3002E14BFAA23552393FA80
:10572000A3F31B0B03F4702395FAA5F243EA12438B
:105730002364202384F8DC300023C4F8E050C4F84C
:10574000E4302046FFF792FA164A17490F23D36533
:10575000164BDFB15EB90120D865C2F8FC10226C8F
:10576000C2F31302C3F8FC20F8BDAA23D7E7022036
:10577000D865C2F8FC10226CC2F31302C3F8FC20F7
:105780000B4BE5640222C3F8B820EDE70220D86590
:10579000C2F8FC10226CC2F31302C3F8FC20002EE6
:1057A000E2D0EDE700600844FFFF0F00006008460C
:1057B00000100840134A072310B55363124C134BD3
:1057C00089B14421E16240F0400001212063596326
:1057D0004FF48043C2F8A030C2F8A430C2F8A83019
:1057E000C2F8AC3010BD4FF48042E16221635963CE
:1057F000C3F8A020C3F8A420C3F8A820C3F8AC20A5
:10580000F0E700BF00000844000008400000084620
:1058100008B50948E7F732FE084A136813F4805FB9
:1058200008BF12684FF0010304BFC2F30322934084
:10583000B0FBF3F008BD00BFA00914000020044035
:105840002DE9F74FDFF8ECB08146DBF800A00F46FA
:10585000FCF73CFB4FF0FF35CDE9000100202C4662
:10586000064606F110031B015BF8033003F0030842
:10587000B8F1010F15D13046FCF740FB02460B464C
:10588000DDE90001FCF7D0F9DBF85C3006F1080235
:10589000D340DB0737D5002F3ED000253E602C4695
:1058A00040460136052EDCD150B3224F396B013111
:1058B000A4FB014164190AF4403341F10001B3F53E
:1058C000003F4FF000022FD1FB6A0AF4405A013327
:1058D00042F10006BAF5805F21D1BD6A15F58075E9
:1058E00042F100026E4303FB0266A5FB0332324421
:1058F000594304FB0212A3FB04341444C9E90034E5
:1059000003B0BDE8F08FA84271EB0403C8D207B121
:105910003E6005460C46C3E73D463C46C0E73202C2
:1059200042EA13621B02E3E7BB6A13F5807342F19C
:105930000002DDE7005008402DE9F84302F0F1F8DD
:10594000274C284DDFF8A8800646607B030103F151
:10595000804303F5842300221A64AF6EAA66D5F84B
:1059600000112161217B090441F00301C5F80011F8
:10597000013001218140C8F820104FF48071696620
:10598000D8F8081001315964A16002211964A36894
:105990000133D8F80810E86D10F4807913D18B42E8
:1059A000F7D13AB1304602F0C0F8C3221A21484676
:1059B000FAF7B8FE617BA3680B4A09010233A360C2
:1059C00053500122E3E74FF480736B66074BAF66D9
:1059D0000122C3F800213046BDE8F84302F0A5B823
:1059E000881C002000500840442004400050084417
:1059F000002004400B2870B53CD802293AD81E4C30
:105A0000207361734FF48A400121E7F7E5FB637B64
:105A1000227B1A490133143243F4801343F4306378
:105A200041F82230FCF79AFC4608C507FFF7F0FE64
:105A3000002302463146284600F02EFA090241EAC8
:105A40001061C0F3C05040EA41000D4B2060986ADD
:105A500010F5807005D14FF4E1722B21FAF762FE48
:105A60000220024600230020012100F015FA6060A8
:105A7000002070BD0120FCE7881C002000600E4063
:105A80000050084028B1044B187B0870587B1070F8
:105A9000704707230B70FAE7881C002010B502F04E
:105AA00040F80446FFF748FF054B02225A60054BB9
:105AB00001222046BDE810401A7002F036B800BF3F
:105AC00000500840E01F00200C490B78A3B10C4B9C
:105AD0005A7B0123013293400A4A53620A4B4FF02A
:105AE0008042C3F8802100230B70084BD3F80C01CF
:105AF000D3F8041100F0A6B8704700BFE01F0020E3
:105B0000881C00200020044400E100E00050084010
:105B100010B50446FFF77CFE604300F5F420034B0C
:105B200000F59070B0FBF3F010BD00BF40420F00D5
:105B30002DE9F04F85B0FFF7EBFF044601F0F1FFD0
:105B4000DFF8F890DFF8F8800021054602A889F810
:105B50000010FFF775FE354BD8F808605B6813F04E
:105B6000706F1ED1DFF8C8A0DAF80C7017F00607C6
:105B700017D1E0B1FCF7F2FB611DA1FB00B101916F
:105B8000FFF746FE3B4602460199584600F084F96D
:105B9000DDE902B3090241EA10610002584599416A
:105BA0000ED3284605B0BDE8F04F01F0BEBFFFF7A9
:105BB000C3FE1F4B02225A60012389F80030F0E730
:105BC0000193FFF7B9FEFFF723FE019B4FEA1B226B
:105BD00042EA0362A0FB02B21B0A00FB032101910F
:105BE000FCF7BCFB019902463B46584600F054F9CD
:105BF00010494A7B1301013403F18043361B03F53E
:105C0000842306445E64561C0122B2400A4EC8F842
:105C100020207262D8F808205B6C241AD31AA342A1
:105C2000C7D20B69CAF80031BBE700BF004008408B
:105C300000500840881C002000200446E01F00207F
:105C4000002004402DE9F74F8B4CDFF83C82637B4A
:105C5000019104331B01002748F80370237B874A16
:105C60001B0593604FF400339360854B02225A600A
:105C7000D8F8083005465E1E9B1B002B40F3CB80F6
:105C80000137022F4DD9DB220D210020FAF74AFD02
:105C90007B4E7C4A4FF0807373662369C6F80031EF
:105CA000237B1B0543F400339360637B764A043304
:105CB0001B010024D45001F034FFB769D6F85CC052
:105CC000224623464FF4807E02F1100109017158EB
:105CD00001F00301012910D10EFA02F111EA0C0FB3
:105CE0000BD106EB0214AF42D4F80C41C0F09B80FC
:105CF000A54202D2A74280F099800132052AE3D161
:105D0000624D2968012940F294802BB15A49CA8A10
:105D10001A43CA825A4A136603B0BDE8F04F01F035
:105D200004BF637B04331B01002248F8032001F009
:105D3000F8FE534900904FF080734B6694F80DC005
:105D4000D8F808604FEA0C1C0CF1804C0CF5842C40
:105D50000136CCF844600B68D80356D5A368226896
:105D60000198F31AA3FB02AE8B6A03F5807963688E
:105D7000AEFB0321AAFB03B39B1841F10001A9FB71
:105D8000032BBAEB020209FB01BB6EEB0B0E120AEE
:105D900042EA0E620244B2EB192F4FEA192E04D3E5
:105DA000013341F10001A2EB0E02AEF1040E724587
:105DB000DFF8CC9028BF7246C9F81020627DD9F870
:105DC00018E0EB18D2B241F100017545D9F830E086
:105DD00084BF02F1FF32D2B2BEF1FF3F0ED04FF0CE
:105DE000000A0EF101099E457AEB010B08D201323F
:105DF000B3EB0903D2B261F10001F4E70A44D2B275
:105E000002F0030262751E4A936102230098CCF8E7
:105E1000403001F08AFE1A4AD8F80830D26DD2011B
:105E20007FF52AAF34E7A542BFF464AF19438BB2C4
:105E300063E7174A1478142C01BF0024154E147020
:105E40003470147801341470002B3FF465AF0A4E9F
:105E5000F48A1C43F4820A4C23660E4C23780133E7
:105E6000DBB2022B23707FF457AF0023013129608E
:105E70001370237050E700BF881C002000500846B4
:105E80000050084000500844002004402C1C002012
:105E9000E21F0020E11F002053B94AB9002908BFC2
:105EA00000281CBF4FF0FF314FF0FF3000F06AB9FF
:105EB000ADF1080C6DE904CE00F006F8DDF804E061
:105EC000DDE9022304B070472DE9F047089D0C4638
:105ED000002B4ED194468C458646B2FA82F262D9A6
:105EE0004AB1C2F12003914020FA03F30CFA02FCFC
:105EF000194300FA02FE4FEA1C471FFA8CF6B1FB69
:105F0000F7F44FEA1E4307FB141143EA014304FB75
:105F100006F199420AD91CEB030304F1FF3080F02B
:105F20001381994240F21081023C6344591A1FFACE
:105F30008EF3B1FBF7F007FB101143EA014300FBBE
:105F400006F69E420AD91CEB030300F1FF3180F0F4
:105F5000FD809E4240F2FA80634402389B1B40EA77
:105F6000044000211DB1D3400022C5E90032BDE844
:105F7000F0878B4205D90DB1C5E900010021084623
:105F8000F5E7B3FA83F1002946D1A34202D3904248
:105F9000C0F0F180861A64EB03030120002DE6D0E7
:105FA000C5E90063E3E7002A40F09180A1EB0C040F
:105FB0004FEA1C481FFA8CF70121B4FBF8F64FEAB0
:105FC0001E4308FB164443EA044307FB06F09842CD
:105FD00008D91CEB030306F1FF3402D2984200F209
:105FE000CE8026461C1A1FFA8EF3B4FBF8F008FB8D
:105FF000104443EA044300FB07F79F4208D91CEB17
:10600000030300F1FF3402D29F4200F2B180204628
:10601000DB1B40EA0640A5E7C1F120068B4022FACF
:1060200006F71F4320FA06FC04FA01F343EA0C03C7
:10603000F44000FA01F8380C4FEA1349B4FBF0FEC3
:106040001FFA87FC00FB1E4449EA04440EFB0CF9CE
:10605000A14502FA01F20AD93C190EF1FF3A80F08B
:106060008580A14540F28280AEF1020E3C44A4EB53
:1060700009041FFA83F9B4FBF0F300FB134449EA67
:10608000044403FB0CFCA44507D93C1903F1FF3081
:1060900068D2A44566D9023B3C4443EA0E40A0FBCB
:1060A0000293A4EB0C049C42CE469C4652D34FD0A4
:1060B00055B1B8EB0E0364EB0C0404FA06F6CB40C2
:1060C000CC401E43C5E900640021BDE8F087C2F161
:1060D000200320FA03F10CFA02FC24FA03F39440A3
:1060E0000C434FEA1C4800FA02FE1FFA8CF7B3FB80
:1060F000F8F008FB1031230C43EA014300FB07F1E1
:10610000994208D91CEB030300F1FF362CD29942C7
:106110002AD9023863445B1AA4B2B3FBF8F108FB36
:10612000113344EA034401FB07F3A34208D91CEBF3
:10613000040401F1FF3613D2A34211D90239644499
:10614000E41A41EA004138E70446EFE6084605E76D
:10615000C845ADD2B9EB020E63EB070C0138A7E7D7
:106160003146EDE7034698E73046D4E7D6467EE76A
:10617000634402384CE70646234608460EE7023ED3
:1061800063442FE7704700BF024B0A460146186878
:106190000BF064BF100C002008B5064B044613B189
:1061A0000021AFF30080044B1B6803B198472046E1
:1061B00002F014FA00000000041E0020024B014609
:1061C000186800F02DB800BF100C0020024B0146EB
:1061D000186800F085BA00BF100C002070B50F4E93
:1061E0000C463168054611B900F034FA306021469A
:1061F000284600F02FFA431C03D14FF0FF3420460D
:1062000070BDC41C24F00304A042F8D0211A284613
:1062100000F020FA0130F2D1EFE700BFC41C0020EB
:106220002DE9F041CD1C25F0030508350C2D38BFB4
:106230000C25002D064601DBA94204D90C2333604E
:106240000020BDE8F081314F00F062F83B681C4649
:1062500044BB29463046FFF7C1FF431C044650D1DA
:106260003C682146002941D1002C44D023683046A7
:1062700004EB030800F0EEF980453CD121686D1A6B
:1062800029463046FFF7AAFF013034D023682B445B
:1062900023603B68002B36D05A68A24229D10022E5
:1062A0005A600EE02268521B1DD40B2A16D96119C0
:1062B000A342256018BF5960636808BF3960625106
:1062C0004B60304600F02AF804F10B00231D20F04B
:1062D0000700C21AB5D01B1AA350B2E7A3426268E6
:1062E000DED13A60EDE723466468B1E70C464968C1
:1062F000B8E71346CEE70C233360304600F00EF8C3
:106300009EE70560DDE75B60FFDE00BFC81C002084
:1063100001480BF04BBF00BFE31F002001480BF00A
:1063200046BF00BFE31F0020002310B50446C0E9AC
:106330000033C0E90433836081814366C281836195
:10634000194608225C300BF028FF0D4B63620D4BA1
:10635000A3620D4BE3620D4B23630D4B24629C4201
:1063600006D003F16802944202D0D0339C4205D19A
:1063700004F15800BDE810400BF017BF10BD00BF7E
:10638000C1200300E32003001B2103003F21030081
:10639000CC1C0020024A034903480BF073BE00BF27
:1063A000040C002001240300140C002041680C4B55
:1063B000994210B5044601D00CF022F8A168094BAF
:1063C000994202D020460CF01BF8E168064B994236
:1063D00004D02046BDE810400CF012B810BD00BF3C
:1063E000CC1C0020341D00209C1D002010B50B4B40
:1063F0000B4C0C4A1A60204600220421FFF794FF40
:1064000004F1680001220921FFF78EFF04F1D0009A
:106410000222BDE810401221FFF786BF041E0020B3
:10642000CC1C00209563020001480BF0BFBE00BFEA
:10643000E41F002001480BF0BABE00BFE41F00209B
:1064400010B50446FFF7F0FF236A1BB1BDE810400A
:10645000FFF7F0BF044B2362044B1B68002BF5D100
:10646000FFF7C4FFF2E700BFAD630200041E002087
:106470002DE9F7431D46574B1F6804460E469046CC
:1064800027B13B6A13B93846FFF7DAFFB8F1020FBC
:1064900006D0B8F1010F00F29A80002DC0F297806B
:1064A000636ED90705D4A3899A0502D4A06D0BF0B9
:1064B0007DFE214638460BF0A3FF616B41B104F12C
:1064C0004403994202D0384600F00AF9002363637E
:1064D0000023A3616360A3891B0603D521693846A5
:1064E00000F0FEF8A38923F44A6323F00303B8F114
:1064F000020FA38161D001AB6A46214638460BF0FA
:10650000A7FFA3891843A0812DBB009D2846FFF754
:1065100055FE0646002852D1DDF80090A94540D12D
:106520004FF0FF35B4F90C3043F00202A281002293
:10653000A26004F147022260226101226261626E60
:10654000D60704D4980502D4A06D0BF030FE28467F
:1065500003B0BDE8F083002ED8D03B6A13B93846AB
:10656000FFF76EFFB8F1010F08BFA389266004BFD3
:1065700043F00103A381B4F90C3013F00802C4E91D
:1065800004651ED0D90741BF00226D42A260A561FB
:1065900058BFA560626ED20701D49B0513D50025B4
:1065A000D5E74846FFF70AFE06460028B8D0A3897B
:1065B00043F08003A3814D46CFE70025B2E7A9460B
:1065C000F5E7A260E6E7A06D0BF0F1FDE7E74FF01D
:1065D000FF35BCE7100C00200B4603490246086853
:1065E000816800F0C7B800BF100C002038B5064D18
:1065F0000023044608462B6001F0EEFF431C02D145
:106600002B6803B1236038BD081E002038B5074D44
:1066100004460846114600222A601A4601F0E6FFA9
:10662000431C02D12B6803B1236038BD081E002033
:1066300038B5074D04460846114600222A601A461E
:1066400001F0D6FF431C02D12B6803B1236038BD93
:10665000081E002038B5064D0023044608462B606E
:10666000E6F7E6F9431C02D12B6803B1236038BD7D
:10667000081E002038B5074D044608461146002282
:106680002A601A4601F0C2FF431C02D12B6803B1F5
:10669000236038BD081E002070B50D4D0D4C641BE5
:1066A000A4100026A64209D10B4D0C4C0CF098FC0E
:1066B000641BA4100026A64205D170BD55F8043B0A
:1066C00098470136EEE755F8043B98470136F2E764
:1066D0001C0D00201C0D00201C0D0020200D002092
:1066E00038B50546002941D051F8043C0C1F002B59
:1066F000B8BFE418FFF70CFE1D4A136833B9636096
:1067000014602846BDE83840FFF708BEA34208D908
:10671000206821188B4201BF19685B680918216045
:10672000EDE71A465B680BB1A342FAD9116850181D
:10673000A0420BD120680144501883421160E0D17F
:1067400018685B68536008441060DAE702D90C23CC
:106750002B60D6E7206821188B4204BF19685B685C
:10676000636004BF091821605460CAE738BD00BFE8
:10677000C81C00202DE9F04F0D469DB014469846E8
:10678000064618B1036A0BB9FFF75AFE6B6ED907BC
:1067900005D4AB899A0502D4A86D0BF007FDAB892F
:1067A0001B0701D52B699BB92946304600F026FA14
:1067B00070B16B6EDC0704D54FF0FF301DB0BDE843
:1067C000F08FAB899805F7D4A86D0BF0F0FCF3E7D8
:1067D0000023099320238DF82930CDF80C80302335
:1067E000DFF8AC818DF82A304FF0010923469A4634
:1067F00013F8012B0AB1252AF9D1BAEB040B0BD0FF
:106800005B462246294630460BF0F7FC013000F08B
:10681000A780099A5A4409929AF80030002B00F098
:106820009F8000234FF0FF32CDE905230AF1010AD2
:10683000049307938DF853301A935446052214F8A5
:10684000011B5348E5F76CF8049AD8B9D10644BF48
:1068500020238DF85330130744BF2B238DF853307A
:106860009AF800302A2B15D0079A544600204FF092
:106870000A0C214611F8013B303B092B4BD9B0B132
:10688000079214E0A0EB080309FA03F313430493FF
:10689000A246D2E7039B191D1B680391002BBBBFC7
:1068A0005B4242F0020207930793B8BF0492237839
:1068B0002E2B0AD163782A2B32D1039B1A1D1B6819
:1068C000039243EAE37302340593DFF8D4A02178FE
:1068D00003225046E5F724F838B1049BA0EB0A00E8
:1068E0004022824013430134049314F8011B2948C9
:1068F0008DF828100622E5F713F800283FD0264B24
:106900001BBB039B073323F0070308330393099B47
:106910003B4409936AE70CFB02320C460120A8E7CE
:1069200000230134059319464FF00A0C204610F855
:10693000012B303A092A03D9002BC6D00591C4E7B0
:106940000CFB012104460123F0E703AB00932A4628
:10695000124B04A93046AFF300800746781CD6D10D
:106960006B6ED90705D4AB899A0502D4A86D0BF0DC
:106970001EFCAB895B063FF51FAF09981EE703AB12
:1069800000932A46054B04A9304600F00BF8E4E7D3
:106990008A5D0300945D030000000000FB210300FA
:1069A000905D03002DE9FF470F7E0C9E782F9146E6
:1069B00080460C469A4601F1430207D8622F0AD856
:1069C000002F00F0DD80582F00F0C38004F1420654
:1069D00084F842703AE0A7F16303152BF6D801A1C1
:1069E00051F823F03D6A0200516A0200CD690200AD
:1069F000CD690200CD690200CD690200516A020032
:106A0000CD690200CD690200CD690200CD690200A6
:106A1000676B0200DF6A02001F6B0200CD69020093
:106A2000CD690200896B0200CD690200DF6A0200B5
:106A3000CD690200CD690200276B020033681A1D80
:106A40001B68326004F1420684F842300123A8E05A
:106A500031682368081D30601E0601D50D6803E00B
:106A60005D06FBD5B1F900506168002D78DA2D2064
:106A7000002984F84300A1602DDA5E486D420A23A4
:106A80001646B5FBF3F103FB1157C75D06F8017D10
:106A90002F46BB420D46F4D9082B0BD12368DF07E4
:106AA00008D5236961689942DEBF302306F8013CAE
:106AB00006F1FF36921B2261CDF800A04B4603AAD7
:106AC000214640460BF0ABFB01306FD14FF0FF3059
:106AD00004B0BDE8F08723F004032360CDE721680C
:106AE0003368080653F8045B02D4490648BFADB2C8
:106AF0006F2F4048336014BF0A230823002184F815
:106B000043106668A660002EBADB216821F00401FC
:106B10002160002DB4D1002EB2D11646BCE7236807
:106B200043F0200323603448782784F845702368B5
:106B300031681F0651F8045B02D45F0648BFADB24E
:106B40003160D90744BF43F0200323601DB11023F7
:106B5000D4E72848E9E7236823F020032360F6E719
:106B600024480A23CDE7336825686169181D306021
:106B70002E061B6801D5196002E06806FBD5198056
:106B800000232361164697E733681A1D32601E689A
:106B9000626800213046E4F7C3FE08B1801B6060E4
:106BA00063682361002384F8433085E72369324614
:106BB00049464046D047013088D023689B0714D40B
:106BC000E068039B9842B8BF184681E7012332462C
:106BD00049464046D04701303FF478AF0135E3687D
:106BE00003995B1AAB42F1DCEAE7002504F11906D0
:106BF000F5E700BF9B5D0300AC5D030038B5294B92
:106C0000054618680C4618B1036A0BB9FFF718FC63
:106C1000B4F90C30190722D4DA0607D409222A6005
:106C200043F04003A3814FF0FF3033E0580712D503
:106C3000616B41B104F14403994202D02846FFF749
:106C40004FFD00236363A38923F02403A381002362
:106C5000636023692360A38943F00803A381236948
:106C60004BB9A38903F42073B3F5007F03D0214609
:106C700028460BF013FCB4F90C3013F001020AD0D3
:106C80000022A26062695242A261226942B913F0F5
:106C90008000C5D138BD990758BF6269A260F4E78A
:106CA0000020F7E7100C002038B5074D00230446FC
:106CB000084611462B6001F092FC431C02D12B6860
:106CC00003B1236038BD00BF081E002038B5064D53
:106CD0000023044608462B6001F086FC431C02D1C9
:106CE0002B6803B1236038BD081E0020C0F3C753D2
:106CF0007F3B162B07EE900A20F000412FDC002B83
:106D000016DB1C491941084226D09FED1B7A37EE4D
:106D1000877AB5EEC07AF1EE10FA1DDD002804DDA9
:106D20004FF4000242FA03F3184420EA01007047CE
:106D30009FED117A37EE877AB5EEC07AF1EE10FA50
:106D40000ADD002813DBB7EE007A002914BF17EE26
:106D5000100A17EE900A704717EE900A7047B1F1CB
:106D6000FF4FF9D377EEA77A17EE900A70474FF0EE
:106D700000407047FFFF7F00CAF24971094A51681D
:106D8000C84390FAA0F048B1B0FA80F0042805DCBE
:106D9000012383400B43536040B270474FF0FF30F4
:106DA000704700BF341E0020034B044800212822F6
:106DB000C3E900110BF0F1B9341E00200C1E0020B5
:106DC00038B50546FFF7DAFF04460448294600EBCC
:106DD000C4000BF034FC204638BD00BF0C1E002060
:106DE000C3B2042B10B515D80B4A042303EBC00320
:106DF000134453E8002F0A4343E80024002CF8D141
:106E000001220649824051E8003F134341E8003027
:106E10000028F8D110BD00BF0C1E0020341E002039
:106E2000F7B51A4A1A491B4D012608274FF0040CE2
:106E3000106800B30B7806FA03F420421DD0E0433B
:106E400052E8004F044042E8004EBEF1000FF7D177
:106E500017FB03C32B4453E8000F43E800E4002C66
:106E6000F9D1019048B108780B4901AA05EBC0009F
:106E70000BF021FC012003B0F0BD0B785068834279
:106E80003ABF0133DBB200230B70D1E7341E002080
:106E9000E51F00200C1E002078563412024B1868A3
:106EA000003818BF01207047341E002010B504467A
:106EB00000F03EFE074B1B684BB1DB681B1B002B31
:106EC000CCBF0024012400F039FE204610BD1C4632
:106ED000F9E700BF4C1E002038B5054600F028FE3B
:106EE000094B1A684FF0FF341AB900F027FE20460C
:106EF00038BDD2E903310B445B1B23F000439C42B5
:106F0000526828BF1C46EFE74C1E00202DE9F84FC1
:106F10000C9F9DF82CA00E4615469946804608B158
:106F200003687BB937B129463046B84740F2034081
:106F3000BDE8F88F002DF9D0002EF7DB284600F0D1
:106F400009FCF3E700F0F4FD8346504600F0F0F949
:106F50000446584600F0F2FD8CB947B12946304648
:106F6000B8470320314600F0BBFB1A20E0E7002DB4
:106F7000F7D0002EF5DB284600F0ECFBF1E7C4F873
:106F80000080DFF878800A9B65610025C4E90797D7
:106F9000A660236184F818A0D8F80030656098478F
:106FA00009EB000600F0C4FD07461248E6600268DF
:106FB000114631B1CB689B1B002B13DBCB689E4283
:106FC00010D09DB90C4B626004601C682CB1D8F8DD
:106FD00000309847FFF780FFA047384600F0AEFD2D
:106FE0000020A5E74B680D461946E2E76B68636031
:106FF0006C60F2E74C1E00203C1E0020441E002066
:107000002DE9F74FDFF884B081460D4692461E46C3
:1070100000F08EFDDBF8004001904FF000082CB925
:10702000019803B0BDE8F04F00F088BD23684B45E0
:107030001CD12DB1A3682A6823F00043934215D1D7
:107040007EB96368B8F1000F13D1CBF800300D4B57
:107050001F6887B10C4A12689047FFF73DFFB84799
:1070600009E060695146B0470028EAD0A04664684C
:10707000D5E7C8F80430676820460BF09CFA3C4618
:10708000CDE700BF3C1E0020441E00204C1E002007
:10709000014B1860704700BF3C1E002070B50B4BC1
:1070A00004460E4615461978094A0A480BF018FF9F
:1070B000094A00231360094A1660094A2421156011
:1070C00007202246BDE8704000F0B4B8FE1F002043
:1070D000BD5D0300E61F00204C1E0020441E002062
:1070E000401E00207FB504461846002303930A4B38
:1070F0001B680D46164613B9212004B070BD03A9C4
:1071000098470028F8D10090039B32462946204634
:107110000BF084FAF1E700BF401E0020F8B50546E9
:1071200010200F46164600F0F7FA0A4B044618786E
:1071300018B1102221460BF0D6FE44B10123E360C2
:107140002B682360C4E9017600202C60F8BD1A206A
:10715000FCE700BFE61F00202DE9F843264FDFF8CB
:10716000A880264D38603868FFF7A0FE30B9244B60
:107170001B689847BDE8F843FFF7AEBE00F0D8FCA7
:10718000D8F800400646ECB16368C8F800301D4BE3
:10719000D3F80090B9F1000F0CD100F0CFFCA36838
:1071A0002C6033F0004311D128680BF004FA00235F
:1071B0002B60D8E7124B1B689847FFF78DFEC84736
:1071C0003046EAE700F0BAFC2C60CCE72368002BDD
:1071D000EAD018680028E7D0A26832F00043E3D074
:1071E000D0E90069636921688068C8470028DBD15D
:1071F000002ED9D03046EFE7501E0020481E002058
:10720000441E00203C1E00204C1E002038B50446C1
:107210000D4600F08DFC064B1B683BB1DA6922601D
:107220001B692B60BDE8384000F088BC2360F8E79C
:10723000481E00202DE9F74FDFF88C90DFF88CB066
:1072400009EB001503314FEA001A4FF6FC770F40A7
:107250000024DBF800306A8029F80A708046EC6070
:1072600002FB07F01646984717FB06F292B2034658
:1072700068602A8108B300921148124A9BF80410F2
:1072800052F8282040440BF02CFE21462A896868D9
:107290000AF083FF214623469E4206DCD1440020AB
:1072A000A9F8026003B0BDE8F08F6A68E868505042
:1072B0005418EC6001333944EEE71A20F2E700BFBE
:1072C000E71F0020BC5E030064170020541E00204E
:1072D00070B50B4E06EB00150446696839B1094BD1
:1072E0002A89185C0BF0FEFD686800F033FA06EBA3
:1072F00004101022BDE8704000210AF04EBF00BF0C
:1073000064170020E71F0020044B19601A71986071
:107310000201002102480AF040BF00BF541E0020B5
:1073200064170020014B185C704700BFE71F002066
:1073300070B50A4C04EB00130601DD68084B185CBD
:1073400018B1A25B29460BF0CEFD2DB134442B6859
:10735000E3606388013B6380284670BD64170020AA
:10736000E71F0020024B03EB00139878704700BF23
:1073700064170020094B03EB001310B45A88DC6833
:107380000C600132D9605A80054B185C18B15DF869
:10739000044B0BF0A9BD5DF8044B70476417002047
:1073A000E71F0020044A010102EB0013505A10B1FC
:1073B0001B89B3FBF0F070476417002038B5164BFB
:1073C000164D00241C70164B2C601C60154B6C6015
:1073D00020461C70AC60FFF7E5FF80B2A0F10E0301
:1073E0006B80A0F11403013068812046EB80FFF729
:1073F00099FF0D4D0D4A0446014628460BF070FDDD
:107400002146681E0A4A0BF06BFD2146681C094A9A
:10741000BDE838400BF064BDFC1F0020BE1E0020FC
:10742000781E0020FB1F0020F91F0020005F0300D2
:10743000095F0300135F030070B5044680B300F0DA
:1074400077FB63796FF382036371237913F010067E
:10745000054605D010232371BDE8704000F06EBBD7
:1074600003F003030F4931F82320013A21F82320C8
:1074700030462146FFF77EFF0B4B0C4E1C681CB9B3
:107480000A4B28461C70E7E7237A1BB933781BB9EF
:107490002468F4E7012BFBD1636820469847F7E79F
:1074A00070BD00BFBE1E0020781E0020FC1F002003
:1074B00010B5044600F03CFB034B1A6822601C60C8
:1074C000BDE8104000F03ABB781E002010B5064B16
:1074D0001A78541C1C70054B00F0E00003F83200D1
:1074E00003EBC203596010BDFB1F0020601E00208B
:1074F0002DE9F04F4607044689B048BF00F0F70475
:10750000634F049204F00306029100F011FB07EBB5
:10751000860337F826205B889A4204F0EF0A8146FA
:107520004FEA860831D20020FFF702FF054640B33C
:1075300037F826304846013327F8263000F0FEFAA7
:1075400028460BF03CFB029B029AAB71049B85F82A
:1075500004A01344EB7100F0EBFA4E4B1C68074695
:10756000002C40F08C80384600F0E8FA4A4B985DD9
:1075700018B1452229460BF0B6FC284609B0BDE8F3
:10758000F08F464B01221A70484600F0D7FA2507C3
:107590001DD51F2C1BD904F0E003039300F0C8FA9B
:1075A00007EB080337F826805B88DFF8F8909845EA
:1075B0002CBF00230123019300F0C0FA07EB8603E0
:1075C0004FF0000B0593364B1B789B4508D384F096
:1075D00004005146C0F3800000F082F80025C5E7A2
:1075E00099F80030039A1A4204D0D9F80480D8F8E8
:1075F000003023B90BF1010B09F10809E3E7079308
:107600005A79D00708D51A79510705D5019941B99A
:107610008AEA0202920704D098461B68002BEFD139
:10762000E5E740460BF030F90579079007A80BF025
:107630000DF92946002000F053F800F079FA059B77
:1076400037F826205B889A4234BF01230023054681
:10765000019309D20020FFF76BFE079058B137F86D
:107660002630013327F82630284600F067FA079DB8
:10767000002DBCD064E7094B01221A70F4E7237A8D
:10768000012B02D1636820469847246868E700BF51
:10769000BE1E0020781E0020F81F0020FC1F0020C6
:1076A000FB1F0020601E0020014B00221A60704763
:1076B0007C1E002010B5044600F03AFA074A136811
:1076C0002BB914602360BDE8104000F037BAA34224
:1076D00002D01A461B68F3E710BD00BF7C1E0020D5
:1076E000064B70B51C6805460E4604B970BD63684C
:1076F0003146284698472468F7E700BF7C1E0020E3
:10770000024B034A197803480BF0EABBFD1F002027
:10771000205F0300FE1F002038B5C41C24F00304C2
:10772000204601F0F7F90A4B0546187818B12246B1
:1077300029460BF0D8FB2DB921460220FFF7D0FFD8
:10774000284638BD2246002128460AF026FDF7E7E4
:10775000FE1F002010B5044628B1054B187810B163
:1077600021460BF0C1FB2046BDE8104001F0F0B906
:10777000FE1F002038B50B4C0B4B206800251D70F8
:1077800028B102F007F92068FFF7E4FF2560074CF5
:10779000206830B102F069FB2068FFF7DBFF0023AF
:1077A000236038BD841E002000200020801E0020A1
:1077B0002DE9F341224F3B78002B3FD1214B224E44
:1077C0001978224A224C30460BF08AFB01F093F9DB
:1077D0000546FFF7A1FF01462060307810B12A4628
:1077E0000BF081FB236883B101F087F98046FFF736
:1077F00093FF184D01462860307810B142460BF0D7
:1078000072FB2B682BB9FFF7B5FF1A2002B0BDE859
:10781000F081206802F0ADF82868EAF7C1FE002385
:1078200000932A680C49206802F0C8F820B1FFF7DD
:10783000A1FF40F20740E9E701233B700020E5E7A4
:1078400000200020FE1F0020FF1F00202A5F0300F1
:10785000841E0020801E0020B59E020038B50C4B0F
:107860001B7804460D465BB10A4B22461868294630
:1078700002F043F9002840F2074008BF002038BD5D
:1078800005490648FFF794FF0028EDD0F7E700BF51
:1078900000200020841E0020EFBEADDEBEBAFECA6E
:1078A0007047704708B501F00AF9FFF7F9FF01F0DA
:1078B00013F9FFF7F6FFE9F7B9F9F8E7F1F712BAAC
:1078C00008B5E9F7DFFFBDE80840F3F795B910B553
:1078D0000446E4F701FD2046E4F7B0FA2046E4F759
:1078E00087F910BD0120704700B5C3B0F1F78CF9DE
:1078F00005F0BDFA48B1FFF7F5FF30B101A806F079
:10790000F6F810B901A8FFF7E2FF43B05DF804FBF9
:10791000704708B5E5F79CF8E4F712FCBDE80840AD
:10792000E4F728BF08B500F06CF8E9F783FCE8F746
:10793000C7FC00F0B1FCE8F787FFBDE80840E4F7BA
:1079400069BC08B5E7F74CF900F0F9FAE7F758F920
:10795000BDE80840FFF7B4BFE4F792BD7047E4F715
:10796000B3BEFFF7C1BF7047E4F762BC01207047A8
:107970000120704738B5E4F7E1FE0546F1F76CF9F0
:10798000041E18BF2C46FFF7F1FF002818BF204641
:1079900038BD38B5E9F750FA0446E4F7C5FE0428C7
:1079A0001ED002284FF0000508BF012405F0A1FAFF
:1079B000042817D0022808BF0124E4F73FFC04285C
:1079C00012D0022808BF0124FFF7D2FF04280DD0EF
:1079D000022808BF0124002D18BF0024204638BD0E
:1079E0000125E3E70125E8E70125EDE70024F5E7B8
:1079F00082B002AB03E90300012002B07047704778
:107A000070470F20704770B5002506462C46052CA0
:107A100020D8DFE804F003070B0F13175B210820C1
:107A2000E5F77CF80C210820E5F778F8D12108204B
:107A3000E5F774F880210820E5F770F800210820A8
:107A4000E5F76CF8294608206C1CE5F767F8E4B206
:107A500025460624A4F10E03012B05D85A2108203F
:107A6000E5F75CF80134D2E7102C05D1BDE8704091
:107A70005D210820E5F752B8B31F195DEFE707B5A0
:107A800020F07F4040EA8170012301906846009316
:107A9000FFF7B9FF03B05DF804FBFEE74FF40040C9
:107AA00070474FF47A707047002303607047036893
:107AB0000B60016070474FF060420123D2F8001E56
:107AC00083400B43C2F8003E002070474FF06041F6
:107AD0000122D1F8003E824023EA0203C1F8003EB1
:107AE0000020704710B588B004460E9807900D9896
:107AF00006909DF8300005900B9804909DF82800A2
:107B000003900020CDE9013000920B46224601216E
:107B1000E5F78AF808B010BD08B5E5F7A3FB01301A
:107B200008BDEFF3108072B6704700B962B67047B7
:107B3000EFF31180602383F31188704780F311887D
:107B4000704784B00B6800934B6801938B68029375
:107B5000CB680393009B0360019B0360029B03605F
:107B6000039B03600023009301930293039304B0EB
:107B7000704784B00368009303680193036802931D
:107B800003680393009B0B60019B4B60029B8B601F
:107B9000039BCB600023009301930293039304B0F3
:107BA000704730B5D1E90223D1E900540560046083
:107BB0000260036030BD30B5056804680268036880
:107BC000C1E90054C1E9022330BDFFF7EABF7FB528
:107BD0008A0704460B4610D06D4601F1100618685E
:107BE00059682A4603C20833B3421546F7D169469D
:107BF0002046FFF7D6FF04B070BD0091009904B095
:107C0000BDE87040FFF7CDBFFFF7D5BF30B58B079C
:107C100085B00C4610D06946FFF7CDFF0D462346D0
:107C200004AC2A4603CAA24218605960154603F103
:107C30000803F6D105B030BD0091009905B0BDE84C
:107C40003040FFF7B8BF10B5FFF7ABFFBDE81040FD
:107C50001031FFF7A6BF10B5FFF7ADFFBDE810402C
:107C60001031FFF7A8BF10B5FFF79BFF0C4610318E
:107C7000FFF797FF04F12001FFF793FF04F13001B4
:107C8000BDE81040FFF78DBF00F1424303F58013BC
:107C9000102A10B54FEA43130AD101221A6000F5E9
:107CA0008870FFF74EFF1031BDE81040FFF749BF65
:107CB00000221A602430F7E7F0B50B46990789B027
:107CC000044615462DD0082A19D16D4603F1100639
:107CD000186859682A4603C20833B3421546F7D1DB
:107CE000082269462046FFF7CFFF03226B4600209B
:107CF000013A186003F10403FAD209B0F0BD6E46F0
:107D000003F1200718685968324603C20833BB42A2
:107D10001646F7D12A4669462046FFF7B5FF0722E7
:107D2000E4E70093009909B0BDE8F040FFF7ACBF6D
:107D3000436823F01F030E290BD8DFE801F0080881
:107D40000808080B0B0B080808080B0B0B0019435D
:107D500041607047194341F01001F9E710B5203038
:107D6000FFF707FF102A04D1BDE810401031FFF7DC
:107D700000BF10BD30B58B0789B00C46154625D025
:107D80006946FFF7EBFF082D6A4613D104AD134691
:107D900003CBAB42206061601A4604F10804F6D1BF
:107DA00003226B460020013A186003F10403FAD263
:107DB00009B030BD08AD134603CBAB422060616013
:107DC0001A4604F10804F6D10722EAE70091009967
:107DD00009B0BDE83040FFF7C1BF7047704770473A
:107DE000E5F762BFE5F7F2BE70B505460E461446EC
:107DF000FFF797FE2B685C4034405C402C60BDE888
:107E00007040FFF792BE00F1424000F58010400143
:107E100001607047E6F770BCCB435B0003F00A03D8
:107E2000C360C160704738B5E6F7ACFD8B7C044693
:107E30000D461BB1036843F080430360EB7C1BB12C
:107E40002B7D43F08003A3652A8A6B7B1343EA8969
:107E5000134363602B7BD5E901122046E6F74EFD04
:107E60006B7D1BB1236843F480332360AB7D1BB172
:107E7000236843F400432360EB7D2A7E1B07120531
:107E800002F4E00203F0E04313432366636F23F040
:107E900030036367626F6B7E134363672B78E36025
:107EA00038BD38B5E6F76EFD0B8A026843F0010372
:107EB00013438A7B43EA8223036003680A7D43EA13
:107EC000427303608B7C04460D461BB1CB7C43F0B0
:107ED000800383652B7B43F480536360D5E90112F3
:107EE0002046E6F73DFD6B7B0BB11023E3606B7D15
:107EF0001BB1236843F480332360AB7D1BB123683F
:107F000043F400432360EB7D2A7E1B07120503F038
:107F1000E04302F4E002134323662B78E36038BDAC
:107F200003695A06FCD5416303699B06FCD5C06909
:107F3000C0B2704703695B06FCD541637047F8F730
:107F400059BF242200210AF028B918B124220021A7
:107F50000AF023B9704770B515460E462422002159
:107F600004460AF01AF9C02D0DD0B5F5807F01D076
:107F7000802D0BD12046EA0840F8045B31460AF018
:107F800017F9002070BD6FF07100FBE76FF01F0064
:107F9000F8E72DE9F04114460F4624220021064659
:107FA0000AF0FBF8C02C3CD0B4F5807F2CD0802C9C
:107FB0003AD13460E7F71AFC0023436003600446BB
:107FC000FFF7AFFD4FF00808054642463946204608
:107FD000FFF772FE2846FFF7A8FD0523A360256979
:107FE00015F00205FBD1FFF79CFD4246311D074607
:107FF0002046FFF7BFFE3846FFF797FD2046E7F71C
:10800000FFFB2846BDE8F0813460E7F7EFFB002373
:10801000436003600446FFF784FD4FF010080546F7
:10802000D3E76FF07100EDE76FF01F00EAE7012979
:108030002DE9F04705460E4692461F463AD803689A
:10804000802B02D0B3F5807F37D1E7F7CFFB002339
:10805000436003600446FFF764FD2946814651F8FA
:10806000043B802B14BF10220822204604F1800814
:10807000FFF722FE51464046FFF7A9FD4846FFF7AD
:1080800054FD012E0CBF05230623A360256915F0BE
:108090000205FBD1FFF745FD394606464046FFF78E
:1080A000B5FD3046FFF741FD2046E7F7A9FB28461E
:1080B000BDE8F0876FF02000FAE76FF07100F7E796
:1080C00003699B07FCD17047CA880B68032AF0B587
:1080D0000DD803EB82018B4205D100230132082A1F
:1080E0000360FBD1F0BD53F8044B0460F3E7072AAB
:1080F000D3E90076D3E9025413D8076003F11001E5
:10810000066003EB820305600460994205D10023F9
:108110000132082A0360FBD1E4E751F8044B046004
:10812000F3E70760066005600460D3E90441D3E922
:1081300006230460016002600360D3E7F0B5CA88DB
:10814000082A89B006460C460DD1FFF7EAFC2168E3
:1081500005463046FFF77FFD2846FFF7E6FC002680
:10816000304609B0F0BD12D9FFF7DBFC21680546A7
:108170003046FFF770FD2846FFF7D7FCE2882068FD
:10818000083A9200002120300AF007F8E7E7694634
:1081900000252B460F46306841F8040B01330028B8
:1081A00018BF1D46082BF6D1AA420EDA29462046F2
:1081B00000F0EEFC06460028D2D12068AA0039461D
:1081C00009F0F6FF0123A380CAE720689200394630
:1081D00009F0EEFFC3E7CA88072A38B50D46044602
:1081E00009680DD8920009F0E3FFE888C0F10802A1
:1081F000920004EB80000021BDE8384009F0CDBFBB
:1082000001F1200351F8042B44F8042B9942F9D1D1
:1082100038BD0078C31E584258417047002070474F
:10822000704710F1860F12D010F1850F0ADA10F1A5
:10823000930F0FD010F1870F0CBF6FF073004FF04A
:10824000FF307047003818BF0120404270476FF080
:10825000710070476FF06F00704700F0EEB800F0EB
:10826000ECB808B5E7F780FCBDE80840FFF7D9BFD8
:1082700007B500230193202201ABE7F7F5FC03B01B
:108280005DF804EBFFF7CDBF08B500F022F9002838
:1082900018BF6FF03B0008BD7047F0B591B01546B0
:1082A000169C49228DF8202004F10C060DF12102C4
:1082B00054F8047B42F8047BB442F9D1247814705A
:1082C0004FF48074ADF830409DF85C408DF832403A
:1082D00004240694189C059410240022049408ACED
:1082E000CDE90234CDE900150B461146CDE90D224A
:1082F0008DF82E208DF82F508DF833200F92E7F750
:1083000067F911B0F0BD1FB5079C02949DF81840A5
:10831000CDE9003413460A4601460020FFF7BDFFB1
:1083200004B010BD1FB5079C02949DF81840CDE91C
:10833000003413460A4601460120FFF7AEFF04B0A1
:1083400010BD2DE9F8430746B020914688461E46E9
:10835000E7F770FA05460023B9F1800F4360414604
:1083600045F8803B14BF1022082204464FF0050850
:10837000FFF7A2FC7FB131462846FFF728FCC4F87E
:10838000088008992846FFF741FC2046E7F75CFA89
:108390000020BDE8F8838C23C4F808803146A36030
:1083A0002846FFF714FC0623A360EAE72DE9FF4700
:1083B0008046B020894617461E46DDF830A0E7F714
:1083C00039FA0546B9F1800F4FF00003436014BF3E
:1083D0001022082245F8843B41460446FFF76CFC16
:1083E0000EB331462846FFF7F2FB4823A36005236E
:1083F000A3600323394604F1A000A360FFF7E7FB65
:108400000D9904F18000FFF701FCBAF1000F03D0D1
:1084100051462846FFF7FAFB2046E7F715FA0020F9
:1084200004B0BDE8F08731461022684609F0B5FE79
:1084300069462846FFF7C9FBD7E708B518B16C2293
:10844000002109F0AAFE002008BD2DE9F8431546D9
:10845000894680461F46E7F7C9F900234360036059
:108460000446FFF75EFBB9F1100F14BF102208227B
:1084700006464146204604F18008FFF71DFC2946C8
:108480004046FFF7A4FB3046FFF74FFBFFF749FBE1
:108490003946064604F1A000FFF799FB0523A360C7
:1084A00023699B07FCD408994046FFF7AFFB304691
:1084B000FFF73BFB089B03F1100253F8041B45F840
:1084C000041B9342F9D12046E7F79AF90020BDE852
:1084D000F8832DE9F0411C4600230F461646236021
:1084E0004FF0050825682246711B7819E7F7E0F977
:1084F00023681D44B542256006D2B8F1010801D0B9
:108500000028EFD1BDE8F0810020FBE713B502237E
:108510000024684600948DF804408DF80530E5F796
:1085200075FC204602B010BD70B50C46154610B95A
:10853000E7F7BAFE38B143682BB12A4621460068F6
:10854000BDE870401847232070BDF7B50D461646AC
:108550001C4648B103B901AC87685FB12346324677
:1085600029460068B84706E0E7F79EFE04B901AC6B
:108570000028F1D1232003B0F0BDF8B50C46154614
:10858000064658B9E7F790FE20462946FEF724F83C
:108590000446002CD4BF37200020F8BDE7F784FE46
:1085A00086420746F0D03046E7F772FE294620465D
:1085B000FEF712F804463846E7F76AFEE9E70EB41C
:1085C00003B503AA52F8041B0192FFF7D6FF02B0CD
:1085D0005DF804EB03B0704700207047FEE74FF4EE
:1085E00000534B6000207047012070470020704707
:1085F00007B5002001AB0190FFF7A7FF0198002805
:1086000008BF4FF0FF3003B05DF804FB10B5002049
:108610001446FFF789FF204610BD034670B190F85D
:10862000382090F83C002AB1022803D1012283F8B7
:108630003C20704704284FF00102F8D00120704719
:1086400080F82C10704790F82C00704790F8390093
:108650007047037A3022534303F1804303F56223CA
:10866000D3F89410D0E903231344994214BF084669
:1086700010467047F8B590F8393004460D4681B180
:1086800073B990F83A60FFF74CFA0121054630467D
:10869000E8F730FA2846FFF748FA012384F8393022
:1086A000F8BD002BFCD090F83A70FFF73AFA294653
:1086B00006463846E8F71EFA3046FFF736FA84F8E1
:1086C0003950EDE72DE9F8430446164690F82C8022
:1086D0000D46FFF72DFA94F8382003469AB1FFF7BC
:1086E0002DFA94F83B90FFF71CFA01210746484603
:1086F000E8F700FA3846FFF718FAFFF719FA0022F0
:10870000034684F838201846FFF718FA2E44B5427D
:1087100004D1236A0121204698473CE094F82D308B
:1087200023B3FFF705FA237E0746E3B12046FFF7A0
:1087300090FFE168D4F830C0013888423EBF20691C
:1087400000F1FF30401803469C450BD013F8012977
:10875000112A01D0132A21D1A2F111035A425A4100
:1087600084F8342020633846FFF7E8F994F8343071
:10877000002BCCD0B8F1000F06D02B780A2B03D1F8
:10878000E3690D2120469847E36915F8011B20464F
:1087900098470028BBD00020BDE8F883994282BFEB
:1087A000236903F1FF335B18CEE7F8B590F8383052
:1087B000044603F0FF06A3B9036A31469847012334
:1087C00084F8383094F83B70FFF7ABF93146054632
:1087D0003846E8F78FF92846FFF7A7F9022384F80F
:1087E0003C30F8BD026CD36C43F00403D364704793
:1087F000026C10B5044613695906FCD500231A46CD
:1088000094F8491094F84800E5F7BEFD00231A4695
:1088100094F84B1094F84A00E5F7B6FD94F8503000
:10882000DA0707D5002394F84D1094F84C001A4647
:10883000E5F7AAFD94F850309B0707D5002394F87C
:108840004F1094F84E001A46E5F79EFD206CC36C5D
:1088500023F00103C364C36C23F00403C364002149
:10886000FFF7DAFA606C0021E4F7B6FC002010BDD7
:1088700008B5006CFFF75EFB002008BD036CDA6CE6
:1088800019B142F00102DA64704722F00102DA64A1
:1088900001229A64704738B50468206C056C15F0A5
:1088A000010509D00123836403699B060FD5204687
:1088B000BDE83840FFF779BF042384F83C30237EBD
:1088C00033B9C36C23F00403C3640123237638BD9A
:1088D000637E23B394F82D300BB384F83550132105
:1088E000FFF728FB236CDA6C42F00402DA64DB69E0
:1088F000DBB2112B0ED1012384F83430237A3022DD
:10890000534303F1804303F56223D3F89430013BD2
:108910002363DCE7132BDAD184F83450EEE7C36C21
:1089200023F00403C364D2E7013A42EA520242EA66
:10893000920242EA121242EA122230B542EA12428E
:108940000132B2F5807F38BF4FF480725442044048
:1089500015198D4205D31C60039B1D60049B1A6092
:1089600030BD5200F2E708B5E7F7EAFF08BD10B5E1
:10897000FFF7D7F80446E8F731F82046BDE8104085
:10898000FFF7D3B87047FFF72BBA70477047012045
:1089900070474FF41670E8F739B92DE9FF410D46DD
:1089A00016461F460446A8B14FF00008C0F81C80C8
:1089B000E8F77AFCBDF82C3002939DF82830424647
:1089C000CDE90073294633462046E8F7D3FB04B0CF
:1089D000BDE8F0812220FAE7F0B50D4685B01646D5
:1089E0001F46044690B10023C361E8F75DFCBDF863
:1089F0002C3002939DF828302A46CDE90073294691
:108A000033462046E8F7B6FB05B0F0BD2220FBE771
:108A1000F0B587B01F4600230D4616468DF8173077
:108A20000446A8B1C3610DF11701E8F76DFC9DF88C
:108A300017207AB9BDF8343002939DF830302946BA
:108A4000CDE9007320463346E8F794FB07B0F0BD4C
:108A50002220FBE70320F9E7F0B587B01F4600238B
:108A60000D4616468DF817300446B0B1C3610DF1BE
:108A70001701E8F749FC9DF8173083B9BDF8343089
:108A800002939DF830302A46CDE9007329463346DB
:108A90002046E8F76FFB07B0F0BD2220FBE702207D
:108AA000F9E738B5FFF744F80546E8F707FE04464E
:108AB0002846FFF743F8204638BDE8F78FBE08B5D3
:108AC000E3F7F6FAFEF725FFFEF72CFFFEF739FF76
:108AD000BDE80840FEF740BF08B5FEF73FFFFEF7D0
:108AE0003EFFFEF73EFFBDE80840FEF73CBF2420F6
:108AF0007047482070474C2070474020704708B5A9
:108B000001F01FFBECF75CFF02F0D5FA03F005F96A
:108B1000002008BD38B50446FFF703F80546204697
:108B2000FDF74CFB04462846FEF7FFFF204638BD04
:108B300070B504460E46FEF7F4FF31460546204662
:108B4000FDF722FB04462846FEF7EFFF204670BDE6
:108B500038B50546FEF7E5FF04462846FDF736FB27
:108B60002046BDE83840FEF7E0BF00220123C0E9FF
:108B70000023704710B5044648B1006818B1E18879
:108B8000890001F04EFA00220123C4E9002310BD40
:108B900042F21073994270B504460D4602D96FF047
:108BA0000F0070BDC3888B4201D30020F9E7042178
:108BB0002846FFF7BDFF06460028F0D0216841B1E6
:108BC000E288920009F0F4FAE1882068890001F057
:108BD00028FAE5802660E8E738B504460D4619B95D
:108BE000FFF7C8FF002038BDC2888A4207D100685D
:108BF0009200002109F0D1FA0123A380F2E7FFF7E8
:108C0000B9FF29462046BDE83840FFF7C1BF88427A
:108C100070B505460E4609D0C988C28841B92AB147
:108C2000012383809200006809F0B7FA002070BD2C
:108C30004C1E8CB90134B6F90430AB80A24212D27A
:108C400021462846FFF7A4FF0028F0D131682868A4
:108C5000A20009F0ADFAE9E7336853F82430002B9D
:108C6000E8D1013CE5E72868121B9200002100EBE7
:108C7000840009F092FAE9E770B50C460121054637
:108C8000FFF786FF064688B9EA8801469200286801
:108C900009F083FA84EAE472A2EBE472E40FC4EB15
:108CA000C4342B68640001341A60AC80304670BD57
:108CB000C388B1EB431F3FBF03684A0901F01F019E
:108CC00053F822003ABFC84000F00100002070476E
:108CD000C188006800F0A9BA70B50E4612F0030111
:108CE00018BF012101EB920105461446FFF774FFFE
:108CF00038B9E988286823463246BDE8704000F05C
:108D0000B6BA70BD13460A46C188006800F0D4BAEE
:108D100038B504460D46FFF7DBFFE3882844B0EB87
:108D2000431F06D82068E1882A4600F035FB002062
:108D300038BD10F01F0118BF012101EB5011204672
:108D4000FFF726FF0028EDD0F2E70A46C18808B5F4
:108D500011B1006800F0E2FA002008BD10B5C38828
:108D600023B9CA885AB9ABB1012017E0026802EBF7
:108D7000830252F8042C002AF3D1013BF0E70C687F
:108D800004EB820454F8044C0CB9013AEAE793422C
:108D9000EAD80FD3013B5A1C01D1002010BD026854
:108DA00052F823400A6852F823209442DCD803F199
:108DB000FF33F0D24FF0FF30F0E730B5C38823B96E
:108DC000CA885AB9002B3DD136E0026802EB830213
:108DD00052F8042C002AF3D1013BF0E70C6804EBB5
:108DE000820555F8045C4DBB013AEAE7B1F904503D
:108DF00003D2B1F90400404226E0B0F90420002A71
:108E000003DD002D0CDA01201EE0002D08DD3AB153
:108E10004FF0FF3018E003F1FF330BD2504213E064
:108E2000013B016851F8235054F823108D42F2D9C8
:108E3000104609E0591CF4D1002005E0002BD8D0E1
:108E40009342D3D9B0F9040030BD1FB581EAE17374
:108E5000A3EBE173C90FC1EBC131490001930131AB
:108E60000123ADF80C10ADF80E3002A901AB02934E
:108E7000FFF7A3FF05B05DF804FB90422DE9F04138
:108E800005460F46144602D0884206D127460123E4
:108E9000FC88AB803CB9002003E0FFF7B8FE002857
:108EA000F4D0BDE8F0813B6803EB84034FEA84080B
:108EB00053F8043C0BB9013CECE721462846FFF788
:108EC00067FE0028EDD12E683A68234631463046C9
:108ED00000F098FA06EB08030746002FDBD0EA887B
:108EE000A24204F1010608D831462846FFF750FE99
:108EF0000028D6D12B6803EB84031A68D21943F8F3
:108F0000042B2CBF012700273446E6E72DE9F0416A
:108F1000D48805460E4690463CB9F188A1420ED24F
:108F20006FF009073846BDE8F081D8F8003003EB50
:108F3000840353F8043C002BEFD1013CECE72846B6
:108F4000FFF726FE07460028ECD1F28894420BD2A8
:108F5000AE4209D028683168121B920001EB8401EF
:108F600000EB840009F024F9EA88F088824207D9EE
:108F70002B68121A9200002103EB800009F00DF912
:108F8000D8F8002031682868234600F051FA0246DC
:108F900010B90123AB80C5E72968EB8801EB840198
:108FA0001B1B084600F06DFB0028F2D0B8E72DE946
:108FB000F843B2F804C0B1F904401CFB04FC664657
:108FC000734381460D4617461CD511462846FFF7C8
:108FD000C5FEB0F100080DDB3A4629464846FFF7CA
:108FE00095FF98B9B8F1000F08BF0124A9F8044013
:108FF00000200BE02A464846FFF788FF30B964425C
:1090000024B2F3E7FFF739FF0028EFD0BDE8F8837B
:109010000123FFF7CCBF4FF0FF33FFF7C8BF1FB5E9
:1090200082EAE273A3EBE273D20FC2EBC2325200C8
:10903000019301320123ADF80C20ADF80E3002AAE5
:1090400001AB0293FFF7E7FF05B05DF804FB2DE9E4
:10905000F047012386B0164688424FF00002CDE962
:109060000223CDE9042307460D4606D102A8FFF7E7
:10907000CEFD0446002833D102ADB74206D13946B1
:1090800004A8FFF7C4FD044650BB04AEB5F8068043
:10909000B8F1000F2ED1B6F80690B9F1000F33D118
:1090A0004FF0010A09EB08013846FFF771FD04464D
:1090B000B0B901463846FFF7DFFD044680B9CDF868
:1090C0000090336829683868424600F08AFABAF19D
:1090D000000F22D1AB88B28813FB02F31BB2BB8016
:1090E00004A8FFF747FD02A8FFF744FD204606B09D
:1090F000BDE8F0872B6803EB880353F8043C002B92
:10910000C9D108F1FF38C3E7336803EB890353F88B
:10911000043C23B909F1FF39BFE70123DFE7B8FABF
:1091200088FA4FEA5A1ABDE72DE9F341CF88054680
:10913000884616463FB1D8F8003003EB870353F852
:10914000043C3BB146B90021284602B0BDE8F041DD
:10915000FFF792BD013FEDE7791C2846FFF718FDA8
:10916000044670B941462846FFF751FD044640B910
:10917000013E0096D8F80020E98828683B4600F0B8
:1091800074F9204602B0BDE8F08170B504460D4682
:10919000104600211646FFF758FE002824DB2A4619
:1091A000334621460020E8F7B5FB054638B128468E
:1091B00070BD324621462046FFF72AFF90B90021B4
:1091C0002046FFF742FE0028F3DB31462046FFF73A
:1091D000F4FD0028EBDB324621462046FFF71BFF5B
:1091E0000028F2D00546E2E76FF00905DFE7F7B5A2
:1091F0000E1E044615461F4614DB1046FFF725FEDB
:1092000000280FDDE9882046FFF7E6FC40B9089BFF
:10921000CDE900733146E3882A682068E8F78EFDBF
:1092200003B0F0BD6FF00300FAE70139002901DA5D
:109230000020704750F82130002BF6D0B3FA83F0AD
:109240000131C0EB4110704739B101F18041013962
:1092500000EB81018142034600D270471B680A6817
:109260001BBA12BA40F8042B41F80439F2E72DE991
:10927000F0411C4613F0030318BF012303EB9403D2
:109280008B4206460D46904613D879B18F003A4678
:10929000002108F082FF2CB1381B224641463044A1
:1092A00008F086FF29463046FFF7CEFF0020BDE8D4
:1092B000F0816FF00700FAE7B3EB810F70B5044659
:1092C0004FEA8105104619D95A1B8618002108F06B
:1092D00064FF30462B46C21800218B4210D100207B
:1092E00070BD22F0030102F003066158F600F14060
:1092F000C9B281B90132AA42F3D1ECE71A46FAE7C2
:1093000021F0030001F003052058ED00E84002F8C9
:10931000010D0131E1E76FF00700E1E7F8B505461F
:10932000500988420C4602F01F0601D80AD136B116
:10933000A20028460021BDE8F84008F02EBF1F2AF1
:1093400002D8F8BD1F2A0FD9820005EB8003291F20
:1093500005EB8407BB421AD1201A38BF0022002136
:1093600005EB800008F019FF002EEAD005EB84041D
:109370000022C6F12000AC42E3D054F8041C21FACC
:1093800006F3134344F8043D01FA00F2F3E753F8FF
:1093900004CB41F804CFDDE71F2AF8B503460D469C
:1093A0004FEA521402F01F0613D96FF0030000FBBE
:1093B00004300A46944202F1FF3113D3621BAC42DF
:1093C00088BF00222A4418469200002108F0E5FEDA
:1093D000034636B103EB84030021C6F12007AC42FB
:1093E00006D3F8BD50F8212043F821200A46E1E7D2
:1093F000186800FA06F20A4343F8042B013420FAF5
:1094000007F1ECE7F0B50024844620469C4200D1E9
:10941000F0BD51F8245052F824702E182CBF0125AD
:109420000025BF194CF8247045F100000134EDE728
:10943000F0B50024064620469C4200D1F0BD51F80C
:1094400024C052F82470ACEB0005AF4294BF4FF03B
:10945000000E4FF0010EED1B46F8245084452CBF42
:1094600070460EF101000134E6E78B422DE9F0472A
:1094700028BF0B469646DE08089A0446C91A03F030
:10948000070875460346B44600200CF1FF3CBCF1CA
:10949000FF3F03F1200305F1200511D104EB461431
:1094A0000EEB46164FEA880C06EB880E25467645ED
:1094B00040F081806444013980F08B80BDE8F08702
:1094C00055F8207CA2FB079710EB090953F8200CF4
:1094D00047F1000710EB090043F8200C55F81C0C6D
:1094E00047F10007A2FB00093F1853F81C0C49F193
:1094F0000009C01943F81C0C55F8180C49F1000973
:10950000A2FB000719EB000953F8180C47F10007FC
:1095100010EB090043F8180C55F8140C47F100073C
:10952000A2FB00093F1853F8140C49F10009C019B7
:1095300043F8140C55F8100C49F10009A2FB000780
:1095400019EB000953F8100C47F1000710EB090064
:1095500043F8100C55F80C0C47F10007A2FB00096A
:109560003F1853F80C0C49F10009C01943F80C0CD2
:1095700055F8080C49F10009A2FB000719EB000996
:1095800053F8080C47F1000710EB090043F8080CEA
:1095900055F8040C47F10007A2FB000A17EB00097D
:1095A00053F8047C4AF1000017EB090740F1000072
:1095B00043F8047C69E756F8043BA2FB0337C31861
:1095C000286847F10007C31845F8043B47F100003D
:1095D0006DE723681B1844F8043B2CBF01200020D2
:1095E00069E72DE9F347DDF8289015464A440F4610
:1095F000920000210646984608F0CFFD002405F1B0
:10960000010A4C4502D102B0BDE8F08758F8243079
:10961000009306EB84002B463A465146FFF725FFA0
:109620000134EEE72DE9F04712F0030418BF0124DE
:1096300004EB92048C420646884617461D464FEAC4
:10964000840AC2EB840919D84A46002108F0A5FD16
:10965000A8EB04029200002106EB0A0008F09DFD31
:1096600008983A4606EB0901A847054618B921466D
:109670003046FFF7E9FD2846BDE8F0876FF00305A7
:10968000F9E730B50546104600229A4200D130BDB8
:1096900051F82240241A45F8224034BF012000200E
:1096A0000132F2E74822002108F077BD10B50446E8
:1096B000FEF74BFC2046BDE81040FFF749BA10B555
:1096C00024210120FFF734FA044608B1FEF739FCE3
:1096D000204610BDFEF75DBCFEF73DBCFEF7A7BC03
:1096E0002DE9F04F502ABFB006460C46154600F251
:1096F0009F8022AF70220021384608F04EFD0DA851
:10970000FEF71FFC2BBA26932A463023214628A8B1
:109710008DF89F3008F04CFD05F1F8036B44802272
:1097200003F8582C05AA002302F8013B0133202B33
:10973000FAD14FF4807205A90DA8FEF70CFC834600
:10974000002857D11935804601AC1022002120464F
:1097500008F023FDA946BA4652461023214620466A
:1097600000F04BFCB9F1100F234622464FF00101E7
:109770000DA894BFA9EB0909A9F11009FEF757FC40
:109780000AF1100A8346A8BBB9F1000FE4D116AB69
:1097900008EB030C94E80F008CE80F009DF88B3069
:1097A00008F110080133B8F1300F8DF88B30CCD1AF
:1097B0004FF4807216A90DA8FEF7CDFB8346C8B9F9
:1097C00006F1300834461EAB1A4601210DA8FEF7FB
:1097D0002EFC834670B90DF1780C2546624603CA0B
:1097E000BA4228606960944605F10805F6D1103444
:1097F000A045E8D10DA8FEF7A8FB70213846E8F790
:109800005BFF302116A8E8F757FF202105A8E8F7ED
:1098100053FF102101A8E8F74FFFBBF1000F03D061
:1098200030213046E8F748FF58463FB0BDE8F08F9A
:109830006FF0370BF8E72DE9F0438DB004460E4684
:1098400030220021684608F0A8FC002704F1200916
:10985000E8460DEB070304F11001A14206D011F810
:10986000012D0132D2B20A70002AF6D0224601211F
:109870004846FEF7DCFB054638B168463021E8F77C
:109880001BFF28460DB0BDE8F0831037302FDFD125
:10989000731E2F3698F8002013F8011F4A40B34278
:1098A00008F8012BF6D14FF4807269464846FEF75E
:1098B00052FB05460028E0D108AA0CAE134603CBA4
:1098C000B342206061601A4604F10804F6D1D4E77F
:1098D0002DE9F0418469502C94B00546884617461E
:1098E0001E4643D8C4F15003B3423FD3C6F15003E0
:1098F0001B1B93423AD350220021684608F04DFCCE
:109900006B6CA86C22466946984728B16FF0330407
:10991000204614B0BDE8F081AC6946B16B6CA86C10
:1099200032460DEB040198470028EFD13444B8F1DA
:10993000000F07D037B10DEB04003A46414608F05E
:1099400037FC3C44224669466846FFF7C9FE044698
:1099500038B969462846FFF76EFF044608B9012367
:109960002B6150216846E8F7A7FED1E76FF0370476
:10997000CEE710B54C220446002108F00EFC04F19D
:109980002000FEF7DEFA4FF0FF33236142F210733E
:10999000E36110BD10B5044660B12030FEF7D5FA82
:1099A0004C212046E8F788FE42F21073E3614FF045
:1099B000FF33236110BD0023FFF78ABF2DE9F0417B
:1099C000054688B04FF020080F4614460021424655
:1099D00068461E4608F0E1FBAB69C5E911740BB996
:1099E000C5F818802C69002C05DAAC692F2C9ABFB9
:1099F0000134640800244FF48072694605F12000A8
:109A0000FEF7A9FA28B90E9A234631462846FFF7F1
:109A10005FFF08B0BDE8F0812DE9F04190B0B2F5EC
:109A2000806FDDF8588005460F4616461C465ED806
:109A3000B8F5807F5ED83022002104A808F0ADFB85
:109A40002A69EB699A4201DC6B699BB12146424667
:109A50002846FFF7B0FF044628BB05F1200836BBB7
:109A600004A92846FFF7E7FE0446A0B92B69013395
:109A70002B6110E0B8F1000FEFD02146424604A858
:109A8000FFF72EFE044630B904A92846FFF7D3FE9F
:109A900004460028E1D0302104A8E8F70DFE10218B
:109AA0006846E8F709FE204610B0BDE8F08105F1F0
:109AB0001002AA4206D012F8013D0133DBB2137046
:109AC000002BF6D06B462A4601214046FEF7AFFA3E
:109AD00004460028DFD1102E344628BF1024384613
:109AE0002246694608F064FB2744361BB7E76FF04F
:109AF0003504D8E76FF03704D5E707B500230093A6
:109B0000FFF78AFF03B05DF804FB2DE9FF41DDF8A4
:109B100028801D46164643462A4604460F46E8F767
:109B2000DDFC48B9CDE90180009504F11C033A46FB
:109B300031462046E8F7C4FC04B0BDE8F081F7B533
:109B40000D460446083568461646FFF70EF8002114
:109B50002846FFF77AF9211D07462A466846FFF78F
:109B60005AFA044648B9002F0CBF002206F0010241
:109B700069462846E7F79EFE04466846FEF7FAFF68
:109B8000204603B0F0BD70B50C4605461146204690
:109B90001A46FFF73DFA064630B9043529462046F5
:109BA000FFF70BF9002801DA304670BD2A4621463E
:109BB0002046FFF7ABF90028F0D00646F4E710B5D1
:109BC0000446FEF7D7FF04F10800FEF7D3FF04F1C7
:109BD0001000BDE81040FEF7CDBF13F07E0F2DE959
:109BE000F0470C4615460CBF4FF0010A4FF0000A33
:109BF00007465246294620461E46C3F34508E7F766
:109C000059FE48BB04F10809524605F108014846CF
:109C1000E7F750FE00BB08F1FF33D3F1000848EB33
:109C20000308424605F118012046E7F743FE98B9BC
:109C3000424605F120014846E7F73CFE60B9F209CB
:109C400021463846FFF77BFF30B904F110000121AF
:109C5000BDE8F047FFF710B8BDE8F0870346C069DC
:109C600020B15B6A002B14BF01200220704710B5A1
:109C70000446FEF77AFF04F10800FEF776FF04F1D0
:109C80001000BDE81040FEF770BF38B5002504464F
:109C900000F8045BFEF769FF04F10C00FEF765FFB6
:109CA00004F11400FEF761FF04F11C00FFF7DFFF71
:109CB00004F13400FEF759FFC4E90F55C4E911550A
:109CC000C4E91355C4E91555E56538BD08B1FFF77A
:109CD00076BF704770B5044658B3436C012B11D062
:109CE0000C30FEF747FF04F11400FEF743FF04F1C8
:109CF0001C00FFF7EBFF04F13400FEF73BFF201DD3
:109D0000FEF738FFA36D8BB920466021BDE8704097
:109D1000E8F7D2BC06FB0500FFF7D8FF0135D4E910
:109D20001603AB42F6D8FEF713FFEDE70025182621
:109D3000F5E770BD38B504460D46FEF768FF70B90B
:109D400005F1080104F10800FEF761FF38B905F1DB
:109D5000100104F11000BDE83840FEF758BF38BDCF
:109D600008B500211030FFF770F8B0FA80F0400914
:109D700008BD2DE9F041202B8AB0054688461746DC
:109D80001E460BD90920E8F725FC02AB32463946BE
:109D9000E8F77EFC044628BB02AF20262C698DF82C
:109DA00004808DF8056084B90920E8F713FC224689
:109DB00001462846E8F716FC044698B92846E8F715
:109DC0003DFC044670B901232B61022201A92846FB
:109DD000E8F742FC044628B9324639462846E8F7F7
:109DE0003BFC044602A82021E8F766FC20460AB0A6
:109DF000BDE8F0812DE9F0430023A3B006460546F7
:109E00001F466FF03B049946726997420BDB002BAB
:109E100008BF6FF03C0402A88021E8F74DFC204603
:109E200023B0BDE8F083D5F82880AC69E869CDF8A7
:109E30000490B8F1010F18BF9846802201AB02A927
:109E4000A04704460028E6D1019B53B102AAF9B20B
:109E50003046FFF78EFF0028E2D12B6A019A1344A7
:109E60002B62013714354346CEE70369013310B541
:109E700004460BD000F0A4F800236361282104F10C
:109E80001800E8F719FC4FF0FF33236110BD30B51F
:109E90004569012D0BDC142404FB050401356362C4
:109EA000039BA362C4E906124561002030BD6FF038
:109EB0003D00FBE72DE9F041202A88B005460F461A
:109EC000164676D840F201186B69002B6ED02846F2
:109ED000FFF790FF0446002848D1D5F814E0024669
:109EE0002B460120A6454FDC002847D01F2A45D924
:109EF00020220021684608F050F969462846E8F714
:109F0000B9FB044690BB284600F05AF8284600F0FA
:109F100053F80920E8F75EFB224601462846E8F799
:109F200061FB044610BB2846E8F788FB0446E8B905
:109F3000202269462846E8F78FFB0446B0B909207D
:109F4000E8F748FB6B4620226946E8F7A1FB044688
:109F500060B96A690346142105F1200025469A423A
:109F60001EDC32466946384608F022F92021684650
:109F7000E8F7A2FB204608B0BDE8F081B8F101087F
:109F8000A2D16FF03B04F1E7D3E908C18C4538BF9B
:109F90000020996A012908BF624401341433A1E703
:109FA00001FB03FC013340F80C50D8E76FF03F048D
:109FB000DCE76FF03B04DDE71022002108F0EDB88C
:109FC00010B50446C0B10368B3B1806838B11B78DE
:109FD000092B01D1FEF743F9A068FEF7B9FDE0684F
:109FE00020B123689978490000F01BF82046102121
:109FF000BDE81040E8F760BB10BDF0B50024261D99
:10A00000B34202D29C4206D3F0BD0D5917597D4090
:10A0100005513446F3E70D5D165D75400555013475
:10A02000F0E710B5044608B1E8F746FB2046BDE866
:10A030001040FEF78DBDF0B506469DB00F461546A3
:10A040001C46D3B901A8FEF708F9214601A8E5F797
:10A05000A9FA044658B93A46314601A8FEF701F973
:10A06000044620B9294601A8FEF702F9044601A8D2
:10A07000FEF7F5F820461DB0F0BD6FF07304F9E768
:10A0800050E8003F0B4340E80032002AF8D1704707
:10A09000C94350E8003F0B4040E80032002AF8D1A5
:10A0A0007047431E032B06D8DFE803F002040204C6
:10A0B00003207047042070477047CB6918477047EA
:10A0C00070470020704770474FF000007047002035
:10A0D000704770477047002070470020704700208D
:10A0E000704700207047002070477047002070477D
:10A0F00000207047704770470020704770477047D6
:10A1000011207047002070474FF0FF30704700204B
:10A1100070477047704700207047002070474FF02D
:10A12000FF307047112070470020704701207047B2
:10A13000002070470020704700207047704770472C
:10A14000704701F0E4B938B50446FDF7F1FCD4E9F5
:10A15000101205462046E8F7BBFAE18C228DE0603C
:10A16000521A40F2712101FB020303F59C5308339C
:10A1700023612846BDE83840FDF7E0BC08B5203033
:10A18000FFF77EFFBDE808404FF08050EEF7B6BD08
:10A1900038B504460D460830EAF748F82946204607
:10A1A000ECF720F9E06E0025E56110B1E9F78AF9D6
:10A1B000E56604F15000BDE8384008F047BB38B50B
:10A1C000044619B390F838208AB190F83930013339
:10A1D000DBB29A4280F8393009D10121FFF7D8FF6C
:10A1E0004FF080712046BDE83840FFF7C7BF236AB3
:10A1F000DA030BD5E36B62689B1A002B06DA0121A8
:10A200002046FFF7C5FF4FF08061EBE7236A1B0490
:10A2100026D402F01DFD1123B0FBF3F303EB03136F
:10A22000C01A94F9613085B213FA80F0102888BF03
:10A23000C5F110056DB2083B2B4484F8613020460F
:10A240000121ECF7CFF8E28C63682A4440F27121D7
:10A2500001FB023363602046BDE83840ECF772B87A
:10A260000025ECE72DE9F84F1D46C369DDF8308085
:10A270009DF838909DF840B09DF850A00F460446D8
:10A280009DF848101646002B40F0D180EB0600F1F7
:10A29000BE8005F00303032B08BF05F0FD0505F0A4
:10A2A000F705BDF83C30A386A8069DF8540048BFCA
:10A2B00005F0FC05FFF7F5FE47F6FF731BF0020FF4
:10A2C00084F83600A4F8783040F0A4801BF0040F26
:10A2D00000F0A28000F0FD00012814BF0323042336
:10A2E00094F87F209DF8580063F3030284F87F20E0
:10A2F000FFF7D7FE47F6FF738A0784F83700A4F804
:10A30000883000F18B804B0740F18A8000F0FD001F
:10A31000012814BF0321042194F88F30606E61F38B
:10A32000030384F88F30FFF7EAFE216C00222046F9
:10A33000E8F7CEF940F271237343984279D804F1DB
:10A34000200049F6FF71FFF7A3FEFF2384F8543085
:10A35000BAF1000F03D0236A43F480532362290724
:10A3600005D5236A062643F4841323623746236AFD
:10A370006A0723F4C04323620CD419F0010F1CBFF9
:10A3800043F400532362236A19F0020F1CBF43F405
:10A3900080432362236AA5852B43236204F12E03A5
:10A3A000B8F1000F3ED0D8F80020C4F82E20B8F83D
:10A3B00004209A809DF82C30012B03D14FF480614A
:10A3C000FFF75EFE236A9DF8282023F4407343EADA
:10A3D0000223236202F03CFC94F860309DF84C208C
:10A3E00084F85F0023F00F03C0F30320034362F3FC
:10A3F000071384F860309DF83430E78420462685C2
:10A4000084F82A30FFF79FFE0020BDE8F88F012175
:10A410008B4646E7022363E7012361E702217BE7DE
:10A42000012179E7C4F82E80A3F80480CAE70C2044
:10A43000EBE74520E9E72DE9F74389461746019305
:10A44000044630B901A808F001FA422003B0BDE883
:10A45000F083012920D0022910D089B9C369C3B97A
:10A4600000F140054FF40036236AD9061ED55A077D
:10A4700026D501A808F0EAF90020E7E7406E20B9E8
:10A4800001A808F0E3F90C20E0E71946FFF738FED1
:10A49000DCE700F14805E5E7C36923B900F14405AD
:10A4A0004FF48026E0E700F14C05F9E79B0707D55C
:10A4B000B9F1000F04D101A808F0C8F91220C5E7CE
:10A4C00004F1200840463146FFF7E2FDF80702D5C7
:10A4D000284608F0BBF9019921B1284608F09DFAF9
:10A4E00000230193286808F036FA236AD90605D5B7
:10A4F0001F2801DC032F16D02846DDE740F27262E8
:10A50000904204DD284608F0A1F907209EE7B9F142
:10A51000000F08D1BF2806DD9A0704D0284608F0AE
:10A5200095F9452092E7D4E912122046E8F7D0F8D1
:10A53000E3696BB1E38C40F271225343984207D92F
:10A54000238D8342EAD300F51C70B0FBF2F0E08467
:10A55000FDF7EEFAE36905467BB1BB070DD5314641
:10A560004046FFF78DFD6368C3F57A7602F0ACFBD9
:10A57000F04202D52046ECF72DF82846FDF7DEFA2A
:10A580007AE738B50D460446C8B1E90704D54FF45B
:10A5900000112030FFF774FDAA0705D54FF4000124
:10A5A00004F12000FFF76CFD6B0701D4002038BDDB
:10A5B0004FF0006104F12000FFF762FDF6E7422052
:10A5C000F5E738B50D460446C8B1E90704D54FF4A0
:10A5D00000112030FFF75CFDAA0705D54FF40001FC
:10A5E00004F12000FFF754FD6B0701D4002038BDB3
:10A5F0004FF0006104F12000FFF74AFDF6E742202A
:10A60000F5E7E8F74BBB38B5C36904460D463BB1E7
:10A61000036A13F0010011D194F82430FE2B0CD002
:10A6200004F120004FF48001FFF72AFD2B68C4F8E5
:10A630005530AB88A4F85930012038BD0020FCE724
:10A64000036A10B5044613F4602030D09A0307D58E
:10A6500004F1400008F0FAF8A36C23640023A3641B
:10A66000236A5B0307D504F1440008F0EFF8E36CBC
:10A6700063640023E3644FF4602104F12000FFF7DA
:10A6800007FD2046FFF75FFD94F8602094F85F30E7
:10A6900002F00F0143EA0123013384F85F3022F016
:10A6A0000F02C3F303231A4384F86020012010BD76
:10A6B00010B50446503008F0B0F920464FF0007154
:10A6C000BDE81040FFF75ABD50E8003F0B4340E89B
:10A6D0000032002AF8D17047C94350E8003F0B40D0
:10A6E00040E80032002AF8D1704738B50446D0F867
:10A6F000A00010B9D4F8A40058B194F8375108F06C
:10A70000D6F805F00F0581B206312846EDF772F84C
:10A7100080B2B4F8783040F27122534300F54870AB
:10A720009842B8BF184638BD38B505460C4602F009
:10A7300051FB20B149F640439C4228BF1C46EA68C1
:10A74000A2420BD2B5F87A3040F271214B439342CA
:10A7500038BF1346A34228BF23461A462A6138BD94
:10A76000034644309A6A920404D5D3F82821998F7D
:10A77000EEF718B893F86F10EEF70AB8002070479C
:10A78000012070470020704700207047012070476B
:10A79000C8207047002070470020704770477047FE
:10A7A00011207047704770470020704770470020A5
:10A7B00070477047012070477047704790F88520B8
:10A7C000531C03F00F03072B28BF002363F303027E
:10A7D000034410B580F8852083F87E1090F885300A
:10A7E0006F2B4FEA131298BF013204469CBF62F3ED
:10A7F000071380F88530FFF7E0FF94F83711204603
:10A8000001F00F01FFF7CBFF10BD70477047704795
:10A8100000207047002070470020704710B101F100
:10A82000B000704701F1D4007047F8307047806A7B
:10A8300070472830FFF748BF2830FFF74DBFC06A88
:10A8400070472C30FFF740BF2C30FFF745BF00F5B5
:10A850009C70704708B50B79DB0702D4FFF7D5FF72
:10A8600008BDBDE8084091F90510FFF7A7BF022910
:10A870000346808F11D0032909D0012906D11A8FF0
:10A880005B6B1201B2FBF3F3184480B270475A6B52
:10A890004FF47A43B3FBF2F3F6E75B8F073000EB3C
:10A8A0004300F2E770B540F27126456806FB01F3FC
:10A8B0005643826A1D441207044645600ED500F1D6
:10A8C000400500F134022946EAF7D4F83346294618
:10A8D00020460122BDE8704001F054BA05EB560550
:10A8E000456070BD836A590505D4D0F8A03013B116
:10A8F0005B799A0708D4D0F8A40000B9704743796F
:10A900009B0701D40068F8E70120704780F87710B2
:10A91000704738B5044601F047FC04F1A40007F085
:10A9200095FF04F1A80007F091FF04F1AC0007F0D7
:10A930008DFF04F1A00007F089FF2046E8F718FB1F
:10A94000C4B22046FFF7C7FB05462046FFF7C5FB0C
:10A9500001462846FFF7BEFB38BD38B5836A1B07A2
:10A96000044613D50246B0F87C3052F8341F4B43EE
:10A9700040F271214B4300F14001EAF77BF8236C70
:10A9800020469D08FFF7B1FE2844E060616B40F26D
:10A990007125013969432046FFF7C6FE2046012193
:10A9A000EBF720FD636BB4F87C205A43636805FB2A
:10A9B000023363602046BDE83840EBF7C3BCB0F813
:10A9C000303110B5A0F834310446E8F7D1FAC0B2FE
:10A9D000FFF7DEFE94F8373194F8362103F00F03C9
:10A9E00004F1440102F0EFF9ECF74AFFB4F9302129
:10A9F000824205D0A4F83001EDF7EAFBA4F8320159
:10AA0000B4F93421B4F930319A4209D0A36A9B03D6
:10AA100006D520464FF40041BDE81040E8F7BEBA25
:10AA200010BDFFF7CCBF836A0A4600F14401C3F3AF
:10AA30004030EDF761BE10B5A0F87810A0F87A208C
:10AA40000446FFF752FE2169E0602046BDE8104051
:10AA5000FFF76ABE38B504460D463AB94FF4C02137
:10AA60002830FFF739FE9DB9002038BDFFF79CFE66
:10AA700098B128344FF4C0212046FFF72DFE1DB1B8
:10AA80004FF40031FFF720FE4FF48021204601E013
:10AA90004FF40031FFF718FEE6E71120E5E72DE956
:10AAA000FF41836A9B0304462CD5B0F93081B0F98D
:10AAB00034710020EDF780FC8045CCBF00250125D6
:10AAC00002F086F994F83711C82201F00F01EDF772
:10AAD0007DFC06462046E8F74BFAB04594F837115E
:10AAE000A8EB0707B4BF002601263FB245EA46059A
:10AAF0000023CDE9008502971A4601F00F0180B2CC
:10AB000000F0B7FC04B0BDE8F081FFF7C8BF8630A5
:10AB10007047F8B504460E4600295AD0476B40F2FC
:10AB200071235F43A7F28A277F0839463046ECF746
:10AB300071FE94F88E30851FADB29D423946304685
:10AB4000A8BF1D46ECF766FE94F88F20B4F8861077
:10AB5000831F9BB29342A8BF1346F21E012AB4F88A
:10AB600088202BD8B1F5296F44F29020B8BF4FF45C
:10AB700029618142A8BF0146B2F5296FB8BF4FF4E1
:10AB800029628242A8BF02461B2DB8BF1B251B2B82
:10AB9000B8BF1B2384F8913084F89050A4F88A1031
:10ABA000A4F88C203046ECF735FE831F9BB2AB42F5
:10ABB000A8BF2B46DBB284F89230F8BDB1F5A47F74
:10ABC000B8BF4FF4A471B2F5A47FB8BF4FF4A4721C
:10ABD000DAE71B23EFE770B54900466B89B28E4276
:10ABE00004461FBF4068616340F2712505FB060003
:10ABF00018BF05FB1100658F1ABF6060012100219D
:10AC00009542208F17D08342628700D02387238FFD
:10AC100094F83711626B204601F00F011B01B3FB62
:10AC2000F2F3A4F89C30FFF774FF20460421BDE83E
:10AC30007040E8F7B3B98342E8D1A36A1B07E6D5B1
:10AC40000029E4D170BDF0B585B004460E4600F190
:10AC500086036A4600F18E0718685968154603C5D1
:10AC60000833BB422A46F7D1186828609B88AB801E
:10AC700031462046FFF74DFF9DF80B2094F89130A8
:10AC80009A4211D1BDF80620B4F88C309A420BD10B
:10AC90009DF80A2094F890309A4205D1BDF804201E
:10ACA000B4F88A309A4207D04FF48141204605B06B
:10ACB000BDE8F040E8F772B905B0F0BD37B504461D
:10ACC000BDF8180094F88E508D420BD1B4F8865020
:10ACD000954207D194F88F509D4203D1B4F8885023
:10ACE00085421DD08DF80610ADF8042084F88E1032
:10ACF00094F83711019D84F88F30A4F88800C4F8C7
:10AD00004051A4F8862001F00F012046FFF79BFF79
:10AD1000B4F88A30A4F88630B4F88C30A4F88830BF
:10AD200003B030BD90F8373170B503F00F0304461F
:10AD300016460D46D9B18B4219D00122FFF732FDDC
:10AD4000294600222046FFF72BFD94F8373165F3A2
:10AD5000030384F8373105F00F012046FFF773FF36
:10AD600020464FF48441BDE87040E8F717B9194612
:10AD70002046FFF768FF002EF2D170BDF8B51D46E2
:10AD8000C36A5B0704460F46164610D404212C30D4
:10AD9000FFF79AFC84F89A70A4F89660A4F898508B
:10ADA00020464FF40061BDE8F840E8F7F7B8F8BD79
:10ADB00010B511B190F89A400C7012B1B0F896101D
:10ADC000118013B1B0F898201A80C06AC0F38000D7
:10ADD00010BD4FF400412830FFF776BC00F5A2709B
:10ADE000704790F8370100F00F00704770B50446C7
:10ADF000FCF79EFE6568064601F066FF2D1AB5F564
:10AE0000FA7504D53046BDE87040FCF797BE636B19
:10AE100094F8701040F271225343B5FBF3F5A38F01
:10AE2000AAB29B1AA38794F86F3002FB1133252135
:10AE300093FBF1F001FB1033002BB8BF5B1884F8D3
:10AE40006F30B4F89C309B1AA4F89C302046002147
:10AE50001546EBF7C7FA636B5D43636840F27122F6
:10AE600002FB153363602046EBF76CFACAE72DE965
:10AE7000F3474E790446B0074FF0000358BF06F081
:10AE8000010608460D46ADF8043054BF01360326CE
:10AE9000FFF71AF9074607F01F03002BE36A15BFF7
:10AEA0004FF001084FF000084FF003094FF002097E
:10AEB00099050CD59DF8043066F3010368F345133A
:10AEC0008DF80430019A2946204600F08EF9284674
:10AED00007F041FD49468246284607F0F7FC9DF8F9
:10AEE0000430AA798DF805A066F3010368F34513D1
:10AEF0000C328DF80430BDF80430AB529DF80430AC
:10AF0000A9189A066B7948BF8F7043F001036B71E3
:10AF1000FCF70EFE06462046294650F8A48F07F09F
:10AF20007CFD94F84631013384F84631A36A1B074F
:10AF30000CD5B4F87C30012B02D92046FFF756FF20
:10AF4000304602B0BDE8F047FCF7F8BD656801F097
:10AF5000BBFE0746EBF738FB8442F1D1ED1BB5F59C
:10AF60007A7FEDDDB8F1000F03D0D4F8A030002BCC
:10AF7000E6D1EBF7C1FEE3E708B5022007F02BFEB0
:10AF800010B100F045FE012008BD10B54FF440712E
:10AF900004462830FFF7A0FB20460021BDE8104002
:10AFA000E8F77EBC012310B5A1F12002C1F1200415
:10AFB00023FA04F403FA02F222438B40D0E9084159
:10AFC00023400A40134314BF0120002010BDC36A70
:10AFD00010B5044613F0080012D00123A1F120029D
:10AFE000C1F1200023FA00F003FA02F202438B4081
:10AFF000D4E9080103400A40134314BF0120002094
:10B0000010BD10B50C46C9B2FFF7E1FF70B1E9F70A
:10B010001DFDC4F12002A4F12003E04001FA02F278
:10B02000104321FA03F3184300F0010010BD70B57E
:10B0300004460E46E9F73CFEFCF77AFD84F877609B
:10B04000054602212046E7F7A9FF20460021EBF73D
:10B05000C9F92846BDE87040FCF770BD70B50446DC
:10B060000D46FCF765FD0646EBF7AEFA844201D1CA
:10B07000EBF722FE3046FCF761FD29462046BDE88D
:10B080007040FFF7D4BF0B68C0F84031704738B547
:10B09000D0F840310B6040F648059BB2AB420C46FD
:10B0A00004D90B21FFF7ADFF08B9258038BD44F264
:10B0B00090232380FAE708B500F0FBF8E8F7D8F80A
:10B0C00000F046FB00F008F8E9F72AFDEAF7E6FA97
:10B0D000BDE80840EAF762BB704770B515460E46FA
:10B0E0001C46FFF7A2FB2B684EB103606B68436000
:10B0F0002368C0F825302368C0F8153070BD836020
:10B100006B68C3602368C0F829302368C0F8193021
:10B11000F4E770B50546FFF788FB0446FCF708FD29
:10B120004FF4807106462846FFF783FB4FF4006119
:10B130002846FFF786FB3046FCF700FD002323611D
:10B140002375236284F824302846FFF770FB8023A0
:10B1500010F0080F14BF237584F8243070BD10B5AB
:10B160000446FFF712FF20461021BDE81040E7F724
:10B1700015BF10B54FF460610446FFF765FB20462C
:10B18000BDE81040FFF701BF7FB506460C46FFF74C
:10B190004CFB4FF4C06105463046FFF752FB4FF4BD
:10B1A00000613046FFF750FB4FF48060E9F7F4FB95
:10B1B000224670B969462846E8F758FF6B4605F104
:10B1C000100213F8011B02F8011DAA42F9D104B0C4
:10B1D00070BD6C4602F1100610685168234603C327
:10B1E0000832B2421C46F7D1E8E7F0B587B00D4609
:10B1F000ADF80C20FFF719FB0446284607F0ABFB1F
:10B20000064600B32846E8F76FFF9DF80C3005AFFF
:10B2100003F02303224631460093019704F12003F3
:10B22000FDF780F82846E8F775FF042239462846DE
:10B2300007F0CFFD236A0133236223B994F8243049
:10B24000013384F8243007B0F0BD30B585B00391E8
:10B25000ADF80820FFF7E9FA0446039807F07BFBF6
:10B26000051F002D02DC002005B030BD0398E8F773
:10B270003BFF431901939DF8083003F0230300932B
:10B28000224604F110032946FDF73DF80028EAD1D3
:10B290000398E8F73FFF042103A807F0FEFB2369AA
:10B2A000013323610BB10120DEE7237D01332375D8
:10B2B000F9E708B54FF40060E9F76EFB40B94FF4C9
:10B2C0008050E9F769FB40B9BDE80840EDF7B6BA30
:10B2D000FFF79EFA0028F2D008BDFFF79DFA00287C
:10B2E000F2D0F9E741F0004141F4E02101607047FC
:10B2F00007B501A8019107F0A9FA002003B05DF895
:10B3000004FB70477047002070477047704710B5C6
:10B31000DC1D043383734379C47123F0030343F0CA
:10B3200003030E244371012344738371C3730182A9
:10B33000827410BDD31CC3713E234373437982735F
:10B3400023F0030343F00303437101238371C173AB
:10B3500070470F234373042383734379A0F81110BC
:10B3600023F0030343F00303437140F20173C380EE
:10B3700001230374C2737047D31CC37143794173B3
:10B3800023F0030343F003034371012382738371AA
:10B39000704708B50023FFF7BAFFBDE80840E8F79B
:10B3A000A7BF2DE9F84380460220894617461E466E
:10B3B00007F011FCD0B14579A0F810800C2343733D
:10B3C0000823837325F0030540F60133C38045F05D
:10B3D00003059DF82030457180F81290A0F8137095
:10B3E000A0F81560C373E8F783FF0120BDE8F88378
:10B3F00008B5022007F0EFFB30B101221121FFF761
:10B4000099FFE8F775FF012008BDF8B50F4616460D
:10B41000132109221D46FFF78DFF837904460C3363
:10B420001C44A170E77026712B68C4F80530AB8806
:10B43000A4F80930BDE8F840E8F75ABF70B50646F1
:10B4400002200D4607F0C7FB044668B11421042210
:10B45000FFF770FF83790C331C44A170A4F80360DC
:10B460006571E8F745FF012070BD08B501F099FD51
:10B4700008BD2DE9F041074602200D4690461E46C4
:10B4800007F0A9FB0446E0B109222121FFF752FF92
:10B4900083790C331C440A22BDF9183093FBF2F374
:10B4A00023729DF81C30637284F80380BDF920304C
:10B4B000A78093FBF2F3A671E571A372E8F718FF7A
:10B4C0000120BDE8F08137B5044607F044FAA379BE
:10B4D0000C33E518C0B23E22E254831E6B700D237C
:10B4E000AB70AB798DF807301C38012BE87609D1A9
:10B4F00000231A46E91D0DF10700FEF70AFE9DF82C
:10B500000730AB712046E8F7F3FE03B030BD70475B
:10B5100010B5E8F727FF83790C33C4180021E078D1
:10B52000E7F742F96168FFF72CF80446E8F720FFD7
:10B5300022460023BDE810404FF61941FFF7E7BE51
:10B5400010B5E8F70FFF83790C33C4180021E078B9
:10B55000E7F72AF96168FFF734F80446E8F708FFCF
:10B5600022460023BDE810404FF61A41FFF7CFBE38
:10B5700070B5E8F7F7FE002186790446FE20E7F76C
:10B5800013F90546EAF7A8FA50B10C24E8F7F0FEE3
:10B5900022460023BDE8704042F20501FFF7B7BE26
:10B5A000EAF7E0FA0028F0D134440F342DB12146F7
:10B5B0002846FFF728F80028E7D02046E9F738F9B1
:10B5C0000024E3E72DE9F041E8F7CCFE83790C3362
:10B5D000C4180025E678E8F7C5FE0768E8F7C2FE5C
:10B5E000A6F1FE035942594105603046E7F7DCF801
:10B5F00022793B462946FEF71EFF0446E8F7B8FECF
:10B600002B46224642F23701BDE8F041FFF77FBEEC
:10B610002DE9F041E8F7A6FE83790C33C418002524
:10B62000E678E8F79FFE0768E8F79CFEA6F1FE03C0
:10B630005942594105603046E7F7B6F822793B4652
:10B640000121FEF7F8FE0446E8F792FE2B4622465B
:10B6500042F23801BDE8F041FFF759BE2DE9F0474D
:10B66000E8F780FE83790C33C418277994F80380B7
:10B6700027B9B8F1010F27D0E7F7F8FA053400260B
:10B68000BE420ADB0025E8F773FE2A460023BDE828
:10B69000F04742F23901FFF73ABE2078B4F8015082
:10B6A00094F80390A0F1FE03594259410434E7F79E
:10B6B0007BF858B12A464B464146E7F7D3F9054691
:10B6C0000028E0D10136DBE71225DCE74225DAE786
:10B6D00010B5E8F747FE83790C33C4180021E078F1
:10B6E000E7F762F880B1211DFEF78DFF00280CBF3F
:10B6F0000C240024E8F73CFE22460023BDE810405D
:10B7000042F23501FFF703BE4224F3E7FE282DE99C
:10B71000F8430646894690461F4616D0022007F099
:10B720005AFA044690B106221221FFF703FEA579CA
:10B730000C3525441223AB7085F803902E71A5F8C3
:10B740000580EF712046E8F7D3FD0120BDE8F883BE
:10B75000704710B5EAF7C0F90446FEF7CDFC204368
:10B76000C0B210BD38B5E8F7FDFD8379C17903F1AA
:10B770000C020244CB1A02200021B2F8035007F059
:10B7800055FB044640B9E8F7F3FD0722BDE8384011
:10B7900042F21901FFF7DDBD2846E7F7D5FB38B1C6
:10B7A0002146E9F78FFF0446E8F7E2FD2246EDE780
:10B7B0002046FBF741FE0224F6E770B5E8F7D2FD1C
:10B7C00083791844B0F80F60B0B2E7F7BDFB80B1E1
:10B7D000002100F06EFE0546E8F7CAFD044602238C
:10B7E0002A4642F21B01FFF792FDA3791C446682B0
:10B7F00070BD0225F0E770B5E8F7B4FD83790C332E
:10B80000C418B4F803502846E7F79EFBA0B1611DA9
:10B8100000F04FFE0646E8F7ABFD04460223324631
:10B8200042F21A01FFF773FDE37923449D72E37935
:10B830001C442D0AE57270BD0226ECE710B5E8F74E
:10B8400091FD83790C3318444479B0F80300E7F78D
:10B850007BFB60B12146E9F711FD0446E8F788FD5E
:10B86000E2B240F20641BDE81040FFF772BD02248B
:10B87000F4E770B5E8F776FD83791844B0F80F5017
:10B88000FCF756F904462846E7F75EFB80B116211F
:10B89000FFF7E4FB00252046FCF750F9E8F768FDC8
:10B8A0002A460023BDE870404FF60441FFF72FBD44
:10B8B0000225F0E7F8B5E8F755FD84790C34044427
:10B8C0000546B4F80300E7F73FFB064640B9E8F742
:10B8D0004FFD0222BDE8F84042F21301FFF739BDE7
:10B8E000AB79E97903F10C022A44CB1A022000213A
:10B8F00007F09CFA014618B9E8F73AFD0722E9E794
:10B900008379033383713046B4F80D50B4F80F7067
:10B91000E9F768FC3A46044629463046FFF78BF8BB
:10B92000E8F726FD2246D5E738B5FCF701F90446CD
:10B93000FFF70FFF00280CBF0C250025E8F718FDC6
:10B940002A4642F20E01FFF724FDEAF733FC2046B7
:10B95000BDE83840FCF7F2B810B5E8F703FD83798D
:10B960001844B0F80F00C0B2E7F73EFEE8F700FD5C
:10B970000023BDE810401A4642F22401FFF7C7BC7D
:10B980002DE9F84381460220884617461E4607F0F7
:10B9900022F9044690B10A220321FFF7CBFCA579D6
:10B9A0000C35254400232046EB70A5F80490A5F83B
:10B9B00006802F816E81E8F79BFC0120BDE8F883AB
:10B9C0002DE9F04385B0814602209DF844808DF832
:10B9D0000F200E461F4607F0FEF80546002844D00B
:10B9E00022222921FFF7A6FCAC790C342C4404F167
:10B9F0000E03002204F11401C4F80E2030469A8090
:10BA00006261228300913A460DF10F01FEF782FB3D
:10BA10009DF84030E37006F00103A3719DF80F30EC
:10BA2000A4F80490E3713B68A360BB88A38116F07F
:10BA3000FD0F4FF6FF7304D0032E08BF43464FF0AF
:10BA4000FF08BDF830206283BDF83420A283BDF822
:10BA50003820E2839DF83C2084F82020284684F892
:10BA600021806384E8F744FC012005B0BDE8F08341
:10BA7000F8B50746022016461D4607F0ACF8044606
:10BA800090B10C220421FFF755FCA1799DF81830E4
:10BA90000C31214420468F80C1F80660C1F80A505D
:10BAA000CB70E8F725FC0120F8BD70B506460220F2
:10BAB0000D4607F090F8044668B103223021FFF7E5
:10BAC0005BFCA3790C3323442046A3F803609D70EC
:10BAD000E8F70EFC012070BD70B5064602200D4649
:10BAE00007F079F8044688B104220821FFF744FCE6
:10BAF000A3790C332344B5FA85F252092046A3F802
:10BB000003605A719D70E8F7F3FB012070BD2DE9C9
:10BB1000F84381460220884617461E4607F05BF828
:10BB20000446B0B10B220721FFF704FCA579BDF84C
:10BB300020300C3525442046A5F80390A5F8058053
:10BB4000A5F80770A5F80960A5F80B30E8F7D0FB59
:10BB50000120BDE8F883F8B5074602200E461546D9
:10BB600007F039F80446A0B10D220521FFF7E2FBEA
:10BB7000A3790C3323442046A3F80370A3F80D6087
:10BB80002A68C3F805206A68C3F80920E8F7B0FB03
:10BB90000120F8BD2DE9FF410A9C16466A46804601
:10BBA0000F4603F1100E1546186859689446ACE824
:10BBB0000300083373456246F6D124B9022007F02A
:10BBC0000AF8044608B31D22ED212046FFF7B2FB18
:10BBD000A3790C332344A3F80380A3F80D702EB18E
:10BBE0003268C3F805207268C3F809200F3304AE29
:10BBF0002A4603CAB24218605960154603F1080389
:10BC0000F6D12046E8F774FB012004B0BDE8F081CE
:10BC100013B5827901900C321321815484184FF4AA
:10BC20004072C280E8F7FAF8A07020B901A806F0C7
:10BC30000DFE02B010BD8000013060700198E8F781
:10BC400057FBF6E770B5064602200D4606F0C3FF27
:10BC5000044678B104220521FFF78EFBA3790C334B
:10BC6000234400222046A3F803605D719A70E8F730
:10BC70003FFB012070BD13B5837901900C33C418CC
:10BC8000C05CE7F761F920B901A806F0DFFD02B05A
:10BC900010BD6378019913F0300F8B7903F1040321
:10BCA0008B714B790CBF0122002262F300034B71B0
:10BCB000E7F7F6FDEBE72DE9F041E8F753FB837971
:10BCC0000C33C418B4F803801FFA88F0E7F73CF986
:10BCD000054600B3A2796179FEF7BCFE0646E8F797
:10BCE00047FB07460223324642F27A01FFF70FFB79
:10BCF000BB793B443846A3F81280E8F7F9FA46B915
:10BD0000A37933B12846FFF76CF801462846FEF7C1
:10BD10004DFDBDE8F0810226E1E700F05FBE50E88E
:10BD2000003F0B4340E80032002AF8D170477047CB
:10BD300070B50E461546E7F7C7FA044648B93046CF
:10BD4000E7F778F8044620B92846ECF7A1FC04464A
:10BD500040B10020E7F7B8FA0020E7F76BF80020C1
:10BD6000ECF796FC204670BD4FF40010ECF7C6BF10
:10BD7000EBF788BEE8F73EBD4368143B4360A02361
:10BD80000B6070471AB94268A2EB530242600A681E
:10BD900002EB83020A607047884210B518D8052864
:10BDA00016D9B1F5486F13D8B3F5FA7F10D2A2F1C6
:10BDB0000A0080B240F67644A04209D801339BB213
:10BDC0004B435B00B3EBC20F94BF0120002010BDBA
:10BDD0000020FCE7C94350E8003F0B4040E8003238
:10BDE000002AF8D17047002070472DE9F041044641
:10BDF0000F4600264FF00108214686F00100FEF7AD
:10BE00000DFD4FF48051FFF7E5FF836833B94046DD
:10BE10000EB1BDE8F08101268046EDE7028ABA4204
:10BE200006D100220121204698470028EFD1EFE7F4
:10BE30000268D205EBD500221146F4E708B5FEF7FB
:10BE400006FD00230380436008BD70B506460C461E
:10BE5000FBF76EFE05463046FEF7F9FC30B103787D
:10BE60001C4304704FF40070ECF748FF2846BDE80F
:10BE70007040FBF763BEE7F713BD07B542798DF855
:10BE8000071022F0030242F00302427140F2033233
:10BE9000C2800DF10701012206F0BBFC03B05DF882
:10BEA00004FBF8B5174606460C461D46FEF7C7FCD0
:10BEB000020713D502213046FFF774F870B1112143
:10BEC0002046FFF7DAFF2046E8F79AFE45708770B4
:10BED00021463046BDE8F840E7F7E2BC2820C5F12E
:10BEE00020024FF08861A5F12003E94000FA02F238
:10BEF00020FA03F311431943CB07E0D40D21204668
:10BF0000FFF7BBFF2046E8F77BFE4770E0E770B520
:10BF10000C460546072120461646FFF7AEFF204691
:10BF2000E8F76EFE214646702846BDE87040E7F708
:10BF3000B7BC38B50C4600210546FEF798FC241A1C
:10BF4000A4B247F6FE739C4205D928462821FFF784
:10BF50006EF8002038BD0120FCE738B504460D46D8
:10BF600001460020FEF75AFC03689B0505D42946CC
:10BF70002046BDE83840FFF7DCBF002038BD2DE982
:10BF8000F04115469DF818801F46FEF747FC044611
:10BF9000FBF7CEFDB8F1010F064623D154E8003F70
:10BFA00043F4807344E80032002AF7D105B354E823
:10BFB000002F42F4007244E80023002BF7D1FF2148
:10BFC0002046FFF707FF54E8002F48EA020244E842
:10BFD0000023002BF7D1A56027823046BDE8F04151
:10BFE000FBF7ACBD4FF480712046FFF7F3FEDDE7B1
:10BFF0004FF400712046FFF7EDFEE0E773B506460B
:10C0000001200C46FEF70AFC0023054600931A4661
:10C0100021463046FFF7B3FF6B6863B14FF4807180
:10C020002046E6F7BBFF55E8003F43F4007345E8C0
:10C030000032002AF7D1FBF77BFD05462046FEF7CC
:10C0400006FC28B103881BB14FF40070ECF756FED4
:10C05000284602B0BDE87040FBF770BD38B5054614
:10C060000C46FEF7DBFB83684BB102212046002221
:10C07000984721462846BDE83840FFF7BFBF38BD86
:10C08000012938B505460C4608D0CC1E012C03D832
:10C0900001460120FFF7E2FF012038BD2221FEF713
:10C0A00035FC20462946FFF7D9FF0020F5E708B503
:10C0B000FEF7B4FB006800F0F00008BD10B50146C3
:10C0C00004460120FFF7F3FF20B92146BDE81040E8
:10C0D000FFF7EDBF10BD70B506460C4601460120C6
:10C0E000FEF79CFB314605460020FEF797FB2B68C8
:10C0F0000268014643EA0200C0051ED49B0502F413
:10C10000007203D49AB94FF0FF3070BD2B8A1B1B0D
:10C1100098B27AB1098A091B89B28842A8BF084639
:10C120004FF6FF73984208BF4FF0FF30EDE74FF630
:10C13000FF70EFE74FF6FF71EFE70120E5E72DE92C
:10C14000F34104460191014601201546FEF766FBC6
:10C15000214606460020FEF761FB80462046FEF79A
:10C1600066FB810606D501A806F070FB0C2002B024
:10C17000BDE8F081FBF7DCFC33689A05074603D481
:10C18000D8F800309B0509D50199301D8D6006F067
:10C1900044FC3846FBF7D2FC0020E8E7FBF7CEFC76
:10C1A00001992046A847E2E738B501460446012038
:10C1B000FEF734FB05460C3006F048FB281D06F060
:10C1C00045FB21460020FEF729FB04460C3006F013
:10C1D0003DFB201DBDE8384006F038BB70B5014678
:10C1E00005460120FEF71AFB0646043006F0ABFBBD
:10C1F000044670B14FF400713046FFF7EBFDA368C1
:10C2000021462846984720B12046BDE87040FBF7FC
:10C2100013B970BD0023C0E900318260704708B5D2
:10C220000B4601461846FEF7F9FA0068C0F34020B5
:10C2300008BDFFF725BFCB1E012B70B504460D4688
:10C24000164606D81A21FEF761FB40212046E6F784
:10C25000A5FE324629462046BDE87040FFF710BFD4
:10C2600038B504460D46FEF73DFB28B1012D04D13B
:10C2700022212046FEF74AFB002038BDF8B58B7915
:10C280000B440C46D3F80D60D3F811303246074604
:10C29000E7F7E8FA09212046FFF7EFFD2046E8F727
:10C2A000AFFCA579E8F7D2FB0C35254466F0FF0614
:10C2B0000640C5F80160E8F7C9FB3846C5F8051027
:10C2C0002146FFF7D8FD02213846FFF7BEFDF8BD35
:10C2D00070B50E46054601460020FEF79FFA012E76
:10C2E000044603D0022E11D0012070BDC1688B79A5
:10C2F00019440D312846FEF796FBE068FBF79CF8E1
:10C300000020E0602946FFF779FEEDE7C068FBF703
:10C3100093F80023E360E7E738B50D46044601468D
:10C320000120FEF77BFA012D08D100F11201204611
:10C33000FEF779FB21462846FFF760FE012038BD55
:10C3400008B5FEF774FAC0F3C00008BDF8B50C4696
:10C350000746FFF7F5FF80F00106F6B23946304692
:10C36000FEF75CFA0546C068012C837903D0022CE5
:10C370001BD00120F8BD0C33C41838462389E2884D
:10C38000A188FEF728FC61886278490089B25200D2
:10C390003846FEF787FAE868FBF74EF80023EB60B3
:10C3A00039463046FFF72AFEE3E7FBF745F800235E
:10C3B000EB60DEE708B5FEF742FA00F0010008BDC9
:10C3C00038B50C4602210546FEF73BFA0C21204603
:10C3D000FFF753FD2046E8F713FC4FF0FF3383705F
:10C3E0000223C3700D2343706FF02F0303710523E5
:10C3F000437121462846BDE83840FFF73CBD04297B
:10C4000010B5044601D0002010BDFFF799FFC0F120
:10C410000200E8F7C1FA0028F5D106F0DCFB01467E
:10C4200008B90220F0E72046E8F7FAFE0028F8D124
:10C430000120E9E708B5FEF7FAF9C0F3C00008BD2E
:10C440002DE9F0410F4604469046FFF7F3FF80F0D8
:10C450000105EDB221462846FEF7E0F9012F064618
:10C4600003D0032F0FD001200BE02046FEF781FE02
:10C4700022212046FEF74AFA28462146FFF7EEFD24
:10C480000020BDE8F081C068FAF7D6FF0023F36012
:10C490002046FEF76EFE5FFA88F12046FEF736FA78
:10C4A00020462021E6F77AFD21462846FFF7D6FDF3
:10C4B000D9E737B504460D46FEF7C1F903054CD55B
:10C4C000022006F088FB0190002848D0204645B3A2
:10C4D000FFF7B0FF50B105210198FFF7CEFC01989E
:10C4E000E8F78EFB01992046FFF7C5FC2046294658
:10C4F000FEF74AFE2046FFF79DFF78B94FF4006132
:10C500002046FEF799F906210198FFF7B6FC01983D
:10C51000E8F776FB01992046FFF7ADFC002003B059
:10C5200030BDFFF787FF68B101990323062220463B
:10C53000FFF7B7FC2046FEF71CFE21462846FFF712
:10C540008DFDEBE701A806F081F920463D21FEF7BD
:10C550006EFD2046FEF70DFEE0E70C20DFE707202A
:10C56000DDE7F7B5014604460020FEF757F905461A
:10C5700000F112074FF48060E8F70EFA50B9204638
:10C58000E6F7F6FC698B3A4680B203B0BDE8F040AE
:10C59000FFF7E1BA2046E6F7EBFC064620466D8B36
:10C5A000FEF743F900220346009229463A46B0B20C
:10C5B000FFF7F0FA03B0F0BD83781A2B09D81B23DC
:10C5C00083700288B2F5A47F07D24FF4A47303806E
:10C5D00007E0FB2BF5D9FB23F2E744F290239A42C4
:10C5E000F5D87047F0B5CA798B7987B043EA022352
:10C5F000ADF80C308B888DF80E30CA788B7843EA12
:10C6000002230446ADF8103003A80B888DF81230D1
:10C61000FFF7D2FF04A8FFF7CFFF05A92046FEF7DA
:10C6200036FD0B212046FEF7ECFC40F6480544F2AF
:10C630009023002818BF1D469DF80E30BDF81460E9
:10C64000BDF81020BDF80C709DF816009DF8121072
:10C65000AF42D4BF00970095FB2BA8BFFB23B2428B
:10C66000A8BF32468142A8BF01462046FEF726FBFE
:10C6700007B0F0BD37B5144605461046FFF7FDFB81
:10C680002046E8F7BDFA01A904462846FEF7FFFC5C
:10C690000B212846FEF7B5FC6FF0040363700023FE
:10C6A000A37044F2902240F64803002818BF1346B6
:10C6B000A4F803309DF80630A4F80530BDF8043026
:10C6C000A4F8073003B030BDFFF7DABC022973B518
:10C6D00005460C4603D00024204602B070BD05215B
:10C6E000FEF760FC0028F6D0E6F784FF1B28F2D99D
:10C6F0004FF40040E8F750F90028ECD106F06BFA4F
:10C7000006460028E8D001A92846FEF7C0FC9DF89F
:10C710000630BDF8042031462846E9F755F80028D0
:10C72000D9D10124D8E730B190FAA0F00123B0FAB2
:10C7300080F08340D8B2704770B50646FEF77FF8A8
:10C7400080F0400402060546C4F3801406D4082194
:10C750003046FEF73CFC08B144F00204EB0506D479
:10C760000B213046FEF733FC08B144F004042046A8
:10C7700070BD2DE9F843044691460F46FEF75FF879
:10C78000C0F340152046FEF729FB21468046284687
:10C79000FEF744F8494606462046FEF7B7F898F8F3
:10C7A0000110384601F00F0100F046FA062814BFC8
:10C7B000014600212A462046FEF7B4FA21462846C3
:10C7C000FFF71CFC20212046FEF73EF856E8003F0C
:10C7D00043F4805346E80032002AF7D1BDE8F883DD
:10C7E000F8B50E4604461546FEF729F8032EC0F3A9
:10C7F00040170DD0042E16D0012E12D12221204632
:10C80000FEF784F838462146FFF728FC0020F8BDE3
:10C81000EAB200212046FFF7ACFF21463846FFF779
:10C820001DFC0120F3E70C22F3E7012910B50446B3
:10C830000BD1FEF704F82146C0F34010FDF7EEFFE0
:10C840000022817C2046FFF794FF012010BD2DE9D6
:10C85000F7430F460546FDF7F2FF00F02009C0F34D
:10C8600040182846FEF7BAFABB790C333B445E7891
:10C870009B781E400378C3F3030000EA1310304096
:10C88000FFF751FF044648B9B9F1000F06D1284619
:10C89000FFF752FF3040FFF746FF04462846FEF7F9
:10C8A000A0FAEAF7CBFFA04223D01CB3022128460E
:10C8B000FDF7DDFF002106462846FEF72AF918217C
:10C8C0003846FFF7DAFA3846E8F79AF9B6B2447014
:10C8D0008470A0F8036039462846FFF7CCFA00962A
:10C8E0002346224629464046E8F7A8FF03B0BDE8A4
:10C8F000F08300242646E2E770B504460D46FFF7B4
:10C90000DDFB28B929462046BDE87040FFF79FBFF0
:10C910004028294620464FF01603BDE8704014BF5A
:10C920002A222322FFF7BDBA38B505460C46FDF78B
:10C9300086FF830604D42046BDE83840FAF77CBD64
:10C9400021462846BDE83840FFF781BF73B58C7992
:10C950000C340C4406460D46FDF771FFA278032AFD
:10C96000C0F3401014D0052A28BF00226378032B9F
:10C9700010D0052B28BF0023B4F8031000913146D6
:10C98000E8F75CFF284602B0BDE87040FAF754BDF6
:10C990000022EBE70023EFE708B58B790B441B7B04
:10C9A000162B03D0172B05D0002008BDFFF7A4FFDE
:10C9B0000120FAE7FFF7B8FFFAE708B58B790B44D7
:10C9C0001B7B162B03D0182B05D0002008BDE8F7E1
:10C9D0005FFF0120FAE7FFF7B9FFFAE770471FB5DD
:10C9E0004A1E042A03460C465FD8012902D100885A
:10C9F00004B010BD022905D100885B88984238BF79
:10CA00001846F5E74A00014601A805F0D1FB032CC2
:10CA100007D10023ADF80A304FF6FF73ADF80C30A4
:10CA200001E0042CF8D0BDF80620BDF80430934294
:10CA300084BFADF80630ADF80420BDF80A30BDF86B
:10CA40000C20934288BFADF80A20BDF80A2088BFA9
:10CA5000ADF80C30BDF80430934288BFADF80A3011
:10CA6000BDF80620BDF80C309A4288BFADF80630FC
:10CA7000BDF80820BDF80630934284BFADF80830F9
:10CA8000ADF80620BDF80A30BDF808209A4288BFEC
:10CA9000ADF80830BDF80820BDF806309A4238BF1E
:10CAA000ADF80830BDF80800A2E74FF6FF709FE729
:10CAB000012804D0022804D030B9EAF709BBEAF70C
:10CAC000F7BA0020E9F73CBB704710B1012803D04A
:10CAD00070470120E9F734BB0020FBE7F7B51F469C
:10CAE0008B1E012B05460C46164613D8FDF70CFB92
:10CAF0000023CDE90005F01A18BF01201A46394677
:10CB0000FDF710FB80B1022C0BD12846E7F76AFE37
:10CB1000002004E00029F8D0012902D0FF2003B052
:10CB2000F0BD2846E7F7A2FE0120F8E770B59DF8B2
:10CB300010600D4600210446817106F10C0141731D
:10CB4000111E03F00F00237B18BF012140EAC11022
:10CB500003F04003184320732B469DF8141004F192
:10CB60000E00FFF7BBFF237B60F3861323732B6854
:10CB70006361AB882383A3790E363344E37170BDC0
:10CB8000002313604369F0B513F0100705890446CC
:10CB900003D00D4445600120F0BD4668701AB0EB2B
:10CBA000050CF8D513F001000AD1D4E90373DB1B9F
:10CBB00013EB0C0FF0D429448E1B16606160EAE77A
:10CBC0003846E9E710B541898389C2890446084699
:10CBD000FFF7E2F8E0B1E279531E072B19D8638919
:10CBE000934216D922899A4213D8237C43B9637C95
:10CBF00033B9A37C23B9E07C10B9237D0F2B07D96F
:10CC0000607D1B3000F01F000B288CBF002001202E
:10CC100010BD0020FCE708B5EBF7E8F8BDE80840D8
:10CC20000020EBF7CFBAC94350E8003F0B4040E883
:10CC30000032002AF8D17047022808D0042803D017
:10CC4000012818BF0620704701F00101C81C704779
:10CC5000EBF71EBE0A2802D80130C0B27047242864
:10CC600001D80230F9E7252805D0262805D0272845
:10CC700018BFFF207047002070470C20704708B590
:10CC8000EAF758FEBDE808404FF00060ECF736B810
:10CC900008B5EBF703FE20B1BDE808401020FFF710
:10CCA000EEBF08BD7047704770477047704700205F
:10CCB0007047704770477047704770471046194675
:10CCC000704700200021704704F0FBBDF3F724BF3C
:10CCD00004F0AFBE08B5EBF731F820B1BDE808406D
:10CCE0000420FFF7CCBF08BDF0B587B00D468DF826
:10CCF0000700164602B9A3B39DF807002946FDF7C1
:10CD000017FA0446B8B99DF807002946FDF714FA4A
:10CD100040BB16B39DF80710003918BF01210DF173
:10CD20000F022846EBF774FCF8B99DF80F40013468
:10CD300018BF012416E004AF012239460DF10700A7
:10CD4000FDF7F8F904464EB19DF80730191E18BFDB
:10CD50000121002818BF3D46E1E70124FDF7D7F97E
:10CD600000B90124204607B0F0BD4FF0FF34DEE7E4
:10CD700037B502460846136A03F4007403F400153D
:10CD8000DB0505D47CB9E7F72DFD204603B030BDA7
:10CD90004CB9D2F855100160B2F859208280B5FA2A
:10CDA00085F46409F1E7019092F95430009300236F
:10CDB0001A4619461846B5FA85F4FDF7B3F9640921
:10CDC000E3E770477047024619460020EBF7FEBACA
:10CDD000002070470020704707B500214FF0FF3357
:10CDE0006A46084600938DF80430EBF785FC03B0E3
:10CDF0005DF804FB38B50546006805F0C9FB04463C
:10CE0000287900F01F0005F0C3FB2044C0B20128C0
:10CE100094BF0020012038BD70477047914270B523
:10CE20000D4614461E4609D2FFF712FF641B01345B
:10CE300090FBF4F303FB14000544ACB23480FFF71D
:10CE400007FF33880133B0FBF3F202FB1300049BAE
:10CE5000188070BD7047704770470120704708B553
:10CE6000202000F0B1FE003818BF012008BD08B531
:10CE7000FFF7F5FF20B1BDE80840202000F0ACBE70
:10CE800008BD73B506460D461446D2B100F099FEB2
:10CE9000A84218D8304600F0A9FE01460190A0B182
:10CEA00000232A46204605F0C7FC01A805F0CEFC69
:10CEB0002246022052F8041B00F045FE002002B07A
:10CEC00070BD2220FBE72120F9E72D20F7E708B508
:10CED000F9F7E4FF08B1012008BD00F064F8F9F7A4
:10CEE000E5FF0028F7D1EEF76DF9003818BF0120F3
:10CEF000F2E708B5EBF7B0FE00280CBF04200120D4
:10CF000008BDEBF7B7BE0020704730B5044687B0C8
:10CF100008461546FEF72EFF122200210DF10600ED
:10CF200005F03BF9A3680293E3680393E38BADF844
:10CF30001030238CADF81230ADF80450FFF7E3FF4A
:10CF4000029B8DF8140043F41053029300F0AAFDE5
:10CF500018B1029B43F004030293029B01A843F41F
:10CF600080330293E7F72AFD10F0FF0516D1A38C5A
:10CF7000ADF800300DF10201E38CADF802306846E7
:10CF800000F011FDEBF712FFFEF7F2FE012104F0B5
:10CF900083FBEDF75FFA284607B030BD40F20C4046
:10CFA000FAE7EBF713BFFBF77CBDE4F715BA0120F6
:10CFB000704770B50C46064611461D46EBF7CEFF8E
:10CFC00058B144EA06206FEA40406FEA50402A46D2
:10CFD00080B2BDE87040EBF715BF40F2064070BD6F
:10CFE00083791A07014603D506220020EBF7DABF42
:10CFF0009B0602D506220120F8E74FF0FF3070476C
:10D000008379532B01D1EBF7FFBFFFF7E9BF70B571
:10D01000064614461D46EBF7A1FF10B90024204632
:10D0200070BD41EA06206FEA40406FEA50402A4650
:10D03000214680B2EBF704FF0028F0D0EEE713B5ED
:10D040000446EBF78BFF10B9002002B010BD082298
:10D050006B4611462046FFF7DAFF0828F4D19DF809
:10D060000230002BF0D09DF90300013018BF0120E1
:10D07000EBE7704700207047532838B505460C464B
:10D0800004D1BDE838400846F0F790BA0620FAF718
:10D09000E5FB68B96379142D03F03F03637104D095
:10D0A000722D08D163F03F036371A571002038BD74
:10D0B00040F20740FBE72120F9E71FB550F80C4B81
:10D0C000ADF8061094F870408DF80820ADF80A30DD
:10D0D00001AA069B8DF8044040F20351039305F02A
:10D0E000EAFA10B906A805F0B1FB04B010BD2DE9AD
:10D0F000F04186B04FF0000804460E46CDF80C8093
:10D1000000F14407154612B303A805F09FFB38460B
:10D1100005F09CFB84F81C800023009332462B46CC
:10D120001821204600F0DAFE05F58855204604AAAD
:10D1300050F80C3B059593F870308DF8103040F2A4
:10D14000055105F0B8FA002006B0BDE8F08143694A
:10D150001A0710D4A846384605F096FB03460390FC
:10D16000C0B903A805F072FB384605F06FFB002339
:10D17000237755B1D0E723F00803436103A805F0F6
:10D1800065FB384605F062FB2577204600F022FF5C
:10D190000025CBE7997901F10C021A440531B2F868
:10D1A0000160B2F8032099712046314601F037FC46
:10D1B000CDF80C800028CED00546D2E72DE9F84FF7
:10D1C0000E469DF828B091469A46054610B1037C5C
:10D1D000012B60D0284601F039F9304601F0B2FA4F
:10D1E000002231468046284601F01FFB07463046A4
:10D1F00001F0A1FD42F6052398421CD118F0300F32
:10D2000026D1BBF1000F33D018F0200F3FD0BA0762
:10D210003FD5EB8B002B38D153464A463146284642
:10D2200000F00CFF0446E8B9EE8340F20A412846BC
:10D2300001F01AF916E0284601F0BDF90028DDD00A
:10D24000284601F0CDF90028D8D041F2121409E0A7
:10D25000B907D6D03146284601F083FB0028D0D04C
:10D2600000F58854284601F0F6F82046BDE8F88F0E
:10D2700018F0100F0BD0FB070BD553464A4631462A
:10D28000284600F0B6FE0446ECE70524EAE7212430
:10D29000E8E70224E6E70724E7E72DE9F04786B050
:10D2A00000259DF8389090F81CA00F9E0577044645
:10D2B0000F469046B9F1000F09D00A4600964B463A
:10D2C000514600F00BFE284606B0BDE8F087BAF1E3
:10D2D000080FADF8169026D14589043DADB29D42A8
:10D2E00032464FF002014FF00900A8BF1D4600F082
:10D2F00086FD0222814605A93046ADF8147005F07E
:10D3000068FD2A464146304605F063FD831C05460C
:10D3100089F8013031462046EEF72AF9ADF816506B
:10D32000BDF81600D0E7BAF10A0F0DF11602CDE9EB
:10D33000016200930CBF0B210D214346012200F036
:10D34000F1FD1A28ECD1CDF8009011233A46514650
:10D350002046ADF8169000F0C1FDE1E7F0B589B0C8
:10D3600017460025012204460E460393ADF81650D9
:10D3700001F08AFA8DF81500002846D1304601F0F8
:10D38000FBF810B1304601F0B9F9304601F0EAF986
:10D39000B8B103A805F05AFA2046237F50F80C2BA9
:10D3A000ADF81A6092F870208DF8182040F2025102
:10D3B00006AA8DF81C30ADF81E7005F07CF909B096
:10D3C000F0BD0DF115030DF116023146204601F0B6
:10D3D000F8FA9DF8153002465BB9BDF81630BB422D
:10D3E00035BF0723DB1B8DF81530D21928BFADF8E8
:10D3F0001630039B01939DF8153000933146BDF81C
:10D4000016302046FFF749FFD9E72A46F1E770B505
:10D4100004460D46164601F0AFF840B933462A4699
:10D42000214601F0FCFA08B100F5885070BD41F2C8
:10D430000310FBE71FB550F80C4BADF8061094F83D
:10D4400070408DF80820ADF80A3001AA069B8DF8CF
:10D45000044040F20151039305F02DF910B906A8DC
:10D4600005F0F4F904B010BD1FB550F80C4BADF841
:10D47000061094F870408DF80820ADF80A3001AA23
:10D48000BDF818308DF8044040F20451ADF80C306E
:10D4900005F011F904B010BDF0B585B01227039264
:10D4A0000777022205460E4601F0EEF9044668B100
:10D4B00003A805F0CBF900232B7700230093324615
:10D4C00023461221284600F009FD0FE0039A9379C4
:10D4D00003339371304601F045F948B1039B009343
:10D4E0003A46234631462846FFF7E7FD05B0F0BD32
:10D4F00042F6293001F086FBB04220D1039830B9C2
:10D5000003A805F0A3F900232B770D24D5E705F038
:10D5100022FA80B20128F3D1039B9A79134428465A
:10D52000197B01F083F8044603A805F08FF9002366
:10D530002B77002CC1D1284600F013FDD6E72246F8
:10D54000039B3146284601F06AFA0446EFE72DE9CD
:10D55000FF410392042204460D4601F095F9074667
:10D5600028B103A805F072F904B0BDE8F081039A70
:10D5700093794FF0520803339371284684F81C8046
:10D5800001F0F0F8064640B1039B009342463B464B
:10D5900029462046FFF791FDE6E742F6293001F0E3
:10D5A00031FBA842039B0BD19A7913442046197B87
:10D5B00001F03CF803A805F049F900232377D3E7ED
:10D5C00032462946204601F02AFAF6E72DE9FF41C6
:10D5D0008B790C330B440446B3F80170B3F8038025
:10D5E00038460E4601F0A6F8002858D002223946E7
:10D5F000204601F049F90546E8B9384601F0B2F88D
:10D6000068B116222277B3790533B3713946009693
:10D6100043462046FFF751FD04B0BDE8F081F9F71D
:10D62000A1FE33461B680135EDB2002BFAD1063559
:10D63000A8421DDC092504F1440005F007F9009615
:10D640002B463A461621204600F048FC092DE3D12E
:10D65000204602AA50F80C3B93F870308DF8083041
:10D6600040F2055141F20913039305F024F8D3E782
:10D670000121304605F078FB01460028DAD004F19C
:10D68000440005F0CAF9B3790533B3714246334615
:10D690003946204604B0BDE8F04100F071BC0125D8
:10D6A000C9E713B5044641B9443005F0CFF8204628
:10D6B00002B0BDE8104000F08DBC4369182213F0A1
:10D6C0000803027706D0002300931946FFF7F5FC04
:10D6D00002B010BD1A46194602B0BDE81040FFF76F
:10D6E00006BD7FB5C58B04462DB342F6052001F07B
:10D6F00089FAA84207D10021204600F078FF63692B
:10D7000023F00103636140F20A41204600F0B2FEBB
:10D7100000260DF10E0229462046ADF80E6001F0FC
:10D7200084F8BDF80E2000920346022229462046C6
:10D73000FFF79AFEE68304B070BDF7B504461F46B6
:10D740000E46154600F082FE237C012B58D0237F25
:10D75000182B2CD063691B0713D5217F16292DD0D8
:10D7600008D8122914D00225204600F074FE28465D
:10D7700003B0F0BD18291AD05229F4D10023237721
:10D7800013E0304600F0EEFF0028E6D12125EBE75C
:10D790000023237735B1009332462B46204600F014
:10D7A0009DFB02E0204600F0DCFB0025DCE72A467A
:10D7B00031462046FFF79BFC0546D5E7002323773B
:10D7C000002DE8D1BDF82430089A009505211720D6
:10D7D00000F039FB20B90095112332461221DDE714
:10D7E00000F0EEFA626942F0080262618279053265
:10D7F0000346827131463A46204600F0C1FBD4E729
:10D800000725B1E72DE9F041054688B042F605202D
:10D8100001F0F8F9064604A8EEF790FF102205F192
:10D8200021010DEB020004F08EFC50B101212846CD
:10D8300000F0DDFE284601F097FA6B6923F0010342
:10D840006B6142F6030303A90220ADF80C30EFF739
:10D8500083F8012407464FF0000820463A464FF669
:10D86000FF7101F094F9044610B908B0BDE8F081E9
:10D8700000F060FF0134A4B20028EED0A64203D12C
:10D8800031462846EBF70CFF0DF10E0221462846E3
:10D89000ADF80E8000F0C9FF03460028DDD0BDF8CA
:10D8A0000E200092214601222846FFF7DDFDD4E735
:10D8B00008B5EEF731FF0020ECF780FB002008BD33
:10D8C00010B90120ECF76EBC70470220ECF760BC89
:10D8D0000020ECF75DBC38B50C460546E6F742FD86
:10D8E0004379C47523F0030343F003034371092311
:10D8F000837104F10C03C371A0F81550153038BDC5
:10D900002DE9F3410D4616468046E6F72BFD05F15D
:10D910000C03C3714379019023F0030343F0030325
:10D920004371092383710446A0F8158000F115079F
:10D93000304605F010F80544E57533463BB901A8BB
:10D94000314605F06AF8384602B0BDE8F0815A79F0
:10D9500022F0030242F002025A711B68EEE708B59A
:10D96000E6F706FD83790C33184408BD08B5ECF7DB
:10D9700067FBEFF7C3FBEBF77BFDEEF793FDBDE82D
:10D980000840FFF7A5BF10B50446ECF705FD20B928
:10D990002046BDE81040F9F7DFBB2046F9F7DCFB75
:10D9A000FFF793FFF1E773B50E4605F0BDFA0446A5
:10D9B00010BB42F6072001F025F90546E0B1B6F9A3
:10D9C0000030002BCCBF0533053B4FF00A02CCBF23
:10D9D000B3FBF2F393FBF2F35BB28DF80730012354
:10D9E0000DF107020021184605F020FA0022034637
:10D9F0002946104601F013F8204602B070BD4308D6
:10DA000003F05503C01A00F03303C0F3850000F0A3
:10DA10003300184400EB101000F00F00704710B5F1
:10DA2000421D441E002114F8010FFFF7E8FF944245
:10DA30000144F8D1084610BD0E2070470E207047F3
:10DA40000E2070470E2070470078EDF70DBE13B51D
:10DA50000C460DF107020DF10601EDF7F5FE30B1B0
:10DA60009DF80600031B5842584102B010BD01202A
:10DA7000FBE77047EEF72CBA704708B5EFF7F4F8FC
:10DA8000002008BDEFF79CBCEDF7CAB902F009B859
:10DA900002F009B87047704770477047EBF77CBADF
:10DAA0007047704700207047704770477047F8B55F
:10DAB00013681D0A04460F46164604350A4600211F
:10DAC00004F06BFBEDB221222046394604F00CFE37
:10DAD0002046294604F091FEA27933681444E3609D
:10DAE000F8BD7047704770477047704770470246EF
:10DAF0004FF482712020FFF7C4B908B5014600F049
:10DB00003800EDF793FA78B1D0E90132407810F09F
:10DB1000020F08BF1346C1F30741043B53F8040F3B
:10DB200010B102788A42F9D108BD38B505460C46D5
:10DB300004B938BD013C55F824301B69002BF7D0DF
:10DB40009847F5E770477047F8B54378DB07054617
:10DB500001D4EDF7ADFA6B786F6823F00C0343F056
:10DB600002036B70002657F826402CB905F10C0112
:10DB70002020F9F7ABFC0FE0A3680136002BF2D0B0
:10DB8000984704460028EED031463846FFF7CDFFCF
:10DB90006B7823F002036B702046F8BD4078C0F329
:10DBA00040007047437813F00E0F0CBF0120002097
:10DBB000704710B5EDF7E6FA0446EDF7FBFA20469C
:10DBC00010BD4FF48270704708B5EDF72FFAC068AA
:10DBD000003818BF012008BD08B5EDF727FA20B1BD
:10DBE000BDE80840C06804F062BE08BD38B5EDF776
:10DBF0001DFA044650B1F9F79BFF054604F10C00ED
:10DC000004F042FE04462846F9F798FF204638BD46
:10DC100037B58379019003440446D86800F0380092
:10DC2000EDF704FA054628B901A804F00FFE02201A
:10DC300003B030BD204604F013FEF9F779FF0199D7
:10DC4000044605F10C0004F0E8FE2046F9F776FFE3
:10DC5000EBF710F80020EBE72DE9F0410446250230
:10DC60001F4605F4E065C4F3072324F47F441D43F5
:10DC700024F0C7048B79EE1944F0800444EA16249A
:10DC800036020C33B6B23443CC50084601EB0308DD
:10DC90001146FFF7BDFF20B94544EF704046BDE88F
:10DCA000F0814FF00008F9E7427810B504320446DD
:10DCB00001F00400D2B2002140F0290005F04CF838
:10DCC00018B1837922680344DA6010BD10B50021D1
:10DCD000FFF7EAFF044608B9002010BD0179FFF7FD
:10DCE00097FF0028F8D1A3790C33E018F5E72DE968
:10DCF000F04117461A4603681C0204F4E064C3F3BB
:10DD000007231C4301F0040141F0290504340646B1
:10DD10003B462146284605F089F8804650B1E1B2DD
:10DD200004F0D4FD30683B462A464146BDE8F04148
:10DD3000FFF792BFBDE8F0812DE9F34101F0040146
:10DD400041F029050024076829460646106814603A
:10DD5000019004F085FD019804F0FDFD390201F405
:10DD6000E061C7F30727394380460122043101A847
:10DD700004F06EFF30B101A804F068FD204602B047
:10DD8000BDE8F0810199306843462A46FFF764FFF9
:10DD9000F5E700207047A0F86E10704701238B4014
:10DDA00090F87110194380F87110704708B5012080
:10DDB000F9F7F8FAC0B208BD83790C3318447047FC
:10DDC0001438704710B50446A1F1140004F0C3FDE7
:10DDD000201A20EAE07080B210BD70B51C460D46D6
:10DDE0001646FFF7EFFFA04207D322463146A5F1C2
:10DDF000140004F0EEFF012070BD0020FCE770B5B8
:10DE000006460D4614467AB90A462046082104F013
:10DE1000A3FF044690B92A460821292004F09CFF5C
:10DE2000044658B9204670BD104604F00FFD204648
:10DE300004F0C5FE08231D44A371E571A3790C33DA
:10DE40001C442670EEE72DE9F0411646069A074677
:10DE500088461D46FFF7D3FF0446F0B114382A4622
:10DE60003146069004F0B5FF854217D9069B1C7910
:10DE700006A804F0200404F0E9FC74B94246082125
:10DE8000292004F069FF2A463146069004F0A1FFDC
:10DE9000854206D906A804F0D9FC00242046BDE836
:10DEA000F081069A93790C33D418D754F6E711B160
:10DEB0001439EDF75DBB1A20704738B500220446CF
:10DEC0000D4602200321FFF79AFF014608B1A0F892
:10DED00001502046BDE83840FFF7E9BFF8B50446D9
:10DEE0000F4616460521069A01201D46FFF787FFBB
:10DEF000014638B14770468005712046BDE8F840BC
:10DF0000FFF7D5BFF8BD38B50D46032104460846D6
:10DF1000FFF775FFA0F8015001462046BDE83840E4
:10DF2000FFF7C5BF73B5054608466C89089E1146C4
:10DF3000641A1A46BDF81830A4B29C4228BF1C4689
:10DF4000079B00932346FFF77EFF014630B128462A
:10DF5000348002B0BDE87040FFF7A9BF1A2002B0BC
:10DF600070BD10B50121044600221320FFF747FFC2
:10DF7000014620B12046BDE81040FFF798BF10BD14
:10DF8000F7B544890193054618460F46164604F036
:10DF9000E2FC053CA4B2844203DA011B01A804F0B0
:10DFA0007CFD0521019804F01AFE014628B901A85C
:10DFB00004F04CFC1A2003B0F0BD83790C33C21876
:10DFC0001720C854A2F80170A2F803602846EDF7A4
:10DFD000CFFAF0E710B50121044600221920FFF71F
:10DFE0000EFF014620B12046BDE81040FFF75FBF9D
:10DFF00010BD73B54489033CA4B2A3420E464FF052
:10E000000001009105464FF0030128BF23461B2065
:10E01000FFF719FF014670B110F80F3CA0F801603E
:10E02000012262F3071300F80F3C284602B0BDE856
:10E030007040FFF73CBF1A2002B070BD73B5448931
:10E04000033CA4B2A3420E464FF0000100910546E6
:10E050004FF0030128BF23461D20FFF7F4FE0146C1
:10E0600038B1A0F80160284602B0BDE87040FFF763
:10E070001EBF1A2002B070BD4B88042B07D1836CE1
:10E0800008885B8998428CBF0020012070470020DF
:10E09000704710B50446806920B10021EDF7A4F95E
:10E0A0000023A36110BD38B5A0224FF4A073C0E9CE
:10E0B000072300250723044680F83130C581857188
:10E0C000103004F0C3FB04F1140004F0BFFB204641
:10E0D000FFF7DFFF40F20113E3857F2384F832303E
:10E0E000A56265622046BDE83840FEF7C2BF07B5AD
:10E0F00001228DF807100DF1070104F06AFE03B04C
:10E100005DF804FBF7B505464FF428500C4600F0C7
:10E1100079FD064600F00EFBB0B3022C02D80020B9
:10E1200003B0F0BD00270DF105030DF106023146E5
:10E130003846ADF8067000F044FCBDF80620631EBA
:10E14000934206461EDC072C1AD9023CADF8064065
:10E150000824BDF80630002BE1D00133D9B228469F
:10E16000FFF7C5FF21462846FFF7C1FFBDF806208F
:10E170003146284604F02DFEBDF806000230CFE7F8
:10E18000ADF806700924E4E74FF0FF30C8E7022934
:10E190002DE9F34104460D461746184603D80020E2
:10E1A00002B0BDE8F08100F02DFD064600F0C2FA95
:10E1B0000028F4D04FF000080DF105030DF1060220
:10E1C00031464046ADF8068000F0FBFBBDF8063056
:10E1D000BDF82020934228BF13460646AB429DF867
:10E1E000050028BF2B46ADF80630C0B9002BD7D0AC
:10E1F00001339AB29542D3D9D9B22046FFF777FFBF
:10E2000039462046FFF773FFBDF806203146204609
:10E2100004F0DFFDBDF806000230C0B2C0E74046A2
:10E22000BEE738B50446EDF751FA38B1022905D8F2
:10E2300020460022BDE83840EDF7D6BB212038BD8E
:10E2400091F839305B0773B506460C4615462DD458
:10E250000846EDF7D9F96B1E042B16D8032D14D000
:10E26000A379142B24D0A3697BB90093ADF80430B3
:10E270008DF80630EBF794F96946EDF72BF818B9ED
:10E280001A25284602B070BDA061636AE57343F0A9
:10E2900016036362EBF726F93046EDF7FBFA054605
:10E2A0000028EED02046FFF7F4FEEAE70225E8E773
:10E2B0002125E6E7002337B580F8723040F6FF737A
:10E2C000A0F86E308368C160DA0404460D4610D4AD
:10E2D00043F48063A3606A4640F203212046CDE9FF
:10E2E000004504F0E8F900212046EDF77DF803B081
:10E2F00030BD90F87600EDF7D3FCA36823F480538B
:10E30000E8E773B56E4604464A7930460D46063155
:10E31000EBF78CF996E80300A4F85010090C11F003
:10E32000800FE06484F8521004F1530312D00122EC
:10E3300005F112011846EBF779F90C352846FFF77D
:10E340006EFB28B10122294604F15A00EBF76EF961
:10E3500002B070BDB4F8501094F85220C4F85300C5
:10E3600099809A71E9E71FB590F87420019002F046
:10E37000010304468DF808300BB102F002038DF85A
:10E380000930204694F875308DF80A30039101F079
:10E39000E2FB01AA4FF40171204604F08CF92046FB
:10E3A000EDF7AEF804B010BDECF7F6BFFFF7FEBC1A
:10E3B0000A460021EEF76CBC13220121EEF768BC7F
:10E3C000826838B5C2F380320446B0F86E000D465C
:10E3D000EEF704FD20B9A3681DB143F40053A36018
:10E3E00038BD23F40053FAE783791A0705D413F0F4
:10E3F000100F0CBFFF200120704700207047002045
:10E40000704710B5044660B1806C50B1EEF75EF80D
:10E41000A06C0028FAD120460321BDE81040ECF79B
:10E42000E3BF10BD43898B4207B50CD050F80C2BCD
:10E43000ADF8063092F870208DF8042040F20141CA
:10E4400001AA04F038F903B05DF804FB436943F016
:10E45000040343617047436923F004034361704739
:10E460004069C0F380007047006847F230530022D3
:10E47000F8F738BE006804F0BBB838B543699B07AD
:10E4800004460D4603D540F20941FFF7F3FFEDF7CF
:10E490008DF808B1A3691D70204640F20941BDE81E
:10E4A0003840FFF7E1BF07B5027C012A09D00122FD
:10E4B000027440F20942914206D040F20A4291426F
:10E4C0000ED003B05DF804FB50F80C3B93F87030AD
:10E4D0008DF8043001AA4FF4816104F0ECF8F0E704
:10E4E00050F80C3B93F870308DF8043001AAF4E733
:10E4F00038B522F000430D46114640F20322934204
:10E5000004461AD0B3F5017F09D240F201229342AA
:10E5100013D040F20222934209D0002038BD6FF49C
:10E5200081621344012BF8D8FFF7BDFFF5E700F037
:10E5300022F92046FFF766F9EFE763699B0704D5E8
:10E5400040F209412046FFF795FF2846FFF759FFA3
:10E55000E3E708B5ECF70AFF00B1806C08BD08B529
:10E5600000B10068ECF710FF08B9034602E0836CC5
:10E57000002BF7D0184608BD10B5044642F62A30E5
:10E5800000F040FB031B5842584110BD022806D141
:10E59000088842F62A33C31A58425841704700206F
:10E5A000704710B5044642F6293000F02BFB031BE0
:10E5B0005842584110BD90F8200000F0010070470B
:10E5C0001FB504466846EEF7B9F81022694604F113
:10E5D000210003F0B8FDB0FA80F0400904B010BD8E
:10E5E00008B5FFF7EDFFB0FA80F0400908BD70B53F
:10E5F000044600F1210591B92846EEF79FF82368FB
:10E6000093F97500FEF71BFD78B120682B4690F951
:10E610007500BDE8704010220D21FEF7CABC102223
:10E620000021284603F0B9FDE9E770BD38B590F840
:10E6300020200446002341FA03F0C50703D442FA20
:10E6400003F0C0071ED40133082BF4D101F00105FB
:10E6500023682A4384F8202093F97500FEF7EFFC25
:10E6600040B12346012253F8200B0C2190F975008C
:10E67000FEF79FFC0DB9002038BD00212046FFF7B2
:10E68000B6FFF8E71320F7E768B13F290AD800EB97
:10E69000A10001F0030190F831004900084100F0A9
:10E6A000030070470020704710B50368044693F9D3
:10E6B0007500431C0DD0FEF7C2FC50B1234610225A
:10E6C00053F8310BBDE8104090F975000B21FEF7AF
:10E6D00070BC10BD10B590F87430DB0706D490F90B
:10E6E0007530013314BF0F20052010BD847CEEF778
:10E6F0002FFE844234BF0C200020F6E730B585B0F1
:10E7000004466846EEF71AF81021684604F0A3FBA9
:10E710002046EEF7EBF9C2686B46063204AD1C46A4
:10E7200003CCAC4210605160234602F10802F6D1DE
:10E7300005B030BD08B5EEF7D9F908B1EEF7AAF982
:10E74000C0B208BD013810B580B2EEF7CFF904466B
:10E7500008B9002010BD408800F07FFB0028F8D0E9
:10E76000207BF7E708B5EEF7C1F918B1007AC31FAF
:10E770005842584108BD70B50546044655F8213B3E
:10E7800093F97500431C04D12846BDE87040EDF7AD
:10E79000D5BFFEF754FC0028F6D02346102253F8CC
:10E7A000310B0B2190F97500FEF731FC2346012255
:10E7B00053F8200B0C2190F97500FEF728FC206817
:10E7C0002B4690F97500BDE8704010220D21FEF730
:10E7D0001EBC01302DE9F04185B228460E46EEF709
:10E7E00085F942F60217044642F603089CB120461A
:10E7F000EEF750F978B1204600F03EFBB84205D163
:10E800000EB123883380607BBDE8F081204600F0A4
:10E8100033FB404502D14FF0FF30F5E70135ADB293
:10E820002846EEF763F90446E0E72DE9F04707468E
:10E830000E4690460D4642F6021942F6030A01358D
:10E84000ADB22846EEF752F9044678B1EEF722F958
:10E8500060B1204600F010FB484505D1237A072B14
:10E8600004D10320BDE8F0875045E8D14146304649
:10E87000FFF7AFFF431C014604D03846BDE8F04720
:10E88000FFF702BF0020EDE770B5054608461646C3
:10E89000EEF72CF9044608B9012070BDEEF7FAF83E
:10E8A0000028F9D0F00713D4B10734D4720702D589
:10E8B000A3885B0732D516F0060F31D116F400603D
:10E8C000EBD0A38813F4006F14BF00200620E4E708
:10E8D000A388DA0743D513F0700F0AD1980610D435
:10E8E0005806E1D52B6893F975300133DCD1082047
:10E8F000D3E72868FFF7EEFEA388990608D500281D
:10E90000CBD12A6892F874209207E9D40520C4E795
:10E910000028C2D1E4E7A3889907C7D40320BCE745
:10E92000A38813F4E06F09D198050FD45B05C5D512
:10E930002B6893F975300133C0D1D8E72868FFF709
:10E94000C9FEA388990507D50028A6D12A6892F8A0
:10E9500074209207EAD4D9E700289ED1E6E7022086
:10E960009BE738B504460846EEF7C0F8054608B9F7
:10E97000012038BDEEF78EF80028F9D0AB8813F4EB
:10E98000E04F0CD1980412D413F48040F1D02368E6
:10E9900093F97500431C58425841C000E9E72068CC
:10E9A000FFF798FEAB88990408D50028E1D12268CA
:10E9B00092F874209207E7D40520DAE70028D8D12E
:10E9C000E2E72DE9F0474FF0000983F80090044694
:10E9D000A2F800900846884616461D46EEF786F8CF
:10E9E000074620B901232B700020BDE8F08774B1E1
:10E9F000EEF750F80028F5D04046FFF7D2FD30B1D1
:10EA0000012385F8009004F120003380EDE72B46C8
:10EA1000324639462046BDE8F047EDF71BBE2DE9EA
:10EA2000FF4107460846884616460393EEF75EF810
:10EA3000044638B903A803F009FF0125284604B0AD
:10EA4000BDE8F0811FB1EEF725F80028F2D0237A57
:10EA5000072B05D8DFE803F017262F381C171721DE
:10EA600026BB0398002835D13246257A022D62D084
:10EA7000032D64D0012D3BD0002F7FD1002503A8AA
:10EA800003F0E4FEDAE703A803F0E0FE0325D5E790
:10EA900003A803F0DBFE0625D0E703A803F0D6FEAB
:10EAA0008025CBE7E3685D88B54209DA03A803F067
:10EAB000CDFE0725C2E7E3689A88B242F6D35D88A7
:10EAC000039840B9024609E0022EEFDC039868B9CA
:10EAD0000246CAE7354603F03EFF82B29319AB42C5
:10EAE000C3DD03A803F0B2FE0D25A7E70225F2E778
:10EAF000E068039906300023304403F09DFE002FA8
:10EB0000BCD0237A032B39D103A803F09FFE002148
:10EB10002046EDF7A5FF68B30588617B3846FFF70F
:10EB2000B3FD01220346CDF8008029463846FEF7A2
:10EB30009BFC002582E7E068B3188380D9E7039B3C
:10EB40009A79D979891AC9B2481E012810D8134474
:10EB500002291A7B04BF5B7B42EA0322237B32EA51
:10EB600003038CD1617B01233846EDF749FDC6E7ED
:10EB70000D2584E708F1FF35ADB2CEE7039B009386
:10EB80003A7F334641463846FEF754FCD1E7884287
:10EB900070B504460D46164611D8012838BF012429
:10EBA0002046EDF7A3FF10B14388B34208D00134EB
:10EBB000A4B22046EDF77EFF08B1A542F0D20024B2
:10EBC000204670BD70B50C4616461D460146B8B1CC
:10EBD000B3B1022C01D0102C12D1E0B2EDF7BCFE83
:10EBE0004FF6FF718842024602D141F20A1070BD11
:10EBF0003046FFF7CCFF0028F7D028800020F6E74A
:10EC00002120F4E707B50023ADF80400ADF8063085
:10EC100001220DF10603022101A8FFF7D3FFBDF881
:10EC2000060003B05DF804FBF8B5441C0F46164619
:10EC3000A4B22046EDF75AFF10B9013CA0B2F8BDCE
:10EC400000F01AF90546304600F0F2F820B12846E7
:10EC500000F0EEF80028F0D1304600F0E2F820B1E4
:10EC6000284600F0DEF80028E7D10134A4B220469F
:10EC7000EDF720FF08B1BC42DBD94FF6FF70DEE7AD
:10EC80002DE9F04F87B00D460C8881469A46022048
:10EC90008B88ADF8103004A99046EDF75DFEAB68A7
:10ECA0000090A888AF89059300F0BBF838B1102F09
:10ECB00005D105A8EDF736FE022808BF02274FF65A
:10ECC000FF7B33E0009A2046FFF761FF064680B3E2
:10ECD000AA886988FFF7A8FF04463046FFF72AFD97
:10ECE00000B30DF10F030DF1120231464846FFF754
:10ECF00068FE9DF80F302BB1A8F80060184607B0E9
:10ED0000BDE8F08FBDF81220BA420BD105990193EE
:10ED10003A4603F018FA019B20B9A8F80060AAF857
:10ED20000040EBE75C4504D00134A4B26988A142FD
:10ED3000C8D80A23E2E708B5EDF7D8FEBDE80840D9
:10ED400000F09AB838B505460846EDF7CFFE044600
:10ED500010B94FF6FF7038BD0DB96088FBE7EDF7CD
:10ED600099FE0028F9D1F4E770B5044642F6052073
:10ED7000FFF748FFB0B10021FFF72BFD0546014624
:10ED80002046FFF781FC10220646002104F13100E5
:10ED900003F003FA3246294620460023BDE87040BE
:10EDA000EDF72EBC70BD7FB504460D461022002144
:10EDB000684603F0F2F90026AB575A1C1BD03146C7
:10EDC0002046FFF761FC002B194604AAB8BFD91CE6
:10EDD00002EBA10100F00302584200F0030003F02F
:10EDE000030358BF43425B0002FA03F311F8102CEF
:10EDF000134301F8103C0136402EDDD16B4604F17F
:10EE0000310504AE1A4603CAB2422860696013464F
:10EE100005F10805F6D1204604B0BDE87040FFF7C3
:10EE200043BCA0F5205001288CBF00200120704772
:10EE300042F60303C31A58425841704708B5030409
:10EE400009D4EDF755FDA0F5205080B201288CBF04
:10EE50000020012008BD0020FCE7020408B507D40B
:10EE6000EDF746FD42F60303C31A5842584108BD68
:10EE70000020FCE7C00B704703464088B3F902301E
:10EE8000002B01DBEDF734BD0020704708B5FFF71C
:10EE9000F3FFA0F5205080B201288CBF0020012094
:10EEA00008BD10B504468069143003F0CFFCA0699A
:10EEB000BDE81040183003F0C9BC2DE9F04105460B
:10EEC0000F4614461E46FFF7ECFF23463A4608213C
:10EED0000020D5F8188003F0A9FFAA69C8F814002B
:10EEE000536923B1548116820020BDE8F0811A20B5
:10EEF000FBE770B50446084603F02DFDA1698A8939
:10EF00004D8986B212B1521B96420CDA6389581EA3
:10EF100080B225B90A78082A04BF043B98B2831B43
:10EF20005842584170BD0020FCE730B504468DB012
:10EF300054F80C0B9DF8405090F870008DF80400C8
:10EF400042EA0142029219462A4603A8079503F0B5
:10EF50002FF901AA40F20241204603F0ACFB0DB0AC
:10EF600030BD10B550F80C4B86B094F87040ADF839
:10EF70000E10ADF8102040F2064103AA01938DF85F
:10EF80000C40059303F097FB10B901A803F05EFC59
:10EF900006B010BD37B504460D46FFF782FF204688
:10EFA00040F20941FFF766FAA369204600221A7071
:10EFB00050F80C3B019593F870308DF800306A469C
:10EFC00040F2074103F077FB03B030BD13B5019168
:10EFD0000021044602F09BFA042200230DEB0201FB
:10EFE0002046FFF76AFF02B010BDF0B5044685B0B9
:10EFF0000F461E46154652B983691B78072B30D041
:10F00000082B14BF15460925002E18BF0D250A9898
:10F0100003F0A1FCA3699A894AB15B8981B2D21A33
:10F02000914204DD92B2891A0AA803F036FD204607
:10F0300001AA50F80C3BADF8067093F870308DF8CB
:10F04000043040F205410A9B8DF80850ADF80A6083
:10F05000039303F030FB10B90AA803F0F7FB05B0E7
:10F06000F0BD0B25D0E7B0F80AC0ACF1020C9C450E
:10F070002DE9F04105460E4617461C4603DDBDE866
:10F08000F04102F0EFB98369224619810023394625
:10F09000FFF713FF044658B9AB6902460E333146F9
:10F0A000284602F0FAF9044610B12846FFF7F9FEA7
:10F0B0002046BDE8F0812DE9F0438FB0202A0546B7
:10F0C000039117461C460BD941F2041421462846E9
:10F0D000FFF760FF03A803F0B9FB0FB0BDE8F083B2
:10F0E000002B46D10846A2F1060803F034FC5FFA73
:10F0F00088F81FFA80F94FF6FF764C4510D3AB69BC
:10F10000DA88B24239D942F60203ADF81430711CE4
:10F110000223009389B205AB284602F04CF925E0A2
:10F1200023463A46039906A803F086FBAB69BDF86F
:10F1300018609A88B242C7D8DA88B242C4D3BDF800
:10F140001A10BDF81C20B8F1000F09D0CDF80080CE
:10F150000DF11E0328463C44FFF7E7FEA4B2CCE7BE
:10F160009E8019815A81284602F03EF90446002803
:10F17000B0D041F20A139C42A8D10024A6E72DE9A1
:10F18000F04796B01C46836901921B78062B064611
:10F1900003D0102B60D001A81CE001291046039277
:10F1A00014BF4FF010084FF00208002C4CD103F0B0
:10F1B000D2FB08F1020987B24FF6FF75A7420ED8BD
:10F1C000B369DA88AA4237D8002421463046FFF7CF
:10F1D000E1FE03A803F03AFB16B0BDE8F087234632
:10F1E0004A46039904A803F027FBB369BDF8105001
:10F1F0009A88AA422DD8DB88AB422AD39DF81330D7
:10F20000282BE1D0B24642465AF80C3B0DF11201D0
:10F2100093F870308DF830300DA8ADF83250CDF83D
:10F2200044804C4402F0C4FF0CAA40F20441504612
:10F2300003F041FAA4B2C1E7691C89B2304602F07A
:10F240008AF804460028C4D041F20A139C42BBD07D
:10F25000BBE741F20414B8E701291046049214BF39
:10F260001227042784BB03F076FB42F6021885B20E
:10F270004FF6FF71A5420DD8B369DB888B4221D9C7
:10F2800001314FF6FF7289B2304602F064F804464D
:10F29000A0B119E0049923463A460CA803F0CCFA31
:10F2A000BDF83220BDF830109DF83330424507D10B
:10F2B000B26902230A323046FFF7D5FE04A889E777
:10F2C000282B06D141F20A1421463046FFF762FE90
:10F2D000F4E73C44A4B2CDE7F0B587B0836903916D
:10F2E0001B78022B0546144653D108460491002A88
:10F2F00047D103F030FB4FF6FF7687B2A7420DD817
:10F30000A869C288B2422BD8002421462846FFF7BC
:10F3100041FE04A803F09AFA07B0F0BD0499042254
:10F32000234605A803F088FAAA69BDF8141090884E
:10F33000BDF81660814229D3D388994226D88642E7
:10F3400024D39E4222D85069927A837900920C335A
:10F350000344324628460434FFF7E7FDA4B2CDE764
:10F3600043694089019098790C300344711C0093E3
:10F3700089B24FF42053284602F001F804460028D1
:10F38000C7D041F20A139C42BFD1BDE741F2041439
:10F39000BBE703A8BEE7F0B587B005460391174663
:10F3A0001C4653B9FFF7A5FD38B103990123224646
:10F3B000284600F084F807B0F0BDA9690B78082B47
:10F3C00005D8062B44D8032B0FD003A83DE00E2B05
:10F3D000FBD1039B0593002C6DD1002B6BD00989C9
:10F3E00022462846FFF7BDFD59E00398059018B363
:10F3F000ECB983794A8909890C33102603440096B5
:10F400002846FFF792FDAB699988DA88914217D2B6
:10F4100042F60203ADF8103001310223009389B2A5
:10F420000DEB0603284601F0C6FF044660B141F229
:10F430000A139C4204D101E0002CF8D141F21F04D0
:10F4400021462846FFF7A6FD05A803F0FFF9B2E71D
:10F45000039805907CBB70B303F07DFA0FB386B2BE
:10F46000B7421ED2394605A803F052FC38B905A8A8
:10F4700003F0ECF91A212846FFF78CFD9BE783790E
:10F48000C218023391898371AB69F61B5B890090C6
:10F4900000222846B6B2FFF7A8FDB742E2D92146BE
:10F4A000E9E7AA6953891189059A00922846002242
:10F4B000FFF79BFDF3E705A803F0C8F9EFE7F0B508
:10F4C00085B0064603911F46144632BB084603F03A
:10F4D00042FA054608B3B1690B784A89082B0BD864
:10F4E000062B0BD9039B098900933046134622460D
:10F4F000FFF77BFD039401E00E2B19D0B1694B8916
:10F50000EA1892B2B2F5007F4A8117D82FB1098963
:10F51000304601F07AFF044628B100222346114606
:10F520003046FFF738FF03A803F090F905B0F0BDAF
:10F53000039B09893046FFF714FDDBE741F2041411
:10F54000EBE773B5836901911B78082B04461546D8
:10F550000ED8062B0ED9019E20463146FFF7C9FC76
:10F560002A46034631462046FFF7A9FF02B070BD88
:10F570000E2BF0D001A803F069F9F7E730B587B09A
:10F58000836903911B78092B0546144611D1059117
:10F590005AB90091134621460F22FFF726FD214656
:10F5A0002846FFF7F7FC07B030BD05A803F04EF979
:10F5B000F5E703A803F04AF9F5E72DE9F04F9FB00E
:10F5C000876903913F78052F054616461C4604D8E7
:10F5D000032F16D810D003A867E0082FFBD10846E8
:10F5E0001391002B00F0C28013A803F02FF92146DD
:10F5F0002846FFF7CFFC01E0FFF75DFD1FB0BDE837
:10F60000F08F202A0846049148D8002B40F0A880AB
:10F61000571F03F0A0F9FFB21FFA80FA4FF6FF78E8
:10F620000DF11C0BA24506D8AB69DA88424500F201
:10F630008780002434E02346324604990BA803F067
:10F64000FBF8AB69BDF82C809A88424526D8DA8849
:10F65000424523D35969F1B9A946BDF82F2059F87D
:10F660000C1B9DF82E3091F870108DF84C10ADF8F1
:10F670004E200DF131013A4615A88DF850301997FA
:10F6800002F096FD13AA40F20341484603F013F836
:10F690003444A4B2C6E75A89102A09D941F20414A5
:10F6A00021462846FFF776FC04A803F0CFF8A5E72B
:10F6B0000023584603F0C0F8AB690DF13101102F5B
:10F6C000CDE9051B93F80A902BD1B9F1020F34D183
:10F6D00005A8EDF727F90228DAD14A46DDE9051039
:10F6E00002F031FD0028D3D12B46BDF82F1053F87E
:10F6F0000C0B9DF82E2090F870008DF84C00ADF8A2
:10F700004E108DF8502059464A4615A80293CDF860
:10F71000649002F04DFD029B13AA40F2034118468B
:10F72000B4E7022F09D1B9F1100F06D106A8EDF701
:10F73000F9F80228ACD13A46D0E73A465846CFE726
:10F7400042F60303ADF84C3008F1010102230093A7
:10F7500089B213AB284601F02EFE04460028A3D040
:10F7600041F20A139C423FF464AF99E759B9002172
:10F77000AA69002393815381118113993246284647
:10F78000FFF709FE3AE703F0E6F816B180B28642C9
:10F79000EDD1139A9379D118023389899371E7E7F0
:10F7A0002DE9F0438FB01C46836903911B78012B30
:10F7B000054617465BD10846059103F0CCF8202F8B
:10F7C0000BD941F2041421462846FFF7E3FB05A8B4
:10F7D00003F03CF80FB0BDE8F083002C42D105984F
:10F7E00003F0B9F8A7F104081FFA88F81FFA80F9A6
:10F7F0004FF6FF765FFA88F8A14505D8AB69DA883D
:10F80000B24220D80024DEE7059923463A4606A8EE
:10F8100003F012F8AB69BDF818109A88BDF81A60A9
:10F820009142CED3DB889942CBD89642C9D39E422F
:10F83000C7D8CDF8008007AB324628463C44FFF7D6
:10F8400074FBA4B2D8E74FF42053ADF81030711C0C
:10F850000223009389B204AB284601F0EAFD044676
:10F860000028B4D041F20A139C42CBD0ABE703A8E6
:10F87000AEE783691B780A2B02D00F3B012B01D81E
:10F88000FFF788BB7047F0B585B0174601938369D1
:10F890000A9E1A780A3A0446072A42D8DFE802F09C
:10F8A00004413041410441290198039003F053F889
:10F8B00085B203A802F0CAFF26B131462046FFF701
:10F8C00085FB0FE0A1697A194B8992B293420BD95B
:10F8D0000A8201F10E032046098901F0DEFD01468E
:10F8E0000028EBD105B0F0BD0121204601F00FFE4C
:10F8F000F5E72EB91A8A0198BA420BD04FF4816607
:10F90000019B039303A802F0A1FF31462046FFF7B5
:10F9100041FBE7E7DA89596903F028F80028EDD1BF
:10F92000EEE701A802F092FFDCE738B582691378B0
:10F930000D2B04460D4612D00F2B01D00A2B12D1ED
:10F94000536933B199790B4402F11400DD6802F078
:10F950007DFF29462046BDE83840FFF78ABFBDE855
:10F960003840FFF717BB38BD07B5002300921B22B4
:10F97000FFF73BFB03B05DF804FB07B583695980D3
:10F98000009200231D22FFF730FB03B05DF804FB5B
:10F990004B88052B05D108880E288CBF002001203C
:10F9A000704700207047F8B505460F4616460421FB
:10F9B0000A22002003F0D0F90246B8B184790C3451
:10F9C0000319052100204FF0060CD870997002F839
:10F9D00004C013241C715F7102245870D8719C718B
:10F9E0001E812846BDE8F840EAF754BCF8BD73B55F
:10F9F0000546104601920C4602F0ADFF042186B286
:10FA0000019803F0ECF8024628B901A802F01EFFA5
:10FA10001A2002B070BD837901900C33C1184C805C
:10FA2000C65221462846EAF735FC0020F1E72DE9C9
:10FA3000F04106468846174604210A22002003F0BA
:10FA40008BF90246B8B185790C354319002405219C
:10FA500006209970DC7050550120187102209871B1
:10FA60005C70304683F80580DC711F81EAF712FC78
:10FA70002046BDE8F0811A20FBE7002070470020F7
:10FA8000704707B501A8019202F0E0FE03B05DF8EF
:10FA900004FB7047002070470F2070470F2070470D
:10FAA0007047EDF77FBEEDF787BE10B588B0EBF776
:10FAB0005DFC044600284AD090F87200022848D124
:10FAC000A36813F4407F2AD094F87320012A32D11E
:10FAD00094F97500421C01D1D9052CD594F87430E5
:10FAE00013F0010327D1CDE90133CDE90433CDE98A
:10FAF0000633ADF80C30FDF7A2FAA36888B9DA0531
:10FB000019D5A06AE16A228E01AB03C31A80BDF841
:10FB1000042004AB0DF106012046EDF72FF908B0E3
:10FB200010BDDB05EDD494F9750001AB0A2202216A
:10FB3000FDF76DFAEBE7002345F217021946204660
:10FB400000F0ECF9B0FA80F040094000E7E721202E
:10FB5000E5E70220E3E738B545F21B020C460B4609
:10FB60000021054600F0DAF930B92CB121462846CB
:10FB7000BDE83840EDF778BC38BD00F036BA01F08A
:10FB8000C6BB01F0CFBB10B504464C30FDF738FAC8
:10FB900084F875002046BDE8104001F093BB10B515
:10FBA0000446FDF704FA02280DD194F8733094F955
:10FBB0007000012B14BF0521032184F83210BDE829
:10FBC000104001F0C7BBA36843F40073A36010BDED
:10FBD00000F0C6B938B503783E2B04460D4604D173
:10FBE0008378052B02D0ED2B0FD038BDB0F8030081
:10FBF000EBF7AEFB20B1B4F80D10621D00F050FA27
:10FC00002846BDE8384002F021BEB0F80300EBF70B
:10FC10009FFB0028F4D0B4F80D1004F10F03621D0F
:10FC200000F0F8FAECE72DE9F04188B06B46144695
:10FC30000D46024600F1100C1E46106851681F4622
:10FC400003C7083262453B46F7D11021304603F026
:10FC500002F904AB224604F1100798461068516877
:10FC60001C4603C40832BA422346F7D1102140464D
:10FC700003F0F1F81020F7F75BFB0746F8F761F99E
:10FC8000802241463846F8F766F9044610BB2B46F9
:10FC9000324601213846F8F7CAF90446D0B9102196
:10FCA000284603F0D8F81021304603F0E2F8384631
:10FCB000F8F74BF94046102103F0DBF830461021ED
:10FCC00003F0D7F839461020F7F754FB204608B068
:10FCD000BDE8F081214640F20740EDF7E3FBE2E7A3
:10FCE00008B51046F7F7BAFD003818BF012008BD67
:10FCF000F7B504460D4616461F460220E2F768F89F
:10FD00002146CDE900672B468022DFF70BFC044635
:10FD100020B1014640F20740EDF7C4FB204603B096
:10FD2000F0BD10B545F21A01044602F061FC204610
:10FD300047F23053BDE81040002245F21A01F7F7B0
:10FD4000D1B910B50A4604460821002003F004F892
:10FD500010B1837903441C7310BD38B505460C46B9
:10FD60000D201121FFF7EDFF024688B1837903448E
:10FD700021460D3304F1100051F8044B43F8044BB5
:10FD80008142F9D128460621BDE83840FFF72FBE51
:10FD900038BD38B505460C4604201121FFF7D1FFC8
:10FDA000024688B18379034421460D3304F11000E3
:10FDB00051F8044B43F8044B8142F9D128460621FF
:10FDC000BDE83840FFF713BE38BD38B505460C46D0
:10FDD00003201121FFF7B5FF024688B18379034460
:10FDE00021460D3304F1100051F8044B43F8044B45
:10FDF0008142F9D128460621BDE83840FFF7F7BD1A
:10FE000038BD37B5002205460821104602F0A4FF90
:10FE10000446C0B10C2301220DF107018DF8073013
:10FE200002F0D7FF296C20225131204602F0D1FF89
:10FE3000296C20227131204602F0CBFF2246062198
:10FE40002846FFF7D4FD03B030BD10B50446006C62
:10FE500030B94FF4BE7003F048F8206420B910BDEB
:10FE60004FF4BE7103F005F8226CFF2382F87A315B
:10FE7000A3681B0603D5C02313700120EFE794F895
:10FE80007330012B14BF80234023F5E708B5D0B2AF
:10FE9000EBF76CFA28B190F8773003F07F0380F825
:10FEA0007730012008BD036C4BB983681B0608D46A
:10FEB00090F87330012B14BF8020402070471878D1
:10FEC0007047C020704770B50446FFF7ECFFEDF7B0
:10FED00005FC0D460346002245F2010120469847E5
:10FEE000236C03B11D702846EDF7F8FB4FF4A041D9
:10FEF000034600222046BDE87040184770B51546FD
:10FF0000044648B1FFF7CFFFEDF7E8FB2A4603466A
:10FF10002046BDE870401847022070BD114608B564
:10FF20001A4621F00041FFF7E9FFB0FA80F04009DE
:10FF300008BD08B50B4601461846F7F78FFC003898
:10FF400018BF012008BD10B50446006838B11A2159
:10FF500002F08FFF2068F7F7FDFB0023236010BD40
:10FF600010B50446EDF728FB04F13400FFF7EBFF72
:10FF7000A3685A0606D523F04003A360002120465B
:10FF8000EAF756F9206C38B1042102F072FF206CB8
:10FF9000F7F7E0FB0023236410BDFF2838B50C46BB
:10FFA00015460BD00B461022062140B2FDF72FF864
:10FFB000102815D1002005B1286038BD0A46372029
:10FFC0001021E8F73DFF0028F4D010212046FFF76C
:10FFD000B0FF38B9224610213720E8F713FFEAE7CF
:10FFE0002120E8E740F20740E5E730B58DB00D4647
:10FFF000002208A9FFF7D1FF044648BB01460D22A5
:020000023000CC
:100000000DF1030002F0C9F8B5F803206B79ADF8E3
:10001000002004A908AA68468DF80230FFF703FE05
:1000200040F20343BDF810202A80002818BF1C4668
:100030009DF81230AB701021684602F01AFF1021B3
:100040000DEB010002F015FF102108A802F011FFCE
:1000500020460DB030BD38B50446C51C03212846E6
:10006000FFF767FFC8B9E27863797AB922791A4352
:10007000F4D003F07F0343F0400363715323A37173
:100080002146FF20BDE83840FFF7AFBFFF2AF0D17F
:1000900022791A40FF2AE1D0EBE740F2074038BD51
:1000A0000021EAF7C5B8F0B583685E0689B004465A
:1000B00055D523F040038360FFF7F5FE802801D07B
:1000C00040286ED194F97560751C04F134071CD179
:1000D000FCF76DFF02284ED0636B1A888DF8102054
:1000E0001A46042032F8021B090A8DF81110D3F8C1
:1000F0000230CDF812305368CDF816300A2204A928
:10010000E8F750FF0646701C35D0A368D90532D4F5
:100110002046FFF7C8FE802876B222D06B46102218
:1001200003213046FCF773FF0546102D56D1606B56
:1001300004A96A460A30FFF776FD29460646684656
:1001400002F097FE002E49D104A92046EAF770F884
:10015000294604A802F08DFE3846FFF7F4FE09B0E8
:10016000F0BD6B46102205213046FCF750FF0546D6
:100170000028D3D0D9E794F87430DA0702D4A36802
:10018000DB052BD5606B04F1180204A90A30FFF7D8
:100190004AFD04A92046EAF74BF810210DEB0100B7
:1001A000D8E7636B1A88CAB9882801D04B2815D1C3
:1001B000591C002211F8010F80B90132082AF9D127
:1001C000226C04A902F5A67203F10A00FFF72BFDC9
:1001D000A0B110210DEB010002F04BFE204641F2D0
:1001E0000601EDF741F920460021EAF721F804F174
:1001F000340009B0BDE8F040FFF7A5BE04A92046D1
:10020000EAF716F810210DEB010002F032FE04F1BE
:100210003400A2E7F8B51D4683685B0604460F4626
:1002200016462DD41A2002F060FE0146606320B904
:100230002046BDE8F840E9F7FBBF034605F1100191
:1002400023F8027B3268C0F8022072685A60636B40
:100250002A460A3352F8040B43F8040B8A42F9D1B8
:100260001021284602F005FEA36843F0400213F473
:10027000407FA26004D02046BDE8F840FFF713BFDE
:10028000F8BD38B504460D4605200221FFF759FD9B
:100290000246B8B18379034406215D732046FFF717
:1002A000A6FB45F490512046EDF7DEF894F8733044
:1002B000012B204618BF8021BDE8384008BF4021EF
:1002C000FFF701BE38BDB1F5A04F70B504460D462D
:1002D00016460AD045F20603994218D032462946FE
:1002E0002046BDE87040EDF759BB836843F08003BA
:1002F000836090F87330012B14BF80204020EDF70D
:10030000EDF9002203462046BDE870401847937976
:100310001344597C41F49051EDF7A6F8DEE72DE93E
:10032000F04196B015461D9F05AA1C4606460B4691
:1003300001F1200E9046186859689446ACE8030015
:10034000083373456246F6D12021404602F083FD12
:100350000DAB2A4605F1200E9C46106851681D46DB
:1003600003C5083272452B46F7D12021604602F0C2
:1003700072FDAEB3336C93F87931013B022B2FD869
:100380009DF8703043F0800301AA8DF8543004F1D9
:10039000100C2346154618685968144603C40833E0
:1003A00063452246F7D11021284602F054FD3B4612
:1003B000412241462846FFF79BFC1021044628466F
:1003C00002F057FD4121404602F053FD54B11EB1E9
:1003D00008213046FFF755FF204616B0BDE8F081F2
:1003E0000023D1E71021384602F035FD002EF3D06E
:1003F000224645F211013046FFF780FDECE72DE97A
:10040000F34790F87380056CB8F1010F044604D1EE
:1004100095F86C31002B40F04E8195F8783195F8C5
:100420006D91032B00F2E880DFE803F0027EA6CB9B
:1004300019F0010F73D011210620FFF782FC8246CC
:10044000002800F0388186790C360644771C10218C
:100450003846FFF76EFD014658B120460821FFF7E8
:1004600010FF002140F2074002B0BDE8F047EDF771
:1004700019B8A07CC0F11002384401F08EFE95F945
:100480007A013B4610220521FCF793FD58B100216B
:1004900040F21B40EDF706F80821204602B0BDE807
:1004A000F047FFF7EEBEFCF782FD02280FD1B8F14E
:1004B000010F0CD004F11803113657F8042B43F840
:1004C000042BB742F9D1A36843F48073A36052466A
:1004D00006212046FFF78BFA0B210720FFF731FC9E
:1004E0000746002800F0E780867995F97A310C36C6
:1004F000064443F43F43A6F801300821F01CFFF7FF
:1005000018FD95F97A01731C0A220421FCF751FDAC
:100510000028BCD13A4606212046FFF768FA95F834
:100520007831013385F8783119F0020F1FD011218D
:100530000820FFF706FC0646002800F0BC80817901
:100540000144002301AA0D31FF200193FFF725FD8F
:1005500040B108212046FFF794FE019940F2074080
:10056000ECF7A0FF324606212046FFF740FA95F847
:100570007831013385F8783119F0020F1CD0082149
:100580000920FFF7DEFB0746002800F094808679FB
:100590000C360644E9F700F8837983F00803C3F3C7
:1005A000C00373700368C6F802308388F3803A464C
:1005B00006212046FFF71BFA95F87831013385F8BC
:1005C000783119F0040F12D011210A20FFF7B9FB7E
:1005D000064600286FD0807930441022AB210D30C0
:1005E00001F0DBFD324606212046FFF700FA95F8C0
:1005F0007831013385F87831B8F1010F08D0236CD8
:1006000093F86C31002B56D195F87831042B52D1E8
:10061000A36C95F97A01313310220B21FCF7C9FC48
:1006200078B140F21B412046ECF71EFFB8F1010FF4
:1006300014BF80214021204602B0BDE8F047FFF7FB
:1006400042BCA36C95F97A01203301220C21FCF7FE
:10065000B0FC0028E5D1A36C95F97A012133102272
:100660000D21FCF7A6FC0028DBD1082295F97A01C0
:1006700004F110031146FCF79CFC0028D1D1236C37
:1006800093F87A2184F87520FF2283F87A21D3F831
:1006900074315B0603D404F14C00FDF7CFF9FCF78D
:1006A00086FC022802BFA36843F48073A36020463F
:1006B000ECF7B2FEBAE702B0BDE8F087EDF7C6B9D5
:1006C00070B5B1F5A04F88B0044615467BD045F211
:1006D0001B06B14240F0E38090F87430DA076AD527
:1006E000056CB5F86C312BB14C21FFF7ECFB002009
:1006F00008B070BDD5F874315B074BD5AB79DE0718
:1007000048D56B7BD80745D5A36C95F97A01313371
:1007100010220B21FCF74DFC38B140F21B41204662
:10072000ECF7A2FE40F21B40E2E7A36C206C203302
:1007300090F97A0101220C21FCF73BFC0028ECD156
:10074000A36C206C213390F97A0110220D21FCF763
:1007500030FC0028E1D1206C082290F97A0104F1E4
:1007600010031146FCF725FC0028D6D104F14C00FB
:10077000FDF764F9236C93F87A2184F87520FF2241
:1007800083F87A2120464021FFF79DFB2046ECF7B5
:1007900043FEACE705F5A67304F1180205F5AE7546
:1007A00053F8041B42F8041BAB42F9D1A36843F48D
:1007B0008073A360E6E74021FFF785FB29462046CA
:1007C000ECF752FE93E7006CD0F8743159073AD534
:1007D0000023CDE90133ADF80C308379DA0724D555
:1007E000437BDB0721D500F5A673102290F97A012F
:1007F0000321FCF7DEFB48B1002140F21B40ECF77F
:1008000051FE08212046FFF73CFD8BE7FCF7CFFBAC
:1008100002280AD1206C102200F5A673052190F958
:100820007A01FCF7C6FB0028E6D10023BDF80420BE
:10083000CDE90433CDE906330DF1060104AB2046C2
:10084000ECF79CFA53E7D0F8D130C0F8E930D0F893
:10085000D530C0F8ED30206C00F5A6721146E130BD
:10086000FFF7E1F9054630B120460821FFF709FD01
:1008700040F207403CE7236CA07C03F5A673C0F16F
:1008800010022946184401F088FCCDE90155CDE954
:100890000455CDE9065504AB2A4601A9CFE708B0B7
:1008A000BDE87040EDF77AB82DE9F04796B0DDE984
:1008B00022971D46DDF8908005AB06460C4602F1F6
:1008C000100A9E46106851689C46ACE80300083246
:1008D00052456346F6D17046102102F0BCFA09AACF
:1008E0002B4605F1100E944618685968154603C545
:1008F000083373452A46F7D16046102102F0ABFA5F
:100900001E9B0DAA03F1100E9446186859681546EF
:1009100003C5083373452A46F7D16046102102F01B
:100920009AFA9DF87C308DF844309DF880308DF82F
:1009300045309DF884308DF8463099F80630D9F866
:100940000000129083F00803C3F3C0038DF8473012
:100950000621B9F80430ADF84C3012A802F07BFA49
:10096000BB7983F00803C3F3C0038DF84E303B68B6
:10097000CDF84F300621BB88ADF853300DF14F0054
:1009800002F069FA01AA234604F110071546186817
:100990005968144603C40833BB422246F7D11021DC
:1009A000284602F058FA4346412205A92846FFF797
:1009B0009FF910210446284602F05BFA412105A860
:1009C00002F057FA34B108213046FFF75AFC16B04E
:1009D000BDE8F0874046102102F03DFA224645F27C
:1009E00013013046FFF78AFAF1E72DE9F0419CB098
:1009F0001546239F08AA1C4606460B4601F1200E09
:100A00009046186859689446ACE80300083373456B
:100A10006246F6D12021404602F01DFA10AB2A466C
:100A200005F1200E9C46106851681D4603C508322A
:100A300072452B46F7D16046202102F00CFA229B2A
:100A400018AA03F1100E944618685968154603C594
:100A5000083373452A46F7D16046102102F0FBF9AE
:100A600004AA234604F1100C154618685968144668
:100A700003C4083363452246F7D11021284602F00B
:100A8000EAF96B46502241462846FFF731F910211A
:100A90000446284602F0EDF95021404602F0E9F9FB
:100AA00034B108213046FFF7ECFB1CB0BDE8F08103
:100AB000039B3B603846042102F0CDF968461021C3
:100AC00002F0D7F9224645F214013046FFF716FA34
:100AD000EBE72DE9F0411D46069B90F87380044634
:100AE0000F46164653B110211046FFF722FA28B1DF
:100AF00020460821BDE8F041FFF7C3BB236C013E4F
:100B0000691E03F1100013F8012F16F801CF83427C
:100B100082EA0C0201F8012FF5D13A46294628460F
:100B2000FFF781F80028E3D1B8F1020F0CBF0023D2
:100B300006232B4404F1590204F15F0012F8016FFF
:100B40001978904281EA060103F8011BF6D1B8F149
:100B5000020F14BF002306232B4404F1520204F1B8
:100B6000580012F8016F1978904281EA060103F8E3
:100B7000011BF6D13A4629462846FFF754F80246AB
:100B80000028B5D1204645F21001BDE8F041FFF73D
:100B9000B5B973B545F20406B142044615460DD009
:100BA00045F21006B14222D0B1F5A04F38D1FFF77F
:100BB000B8F8236CD3F87431D90720D5236CD3F857
:100BC0007421D2070BD4AA790C3215446A1DB133B3
:100BD000153552F8041B43F8041BAA42F9D1216CC5
:100BE000D1F8743113F004030CD0832104E0016CBC
:100BF000C131FFF7EAF885212046FFF764F90020AC
:100C000002B070BD81F878310123009301F1D10267
:100C100001F1C103204601F5A671FFF75AFFEEE787
:100C200002B0BDE87040ECF7B9BEF0B545F2100374
:100C3000994285B0044600F087800CD8B1F5A04FEA
:100C40001CD045F2050399421DD0204605B0BDE8F1
:100C5000F040ECF7A3BE45F21103994200F08D80FD
:100C600045F212039942F0D1036C93F87931042BC9
:100C700040F2B380052B03D148217BE0FFF751F808
:100C8000002005B0F0BD9179036C0C310A44511D70
:100C9000D133153251F8040B43F8040B9142F9D1CA
:100CA000256C05F1E10705F1D106102231463846E1
:100CB00001F049FA20B904212046FFF7E2FADFE704
:100CC000D5F8743113F0040332D095F87931042B40
:100CD00013D105F21113039305F5A673029304F1E2
:100CE0005303019304F15A0300933A46334605F146
:100CF000F1012046EDF7D2F8C2E705F5AE7005F137
:100D0000110105F1510201900BB1052B06D1002311
:100D1000009320463346FFF702FBB1E795F87801D0
:100D2000D5F84831C34003F0010343F08003EFE7F7
:100D300085F878313246009305F5A67105F5AE7356
:100D40002046FFF7C6FE9BE7056C102205F1C101A6
:100D500005F5AE7001F0F7F90028ACD1D5F8743183
:100D60009B0742BF94F8743043F0020384F8743058
:100D70004B212046FFF7A7F882E7056C102205F10A
:100D8000C10105F5AE7001F0DEF9002893D195F8A8
:100D90007931013B022B0FD895F878310133DBB262
:100DA000142B85F8783107D0D5F8743123F001037E
:100DB000C5F874314321DCE705F21113039305F5FF
:100DC000A673029304F15303019304F15A030093B1
:100DD00005F1E10205F1D10389E74921CAE7B1F53F
:100DE000A04F70B50446154607D045F20406B1423F
:100DF0000CD0BDE87040ECF7D1BDFEF792FF236C3C
:100E0000D3F87431D90701D4002070BD236CD3F816
:100E10007421D20718D4AA790C3215446A1DC13343
:100E2000153552F8041B43F8041BAA42F9D1206C73
:100E3000102200F1C101B13001F085F920B904217F
:100E40002046FFF71EFADFE7206C1021E130FFF7A4
:100E500070F858B108212046FFF713FA40F2074016
:100E60000021ECF71FFB40F20740CEE7216C204643
:100E7000E131FEF78EFF47212046FFF724F8C3E754
:100E8000B1F5A04F70B50346144607D045F21806D9
:100E9000B14207D0BDE87040ECF780BDFEF741FFDE
:100EA000002070BD1268551C03D10121FFF7E9F93C
:100EB000F6E7016CD1F87401400741BF002281F8C8
:100EC00078212268C1F8482158BFC1F84C21184642
:100ED0004321FEF7F8FFE3E7B1F5A04F70B51346E5
:100EE000044607D045F20406B14207D0BDE8704081
:100EF000ECF754BDFEF715FF002070BD9979026C28
:100F00000C310B44591DC132153351F8040B42F812
:100F1000040B9942F9D1256C102205F1C10105F1AC
:100F2000B10001F010F920B904212046FFF7A9F91A
:100F3000E2E705F1E1012046FEF72BFF47212046BD
:100F4000FEF7C1FFD8E7B1F5A04F13B504460ED0A8
:100F5000A1F5A043103B012B45D8016CB131FEF740
:100F600034FF44212046FEF7AEFF002017E0016C5D
:100F7000D1F8743113F0040301F1E10228D01021FB
:100F80001046FEF7D6FF60B108212046FFF779F939
:100F900040F207400021ECF785FA40F2074002B02A
:100FA00010BD216C01F1B103019391F87821D1F8C2
:100FB0004831D34003F0010343F08003009301F173
:100FC000110201F1E10320465131FFF7A8F9CCE706
:100FD00081F878310123009301F1B10301F5A67185
:100FE000FFF777FDC1E702B0BDE81040ECF7D6BCD3
:100FF000B1F5A04F70B5044615467AD045F21B06F0
:10100000B14240F0CD8090F87430DA0769D5056CB4
:10101000B5F86C3123B18921FEF755FF002019E0A6
:10102000D5F874315B074BD5AB79DE0748D56B7BC0
:10103000D80745D5A36C95F97A01313310220B21DD
:10104000FBF7B7FF38B140F21B412046ECF70CFA32
:1010500040F21B4070BDA36C206C203390F97A01E4
:1010600001220C21FBF7A5FF0028ECD1A36C206C1A
:10107000213390F97A0110220D21FBF79AFF002805
:10108000E1D1206C082290F97A0104F11003114695
:10109000FBF78FFF0028D6D104F14C00FCF7CEFC03
:1010A000236C93F87A2184F87520FF2283F87A2143
:1010B00020468021FEF707FF2046ECF7ADF9ADE7AB
:1010C00005F5A67304F1180205F5AE7553F8041B77
:1010D00042F8041BAB42F9D1A36843F48073A360C8
:1010E000E6E78021FEF7EFFE29462046ECF7BCF943
:1010F00094E7006CD0F8743159072AD58379DA0760
:101100008CD5437BDB0789D500F5A673102290F9B7
:101110007A010321FBF74DFF48B1002140F21B404B
:10112000ECF7C0F908212046FFF7ABF890E7FBF792
:101130003EFF02287FF472AF206C102200F5A673E8
:10114000052190F97A01FBF734FF00283FF466AFE0
:10115000E3E7D0F8D130C0F8E930D0F8D530C0F8A6
:10116000ED30206C00F5A6721146E130FEF75BFD14
:10117000014630B120460821FFF783F840F20740CE
:1011800068E7236CA07C03F5A673C0F11002184435
:1011900001F003F8216C2046D131FEF7FAFD3DE75E
:1011A000BDE87040ECF7FABBB1F5A04FF7B50446C7
:1011B00008D045F21105A94236D003B0BDE8F04091
:1011C000ECF7ECBB006C1021D130FEF7B2FE60B141
:1011D00008212046FFF755F840F207400021ECF7C0
:1011E00061F940F2074003B0F0BD256C95F87961D4
:1011F00005F1C107013E022E01979FBFD5F84801B6
:1012000095F87861F04000F0010098BF40F0800050
:10121000009005F1510105F1110205F1D1032046BD
:10122000FFF77DF80020DEE7016CC131FEF7CDFD50
:1012300085212046FEF747FEF4E770B545F2040627
:10124000B1420446134624D045F21806B14206D0F6
:10125000B1F5A04F32D1FEF764FD002070BD1168DA
:101260004D1C03D10121FFF70CF8F6E7026CD2F810
:101270007401400743BF002182F878111B68C2F84F
:101280004C1148BFC2F8483184212046FEF71BFEAE
:10129000E3E79979026C0C310B44591DB1321533D7
:1012A00051F8040B42F8040B9942F9D1226CD2F8A0
:1012B000743143F00103C2F87431CEE7BDE87040E9
:1012C000ECF76CBB10B500230364044690F975007D
:1012D000431C13D0E8F7A2F8082204F1100394F994
:1012E00075001146FBF793FE94F91330012B07D1DB
:1012F00094F8743043F0020384F87430002010BD79
:10130000022BFBD194F8743043F00A03F4E74B88C6
:10131000062B05D1088841288CBF0020012070478A
:101320000020704707B58B7901910B440A46197C60
:101330004B1E0D2B04D801F5A0410131FEF7DEFD57
:1013400001A801F083FA03B05DF804FB70470020A8
:1013500070477047704770B504460E461546052124
:1013600000220420FCF74BFD014618B1A0F80160F3
:10137000A0F803502046BDE87040FCF798BDF7B5D3
:101380001D46002300930446BDF824300F46164640
:101390000721089A0620FCF756FD014628B1A0F85F
:1013A0000170A0F80360A0F80550204603B0BDE826
:1013B000F040FCF77CBD73B515461A460023009338
:1013C00004469DF818300E4608200521FCF73BFD29
:1013D000014618B1A0F80160A0F80350204602B001
:1013E000BDE87040FCF763BD38B5002204460D46E9
:1013F0000A200321FCF703FD014608B1A0F80150C3
:101400002046BDE83840FCF752BD70B504460E4694
:101410001546052100220C20FCF7F1FC014618B10D
:10142000A0F80160A0F803502046BDE87040FCF72A
:101430003EBD73B515461A460023009304469DF839
:1014400018300E4610200521FCF7FDFC014618B1AE
:10145000A0F80160A0F80350204602B0BDE870403B
:10146000FCF725BD73B54489033CA4B2A3420E46E4
:101470004FF00001009105464FF0030128BF2346BD
:101480001220FCF7E0FC014608B1A0F801602846F4
:1014900002B0BDE87040FCF70ABD2DE9F341984663
:1014A0008369054658690F46164601F054FA6C895F
:1014B000053CA4B280B2844228BF0446A8692146F4
:1014C000143001F025FC009048B1052208210020CD
:1014D00001F042FC019030B9684601F0B7F91A20DA
:1014E00002B0BDE8F081009901A801F096FA019AD6
:1014F00093790C33D1181620D054A8F80040284610
:10150000A1F80170A1F80360FCF7D1FCE8E738B559
:10151000002204460D4618200221FCF770FC01460B
:1015200000B145702046BDE83840FCF7C0BC70B53E
:10153000857904460C35461901F00DFA625D431EAB
:10154000013A9BB21C2A10D8DFE802F0110F160FE7
:10155000180F290F2F0F400F400F400F330F250F8B
:101560000F0F390F250F3E0F3E00002070BD042BDA
:1015700014BF01200320F9E7022BF9E743B3727887
:10158000022A0AD0012A23D10222013B0232B3FBF4
:10159000F2F102FB1133002BEAE71022F5E713F01A
:1015A000030F14BF01200320E0E78BB17278013BE9
:1015B000EDE76BB17278032A0AD9013BE7E7042B08
:1015C00034BF01200320D1E7022BF9E70320CDE748
:1015D0000120CBE702464FF0FF30EEF781BD07B5A3
:1015E000042201910DEB0201F6F714FC03B05DF843
:1015F00004FB38B50446251DDDF7BEF8002128465A
:10160000FFF7EDFF012104F10800FFF7E8FF0821D3
:101610002846FFF7DFFF01462046FFF7E0FF0020E6
:1016200038BDC0F30A030833B3F5006F06D28088D3
:101630004FF6FF73C31A5842584170470120704754
:10164000F8B50D4617461E46EEF702FB044638B9BC
:1016500005B12870002340F21C403B703460F8BD97
:1016600015B1C3881B0A2B70A37900200834F4E756
:1016700008B5084680B24FF6FF71EEF71DFB00205B
:1016800008BD0220704700207047012070470020ED
:10169000704700207047704737B5044601A80D46D3
:1016A000F3F7B2FD01A8FFF7F6FF01A920468DF878
:1016B0000650EEF7AFFD03B030BD08461146EEF719
:1016C00087BE7047431E012B03D9031F5842584160
:1016D00070470120704700F059BA4FF4A4720021FE
:1016E00000F05BBD10B50021044600F083F82046F1
:1016F000BDE81040F3F7CABCF3F73CB9F3F740B9C3
:10170000F8B505460E46EEF72BFED5F88C307BB1CA
:101710005B696BB1F0F722FED5F88C305B691B1A60
:10172000584240F26B124FF042015841EEF7FAFF77
:10173000F76800224FF6FF734FF0240CD0B2B84286
:1017400008D31C4621462846EEF794FF00F021FA04
:101750002046F8BDB1680CFB0011CC899C4202D236
:10176000002CEFD023460132E8E7EEF783BF008B71
:1017700070470A7838B505461046FFF7A3FF60B1F9
:101780004C782046FFF79EFF38B12243530704D41C
:101790002846BDE83840F3F7F9B8012038BDFFF717
:1017A000E8BF10B504460878FFF78CFF58B14A78B7
:1017B0001046FFF787FF30B1042A04D02046BDE869
:1017C0001040F3F71BB9012010BDFFF7EABFF2F795
:1017D00059BEF2F7D1BF70B504460D461646EEF776
:1017E00049FF30B9324629462046BDE87040F1F73E
:1017F00009BE70BDF3F7C6BE38B5044600200D46DD
:1018000000F0C5F9D4F8A0302BB929462046BDE830
:10181000384000F0DFBA022038BD38B504464888A9
:101820000D4600F0B4F9D4F8A0302BB92946204673
:10183000BDE83840F3F718B9022038BD00F0A8B968
:1018400000F0FCBAF0F75AB938B505460C46F6F781
:1018500068F92B6B1C40EB6A2343EB62F6F765F9E2
:10186000211E18BF01210020490238BDF3F7DCBB5F
:10187000F2F712BF00F013BB00F032BB084611466E
:10188000EFF702BDF3F710BA00F0ECBA38B5044632
:10189000154609B100F042FB25B12046BDE83840AD
:1018A000F3F7FCBA38BD0846F0F72ABC10B5044679
:1018B00000F08BF820B92046BDE81040EFF710B8D3
:1018C00010BD00F0B0B9F0F773BB2DE9FF419846A9
:1018D00004460E461746F6F72BF905462046FFF755
:1018E000E5FF0A9B02930023CDE900833A46314687
:1018F0002046EFF743F804462846F6F71FF920463E
:1019000004B0BDE8F08138B50446F6F711F9054694
:101910002046FFF7CBFF2046EFF70EF80446284697
:10192000F6F70CF9B4FA84F0400938BD38B504462E
:10193000F6F7FEF805462046FFF7B8FF204600F010
:1019400053F804462846F6F7F9F8204638BD38B56E
:101950000446F6F7EDF805462046FFF7A7FF2046B8
:1019600000F048F804462846F6F7E8F8204638BD67
:1019700070B504460E46F6F7DBF805462046FFF73D
:1019800095FF31462046EFF747F804462846F6F71C
:10199000D5F8204670BD07B513468DF80710002214
:1019A00019460DF1070000F0B9F803B05DF804FB2B
:1019B000084611461A4600F0B1B8012070470120D0
:1019C00070470020704700207047EEF7C1BE10B589
:1019D000F6F7AEF8044600F015F8EEF7DFFE204605
:1019E000BDE81040F6F7AAB808B50246EEF7B0FE1B
:1019F000507D08BD08B50246EEF7AAFE507D80F086
:101A0000010008BD00F00FB9F2F73CBF00F0C2B909
:101A1000437C03B108470220704710B5044600F02C
:101A2000E0FA20460321BDE81040F2F785BDFFF73C
:101A3000F4BF437C0BB100F0D0BA02207047437C66
:101A40000BB100F0CCBA0220704710B5437C0C46B5
:101A500093B149680022F3F74FFE206890FAA0F096
:101A6000000AF0F791FDA17A2089002281F001019E
:101A7000F3F7A0FE002010BD0220FCE71FB5CDE962
:101A80000012ADF8083069469DF818308DF80A301C
:101A9000FFF7DBFF05B05DF804FB00207047002076
:101AA00070472DE9F74F1C469DF8303001930368CD
:101AB00003F00703063301259D400646174605F14E
:101AC000FF380B46A1B1416804EA080BA5EB0B0AED
:101AD00041F00059524509EB0B0114D95246184602
:101AE00000F066FB7A1B5A444946504400F060FB04
:101AF000019B2BB13C4448EA050804EA0804F46061
:101B000003B0BDE8F08F1846F0E737B50025009523
:101B10001446FFF7C6FF204603B030BD70B50E4631
:101B20001546044608B9002070BD0078EFF78AFC1E
:101B300058B11EB12078EFF72FFD30701DB120781D
:101B400000F038F828700120EEE723780E2BEAD158
:101B50000EB1FF233370002DF5D0FF232B70F2E779
:101B600038B50D6804462846EFF746FCD4F89030A7
:101B700043B15B6933B1013504BF6FF001020A6004
:101B80000A681A60002038BDF3F7D6BC704770476A
:101B90007047704738B50D460446F0F7DFFBAC40A0
:101BA00042F2107364095C436423B0FBF3F0B4FBAE
:101BB000F0F038BD022807D0062807D0003818BF3B
:101BC00001204042C0B2704701207047002070479A
:101BD00030B51F23B0FBF3F35D1CEDB24FF0FF34C3
:101BE000C3EB4313AC40C01AE4430130E4B2C0B2CB
:101BF0001460086030BD70B505460E46C0B201F0F5
:101C00000F01FFF7C7FFC6F303110446C5F3072012
:101C1000FFF7C0FFC6F303210444C5F30740FFF7F5
:101C2000B9FF204470BD08B5F0F750F9BDE8084091
:101C3000F0F78AB910B50446F0F748F9844288BF36
:101C400001F1FF31204601F00301BDE81040F0F73B
:101C50007BB938B50446FFF7E6FF0546FFF7E3FF1B
:101C6000431BA342FAD338BD0020704710B5044689
:101C7000F0F7F8FBC4F30113022B05D0032B09D0B6
:101C8000012B00D1400810BDC4F3C4240134B0FBC3
:101C9000F4F0F8E78008F6E700F03003202B10B5E9
:101CA00013D110F4E02FC0F302440AD010F4C01F87
:101CB000C0F3C423B3FBF4F418BF6400052C0ED8A2
:101CC0006408FFF7D3FF604310BDC0F382136FF0C9
:101CD00012041C4104F00104C4F10204F1E70424DD
:101CE000EFE710B5044651B10B6843B15B6833B1FF
:101CF0001A68032A03D99C6A640E204610BDF5F7C2
:101D000010FF01462046F0F797FD04460846F5F718
:101D10000CFFF2E738B14FF47A735843A0F6AC5099
:101D2000401AF0F7A3BE4CF25030FAE7F1F742BE8A
:101D3000F1F740BEF1F73EBEF1F73CBE7047436B92
:101D400003F06003402B0DD0602B03D0203B5842A2
:101D50005841704749B10B68012B06D9486940F0DA
:101D60000100704740F201107047002070470346A1
:101D700070B10268022A0BD9426A12F47F4FC2F393
:101D8000072006D01B6AD2B25A43B2FBF0F070476C
:101D9000002070470220F0F783B8D0F894304BB1A0
:101DA0001A68022A06D993F8250028B11B6AB3FBEA
:101DB000F0F07047FFF7A0BC704708B50146D0F8B7
:101DC0009400FFF7D4FF20B9BDE808400846FFF7AC
:101DD00095BC08BD10B590F8D0300E2B04462BD022
:101DE0000175D0F8900020B3D4F8A0304BB994F826
:101DF000D9308B420BD320460022BDE81040F2F7C9
:101E00008DBEB4F92420B0F912309A42F3DD94F873
:101E1000D91000222046F2F781FE60B9C4F8900084
:101E20002046FFF7A4FC01462046BDE81040EEF72F
:101E300021BCFF23637510BD0220FCE70346D0F8E8
:101E4000D0000860B3F8D4308B800020704790F841
:101E5000D0300E2B14BF407DFF2070474FF48071AF
:101E6000F2F7F0B938B50D46FFF7A7FF0146044673
:101E70000020F0F719FF02460220A87174B1B2F5F4
:101E8000803F0BD863094FF2244101FB02302B68DD
:101E90002409B0FBF4F01B1A2B60002038BD3F2B47
:101EA000084610B5114619D9B3FA83F3C3F11902E4
:101EB000D2B2062A01D8192B0ED0062A28BF062234
:101EC000931DDBB201249C40A4B2A14228BF21464D
:101ED000EEF7F2FF204610BD0022F1E70024F9E7FB
:101EE00013883F2B10B5084616D9B3FA83F3C3F114
:101EF0001901C9B2062901D8192B0BD0062928BF10
:101F000006218C1DE4B20123A3401380EEF7F2FFFB
:101F1000002010BD0021F4E70120FAE7F2F79CB998
:101F200010B5084614460121F0F726FA2046012193
:101F3000BDE81040F0F720BAF8B504460E46174643
:101F4000F5F7EFFD3A4605463146204600F054F8D5
:101F500004462846F5F7E9FD2046F8BD0220704703
:101F600003207047EFF794BF10B5F3F7CDF904469F
:101F700008B9F1F739FA204610BD38B504461D46B8
:101F8000F3F7C2F928B929462046BDE83840F1F7F1
:101F9000FBBA38BD70478021F2F754B938B5054611
:101FA000F2F7E4FA04462846F2F7BEFA072811D100
:101FB000D5F89030DB6924F47F4121F0080103B1AA
:101FC0005B7841EA032141F020012846BDE8384012
:101FD000F2F7D2BA24F02001F7E70320704703207C
:101FE000704710B50446F3F771FB2046BDE810407A
:101FF000F3F744BB00207047F7B505460F46684627
:102000001146F3F71DFC064698B197B1DDE90031A2
:102010001B0A43EA0163A5FB0343090A05FB0135DB
:10202000F0F79CF90023024629462046F3F734FFD7
:102030003860304603B0F0BD00228A4202D14FF032
:10204000FF30704750F8223093FAA3F30BB90132F6
:10205000F3E7B3FA83F000EB4210704770B5A1FBD1
:1020600002543CB92946F4F7DBF8064628B90026A5
:10207000304670BD0C220260F9E72A46214600F086
:102080008CF8F5E72DE9F843074688461446002604
:10209000D4E90195B9F1010905D52468002CF7D1DF
:1020A0003046BDE8F883AB89012B07D9B5F90E306E
:1020B000013303D029463846C04706436835E9E76F
:1020C00010B50C46B1F90E10F4F7B2FA0028ABBF08
:1020D000636DA3891B1823F48053ACBF6365A38190
:1020E00010BD2DE9F0411F468B89DB0505460C46E6
:1020F000164605D5B1F90E1002230022F4F786FA30
:10210000A389B4F90E1023F48053A38132463B46D1
:102110002846BDE8F041F4F7ADBA10B50C46B1F968
:102120000E10F4F773FA431CA38915BF606523F4FE
:10213000805343F48053A38118BFA38110BDB1F92C
:102140000E10F4F753BA10B501390244904201D190
:10215000002005E0037811F8014FA34201D0181BBD
:1021600010BD0130F2E7884210B501EB020402D93C
:102170008442234607D8431EA14208D011F8012B00
:1021800003F8012FF8E7024401468A4200D110BD4E
:1021900013F8014D02F8014DF7E70244034693425C
:1021A00000D1704703F8011BF9E77047704770478B
:1021B0000A44914200F1FF3300D1704710B511F885
:1021C000014B03F8014F9142F9D110BD9368013BD7
:1021D000002B10B4936008DA9469A34201DB0A294A
:1021E00003D15DF8044B00F095B91368581C1060DA
:1021F000197008465DF8044B7047F8B506460F465F
:102200001446D518AC4201D1002007E014F8011B98
:102210003A463046FFF7DAFF431CF3D1F8BD2DE90B
:10222000F047164698468A680B69DDF8209093427D
:10223000B8BF1346336091F8432007460C460AB1F5
:10224000013333602368990642BF33680233336039
:10225000256815F0060506D104F1190AE36832680D
:102260009B1AAB4226DC94F843302268003B18BF2F
:10227000012392062BD404F1430241463846C84755
:1022800001301ED02368226903F00603042B02BF2D
:10229000E5683368ED1AA3680CBF25EAE5750025EB
:1022A0009342C4BF9B1AED1800261A34B5421AD1C6
:1022B000002008E00123524641463846C847013015
:1022C00003D14FF0FF30BDE8F0870135C6E7E118D4
:1022D0005A1C302081F84300224494F8451082F8BB
:1022E00043100233C7E70123224641463846C84718
:1022F0000130E6D00136D9E7B1F90C202DE9F041E3
:10230000170705460C4656D44B68002B02DC0B6CB5
:10231000002B3DDDE66A002E3AD0002312F48052F5
:102320002F68216A2B6025D0626DA389580705D5D7
:102330006368D21A636B0BB1236CD21A216AE66A06
:1023400000232846B047411C24D000236360236942
:102350002360A389DA0400D56065616B2F60B9B191
:1023600004F14403994202D02846F4F7B9F9002356
:1023700063630DE001232846B047461C0246D4D1D2
:102380002B68002BD1D01D2B01D0162B2BD12F6009
:1023900000202FE02A68B4F90C3042B11D2A01D088
:1023A000162A22D10023636023692360D5E7626087
:1023B00022692260CEE70F69002FE9D093070E68EB
:1023C00008BF4B690F6018BF0023A6EB07088B609E
:1023D000B8F1000FDCDD216AA66A43463A4628467A
:1023E000B047002808DCB4F90C3043F04003A38167
:1023F0004FF0FF30BDE8F0810744A8EB0008E7E7A5
:1024000038B50B6905460C4613B90025284638BD7A
:1024100018B1036A0BB9F4F713F8B4F90C30002BB8
:10242000F3D0626ED00704D4990502D4A06DFFF7F3
:10243000BDFE28462146FFF75FFF636EDA070546BB
:10244000E4D4A3899B05E1D4A06DFFF7B0FEDDE7DE
:1024500070B50C46B1F90E10002996B015461E460F
:102460000DDAA38913F0800F4FF0000114BF402351
:102470004FF48063002031602B6016B070BD6A4657
:10248000F4F712FC0028ECDB019901F47041A1F58E
:102490000053594259414FF48063EBE78B89F7B5FC
:1024A0009D0706460C4607D504F1470323602361C8
:1024B0000123636103B0F0BD01AB6A46FFF7C8FFBB
:1024C000009F054639463046F3F7AAFE48B9B4F9ED
:1024D0000C309A05EED423F0030343F00203A381EA
:1024E000E2E7A389206043F08003A381019BC4E954
:1024F00004075BB1B4F90E103046F4F7E7FB28B1DE
:10250000A38923F0030343F00103A381A3891D439F
:10251000A581CFE7F8B50E461446054618B1036A03
:102520000BB9F3F78DFFA369A360A3891A0701D53F
:10253000236943B921462846F4F760FB18B14FF0F0
:10254000FF373846F8BD23682269981A6369F6B2E6
:102550008342374605DC21462846FFF751FF002815
:10256000EDD1A368013BA36023685A1C22601E7052
:102570006269431C9A4204D0A389DB07E1D50A2E85
:10258000DFD121462846FFF73BFF0028D9D0D6E708
:10259000430803F05533C01A00F03333800800F0CD
:1025A0003330184400EB10104FF0013300F00F30BF
:1025B0005843000E704710B5044678B1036A41696C
:1025C0006BB180689847207E0023102863616360A8
:1025D00004D82146F4F7CEFE1123237610BD00293E
:1025E000F1D08368002BEEDB0846F5F7B3F8EAE795
:1025F00007B5002301911A4601A9F4F701FD03B0C4
:102600005DF804FB1FB5002402949DF81C40019462
:10261000069C0094F4F77AFC04B010BD13B50724AF
:102620000194049C0094FFF7EDFF02B010BD07B5C4
:1026300000230093FFF7F2FF03B05DF804FB03688B
:102640000B60016070472DE9F041054600680E46B9
:102650001746002408B9BDE8F081D0E90083B342F1
:102660000BD18368BB4208D154B9C5F80080C36858
:10267000DB0701D5F5F76EF8204604464046E9E74A
:10268000C4F80080F3E7D1E90112FFF7DCBF0023B3
:1026900070B51A46194604680546F4F7B1FC0CB942
:1026A0002C6070BDE3682668DB0702D52046F5F78D
:1026B00051F83446F3E72DE9F8430E461746054630
:1026C00010B90020BDE8F8830468002CF9D0D4E9E3
:1026D0000089A0683B4632462946C8470028F1D108
:1026E0004446F2E72420704738B5054614460A46AA
:1026F0000021FFF752FD24F01C046B7944F0100414
:1027000043F004032C716B7138BD2DE9F74F1F4660
:102710009DF8303000938A468046002850D000292A
:1027200067D00C68002C66D04FF0000BE679A179D9
:10273000761AF6B2BE4208D30C31394408EB0209CE
:102740002144F61B4546C84537E02068BF1BA34619
:10275000002835D00446E9E7AB19994538BFA9EB05
:10276000050632462846FFF723FD009B002B3DD08F
:10277000E279A079F3B237BB1844A071E279A3796A
:1027800027689A4232D1DAF80030A34208BFCAF86B
:102790000070BBF1000F01D0CBF800702046F4F7B9
:1027A0004BFE3C4635444CB1A379E67903F10C016C
:1027B000F61A2144F6B200274D45CDD3A5EB08000B
:1027C00003B0BDE8F08F121AD2B2F918914209DABB
:1027D0000C302044D21BD21A014438440193FFF735
:1027E000C2FC019BE279D31AE371C7E7A3462468D0
:1027F000D8E70846E4E72046E2E710B5C479C4F11B
:1028000045030246D8B2884228BF08460444D47122
:1028100010BD38B50546C079C0F14504E4B2944214
:1028200088BFD4B20C3022462844FFF7C1FCEB79B4
:102830002344EB71204638BD1FB503910021009160
:1028400003A9FFF762FF05B05DF804FB38B5044645
:10285000206800B938BD0568F4F7EEFD2560F7E79C
:1028600010B501F0EC01034603B910BD1A7902F06E
:1028700013020A431A711A1A544254415A7964F3E2
:1028800000025A711B68EFE710B558B10168026881
:102890005AB1136823B15C79E40704D500241460AD
:1028A0000360084610BD0360F1E71346F8E70346EE
:1028B00058B10020DA7999791B68521A50FA82F0DF
:1028C0001BB15A79D207F5D57047704770B50D46E0
:1028D0000446E8B186798E4203D3751A85710120CA
:1028E00070BDC27906F145039B1ADBB299420FD83D
:1028F00006F10C010144921BA81BD2B20844FFF759
:1029000032FC0023A371E3791D44AD1BE571E6E7BA
:102910000020E5E710B50C4698B191B18979E279CC
:10292000C379521AC3F14503D2B2DBB2934208D342
:102930000C312144FFF76DFF2046F4F77DFD0120A7
:1029400010BD0020FCE70346006818B102681A6059
:102950000023036070470346002003B97047DA790B
:1029600099791B68521A50FA82F0F6E72DE9F84F70
:10297000894614468246FFF7EEFF05464846FFF7B4
:10298000EAFFA542074601D3A04208D2BD4208D1C2
:102990000024A346A046264647B9384604E0274609
:1029A000F6E738D24FF0FF30BDE8F88F5EB99AF8FD
:1029B00006809AF80760A6EB080608F10C08D044D8
:1029C000DAF800A0F6B2BBF1000F0BD199F806407F
:1029D00099F807B0ABEB040B0C344C44D9F80090D9
:1029E0005FFA8BFB5E45354628BF5D46BD4228BF7A
:1029F0003D462A4621464046FFF7A5FB0028D3D195
:102A0000A8442C447F1BEDB2761BABEB0505F6B258
:102A10005FFA85FBC0E70120C6E703680BB90160D8
:102A200070471A461B68002BFBD111607047036882
:102A300003B10B600160704739B10B461A461B6841
:102A4000002BFBD1036813600160704770B5046808
:102A500006460D4644B12046FFF77DFFA84211D837
:102A6000236813B9E379A37170BD20463360F4F78E
:102A7000E3FC3468F4E7ED1A236833602046F4F78A
:102A8000DBFC3468002DEFD0A279E3799B1ADBB22E
:102A9000AB42F0D92A44A271E6E7F8B506680546CC
:102AA0000C4646B13046FFF756FFA0421DD83368AA
:102AB00013B9F379B371F8BD30462B60F4F7BCFC61
:102AC0002E68F4E7064638460768002FFAD1C27927
:102AD0008379D31ADBB2A34202D9121BC271EAE78F
:102AE000E41AF4F7A9FC3EB13760002CE3D0286863
:102AF0000028E0D00026E7E72E60F6E7F8B50446A8
:102B00000F46BC4200D1F8BDA179E5796D1AEDB24E
:102B1000C5F14506B6B20EB92468F2E749B10C31E9
:102B20002A46214404F10C00FFF71DFB0023E57148
:102B3000A3712368BB42EFD05A79D207ECD49979BC
:102B4000DD79A079E2796D1AEDB2B54200F10C00A1
:102B500028BF354610440C312A4619442044FFF75B
:102B600027FBE379206853FA85F3E3718379761BB9
:102B700053FA85F5C379EDB2AB42B6B2857103D194
:102B800003682360F4F758FC002ED2D1C4E738B5AF
:102B90000C46016809B9046038BD0D460968002972
:102BA000FBD1236823B12046FFF7A8FF2C60F3E791
:102BB00021462846FFF7AEFE0028EDD1F6E748B1E2
:102BC000002302794360036083604379027143F01C
:102BD00004034371704700221146F4F789BC38B5ED
:102BE00004460D46FFF772FE98B984B12079FFF7CD
:102BF000F2FF58B1637942790460C3F3400363F391
:102C0000410245235D1B4271C371857138BD0120AE
:102C1000EDE72046FAE738B5036804460D469BB158
:102C20001879FFF7D8FF88B1236803605B79427990
:102C3000C3F3400363F3410245235D1B4271C3713B
:102C400085712060002038BD0120EAE71920FAE7ED
:102C500038B50C46054640B3006830B309B90020CA
:102C600038BD4AB9C9B2FFF731FE0028F7D12B6849
:102C70009A799871A41A06E0452918D8C9B2FFF7C5
:102C800025FE0028EBD1442C07D8002CE7D0E1B278
:102C90002846BDE83840FFF7BEBF45212846FFF76C
:102CA000BAFF0028DCD1453CEDE72220D8E72120FF
:102CB000D6E72DE9F84390F8078090F80690A8EB46
:102CC0000907FFB2B94204460D4602D30020BDE811
:102CD000F8830079FFF77FFF06460028F6D0A17938
:102CE00080790C317F1B29440C30BAB22144304426
:102CF000FFF75EFAF3793B44F371E37999444D446D
:102D00002368A5EB0805E571012033602660DEE746
:102D1000F8B5076806460D463C46002305B12CB9B8
:102D20000BB100221A6034603846F8BDE379A2790D
:102D30009B1ADBB2AB4207D8E379A2799B1ADBB2CC
:102D4000ED1A23462468E9E7E9B22046FFF7B1FF10
:102D50000028F1D10746E7E75318452B02DCC9B23A
:102D6000F4F7C6BB00207047F7B5002605460F46AE
:102D700001960DB9019C09E0002211463846F4F78E
:102D8000B7FB044628B901A8FFF760FD204603B051
:102D9000F0BDAB798371EA79C2716879617960F3CA
:102DA0000001617169796079C1F3400161F341000B
:102DB000D21A607103F10C002918D2B22044FFF737
:102DC000F7F9019B03B9019406B134602D682646DA
:102DD000CFE72DE9F8430D461446064610B319B364
:102DE000DAB1034699461B68002BFBD12746C8463B
:102DF0003A4629464046FFF70CFDC145A7EB0007C0
:102E0000054418BFC9F8008037B1B1793079002284
:102E1000F4F76EFBC14618B9E41B2046BDE8F88301
:102E20008046E5E70446F8E70C46F6E737B5154671
:102E3000C9B200221C46F4F75BFB019040B1224668
:102E40002946FFF7C6FF844202D901A8FFF7FEFC1E
:102E5000019803B030BD10B5013903461A1A9142EA
:102E600000D810BD445C1A7803F8014B4254013974
:102E7000F4E701440023884200D1704700F8013B89
:102E8000F9E738B505460C4604B938BD013C55F89C
:102E900034305B68002BF7D09847F5E72DE9F04117
:102EA0000446002654F836302BB904F10408B34226
:102EB00003D100250FE00136F4E754F833201268FF
:102EC0005F1C5AB158F833009047054630B1394677
:102ED0002046FFF7D6FF2846BDE8F0813B46E6E7EF
:102EE00070477047704770477047F4F715BC38B5A6
:102EF0000446F9F76DFF054658B9C820E5F7A6FA6C
:102F0000C82202212846E5F761FA8442A8BF044698
:102F100024B22046E5F79AFAF9F75AFFBDE838409F
:102F2000C8220221E5F752BAB0F90020B1F9003009
:102F30009A422DE9F04704460D4648DCF4F7F8FDC7
:102F40008046E0F763FA00283ED1E5F735FA82467D
:102F5000F9F73EFFC8220221E5F738FAB5F900205B
:102F600047F6FF739A42814602D1E5F749FA288075
:102F7000B4F9002047F6FF739A4202D1E5F73AFA16
:102F80002080B5F90000FFF7B2FFB4F900308342AA
:102F9000C8BF20800746B4F90000E5F737FAF7F715
:102FA000F9FB064658B15046E5F730FA4846E5F7D2
:102FB0004DFA4046F4F7C2FD3046BDE8F087E5F72C
:102FC000FBF920802F80F4E741F20C06F1E721267F
:102FD000F2E7000000000000000000000000000018
:102FE000F8B500BFF8BC08BC9E467047F8B500BFF6
:102FF000F8BC08BC9E4670475FF800F0050D002045
:1030000000000000000000000000000000000000C0
:1030100000000000000000000000000000000000B0
:103020000A005B435D20002E2E2F6170702E63001E
:1030300025733A2564203A25733A200073630053C0
:1030400074617475733A202573203D2030782530E3
:1030500034782000417373657274696F6E20666105
:10306000696C656400736C5F62745F6F6E5F657638
:10307000656E74004252443431363641002E2E2F94
:10308000736C5F676174745F736572766963655FA3
:103090006465766963655F696E666F726D61746998
:1030A0006F6E2E630044303300342E342E3700739D
:1030B0006C5F676174745F736572766963655F6482
:1030C00065766963655F696E666F726D6174696F5D
:1030D0006E5F6F6E5F6576656E740000FC30030096
:1030E0001E001E00203303000F000F0010330300EA
:1030F000010001000100FFFFFFFF000001000000D0
:103100000108FFFF00000000DC32030002000200A3
:103110000108FFFF0500000020000B0003000B006A
:103120000008FFFF01000000600C002004000E00FA
:103130000308FFFF0300000002000000050002007A
:103140000108FFFF0500000002000C0006000C0053
:103150000108FFFF010000006A0C002007000200C8
:103160000108FFFF050000000A000D0008000D0027
:103170000308FFFF01000000800C00200900000090
:103180000108FFFF00000000E03203000A00020017
:103190000108FFFF050000000A0003000B00030008
:1031A0000308FFFF01000000880C00200C00020053
:1031B0000108FFFF05000000020004000D000400EC
:1031C0000108FFFF00000000E43203000E000000D1
:1031D0000108FFFF00000000E83203000F000200BA
:1031E0000108FFFF050000000200050010000500B7
:1031F0000108FFFF00000000EC3203001100020094
:103200000108FFFF05000000020006001200060092
:103210000108FFFF010000009E0C002013000200C7
:103220000108FFFF0500000002000700140007006E
:103230000108FFFF01000000AC0C00201500020097
:103240000108FFFF0500000002000800160008004A
:103250000108FFFF01000000B60C0020170002006B
:103260000108FFFF05000000020009001800090026
:103270000108FFFF01000000C20C0020190000003F
:103280000108FFFF00000000FA3203001A000200EC
:103290000108FFFF0500000002000A001B000A00F1
:1032A0000108FFFF07000000000000001C000000F4
:1032B0000108FFFF00000000FE3203001D000200B5
:1032C0000108FFFF05000000080000801E000080CC
:1032D0000208FFFF070000000000000002000118C4
:1032E000020000180200000002000A180C005369D6
:1032F0006C69636F6E204C61627302001A181000D3
:10330000F01921B4478FA4BFA14F63FDEED6141D61
:10331000636032E0375EA488534E6DFB6435BFF7BF
:10332000002801280328002A012A292A242A272ADA
:10333000262A232A6E2A052A2A2B292B0229000055
:10334000050000000000000000C2010000050000B0
:10335000001000000000000000000000433A2F555C
:10336000736572732F6F6C6976612F53696D706C22
:10337000696369747953747564696F2F53444B732F
:103380002F6765636B6F5F73646B2F6170702F6263
:103390006C7565746F6F74682F636F6D6D6F6E2FD2
:1033A000696E5F706C6163655F6F74615F646675A1
:1033B0002F736C5F62745F696E5F706C6163655FD1
:1033C0006F74615F6466752E630064656C61795F1C
:1033D00074696D65725F636200736C5F62745F69CC
:1033E0006E5F706C6163655F6F74615F6466755F6B
:1033F0006F6E5F6576656E74003F002800292000BF
:10340000050000000000000040420F000501000020
:1034100000000000000000000000000013B779FA6F
:10342000C925DDB7ADF3CFE0F1B614B80102000055
:1034300000000000FFFFFFFF20000000010000006F
:10344000000000000000000000000000000000007C
:10345000000000000000000000000000000000006C
:103460000000000000000000000000000700000352
:10347000000280000800020020000001400004005B
:1034800001001000080602000409070301050000FE
:1034900040787D0100000000005A62020001000037
:1034A000C0CF6A0002000000809FD500020100002A
:1034B000002D310102020000080911080003010378
:1034C00003030200000800FC383503000100010777
:1034D000E4340300000800F8F434030000000000A6
:1034E0000000000083FFBFFFE2FFF1FFF9FFFEFFD6
:1034F000000000009600FCFEF8006D23441FEEFF64
:10350000C700F20E8E37FAFF5C00A40324A7FFFF6A
:103510003200D601AD3400001F003001004D000024
:103520001200C000CA4A00000B006E00F73C000009
:1035300005001F002F2000008C00FCFEFFFF000094
:1035400000000000FC00D2104C06FAFF75009B053D
:10355000F132FFFF3E0062020B35000025004B01F7
:10356000885F00001700E0005E5D00000E008C0028
:103570006A4F0000070025008328000000000F406C
:103580000000000000040F40010000006A09E66727
:10359000BB67AE853C6EF372A54FF53A510E527F74
:1035A0009B05688C1F83D9AB5BE0CD1900800000C0
:1035B000000000000000000000000000000000000B
:1035C00000000000000000000000000000000000FB
:1035D00000000000000000000000000000000000EB
:1035E00000000000000000000000000000000000DB
:1035F000000000000000000000000000000000E1EA
:10360000000108070F000A00C8002000A000010008
:1036100000000000A00068010A200706020A040753
:103620000000000207000104104001000000050036
:10363000000000020000030000000000B839030091
:103640009439030008390300283903003C3903008A
:10365000E0390300783903006439030000000000FA
:10366000CC39030000000000A8390300000000006E
:103670009C380300000000005039030000000000E7
:1036800058390300000000001C390300E036030035
:10369000043A0300E2360300FC3903000000000096
:1036A000F4390300000000008C3903000000000022
:1036B0000000000000000000000000004E0C0000B0
:1036C0000000000000000000DC30030000000000EB
:1036D000000000000400000000000000E2FF5000B5
:1036E00001000400FB000000020000003C37030062
:1036F0000300000034370300040000002C370300EF
:1037000000000000000000004145532D3235362DE9
:10371000454342004145532D3139322D4543420046
:103720004145532D3132382D4543420008370300BF
:103730001014040014370300101303002037030093
:103740001012020002000000DD960200D99602006D
:10375000D5960200BF960200AD960200512563FC8B
:10376000C2CAB9F3849E17A7ADFAE6BCFFFFFFFFFC
:10377000FFFFFFFF00000000FFFFFFFFF551BF3715
:103780006840B6CBCE5E316B5733CE2B169E0F7C86
:103790004AEBE78E9B7F1AFEE242E34F96C298D82F
:1037A0004539A1F4A033EB2D817D0377F240A4636A
:1037B000E5E6BCF847422CE1F2D1176B4B60D2270B
:1037C0003E3CCE3BF6B053CCB0061D65BC86987629
:1037D00055BDEBB3E7933AAAD835C65AFFFFFFFFB2
:1037E000FFFFFFFFFFFFFFFF0000000000000000E1
:1037F0000000000001000000FFFFFFFF0920400063
:10380000010102010202030102070B0B0701160C62
:1038100000000108080000050108FFFF02FFFF0883
:1038200008020204FF010022FFFFFFFFFFFF030465
:1038300004FFFFFFFF2AFFFF1419191B011C1512BB
:103840000400480C14131510801A80128080000F99
:103850000E0C080C080D181001020404F4010000FD
:10386000FA00000096000000640000004B00000019
:10387000320000001E0000001400000000000000E4
:103880000101500040000800500024000400900195
:10389000500240009001AE0110000000E1920100D2
:1038A000000000000049725314497207FF00010232
:1038B000030405FF145300724907CDF6B5A50100B6
:1038C00035A50100E5BD010073DA0200EDDA020062
:1038D000E7DA0200D1C10100D5FB0200A1DA020043
:1038E000E9DA0200EBDA020095DA0200E3DA02001C
:1038F00021A00100C1D8020075A1010001020C0045
:1039000000000400000008000400000000000000A7
:10391000000000008DA401000000000049DA020050
:1039200000000000A001040156000000000000009B
:103930000000000000000000000000000500000082
:103940000000000000000000000000000000000077
:10395000A1A501000000000075DA020000000000CF
:10396000A01305000A000000000000000000000095
:10397000000000000000000009000000000000003E
:103980000000000000000000000000007BDA0200E0
:10399000000000000F000000000000000000000018
:1039A000000000000000000085DA020000000000B6
:1039B0000000000000000000010000000000000006
:1039C000000000000000000000000000F5A701005A
:1039D00000000000A0010107A0000104020408008B
:1039E000060000000000000000000000F9A801002F
:1039F000DDA8010091DA0200000000008DDA02006B
:103A00000000000039A9010000000000A003060129
:103A1000A0090609A0020608A0050607A0050606DB
:103A2000A0070605A0020604A0010610A00A0602CF
:103A3000A00D0600000004020503060107010108AD
:103A4000090A0000A0015C02A0035C01A0025C0066
:103A5000A0020F09A0030F04A0030F03A0050F028B
:103A6000A0010F01A0050F00A0040108A00201059C
:103A7000A0030106A012010001010204200C0403AE
:103A8000B5A4010020000401E1A4010020025602B7
:103A900085A501002002560159A501002001060557
:103AA00081AB010020040A04C1A7010020050A021D
:103AB00091A7010020000115A1A8010062676170B3
:103AC000692062756666657273000100020000007D
:103AD00000000000030000000D00030002000100D0
:103AE00005006761747420636F6E6E656374696F3F
:103AF0006E00000000FB349B5F800000800010001F
:103B0000000000000000000091F9020079E00200CE
:103B10007FFB02007BFA0200E69D350E480103CCD4
:103B2000DBFDF4AC1191F4EFB9A5F9E9A7832C5EA4
:103B30002CBE97F2D203B020008BD28915D08E1CF8
:103B4000742430ED8FC24563765C15525ABF9A32A9
:103B5000636DEB2A65499C80DC003F49F6D4A3C520
:103B60005F3874C9B3E3D2103F504AFF607BEB402B
:103B7000B7995899B8A6CD3C1ABD006C888391AA14
:103B8000F5A53860370BDB5A6083BE0000000100EA
:103B90000100050100050202030002000000000010
:103BA0000205010005000001000100000100010202
:103BB00002030002000000000002020100020000F7
:103BC000C5F0010075EB01003B120300A9110300D1
:103BD000930B03004DE9010099E80100F1E60100B3
:103BE000F10F0300BD06030009ED0100C9E2010069
:103BF00015E10100470F0300D90E0300810E0300F9
:103C0000DF0D03002B0C030021DE01004DDC010061
:103C100005DD0100C10603004DDA0100BF01FB9D77
:103C20004EF3BC36D874F5394138684C8BD28915BF
:103C3000D08E1C742430ED8FC24563765C15525AC9
:103C4000BF9A32636DEB2A65499C80DCE69D350E98
:103C5000480103CCDBFDF4AC1191F4EFB9A5F9E90F
:103C6000A7832C5E2CBE97F2D203B020A0010A05D8
:103C7000A0030A04A0080A03A0070A02A0060A017A
:103C8000A0070A00A0030906A0060905A007090469
:103C9000A0040903A0050902A0060901A003090068
:103CA000450102008D010200390102009901020064
:103CB00081010200CB180300071903002D1903002E
:103CC0004F19030071190300C1480200794802002E
:103CD0008548020059490200951D03008316030020
:103CE00087160300931603008B1603008F1603003C
:103CF0000000000048010000980D002083FF000034
:103D000002000080FF7F00000080FF7F060100802E
:103D1000FF7F0E025241494C00000000A00000004D
:103D2000890B020050000000690C0200FA04FA003E
:103D30000033330A0A0A0840002100000000000096
:103D4000000000000000000100000101000101016D
:103D5000394302001D430200F5590200315B0200A5
:103D6000C95A02000101020300000001A806000078
:103D700048704C0D4470D80C307064123C70AE1614
:103D80003870340D34705A0D30700A0F2C700A0FD1
:103D90002870DC102470F41020703E0D1C7080110F
:103DA0001870F21114703A0DB110076001D80A7141
:103DB00008B87F78020C7E78641000C6A01F00212E
:103DC0008CB8707801B007680F305CB30F33011105
:103DD000C04806984A022FB006D80C7109DD087158
:103DE00000B853A809BB1110076801682148076093
:103DF00004100112FF32215007605148076000880B
:103E00000698441300C4401F002103DD087214BA51
:103E1000281400A000BA03DF107109DF06720298AF
:103E200060058CB8507800A0441328144115811007
:103E3000076002D81471108806982E1800C00C7004
:103E4000084006987C1A0091069860020060B8301D
:103E500020D8067190BC637C784D5412F03240DE5D
:103E60000472404804DB08720DDD0C72044BEF3025
:103E700014480698FC0600C4E0100840441207628B
:103E800001322140084C287C811140D91C72B112AA
:103E90003032CF4A013AB1DA107208D8067104D82C
:103EA0000871B04C237C4070684C4412FF3287226A
:103EB000047580B8D84C81D8327140D90472237C03
:103EC000084B0698FC0604BA88B9767900C11860D8
:103ED00008403579E049007906B904A901D86E7225
:103EE000227CBC4C307C0298320208D83C7100C164
:103EF0004C000840141110D93071104C00C114004E
:103F0000084014111814076100C5206008405415BA
:103F1000FF35047110491814A84C4412076201328D
:103F2000067102981201B84C08D80C7107BA24D84F
:103F3000047106BA187004D80C7101BA40D80E7119
:103F400002BA0A7005BA20D8047203BA227C604C07
:103F50004411404C18140761181491113831114262
:103F60009111076910D90472EF3200C10060084056
:103F700014111031016911422814A111076118149C
:103F80000698621A181400C10060084014110769ED
:103F9000FF31181400C13C30084014111814076197
:103FA0001814308802480698C005009308DB047195
:103FB00001F800A05CB00F3000A01088B1110769B3
:103FC00080D90A7100C1800008400811009100A04A
:103FD00000C400010840441000A000C020300E4082
:103FE000041104101050F47200A0541550451271C1
:103FF000069806070698960618B8707800B84178B3
:104000000698400390BA5B7A5C7A5D7A00C21850D9
:104010000840241200C1501F0021281106983818AA
:104020002088008800C5441F002154155112FF3517
:104030000762FF3206986A02015951290475115925
:10404000009021292075069886040698A2040698F7
:10405000FA02009203D80C728111076102D904722E
:10406000FF0FBA7018B8727800F804D8427100884F
:10407000308800C0FC1F0021041000C1501F002127
:104080001412012A215A00C3185008403413312A4F
:104090001A7500C00060084004100730FE200C763E
:1040A000381108B87F78020C7E780093009000A049
:1040B00000C0F41F0021041000BB1DB400A000C10B
:1040C000DC1F002114111088FF3100C5FFFF000024
:1040D000311207620762513A513B0E720698720C18
:1040E0001159011201131E70311400883110069805
:1040F000720C1159415C41280698740C5138011317
:104100000090012B00902088076001140760FF30A9
:10411000215D411207620762312D0876FF34415C50
:104120004128015D31100698740CFF30308801136E
:1041300000C0E01F00210410512B0C760768011508
:104140000768FF356070315BFF32212B0C7507600B
:1041500001150760FF354E7000C5E41F002154159E
:10416000076507655112FF35FF30012B08752110D7
:104170000760327021100768FF30012B0A7521108B
:1041800007600760207000C2E81F00212412211080
:1041900007600760FF30012B087521100768067063
:1041A00021100760FF300093009200C100600840BA
:1041B00014142C490734FE242A761415F0BC076C1D
:1041C000513C076803680154107100C4FF0FFFFFE2
:1041D000513C01444811311200C5E81F002154151B
:1041E000FF35076207622143544914122155FF35F8
:1041F0005152281100A001D81871008800C0047025
:10420000084004108020FF30067106984E0300908D
:1042100000A002D8047200A00088069896061DB47B
:1042200028B9112C408800C3EC1F002134144044ED
:104230005A71441306982005411500C000600840DB
:1042400004100730FD20447500C208700840241097
:104250000760FF3080DC34710698AE0C01591C4AAF
:10426000241007600260FF300698AE0C0158B2209F
:104270000129541331100698AE0C11280A75042533
:1042800054155045EE72069820050094009000A049
:104290007FB9066100C01C60084006984A130415E7
:1042A0005153113B3155581002984413EBBD00C0D7
:1042B000401F00210411113D10D91271FF33076B0B
:1042C00000C190400846381118B97479581000A000
:1042D000069860028024E4240D300472044800C172
:1042E0001C510840141100C3DC1E00219115043537
:1042F0001A72181388BB08D804716C7B04D8047137
:104300006A7B8CBB2F7C5B7B16703C4B181388BB85
:1043100008D804716F7B04D804716D7B217C0C304C
:104320000160069882060698680B0698320700B866
:10433000B111076940D906720298660601BC00C235
:104340000060084000DC0A7124150165604A0A70AB
:104350001C4A241507657C4A043508D9207120249D
:10436000512A241200C180000840320C2811076233
:1043700028110762281107622811500C00C1381F4C
:104380000021141200DC1A7120D8067101B80C70DB
:10439000F0DA0C720CDB087102B806988A06482421
:1043A0000449141100C380000840FFB801201141E6
:1043B0000871014118130824014200C1200008407F
:1043C00014110141036D514191152035016D514189
:1043D00018132813481300C37C000840341003D876
:1043E0000C71073005DC0671084B227B8CB85078C5
:1043F00000B800C1381F0021141203682150F030AA
:104400000152281100A04024066400C0FFFF0100F3
:10441000013C1DB002200158402806751EAC01EC7D
:1044200000A0208800C01850084004121DB42113B9
:1044300004123052F871066C402400C3741F00212E
:10444000341014110698C00C0669009211592129E4
:10445000067600BB11590698960C80B80158013AAF
:104460000662313B0472215A412A00A000C20001B9
:104470000840317A00A0308880B9076900C3000085
:10448000C0FF3110312800BC002D0C7511541EAC3A
:1044900001EC312DF470066C51134155312C009311
:1044A00000A000C028400E400413315107610C31B8
:1044B00007691153381000A006984A0800C0F41F7D
:1044C0000021041106983207217A237A00C30000E4
:1044D00010000698720700C0581F00211DB1181067
:1044E00000A000C0541F00211DB1181000C09C1F67
:1044F00000210410002D067500B826A806980607AE
:1045000000C09C1F00210410012C06750698960619
:1045100028B010B9115911380EB9114028A880B827
:1045200000C144300840081100C1F01F00211410E0
:10453000303B06710760076000C408300840441132
:104540001150FF30015118146FB8076826A8217A5E
:10455000050C21102048267800C063EF0000314090
:1045600026A8050C20ECB11140D90872247A20EC61
:10457000217A184826A828B00AB901510F311150E4
:1045800028A8050C207A20EC0F0C98B846784178C2
:1045900006986A0200C2441F002124100151FF3115
:1045A0001150081200A006984A0800B826A800C0BA
:1045B0005C1F00211DB1181000A030B840780DB16B
:1045C00001D9FC72427800C074300E4004114CBA1C
:1045D000407A1810144804115C7A1810A4BB707B40
:1045E0004E7B4F7B00C20430084000A006984A086A
:1045F000217A227A00BB0698720700C0681F00214A
:104600001DB11810A4BB00C040300E40041103318E
:1046100001492872B1120762076230480411215122
:104620000F3118726E7B6F7B104804114CBA7C7A84
:10463000181014480411607A1810B11002D81071C3
:10464000707B30B8627860780DB001D8FC7100C022
:10465000F8600840041101D90C7100C0180008402E
:1046600002B9181008B86E780EB84EB110D90C7295
:104670003EA8140C0FB83EA8107044A8140C01B842
:1046800000C1B0300E40081100C077801F003DB25D
:1046900001423DAA00C0FFFFFFFC013A3DAA140CF5
:1046A00000C077E01F0001423DAAFFB845207D7899
:1046B00008B87E7800C124600840141107610631F3
:1046C000087100B906985A1006984A13B11101D919
:1046D0000E710698881A02D906720698AE0B0698D3
:1046E0004413511406989606F4B845780A0C00C095
:1046F000641F00211DB1181002983410FFB8452026
:104700005D7803B8076044A83EA800C1B0300E40F1
:10471000081110B807683DB101393DA908B86F7894
:1047200000A046A800C0FFFF0000013B076356AB96
:1047300094BA437A01D91471013C47B300C0FE20FA
:10474000FFFF013B314447AC637AFFB8212040783A
:1047500002D90471607800A0C8BC066C415C512C81
:1047600006750698960606986E0DB110076805D86E
:10477000347140BA06981A1308B86578911004D8B5
:10478000187188B86E78577800C0640008402178A6
:104790000698821001400A728CB842780698561327
:1047A0000298400B08B86C7820B859785B7800C044
:1047B000F44008407878797800C1C81F00211410AF
:1047C00040A8184914130449408814140C491411C2
:1047D0008112076A006A01DA187188B8577800C038
:1047E000CC1F00210410016107630763076407649D
:1047F0000698B20900944EB010D842724DB161B81B
:104800000158113840B102D90A72604804BB4154C2
:104810000870204802BB02BC4DA8F8B87078190C8B
:104820003EB141413EA9F4B973797378717800C4FF
:10483000F840084000C200410840227000C2000059
:10484000010044AA230C00C200000B0044AA00C4CB
:104850001041084000C21841084004BB587C050CB8
:10486000597C0C240F0C2FAB050CB11008D8147117
:10487000647A657A1CB879787B7820B879787B7807
:10488000607CF42441130698FC06511440440675DC
:1048900006989606727BFFB84D20050C687840ECB0
:1048A00000C0601F00211DB11810911004D81471B0
:1048B00000C0BC1E0021041080D806711CB873789B
:1048C00000F818B800C1D81E002100C218500840D6
:1048D00024122811767800F800C0B860084004114E
:1048E0000761076180D9047240EC00C4F8400840B9
:1048F0004EB010D80471182441130C23527C407B15
:1049000011512FA9050C797C0A0C00C0000001028E
:104910000814787C050C507C08B86D7800A000C0A5
:10492000287008400411108800C1001800401810B9
:1049300044480411108878480411108800884CBA43
:10494000757A18103DB11088F4B842784420727816
:1049500028487378F8B873784FB200C4FFFF80809E
:10496000413A4FAA01BC01644113076300C06C7057
:10497000084003B918100110011001B918100110F6
:1049800001100110011068480411076101B80160AD
:10499000003A0471044904D9047241520760003A94
:1049A0000471084908D9047231520460003B0E7248
:1049B00000630064314241424FAAB2704FAAF8B876
:1049C0005378182053782848527800913DA90090D8
:1049D0000091181000917848181000914448181060
:1049E00000A0115910D906710760076008D9047139
:1049F000076004D90471036002D90471016001D910
:104A00000471006000A000BA01D806710148112AA3
:104A10000069006001D8F6720138F67200A08020AB
:104A2000FF30FF48812000A000C218500840241227
:104A300011592129127300210E7100C23050084013
:104A400024120121212900A006984A0888B8577825
:104A500000C57C1F00215088044D88BC00C0C81EC2
:104A60000021811101D91E71407C00950115044D72
:104A700050881C4DFFBB076B315B04110698B80CC6
:104A80003129F8750698761954150698881A01D9AF
:104A9000087206987C0806700698DE0888BB547B6E
:104AA000009500F806988C090E700698680B069819
:104AB0008C0906986011069836089112211900C0D9
:104AC000246008400A78097800F810B901BA0698FD
:104AD00010130698341000C57C1F002100F89112B5
:104AE000033288B900C3BC1E0021341300C4A810CF
:104AF00008408CB84278707903DE067144786E7095
:104B00007179A11020D806710298160F80DB5071C0
:104B100002D84C7205B830880763076302DB2A713C
:104B200000C3AC0008403413066380DB0472804885
:104B300000C3102008403413315B04724048312810
:104B4000312802600814076800930814A11010307F
:104B50000248081400B808149110076008148CB8B3
:104B60006278A11000DC0676517900BA80DB5871BA
:104B700000C000000200003B4E71508841103448D4
:104B800003DE04719048041508200411F820581021
:104B90001C2021780698AE0E00C0A40008400E78B4
:104BA00010D91C7151451A7100C53400084407B86A
:104BB000081500C53400084604B8081504702E789E
:104BC000069874160095911120310269911004D84D
:104BD0000E7200C14C1F0021141101D90A712088E6
:104BE00006985A10009200C1180008400533054B82
:104BF0001872184C03DE0471904C441400C3FF1F5C
:104C00000000413BFF233811B849076A0698A20EFD
:104C100004490879097914102140081100A000C541
:104C200054000840541551455071108800C134009B
:104C3000084407B8081101B83088076B40DB2471BD
:104C400000C0370C00000811364800C5D01E0021F6
:104C5000541102D90E72104801D9087100C0110414
:104C6000000000C134000846081100C134000840AB
:104C7000141530350093009100A000BD0698440241
:104C800010B903DC047100B901BA0698101302D9F7
:104C9000067100404E7201B107690F31069882100B
:104CA000FFD82872811008D8187106DD0A7106989D
:104CB000440203DC0C720698C810069856130C7058
:104CC00006DD10710698CE10487020B802A806DDE7
:104CD000107206988C090698360801F840B802A8A8
:104CE00000F800C0BC1E00210413076301DB227121
:104CF00091100111076911388CB910D808714479E5
:104D00000298160F02DBFA72A11328DBF47203BDBE
:104D10000698281006988C098CBA7F7A0698FC06AB
:104D200000C5801F00210698440200BA03DC3272DD
:104D3000044DA11002D804710C4D00C014000840AD
:104D40000410026800C3701F002134111128FC23D5
:104D500034110698960C00C10C5108400698B20612
:104D60005415212D00C0F8600840041101D92271AA
:104D700000C03C1F00210410033001DC147200C08D
:104D8000140008400411FD21087602BA076A212D9B
:104D9000069848070298E8099110015503355150CB
:104DA000011900A000C1481F0021141001D8427150
:104DB00001480760FE200E75811020D8087100C1DF
:104DC0004C1F0021141101D9287100C02460084033
:104DD0000412215107610F3107691152281000C0D8
:104DE0000060084004119112215120311152211903
:104DF00000A0811380DB067201B800A000C30C5034
:104E000008403410063030727C4B34122C4B341076
:104E10000760076040302072811080D8DC71341048
:104E2000014A07620360803021508C480A717F2359
:104E300055233410013000A000BD0698281088B812
:104E400047784578437800B8447800A006988C09E4
:104E50000698C81000C58C1F0021541506984807F5
:104E60000298E80900C374000840027B06984A13C0
:104E700050BA06981A1306988210FFD84A719110FA
:104E800004D84872811007601CD8407220D938724B
:104E90001112FF322151347180218021111400C080
:104EA000E41E00210413FFBA3151113A215111536C
:104EB0008CB938107B7940440E7200B900C2C41E10
:104EC00000211812067008B860780698441300F89C
:104ED00000B900C29C1008401812244A0AB91812DE
:104EE00088BA507A517A577A8CB942795F7900A0A2
:104EF0000698440207DC1072911000200A7506988B
:104F000060110298660D0698360801B9911004D810
:104F1000047100B910BA0698101300BA00402A7143
:104F200000C0BC1E00210411076101D9127104D90F
:104F3000E2728110076001D8DA718CB8647800C120
:104F40001C5108400698B2060698601100C5901FD3
:104F500000215415212D06987C0800C5941F0021BE
:104F600000F800BC811108D9167280D9207201B9ED
:104F700010BA0698101300400E7101BC107006980C
:104F8000C8100698561320B802A800F806986011B9
:104F900081110231127100B900C20C1008401812C0
:104FA000244A02B918120698C81000C5981F00219B
:104FB00054150698001A0298E80904110121147189
:104FC00088BA737A042004122811042004110121E4
:104FD000F47200A00698FC0601F8911010D8347104
:104FE00006984003069886040698A20400C51C5142
:104FF000084054110698B80C00C5D41E0021541561
:105000005129E27518B875788CB8447801B802A8AF
:1050100000F8B110076810D82E7100C04810084081
:1050200000C3000008403114884C4411341107615A
:1050300001D9FA714412281007622810076228105B
:1050400007622810E87000C1BC1E0021141080D82F
:105050002C7100C15400084014111141207100C18D
:10506000000002401038167100C03400084407B92F
:10507000181000C03400084601B9181002987A02CE
:105080000698600211380472016A00BB00C1E41E78
:105090000021141120390C72911210DA0672417B32
:1050A00000A006984A1300C2BC1E0021241220DA78
:1050B0000472617B88BA527A00A088BA727A81122F
:1050C00004DAFC7200A088B86B78577800C06400DE
:1050D00008402F7800A006986E100763076390B908
:1050E000637900B902DB36713112076240DA2E7241
:1050F00000C25400084024100140227202EC00C992
:1051000009B801D9507200C2AC0008400E7A10D91B
:1051100004722E7A06987416E031076102EC00CD15
:10512000114502EC00CC01DB087100BB0298CA17E4
:1051300003B841110731FA211C760621911210DAC9
:10514000087102DD10721E7020B80698720C30389B
:10515000147208B80698820600C024000840297816
:10516000207800F8046020D8067102982C1502EC13
:1051700000CA05B823DA187104DBDA7120DAD671B7
:1051800010DAD27290B8617800B801DA067202ECD7
:1051900000C8911110D9267100C1CC1E0021141134
:1051A0001150FF300C720661A110115002300A71CB
:1051B00080DB0A720AB89E708CB97C7907689111FD
:1051C00011402111C0311140011990B8411108D985
:1051D0000471667820D904726578A11002D806722D
:1051E000C0DA1E7190B8273123DD087210DB10720F
:1051F000607825DD0A7121DD087208DB04716278B0
:1052000003B8411107310872A1152035AA7102DDDA
:105210003272A11120D9A07102D92872CCDA987209
:10522000411140D9927206B802DB1071046500C1C9
:10523000102008401411112D112D054D5C7202989B
:10524000BA1321114049C0D94E71A03141154035E2
:10525000016551410361076308DA1E7204DA38728E
:105260001049A1150235067110DB0E7201340A7166
:1052700008DB247190B86778CC3211101A300ADC40
:105280000872CCDE0471FD3100C00D0F0C0D0698C4
:10529000740C01D8607207B80298E41300BA411187
:1052A00008D90C7102EC00CA05B830DAEC72073488
:1052B000F031026101DA0471014900C0F300A3E397
:1052C0000698740C01D8D07100C0981440680698F4
:1052D000740C4030014440DA0471204C0432016205
:1052E000204A11100630006801421831026911424B
:1052F00002980214204A00C0051708500698740C42
:10530000113001422088FFBB0DDA507100C1DE1B55
:10531000250180BC04DA107208DA0A7200C1208408
:105320001000E024A02407634143016401DA067100
:105330001E49024B00C02C1F002107633810BC20FF
:1053400002DA127101B91159A11380DB087100C191
:1053500000FCFF0118100298561700C4BC1E002163
:10536000441080D87C710092D0DA06710DDA0C718D
:1053700090BD437DEFBD06983E0503620DDA86724F
:10538000A11105D95C7100C23810084024120C2408
:10539000281401D9067202D9327140D91E7102EC6B
:1053A00000CA211018320471FA2220D8047208228F
:1053B000FE22087502EC00C8F87001D90E7102ECEB
:1053C00000C802D9067204DC187200C0BC1E00219D
:1053D0000410026801D8067190B8647818B8737820
:1053E0000298CA1700C50020084000C0041700003A
:1053F00008D904720A480815104D00B808D904727B
:10540000FF200815084D00C00884000008D9087264
:1054100000C02083B8ED0815104D207D00A000B815
:10542000011A00C074000840027891101030011970
:1054300005BA06981A1302D9067101B802A800C06D
:10544000BC1E0021041380DB0671029866138CBA1F
:105450007C7A01DB6C7100C2301F00212411111411
:10546000FF3402EC00C8FF24FA7607610698820C2C
:10547000036111380F3003611114011141100698B6
:10548000820C01D8087203B80298E413044A02DBC4
:1054900024712410112811280412023006710762A9
:1054A000076200C0FFFF0000213800C2180008405A
:1054B000FF200812411007600698820C01D87C7109
:1054C00020BC1033767100BB00C12C1F00211415C5
:1054D000C021112C5112076A0F320E7140885114ED
:1054E0000698FA174143009451120765036A0F3278
:1054F0000E71411151140698FA17036C4143076568
:10550000513B00C1E81E00211411111231100F305F
:10551000127100BA046101D80471114200600FD801
:10552000F472311002601E30047201B8003A087241
:1055300004B80298E4130298EA1500C0381F00214D
:1055400004110F3103DD1A7200C00060084004101E
:1055500007D80E7200C01040084004B9181000F8B7
:1055600006986E1006983C0500F830885088FF3485
:10557000087102ECFF24F87002EC00CD141001BB9E
:105580005150FFD8047131440760006B10DBF27199
:105590000421FF22E4720F4C0095009300A000C18B
:1055A000C01E0021141100A030880698381A8111FD
:1055B000076102D906720298141988BB557B0761EE
:1055C00020D90671029804190088A110076806986E
:1055D0002E1808211415FC2590BB5C7B5D7B00C157
:1055E0000060084014110731FE21307608D82A7275
:1055F0005113FC23341304DB2071076BFF33315B41
:1056000000C1087008401411076180490C71FF3116
:105610003029547590BB7B7B10707B7B7C7B00DDDD
:1056200004717D7B01BB3815EC25541300DF5471E8
:10563000042505DF54715415211120880698B80CF3
:10564000009251293E7500C100600840141102DB30
:105650000C710731315B31292A760C7004DF087236
:10566000006180D91E7206982E1800C0087008408C
:1056700006987C1A06982E181411FFD960720298A9
:105680005A190090009300A05415A111076910D970
:10569000A672082508D8A071082510D89A7120880C
:1056A00021110698B80CFC255412112AF825541122
:1056B0000C2520D80871F0255411102520290476D6
:1056C0002159181500920298C61818B971798110DD
:1056D00010D80A7188B8447800B8417888B97479CC
:1056E00008B9677900F88110A0D8087188B949799C
:1056F00000A0076002D8FA7106982E181088069844
:105700004A130762076210DA087108211415F025A0
:10571000541100C20020FEFF202912750698881A35
:1057200001D90A7206988C090698360800941CBBA9
:1057300041100C2006984A124111082114100698B5
:105740004A123128441111120761FF31FF32012240
:1057500010521072076918140424441304243814D6
:105760000C70076921411814082408140298441386
:105770004044147100C1C41E002114155113036B61
:105780000FDB0C72066D06980607411500A00698FF
:10579000360806984A1308BB51140698C0194415D8
:1057A000FC2554150298480788B900C3BC1E002187
:1057B0003413076308DB1A718113A0DB0671497982
:1057C00010706979076302DB087208B9677900F81D
:1057D00000A08111076102D9107188B97579069806
:1057E0002E181411FF3100A0FFB900A004100821E9
:1057F0001411F421081100A0811107610761103113
:105800000E7106982E1808211411F821141100A009
:105810001858030030580300805B030000000000AC
:1058200048580300060000000000000000000000CF
:10583000805B03000000000020590300040000000A
:105840000000000000000000B0590300809C2B8F76
:1058500080841E00000000002200FF7FFC0B00205F
:10586000000000000000000000000000B05903002C
:10587000809C2B8F80841E00000023002300B60034
:10588000FC0B0020000000000000000000000000F1
:10589000B0590300809C2B8F80841E0000002400E0
:1058A00024009D00FC0B0020000000000000000010
:1058B00000000000B0590300809C2B8F80841E00E4
:1058C0000000250025007D00FC0B002000000000EA
:1058D0000000000000000000B0590300809C2B8FE6
:1058E00080841E000000260026005300FC0B0020D0
:1058F000000000000000000000000000B05903009C
:10590000809C2B8F80841E00000027002700FF7FD3
:10591000FC0B002000000000000000000000000060
:10592000985A0300809C2B8F80841E00000000008A
:105930002400FF7FFC0B002000000000000000009E
:1059400000000000985A0300809C2B8F80841E006A
:10595000000025002500B400FC0B00200000000022
:105960000000000000000000985A0300809C2B8F6C
:1059700080841E000000260026009900FC0B0020F9
:10598000000000000000000000000000985A030022
:10599000809C2B8F80841E00000027002700FF7F43
:1059A000FC0B0020000000000000000000000000D0
:1059B000F81F0101C85C030038000200000000006D
:1059C000000000003030010011491000B840010013
:1059D00000C0E30040410100EA00880018600400B4
:1059E000000000C61FC000000050000000D03200C0
:1059F00050600400FC006900410C00000000000041
:105A00001100080078600300080400000000000096
:105A1000BE031A008C60070001040C1A2F46536164
:105A20006862584935201407C491A0635644332353
:105A300022529224E46007008108A1CB00000000FC
:105A4000198407059411CB489920060001612000B4
:105A50008294EA870461030065B611001E370000D6
:105A600089BB000020610100FFDF000014700110FD
:105A700000F8070014700130F802000018700200EE
:105A8000000300006000278470700200C300000063
:105A90000F9C0300FFFFFFFFF81F0101145D0300CF
:105AA000380002000000000000000000303001005B
:105AB000E3381000B840010000C0830040410100FD
:105AC0006D00880018600400000000C61FC00100BF
:105AD0000050000000800000506004001800050025
:105AE000410C0000080000009100040078600300F1
:105AF0008C000C000000000014001A008C600700ED
:105B000001040B192C404C59605B534736251B117F
:105B10004AF338966745231211090000E460070034
:105B20008F0846CB0000000023086404D007CB4850
:105B300091200600F9541C008294EA870461030056
:105B400051551100B01B000089BB0000206101000D
:105B5000FFDF00001470011000F80700147001301E
:105B6000F800000018700200000300006000A58328
:105B700070700200054100000F9C0300FFFFFFFF53
:105B8000DC1F040100000000000000000000000015
:105B900000000000F01F02013F003700000000007D
:105BA000FC1F01010000000004000200018101004F
:105BB00000010000180002000000000001000000C9
:105BC00028000400000000000000000000000000A9
:105BD0000000000040000100A00700004800010094
:105BE000000000005400020000000000000000005F
:105BF000A0000400FF4C0000FF4C0000FF4D00001F
:105C0000FF4D0000002001000807000010200100E7
:105C1000AAAAAA00182001000060DA0008300100DA
:105C200013AC0001343001000100000040300100DD
:105C300000000000A04001007A27000FF44001009E
:105C4000201000003441020080080000E6870000B8
:105C500044410100C0E6524D6041040000000000D4
:105C600000000000060000000600000014600100B3
:105C70001000000028600300000000030000000086
:105C80000000000060600200294176710000000001
:105C9000846002000000000000000000207004008A
:105CA000000000008200000000008001D50000001C
:105CB000487002003C3D0000BC19000078700100F3
:105CC00006E04900FFFFFFFF0D000000388EE300F3
:105CD00000000000705D0300605D03000000000034
:105CE000E070720080DE800280841E0001010000EE
:105CF0001149000200000000000000000000000048
:105D0000000000000000000041841E0000000000B0
:105D1000000000000D0000001CC771000000000022
:105D2000705D0300685D03000000000018CC660091
:105D300080DE800240420F0001010000E3380002D3
:105D40000000000000000000000000000000000053
:105D5000000000005B420F00000000000000000097
:105D600008520000B20C0000A5A00000C409000009
:105D7000193F010604100100000101060010270070
:105D8000000C0000000000000000232D302B20003C
:105D9000686C4C00656667454647003031323334E5
:105DA0003536373839414243444546003031323385
:105DB0003435363738396162636465660062675F1F
:105DC0006D65737361676520726563656976657279
:105DD000730062676275660061636C006C6C5F6380
:105DE0006F6E6E656374696F6E006C6C5F61647674
:105DF0005F736574006761705F636F6E746578745C
:105E0000006C6C5F76616C696461746F72006D65C3
:105E100073685F70726F765F64620062675F6D6562
:105E2000737361676500736F66745F74696D657223
:105E30005F6D65737361676500666F756E6461742D
:105E4000696F6E5F636D64006C6C5F6164765F7335
:105E5000796E63006C6C5F7363616E5F73796E6300
:105E6000006761705F706572696F6469635F616428
:105E700076006761705F706572696F6469635F73F4
:105E8000796E63006C326361705F636F635F636838
:105E9000616E6E656C006D6573685F70726F765FC2
:105EA00064625F6170706B6579006D626564746CCB
:105EB000735F636F6E74657874000000D25D0300D9
:105EC000D85D0300DC5D0300EA5D0300F55D0300BF
:105ED000015E03000E5E03001B5E0300265E0300EE
:105EE000395E0300485E0300545E0300615E0300F8
:105EF000725E0300845E0300965E0300AA5E0300E8
:105F000062676275665F696E0062676275665F6F81
:105F100075740062676275665F6E6F666C6F77009E
:105F200062675F6D616C6C6F630062675F72616E68
:085F3000646F6D5F6165730091
:085F38003C5CFD7F010000004C
:0C5F40004C5F0300C00A00209900000024
:105F4C0000C4004002050204111100000000000012
:105F5C006067010000000000D40F00200200000068
:105F6C00FDC10000E8030000C0EA2101C0EA2101E4
:105F7C000080000000F0490208200020C0EA210146
:105F8C004437030000000000010000009B210300C7
:105F9C0020000000000000000000000000000000D5
:105FAC00000000000000000019AC0100000000001F
:105FBC000000000000000000398D0100000000000E
:105FCC0000000000000000003995010000000000F6
:105FDC000000000000000000E5A30100000000002C
:105FEC00000000000000000089DA02000000000040
:105FFC0081A801000000000000000000000000006B
:10600C0031A80100000000000000000000000000AA
:10601C0071A901000000000000000000F5B10100B2
:10602C000000000000FFFFFFFF00000095FA0200D7
:10603C0099FA02009DFA0200A1FA0200FFFFFFFF8D
:10604C00C3160300F03C0300FFFFFFFFFC3C030002
:10605C009F1A03009B1A0300FFFFFFFFC9210200D8
:10606C00FFFFFFFFFFFFFFFFFFFFFFFFFFFFFFFF34
:10607C00B5390200FFFFFFFF3D1D0300FFFFFFFFCF
:10608C00000000000000000003000000CC1C0020F9
:10609C00140C002000000000CC1C0020341D00203B
:1060AC009C1D00200000000000000000000000000B
:1060BC0000000000000000000000000000000000D4
:1060CC0000000000000000000000000000000000C4
:1060DC0000000000000000000000000000000000B4
:1060EC00200004000000000000000200100000006E
:1060FC000000000000000000000000000000000094
:10610C000A000100000000000A000F0000004D4FC3
:10611C005F414A5F59455F50524F4A5F3100020060
:10612C0008000000303030303030303002000300D6
:10613C00000030303000020005000000302E302E00
:10614C003000020008000000000000000000000009
:10615C00FFFFFFFF000008070A0017000E000000F9
:10616C000000FFFFFF1F04010101BF8FAF7F8700FD
:10617C00370F10100004040F05140AFF0301FF0E63
:10618C00FE01FF0030BF4223013BFDD1024A5368A0
:10619C00DB00FCD4704700BF00300E4051BB000048
:0461AC0029BB00000B
:040000030000C8B180
:00000001FF
