S0190000736F635F656D7074795F6D6F5F616A5F79652E73333766
S214000000000001204D34000049340000493400004F
S214000010691B0000493400004934000049340000E0
S21400002049340000493400004934000049340000D7
S21400003049340000493400004934000049340000C7
S21400004049340000217000004934000049340000A3
S214000050616800006D7000003570000039700000A7
S2140000602D70000049340000493400004934000077
S2140000704934000049340000493400004934000087
S2140000804934000049340000493400004934000077
S2140000904934000049340000493400004934000067
S2140000A04934000049340000493400004934000057
S2140000B0717000003170000049340000AD7000001F
S2140000C049340000F553000049340000493400006C
S2140000D04934000049340000493400004934000027
S2140000E04934000049340000493400004934000017
S2140000F04934000049340000493400004934000007
S2140001004934000049340000493400000348044BD9
S214000110834202D0034B03B118477047C400002047
S214000120C4000020000000000548064B1B1AD90F2B
S21400013001EBA301491002D0034B03B118477047E7
S214000140C4000020C40000200000000010B5064CCB
S214000150237843B9FFF7DAFF044B13B10448AFF333
S21400016000800123237010BDC8000020000000009E
S21400017088B6000008B5054B1BB105490548AFF326
S2140001800080BDE80840FFF7CFBF00BF00000000BA
S214000190CC00002088B60000A3F5803A704700BF68
S2140001A0174B002B08BF134B9D46FFF7F5FF0021AA
S2140001B08B460F461348144A121A08F0F9FF0E4BE6
S2140001C0002B00D098470D4B002B00D098470020FE
S2140001D0002104000D000D48002802D00C48AFF3A3
S2140001E0008008F0B3FF2000290002F011FA08F0A2
S2140001F09BFF00BF00000800000000000000000099
S21400020000000120C800002048190020000000005F
S21400021000000000BFF34F8F0549064BCA6802F482
S214000220E0621343CB60BFF34F8F00BFFDE700BF14
S21400023000ED00E00400FA0510B50246F8B1114BD7
S2140002401968888890421AD39888904281BF0968B6
S21400025099600120988099889868002420B904B194
S21400026098604FF6FF7203E08A4203D10CB19860A3
S2140002709A8010BD0131006889B20124EEE70020A3
S214000280F7E700BF8C100020114A916A01F1704315
S21400029003F5F813B3F5006F0CD2D2F82838A3F1A3
S2140002A07E62A2F58432B2F5104F03D20968094A7D
S2140002B0914203D000230370836070471968064A92
S2140002C09142F7D1012202709A6842609B69F3E777
S2140002D00000E10FAD1007B007B0CD5E1FB50C46AD
S2140002E040B901A8FFF7D0FF044B029A1A602360BA
S2140002F00423A380002004B010BD00BF78020020B5
S214000300064BD3F82828A2F17E63A3F58433B3F511
S214000310104F01D2536A1847002070470000E10FC3
S2140003200D4B10B4D3F82848A4F17E63A3F58433AC
S214000330B3F5104F0BD2246BA4F17E63A3F5843380
S214000340B3F5104F03D2A36B5DF8044B184740F289
S21400035001105DF8044B70470000E10F0B4BD3F81B
S2140003602828A2F17E63A3F58433B3F5104F09D293
S214000370126BA2F17E63A3F58433B3F5104F01D25E
S214000380D36B184740F20110704700BF0000E10F22
S2140003907FB50E4A03466D4602F110061068516896
S2140003A02C4603C40832B2422546F7D15A1E04A989
S2140003B00F3311F8014D12F8010F844204D19A420E
S2140003C0F7D1012004B070BD0020FBE7CC930000FD
S2140003D0F8B5184E306848BB174B184C184FE41A3F
S2140003E0184B1C4424F4FF6424F00704D7F8F830B4
S2140003F09BB2B4EB832F18D2656BC5B1D7F8F83033
S2140004009BB2B5EB832F12D2D7F8F82005F1500334
S21400041092B2B3EB822F0AD82846FFF7B9FF30B165
S214000420EB6933F0080302D034603068F8BD04F599
S2140004300064DBE77002002010000020C4000020EB
S2140004400081E00FDFBE000010B50C4648B9FFF78C
S214000450BFFF054B10B1426B126A1A60236004237B
S214000460A380002010BD00BF74020020084B40F29D
S21400047001121A604FF0FF329A6001225A6001445E
S21400048010F8012B9A618842FAD1D869C0437047A8
S21400049000C00140034B044A9979117500221A6086
S2140004A0704700BF400B0020D80A002030B500225D
S2140004B08BB01346D91003F00704415C2141CC07EA
S2140004C041BF02F128016944013201F8283C01339A
S2140004D0252BEFD10D4C0023D91003F00705415C06
S2140004E02941C9075FBFB3FBF2F102FB1131283186
S2140004F0694448BFD9B203F1010358BF11F8281C5C
S21400050004F8011F252BE7D10BB030BD010B0020EE
S21400051008B50348FFF7CAFF002340F8063C08BDAD
S214000520460B0020084A10B5136840F2E2446043C8
S21400053000F5807004FB013303EB5003136053682F
S2140005400344536010BD00BFD80A0020D0B50C4C41
S214000550E38C0A20584308F04BFB0646A08C0F4657
S21400056008F046FB074B002208F0ACFB02460B46A1
S2140005703046394608F0D0FC08F0B6FD2083D0BDE2
S214000580D80A00200000F43F70B5094CB4F80710F4
S214000590A079B4F80960B4F80D50FFF7C3FF054B17
S2140005A09E84DD84FFF7D2FF0023236070BD00BF6A
S2140005B0400B0020D80A0020837DDB0701D5808A07
S2140005C07047D0E901239B1A44BF828A9B1898B2D1
S2140005D070470000084BD3F8F020D3F8F4300270D0
S2140005E0110A120C82701A0AC2701A0C1B0E417085
S2140005F002714371704700BF0081E00F034BD86B58
S21400060080F04000C0F38010704700BF00300E40FE
S21400061008B5FFF7F3FF20B1024AD2F8C830002B26
S214000620FBD108BD0000C64308B5FFF7F1FF024B3B
S2140006305868C0F3014008BD00300E400C4B98428D
S21400064005D90C4B984210D80122012301E0002264
S214000650134609490B640949D1F8003123F0807329
S21400066043EA0263C1F8003170470222EDE700BF9B
S2140006700048E8010090D0030000C84300400E4048
S2140006800F4B5B680F4B30B500221C46C9B21D7974
S2140006908D4202D11D6885420DD20132052A03F132
S2140006A00803F4D10321064A536823F0407343EA53
S2140006B00163536030BD04EBC2046179F3E700BF09
S2140006C000000E40A094000038B5074C0748256C83
S2140006D041F6713323640021ADB2FFF7D1FF0DB1AF
S2140006E00023236438BD00BF00000E4000F049021E
S2140006F038B5064C256C41F671332364ADB2FFF76E
S214000700BFFF0DB10023236438BD00BF00000E40BC
S21400071042EA0322B2F5007F10B5194C29D00AD858
S214000720B2F5807F22D040F201139A4215D062B90A
S214000730D4F81C320BE0B2F5407F1DD040F20133F6
S2140007409A4210D0D4F8283201E0D4F82432C3F309
S2140007500722DBB203600A6010BDD4F824321A0EFA
S214000760C3F30743F6E7D4F82832F8E7D4F81C3288
S214000770F5E7D4F82032EAE7D4F82032EFE700BFF6
S2140007800081E00F2F4B1A6FD96C11F0010F02F0A9
S214000790060242D0002A40D013284FD91438132816
S2140007A08CBF102308232749013BCA6C180322F488
S2140007B07F4240EA03231343CB64234BCA6C1B8857
S2140007C0C2F303222833013202EB820003EB530309
S2140007D0B3FBF0F3C86C013B072B28BF072320F0C0
S2140007E0EE6040EA036343F48013CB64174BB3F91F
S2140007F00030002B10DB2833500800EB420203EBDE
S2140008005303B3FBF2F30A6D072B28BF072322F02E
S214000810700242EA03130B657047D96C01F00101C0
S214000820114304D1092809D90A380928B8E7DB6C2E
S21400083013F00103B7D01AB92728B1E70423B2E7AB
S2140008400023B0E700300E405A0B0020580B002063
S21400085070B51D4DD5F82828A2F17E63A3F5843324
S214000860B3F5104FE0B001D2136B23B94FF4017407
S214000870204660B070BD5B6A4FF4C07269460020C7
S214000880984704460028F3D140F20126D5F82828D8
S214000890A2F17E63A3F58433B3F5104FE6D2126B54
S2140008A0A2F17E63A3F58433B3F5104FDED2936ACC
S2140008B0002168469847B042E8D040F203239842A9
S2140008C018BF0446D4E700BF0000E10F104A0B46ED
S2140008D0D2F82818A1F17E62A2F58432B2F5104F44
S2140008E010B40FD2096BA1F17E62A2F58432B2F584
S2140008F0104F07D20C69074A0146A44600205DF84F
S214000900044B60474FF481705DF8044B704700BF9E
S2140009100000E10FD006002037B50446684680E8A0
S214000920060003C8251D85E805002373069B0B4AB1
S2140009302361BDF81C30A38200232360136853B1E3
S21400094019461B68002BFBD10C609088013080B2E2
S214000950908003B030BD1460F7E700BF4C13002052
S21400096037B50D461446FFF767FC70B1036973B1DF
S214000970818A4FF6FE72914209D10095ADF8044087
S21400098069460120984703B030BD0120FBE70E20E2
S214000990F9E7036937B514460D46828A63B14FF608
S2140009A0FE718A4208D100200090ADF80400694626
S2140009B0984728B103B030BD2B6000202280F9E7AD
S2140009C0009B2B60BDF804302380F3E738B50D4656
S2140009D01446FFF731FC40B122462946FFF7D9FFFF
S2140009E010B92B6803B9208038BD0120FCE7000051
S2140009F007B503790193054A0368009306CA0223E4
S214000A000830FFF789FF03B05DF804FB6C94000024
S214000A10034B5A6D12B95865A3F85810704700BFBB
S214000A20D80A00200C4BD3F82838A3F17E62A2F532
S214000A308432B2F5104F10B50CD21968074A9142AD
S214000A4008D1074C2278012A04D11B6A984708B9B6
S214000A500223237010BD00BF0000E10F07B0CD5E7B
S214000A60E40000200C4BD3F82838A3F17E62A2F5F0
S214000A708432B2F5104F10B50DD21968074A91426C
S214000A8009D1074C227812F0FD0F04D1DB69984794
S214000A9008B90123237010BD0000E10F07B0CD5E3A
S214000AA0E400002008B50F4B0F4C1B784FF00055A4
S214000AB06BB1FFF7D7FF0D4B2B600123A3602368B4
S214000AC023F4E06343F480632360FFF7A3FB2B600B
S214000AD00123A360236823F4E06343F48063236068
S214000AE0FFF798FBBD06002000500E4002020FF0F4
S214000AF0054A08B5937E43F040039376034B0022E5
S214000B001A70FFF7CFFF00BFD80A0020541300204A
S214000B102DE9F04105460E461146FFF74DFD884289
S214000B2028BF084687B2B846B8F1000F09D12FB1E2
S214000B30AB7DDA0744BF23F00103AB753846BDE84A
S214000B40F081AA8A2B6869689C18641AA4B2444586
S214000B5028BF44462246304608F01CFB6B682968CE
S214000B60AA8A23440A442644934228BF0B46A8EB8D
S214000B7004041FFA84F86B60D6E7F8B51F46038AAC
S214000B8004461646EBB9C57DDDB10123013D0B7069
S214000B900222C57500F11001FFF7BAFFE37D9BB195
S214000BA0228ABA4228BF3A4631462046FFF7B0FFAF
S214000BB0238A1B1A2382E37D13B9638A1B1A638276
S214000BC0F8BD00230B70EBE7638A2382E8E72DE984
S214000BD0F041868A04460F461146FFF7EDFC361AAA
S214000BE0B6B28E4228BF0E46B046B8F1000F0BD103
S214000BF03EB1D4E901329A4202BFA37D43F001031D
S214000C00A3753046BDE8F081A28A2368A0689D18C7
S214000C102D1AADB2454528BF45462A46394608F046
S214000C20B9FAA3682168A28A2B440A442F44934247
S214000C3028BF0B46A8EB05051FFA85F8A360D4E786
S214000C40F8B5044616461F4611B3858AFFF7B4FC6E
S214000C502D1AADB2012D29D9E37D63B1658AE0680E
S214000C6005702D0A07D02268A38A013013449842E3
S214000C7028BF1046057000236382A368E360022243
S214000C8004F112012046FFF7A2FFE37D0133E3756E
S214000C903A4631462046FFF79AFF638A034463824A
S214000CA0E37D13B9238A03442382F8BD0020FCE7C2
S214000CB013B50379124A03330446019300F1440343
S214000CC0009306CA02231430FFF726FE238A0193F8
S214000CD0E368009394E80600237A04F12C00FFF7FB
S214000CE01BFE237A22792168A4F8450004F1470008
S214000CF084F8443002B0BDE8104008F04BBA00BF9C
S214000D007894000070B50C4C0C4B06460D4694E8E3
S214000D10030083E803001846FFF76AFE084BD4E991
S214000D20020102221A7283E80300DE601D82184662
S214000D30BDE87040FFF7BCBF54950000400100209E
S214000D40E80000202DE9F347DDF82880BDF82C9058
S214000D5004460E4617461D46FFF76EFA8246BAF15F
S214000D60000F01D0B44205D94FF6FF74204602B0FA
S214000D70BDE8F0879AF80830DAF804009D421AD1E8
S214000D802A46394608F0DCFAA8B9B8F1000FEDD0CB
S214000D900DF1020201A95046FFF7FBFD58B9019973
S214000DA049B1BDF802304B4505D14A46404608F0E9
S214000DB0C7FA0028DAD00134DAF800A0A4B2CEE7E9
S214000DC038B50C4611462568AD1A2A46014408F087
S214000DD0C7FA256038BD000001282DE9F34704D086
S214000DE00024204602B0BDE8F0878B88012B40F037
S214000DF03C810B681B78FBB99E4A9F4C13609F4A48
S214000E0013709F4A13609F4A13609F4A13609F4A5D
S214000E1013609F4A13709F4A13609F4A13609F4A4D
S214000E2013702378022B01D1FFF7FCFD01232370FA
S214000E309B4B00221A70D3E7032B40F003818F4BA5
S214000E408D4E1C78002C4FD13378002B00F0F280AA
S214000E508F4B1B78082B02D0402B40F08A80DFF89F
S214000E601482D8F800305BB98E4DD5F82838A3F137
S214000E707E63A3F58433B3F5104F55D3802433E057
S214000E8013F003071CBFC7F10407FFB203EB070A02
S214000E90BAF5806F00F2D2808348DFF8F8913A46C0
S214000EA01844FF2108F084F9804BD9F800501B68DD
S214000EB0C8F800A00AEB05029A4200F29480704B34
S214000EC01B681D445544DFF8C4A125F4FF65DAF815
S214000ED0000025F00705854210D9291A00F50060A4
S214000EE0FFF73CFA40B185243378022B01D1FFF797
S214000EF099FD0023337074E7CAF80050D8F8001044
S214000F00D9F80000FFF7E2FCD9F80030D8F8002046
S214000F10584913440546DB1B6348C9F80030FFF701
S214000F204FFF002DA0D0DEE7FFF792FCD8B9D5F82A
S214000F3028280190A2F17E63A3F58433B3F5104F01
S214000F40D1D2126BA2F17E63A3F58433B3F5104FB2
S214000F50C9D29369012101A898470028C3D14F4BF5
S214000F6001221A70C0E741F20803984286D186240F
S214000F70BAE7002B60D04A4B1B78002B3FF47EAFBD
S214000F80454F3B6843B9404B494918681022FFF764
S214000F90C7F90028A8D0A6E713F003021CBFC2F1C9
S214000FA00402D2B29D18B5F5806F47D84148DFF8E5
S214000FB0D480FF21184408F0FBF83F4A3F4BD8F88E
S214000FC000103D609B1A3E4A13443E4A13408B4233
S214000FD036D83D4BD3F8F8309BB29B020D44A3F5B0
S214000FE08053AB4201D283247EE7DFF8A090D9F885
S214000FF000001540854209D9291A00F50060FFF760
S214001000ADF900287FF46FAFC9F800503A68294957
S214001010D8F80000FFF784F9D8F800303A681E497F
S214001020054613442348C8F80030FFF7C9FE002DD4
S214001030A9D058E7812457E7842455E7822453E74C
S214001040872451E7042B12D1204813230221437032
S2140010500170FFF7DDFC1E4A1E4B128905329A808E
S2140010601D4A1A6042789A71BAE60D24B9E606243B
S214001070B7E600BFD00A0020D50A0020D60A002016
S214001080C4060020B4020020B0020020C0060020E3
S214001090D40A0020CC060020B8060020BD0600209A
S2140010A0BC0600200000E10FD0060020C806002085
S2140010B0A0020020B802002010000020C40000207B
S2140010C0DFBE000000F8FFFF0081E00F340B0020B9
S2140010D0D80A0020400B0020F10A00002DE9F84F46
S2140010E0DFF85091494BD9F80050DFF84C81471B88
S2140010F082464748C8F800701B1A4648034423F443
S214001100FF6323F007039F42144678D3424BD3F87D
S214001110F8309BB29B020AEB0206A3F580539E4270
S21400112070D82C44B4F5806F03D93C4B82221A70D9
S21400113063E0DFF8FCB00BEB050008F02BF8384B4B
S214001140C9F800401A6822B9332C56D9DBF8342087
S2140011501A601B689F421FD89E421DD903F11002D9
S21400116096424AD31D44A5EB0A055D442D4A2B46FC
S21400117005F1100153F8040B42F8040B8B42F9D129
S2140011802848FFF705F910B9244B8422CFE7102230
S214001190FF21284608F00CF8234D244B286804F05D
S2140011A00304361B1E4058B907EA0300C0F5006169
S2140011B03144FFF7D3F82E6040B1184B8522B6E7CE
S2140011C0864203D9311A00F50060F2E7D9F800200C
S2140011D01749D8F80000121BFFF7A2F8D9F800202C
S2140011E0D8F800301349121B054613441048C8F8B7
S2140011F00030FFF7E5FD002DDFD1BDE8F88F074B87
S214001200872294E7054B832291E700BFC4000020A5
S21400121010000020DFBE00000081E00FD60A00208C
S214001220B0020020A0020020C006002000F8FFFF49
S214001230B8020020B8060020B402002037B5124CD1
S214001240002360600093437AD0E90021206802F012
S214001250BAFC238CDB050CD563680C4D1B7A2A7808
S2140012609A4206D0012B06D0022B08D063681B7A60
S2140012702B7003B030BD206802F080FCF6E72068D3
S21400128002F082FCF2E700BF981000206002002007
S21400129013B50D4B0D4C1B8AADF804300128ADF884
S2140012A0003004BF02238DF8043001A908BF0423D0
S2140012B0206808BF8DF8003002F089FB2068694678
S2140012C002F09BFB02B010BD549500009810002061
S2140012D0034B00221A6118680122032102F00CB9A0
S2140012E09810002010B5164CA37E5B0626D4FFF798
S2140012F0EFFFA28C236840F2E24101FB0233236039
S21400130094F84F10A37A0B442521B3FBF1F001FBB0
S2140013101033A37223890133238163680A2101FBFA
S21400132002336360238B5A1E22833BB9A27E42F0AF
S2140013304002A276034A1370FFF7B4FB10BD00BF4D
S214001340D80A0020541300207FB502238DF80630FB
S214001350064B5A8B596918680332ADF804206A4662
S21400136002F0CAFB009807B05DF804FB9810002056
S21400137010B51E4C1946236986B023B3A2F10800A7
S214001380084322D101AA0321206802F0B1FB63685A
S21400139060615B7A23769DF80430DA1F534253412E
S2140013A0627E63F30002039BE361BDF8063062765B
S2140013B0638304F1180102202369984720680122FC
S2140013C0002102F09BFB06B010BD02F17F400843EF
S2140013D005D10021012006B0BDE81040184712F4E0
S2140013E0A0411ABF00210320FF20F4E79810002038
S2140013F02DE9FF41194C1A4D637A0133DBB2282BD5
S21400140028BF252320466372FFF718FF627D154923
S2140014102868D4F80C80667C4FF40073023202F021
S21400142049FB6B68104A5B7A06F001063046D75CCB
S214001430FFF72EFF00220123009203932868CDF8C1
S214001440088002AB394602F05BF810B1FFF740FFA8
S214001450D2E7064B2B6104B0BDE8F081BC1000203B
S21400146098100020D0100020CF9400002515000012
S2140014702DE9FF41254CA37E5A0640D4244A2189F3
S21400148023F0070343F00103A37613681BB1928889
S2140014908A4200D19847A37A1E48234493F82A30FC
S2140014A06375FFF7CBFED4E900561B4C1B4A6368F6
S2140014B05B7A4FEA5608D75CA5EB56060120FFF785
S2140014C0E7FE643500964FF4807300264544ADF879
S2140014D00C306A4639462068029533468DF804601B
S2140014E08DF80E6002F018F8012205463146206895
S2140014F002F004FB35B1FFF7F5FEFFF7B9FF04B0C5
S214001500BDE8F081064B2361F9E700BFD80A00204A
S214001510400B0020E40A002098100020CF94000022
S2140015208D16000002282DE9F0411DD002D80128B2
S21400153007D0FEE7032800F09E80FF2800F09B807F
S214001540F7E74E4C637C990707D5FFF7C1FEFFF718
S2140015504FFF637C6FF341036374637CDA0768D4E0
S214001560BDE8F041FFF744BF4B78DB0740F18380CE
S2140015704C68227802F00F08B8F1030F5BD0B8F180
S214001580050F78D13E498B7B03F00103B3EBD21FE6
S2140015904FD10622083104F1080007F0D1FE0646B6
S2140015A0002846D1FFF794FEFFF7CEFE354D3146B4
S2140015B007465C22284607F0FBFDAB7EA5F81880A0
S2140015C043F02003AB76627E237E43EA0223AB849D
S2140015D0627F237F43EA0223EB8494F82330C3F32D
S2140015E0040385F84F3094F82330C3F3421385F88C
S2140015F0503004F11E001B232B85FEF757FFD4F84E
S2140016000E30E27CEB60A37C2F6043EA0223227D4F
S214001610607D43EA02432B61012695F84F30AB729A
S2140016202E75E18A3144FEF77DFFFFF721FF164B4A
S2140016301E70BDE8F081124DAB7B03F00103B3EBE7
S214001640D21FF6D1062205F1080104F1080007F0C2
S21400165077FE0028EDD1094C286894F83D204FF419
S2140016600073023204F13C0102F024FA637C43F07A
S21400167002036374DDE7FFF72BFE71E7BC10002062
S21400168098100020D80A00205413002002282DE9C4
S214001690F74F0F460BD003D8012800F0D781FEE79E
S2140016A0032800F0DB81FF2800F0D881F7E74E78AA
S2140016B04A68B34D16F0010661D10026AB7EB14CE8
S2140016C013F0200F12D0696D6FF34513AB76002927
S2140016D000F0C580237895F85820627043F0030325
S2140016E0A01C237007F056FD00236B65A648A5498D
S2140016F0FEF762FFAB7E003818BF012060F341039F
S214001700C3F3C002AB76C3F300139B0043EAC203E5
S214001710227843EA001322F01C02134362782370F7
S2140017209A4C02324FF400732068D2B202F0C2F92B
S214001730AB7E7F68D90709D56FF30003AB7600232D
S2140017406B60FFF701FE2860FEF700FF002E00F03A
S214001750F9803B7803F00303022B00F05F81032B34
S21400176000F09480012B40F0ED8089487D78818AD6
S214001770FEF722FF081ABC1C80B200265BE1137835
S214001780AC7EC3F3001363F382041378AC76C4F321
S2140017900011C3F3C00C8C45E0B2C3F3800AC4F357
S2140017A0C0040CD0544588D0AB7E84F00104E4001D
S2140017B044F0200423F028031C43AC767DE703F0B6
S2140017C00303022B18D0032B04D0012BEAD14FF0D1
S2140017D0000B12E0544508D084F00104E40044F005
S2140017E0200420F028031C43AC76AB7E81F0010178
S2140017F061F30413AB7661E7B34692F80180B8F163
S214001800000F0ED1544501D10026EEE7AB7E84F0E2
S2140018100104E40044F0200423F028031C43AC76C3
S214001820F2E75B48B0F81490FEF7C6FEA9EB00009E
S21400183080B2BBF1000F03D00228B3D9023880B2C1
S214001840544509D0AB7E84F00104E40044F0200443
S21400185023F028031C43AC768045C6D92DE795F8BF
S21400186028304948A21C0DF10701FFF786F910F051
S214001870FF0018BF9DF80730227860701ABF01334A
S214001880DBB2012363F3010222702FE7BB780C2B37
S2140018900AD80C2B0AD8DFE803F03F2B58090909B1
S2140018A00909600909091800142B7FD0394A1278F3
S2140018B02AB1162B00F09680182B00F0A28036482E
S2140018C007220270437002210DE033480C234FF0CC
S2140018D0FF320370012343708270037102220023DB
S2140018E0C2704371062103B0BDE8F04FFFF790B811
S2140018F0797A3B7A294A43EA01239380134628499A
S21400190043F8061BD7F80310C2F80610B7F80720EE
S2140019109A807A7A9A7115E07A7B3B7B1F4943EA74
S21400192002238B800B461F4A43F8062BD7F803206A
S214001930C1F80620D7F807205A60B7F80B201A819E
S2140019407A7B9A7203B0BDE8F08F2A89134B053272
S2140019509A80154A1A60FA78DCE7D7F80330228CAA
S2140019600D48134003F0FF0322F0FF021343024624
S214001970092102F8011BC0F8013000235360B2E7CA
S214001980D80A002060010020A00D0020981000203A
S214001990341300205E0B0020340B0020400B002088
S2140019A01105000089050000F10A0000B7F80530AF
S2140019B0B7F803202D48DB08934228BF13462B8533
S2140019C0152300216FF004046FF02702037007232D
S2140019D0817081714470C27003714471C271037268
S2140019E0092180E73A79FB782048134003F0030387
S2140019F0022B18BF01231722027043708370032145
S214001A0071E77A79B9791A4B42EA01229A80194A23
S214001A101A60D7F80320C3F8062093E716487D78A7
S214001A20818AFEF7C9FD081A80B2022838BF022054
S214001A300238BC1C80B2854284D80F482B4622460A
S214001A40314603B0BDE8F04FFFF7FAB80B4B9B7E6C
S214001A509A073FF577AF5B073FF574AFFFF742FC99
S214001A6003B0BDE8F04FFFF703BD00BF340B002006
S214001A70400B00209504000034130020D80A0020F4
S214001A80EFF3108072B670470048704700F04902C6
S214001A900E49D1F8942002F00702042A0BD8022A35
S214001AA00FD811D00A4BD1F80001C0F30420013042
S214001AB0B3FBF0F07047074B0548052A18BF0346EE
S214001AC0F1E74FF40043EEE7034BECE700400E402F
S214001AD0C0EA210160F5900000F0490208B5FFF762
S214001AE0D7FF044BD3F80831C3F308230133B0FB08
S214001AF0F3F008BD00400E4038B502460D46FEF72E
S214001B007DFDE8B122B90F4BD3F80031FFF7C0FFD7
S214001B10FEF774FDA0B1FEF787FD88B1094BD3F838
S214001B200031FFF7B5FF084B402204461A610DB19D
S214001B30FEF76EFD20460021BDE83840FEF7D8BD12
S214001B4038BD00BF00400E4000300E40044B054A32
S214001B509A60D3F8882042F47002C3F88820704751
S214001B6000ED00E00000000008B5FEF753FB7047EC
S214001B7047F6FF739A42F0B56CD006296CD8374BFF
S214001B805B5C022B68D8364D05EBC304DE00A178FB
S214001B9015F83330012938BF0121012B13D1E07825
S214001BA00025401A854202D30844C0B2F0BD431B4C
S214001BB0A0EB5303666836F913609642CCBF03F178
S214001BC0FF301D46EEE760680028EFD0B0F9004011
S214001BD0A24204DCB0F902409442B8BF144683889F
S214001BE0FF2B04BFB0F90630B0F9087035440FBFBC
S214001BF001220022C82328276E781B1B93FBF7F3CD
S214001C0013441BB29E4201DD002B01DA731E1BB289
S214001C104FF47A7C00EBC3055F1CEA88AD6814FBC2
S214001C2002521D463BB222EAE2729E4202F15C027A
S214001C30B2FBFCF204DD00EBC307BF88BA42E9D969
S214001C4000EBC5039888904228BF1046884238BFEC
S214001C500846AAE7FF20A9E70020A7E7C8940000E7
S214001C60600B002038B5C0F30323013B04460D4645
S214001C70092B11D8DFE803F0053611103A312C1085
S214001C801D191C4BC0F3043403F1424303F58013C3
S214001C9004EBC304A400256038BDFFF71FFFFEF762
S214001CA0CDFCC4F30434144BEEE7144BC0F30434F9
S214001CB0EAE7134BC0F304344FF480320D49D1F8F1
S214001CC04401C007E0D4D1F840011042FBD1DBE765
S214001CD00C4BC0F304341022F0E70B4BC0F3043473
S214001CE00122EBE7094BC0F30434CDE7084BC0F301
S214001CF00434C9E700400E40B8400E4050410E4044
S214001D00F0400E40E8400E40E0400E40C0400E401E
S214001D10B0400E402DE9F74FDFF82C91464E99F86B
S214001D200040019107461546002C41D1434ADFF892
S214001D3014A1D2F8F83042489BB29B02A3F5805318
S214001D40CAF80030D2F8F8309BB29B02A3F50063C5
S214001D500121CAF80430FFF785FFDAF800000821F1
S214001D600430FEF783FBDAF800301B68984208BFA1
S214001D70DAF80030DAF8040008BFD3F804B04FF001
S214001D80080100F104000CBF0124A346FEF76EFB19
S214001D90DAF804301B6898423CD1DAF804305C6804
S214001DA05C4594BF002401240123347089F8003078
S214001DB096F900305A1C29D0224A52F8233003F1F3
S214001DC00C094C464FF6FF7AC4F30A030833B3F502
S214001DD0006F1BD2A688564518D094F806B0201D72
S214001DE00BF10401FEF742FB22689042D84601D16F
S214001DF0B74212D008F1030808F4FE7808F1080884
S214001E00444489EA0403B3F5006FDDD34FF0000BBA
S214001E1058460CE0013C64B2C6E72B785B45F5D328
S214001E2001985A4604F1080107F0B4F9012085F834
S214001E3000B003B0BDE8F08F100000200081E00F76
S214001E4000650A00640200206C0200202DE9F04FB5
S214001E50012891B004D00024204611B0BDE8F08FD0
S214001E608A88002A00F01282A54F97F800A0BAF1DF
S214001E70000F00F00D82A34D2C78002CECD1A24B65
S214001E8009681C78002CE6D1A04E306802EB0008EA
S214001E90B8F5806F02D982242C70DDE7DFF88492D3
S214001EA0484407F077F9BAF1020FC6F8008039D037
S214001EB0B8F1030FCFD99648FEF7E6F90178D9F8BE
S214001EC000204368012945D1190E012903D1C3F327
S214001ED007430A2B46D98F4B9A4240F0DD80836831
S214001EE0DA033DD502233B70FEF7BCFD8A4BD3F8E0
S214001EF02828A2F17E63A3F58433B3F5104F0BD2E6
S214001F00126BA2F17E63A3F58433B3F5104F03D2B0
S214001F10936809A900209847804B099A1A60804B5D
S214001F200A9A1A60DFF80C92336899F80020082A9B
S214001F3001D0402A4ED1DFF8F0817948D8F8001059
S214001F40006803F0030ACA18A2EB0A0282420BD901
S214001F508324A1E76F4CA2420CBF862484249BE70F
S214001F60862499E7882497E76C4ADFF8CCB117688F
S214001F70DBF800001F440F44A7EB0A0727F4FF67AF
S214001F8027F00707874209D9391A00F50060FEF7DF
S214001F90E5F908B185247FE7CBF800703168D8F8FA
S214001FA00000A1EB0A01FEF791FC3268D8F8003079
S214001FB05649A2EB0A02074613445A48C8F80030AE
S214001FC0FEF7FEFE002FE5D199F80030002B7FF4D7
S214001FD042AF01E0002A61D133687F2B7FF63BAF2A
S214001FE0DFF84881DFF854B1D8F80000F0B94A4B62
S214001FF0D3F82878A7F17E63A3F58433B3F5104FA2
S2140020000ED20A9009A8FEF73FF90A9B1A0E74D062
S214002010012A03D1C3F307430A2B6ED9BB6B98473B
S214002020CBF8000007F084F9C8F800003A4FD8F85B
S2140020300000D7F82828DBF80010A2F17E63A3F58D
S2140020408433B3F5104FA5D2936A98470028A1D1E0
S214002050D7F828783268D8F800A00392A7F17E63F4
S214002060A3F58433B3F5104F16D2079006A8FEF7F3
S2140020700BF9079B190E0FD00129039A03D1C3F35E
S21400208007430A2B08D905AB00937F6B254909AB9C
S2140020905046B847002853D08424FDE622490A68F3
S2140020A01A440A60214A10681B4AD2F82818A1F17F
S2140020B07E62A2F58432B2F5104F05D31349194853
S2140020C01A46FEF77DFE16E0CF6A164A1849B8474C
S2140020D032680E4907461348FEF772FE40F20323A5
S2140020E09F4203D1084A01231370B4E640F201234D
S2140020F09F423FF469AF8024CEE64FF4C0708FE76E
S214002100D50A0020D60A0020BC060020D00A0020EF
S2140021107C020020EB17A6030000E10FC406002097
S214002120C8060020D0060020CC0600209C02002016
S2140021308C020020D40A0020C0060020880200205E
S2140021409DF8243089F8003023B9059B13B140234D
S21400215089F80030FEF73CF9074658B3D0F834A0AB
S21400216099F80030002B3FF476AE00220692042247
S2140021708DF8132006A90DF1130235200393FFF7FF
S214002180C9FD069AD30719D5039B082B14D0BAF1BC
S214002190000F13D0534610220CA903F12800039316
S2140021A007F0CEF820B9039B0A9A1B6A9A4205D814
S2140021B0892471E68246D3E7364BECE797B14FF4B5
S2140021C000613846FEF7CAF800287FF4E3AE2AF42A
S2140021D0FF604FF4006120F00700FEF7BFF800280C
S2140021E07FF4D8AE99F80030082B01D0402B0FD1E1
S2140021F0294B2A4A186820F4FF6323F007034FF49C
S21400220000611360FEF7AAF800283FF424AEC1E68A
S214002210234F244BDFF89C907B60D9F82828D8F809
S2140022200000DBF80010A2F17E63A3F58433B3F55B
S214002230104FBFF4AFAE936A984700287FF4AAAE5B
S214002240D9F82828D8F800003368A2F17E61A1F5F5
S2140022508431B1F5104FBFF431AF3946D2F82C8037
S214002260114AC0473268114907460F48FEF7A8FDD5
S21400227040F203239F4203D10D4A01231370EBE57E
S21400228040F201239F423FF4E6AD34E70D24E3E538
S2140022908124E1E5F8940000C4060020C006002072
S2140022A08C020020DD100000D0060020D00A00209E
S2140022B0BC0600200000E10F00F00F0001380728E0
S2140022C050D8DFE800F00415244F34384F402B4B2D
S2140022D0D3F8943003F00703023B052B06D8DFE85B
S2140022E003F049243F0305430B2070470520704741
S2140022F0224BD3F8800000F0070002283DD00428C7
S21400230036D0012808BF032018BF012070471B4B9A
S214002310D3F8843003F00703013B032B03D8DFE830
S21400232003F0041F25270120704703207047134B36
S214002330D3F88800DFE7114B1B6F13F0010F0CBFBB
S2140023400720092070470D4BD3F85C3103F03003AB
S214002350202B0FD0302B0FD0102B08BF0720D3E731
S21400236002207047002070470C20704706207047F8
S2140023700A207047042070470820704700400E402F
S2140023800428F8B56FD8474B13F800C0464B1D5CC1
S214002390464B33F81060464B33F81040454B002947
S2140023A06DD0022860D15C6A14F0300F5CD1424CCC
S2140023B0E46B5C6AE40705D55F6A27F0300747F0F0
S2140023C010075F623D4C3B4B25441E66AD002B68F4
S2140023D0002BFCD0002A46D06444A4002368002BBF
S2140023E0FCD002283FD100293DD0324B5A6AD10793
S2140023F03CD54FF48062C3F8A82020225A665A6A59
S21400240012F0300F0CBF4FF440024FF40002D3F826
S214002410901032EA0101FAD1520201D5D3F8A03069
S214002420244D012200210220D5F89C70FFF7A8FF5A
S214002430D5F890306B6A23F0300343F010036B62DC
S214002440C7F30A07296B1E4BFA0903320F2A03EA61
S214002450010328BF0F223B4343EA02732B632E6619
S2140024602368002BFCD0F8BD0021ABE75A6AD3F8EE
S214002470902002F44002B2F5400FF8D1CEE70121D9
S2140024801C66A940D3F890000842FBD1002AEAD087
S2140024900123084903FA0CF3D1F890201A42FBD125
S2140024A0E1E700BF99940000949400008A9400002D
S2140024B08094000000400E4000300E408004F21071
S2140024C000F8FF0F10B500211048FFF715FB104865
S2140024D0FEF7B4F8012211460220FFF751FFFEF77F
S2140024E0F3F8FEF795F80B4B02225A67FFF7D0FA7F
S2140024F0FEF7A4F8FFF7F2FA0446FEF795F8014651
S2140025002046BDE81040FEF7F3B800BF00F04902D1
S2140025100148E80100400E4000B962B6704700006E
S2140025202DE9F0410D4F06460D4614460CB9BDE8A0
S214002530F081EFF3108872B623462A4631463846B5
S214002540FEF77EFB03464046FFF7E6FF002BEDD086
S214002550E41AA4B21D440026E8E700BFA00D002040
S21400256013B5002301F10804ADF80430ADF80600F9
S21400257021461A4651F8080C083170B90BB1ADF86F
S214002580042004220DEB020101200834FFF7C8FFE7
S21400259054F8101C39B902B010BD51F80C3C1A445E
S2140025A092B20123E6E734F80C2C0020EDE7000099
S2140025B07FB50130002380B2CDE90101CDE90433B7
S2140025C06946044B009304200392FFF7C9FF07B047
S2140025D05DF804FB20110020EFF3108072B6704700
S2140025E0FFF79ABF064A074BD3F88039136F23F0DC
S2140025F0070303431367044B1888FEF7C3B800BFEE
S21400260000300E400000C6435C0B002000000000B7
S2140026102DE980487A4B5B685E05A3B024D44FF062
S214002620005300221A601AA8FDF72EFEFDF7D0FE12
S21400263008B3446BFEF716FA1C9B5D0740F1BC809E
S214002640FDF7C6FEFDF75CFE0446FEF7EBF994B117
S214002650FDF7BEFE0446FDF7BBFE6A4B9860236896
S2140026609D466368984706E04FF000531A68022AB2
S214002670D5D100221A60BFF35F8F624B5A6A22F4EC
S21400268080325A62D3F8942022F00102C3F89420D4
S214002690BFF34F8FBFF36F8F5B495C4F0A685C4D8B
S2140026A0C3F898204FF00050C3F89C005948C3F870
S2140026B0A000AF4202F1010008604FD07E1E731BDF
S2140026C043EA530343EA930343EA131343EA132309
S2140026D043EA13430133B3F5807F38BF4FF480736A
S2140026E05C422C4003EB040C674500F28780072B06
S2140026F0ACEB07074FF0010C8CBF4FEAD30E4FF040
S214002700200EB7FBFEF70CFA07F7013FFFB2361BA9
S2140027102D1BB3FA83F3B5FBFEF5B6FBFEF6664457
S2140027200CFA05FC07FA06F60CF1FF3CC3F11E0393
S2140027304CEA060C5B000CF0FF0C03F03E0343EA89
S2140027400C23304D43F0407343F001130232C5F8BA
S2140027509800C5F89C40C5F8A0300A60BFF35F8FAC
S214002760284B0522C3F894205A6A42F480325A62F3
S214002770BFF34F8FBFF36F8FBFF34F8FBFF36F8FD4
S214002780254B01225A64254BD3F8FC20244B120E0D
S21400279048D14AF6E851C3F89011D3F8981141F0A1
S2140027A00401C3F89811C3F89021D3F8642142F4C9
S2140027B00052C3F8642137E014B9FEF733F95AE73C
S2140027C0164AD2F8F8309BB2B4EB832FF5D2D2F883
S2140027D0F82004F1500392B2B3EB822FEDD82046D6
S2140027E0FDF7D6FD0028E8D0636913B9FEF71AF99D
S2140027F02EE79DF86830012BF8D121E75B006FE7E4
S21400280000500E4000ED00E0540B0020BC000020FD
S214002810BC0000203900011300000E400081E00FCC
S21400282000300E40012AC0D0814A136A23F44413B4
S21400283043F488131362A2F58042136843F480734E
S21400284013607C4B02229A639A6B02F00F02022AF4
S21400285040F00481DA6C22F0405222F0010242F08D
S2140028600102DA64D3F8EC2042F44072C3F8EC209C
S214002870714A0F211180DA6E42F08072DA666F4B71
S214002880D3F8800900B10420FFF7ACFE6C4B694F0B
S214002890DFF8B881C8221A806A4BA0220F200024D5
S2140028A01A80FDF76FFF684BBB65CDE91244CDE992
S2140028B01A44D8F81832C3F307295FFA83FACDF81A
S2140028C07090CDF850A0FE6CC6F3017622463346D3
S2140028D01AA912A8FDF71CFFD7F8EC50C5F301257E
S2140028E022461BA913A82B46FDF712FF4FF41674B9
S2140028F0A9EB0A026243B2FBF4F252449145DDF8BA
S21400290068C01299DDF86CE01398C0F0A780AEEBB3
S21400291000036343B3FBF4F3C0182CBF012300236A
S2140029208645C0F09B80002B40F09880ACEB0103FE
S2140029306343B3FBF4F3C9182CBF012300238C4573
S214002940C0F08C80002B40F08980FC6D24F4FE449F
S21400295024F0020444EA0224FC65022ED8F8302251
S2140029605CD0032E5DD0012E14BFD2B2C2F3072274
S214002970120312F4702F71D12E4CE36E23F47043C1
S2140029801343E366314B022DD3F830224BD0032D90
S2140029904CD0012D14BFD2B2C2F30722120312F498
S2140029A0702F5BD1234BD3F8EC4024F470442243C1
S2140029B0C3F8EC205A6E814238BF0146E72922F45C
S2140029C0FF7228BFE72122F0010242EA41025A665E
S2140029D0DA6B42F48062DA634AF6E852596B5A635D
S2140029E09A6FD407FCD41B6C144A13F003032FD041
S2140029F00123C2F8B43A0F4B9A6FD007FCD41A6C76
S214002A0022F003021A649A6F12F00102FBD10B48FF
S214002A100129C0F8B42A08BF5A631BE0C2F3074274
S214002A20A6E7120EA4E7C2F30742B7E7120EB5E711
S214002A3000400E4000300E405C0B00200000C643F5
S214002A405A0B0020580B0020372110B70081E00FEA
S214002A50C2F8B43AC64B0122C3F89427C54CC64EFA
S214002A601120FFF729FC002102200122FFF788FC35
S214002A70636A23F001036362C04B0025C3F8A054C9
S214002A80A36A23F0070343F00603A362BC4BE3628A
S214002A90226BBC4B02F07F6213432363BA4B636323
S214002AA0FFF710FDB94B304601211B68FFF724F8ED
S214002AB0FDF7BAFD01463046FDF71AFED4F80001D0
S214002AC0C0F304200130B6FBF0F0FDF7B7FD01229D
S214002AD011460220FFF754FC636AAD4E43F04053A4
S214002AE06362D4F8C83043F00103C4F8C830A94B79
S214002AF0D3F8D830B365042404AA06A935208DF887
S214002B0010400695FFF706F906238DF80F30069B52
S214002B108DF80E4013F4803F07AC00F05182052379
S214002B202246B16D02F8011B013BFAD29DF8213016
S214002B3063F03F038DF821309DF8223043F0010307
S214002B408DF82230944B5C60944B954A9A6000272F
S214002B504FF480715961C3E900221F82914A924B5B
S214002B609248934D1F82C3E900229A60596100F093
S214002B70F8FC8F488F4C904E00F067FF0FCD0FC4C7
S214002B8095E80F0084E80F008C488D4B03603946AB
S214002B908C4B436000F08AFC73A3D3E900233060BB
S214002BA0CDE900234FF0FF334FF0FF3200F027FF50
S214002BB002224FF0FF313068774C00F022FF0DF113
S214002BC0680A94223C23CDE91A321C935146962378
S214002BD030681D93CDE91E77209700F049FD3746F3
S214002BE07949306800F020FF306800F0C4FFB4F97F
S214002BF0001057F8080B00F02CFF6468002C40F01B
S214002C00F8813846FDF7E6FCB37B64F30003B37344
S214002C106E4BDFF8F0916E4D4FF0200883F801837D
S214002C2083F8048383F8068383F8078383F8058391
S214002C3083F8088383F81D83664B5A2200211846C2
S214002C4006F0B6FAA0F10A04634B636042F2107213
S214002C50E26042F20153614A40F80A2C2381604A3E
S214002C604FF490733384012313700022C9F80020B8
S214002C701B222A800DF10D0103AA3E208DF80C3090
S214002C80FFF748F811230DF10B020DA936208DF839
S214002C900B30FFF73FF80DF10A02514639208DF848
S214002CA00A80FFF737F8002837D14E4B9DF80B20E7
S214002CB018681B791A908AF80430002A00F0A08160
S214002CC01B2A28BF1B22531D8DF80A300DA9531C42
S214002CD00DF16D008DF86B3006F05CFA12A8FDF76A
S214002CE079FC414A9DF80A3012882AF8032022A966
S214002CF09A1C51FA82F21298BDF84C1042F8200C39
S214002D0022F81C1C03F1080222A951FA82F20933A8
S214002D10002102F8201C8DF80A3020230DF109024C
S214002D2012A93A208DF80930FEF7F4FF48B92F4B68
S214002D305A8A1B7D8DF84A300323ADF848208DF85B
S214002D4009302B4B2B4800224FF00208C3E9002223
S214002D50294B036080F80480FDF74AFE2748284B7D
S214002D600360102303724FE0085500510000000076
S214002D700000C64300400E4000F049020000C84371
S214002D802000050007450BD047A0020000300E408B
S214002D90005008400081E00F58130020A00D0020CE
S214002DA0A00C0020A00B002034130020690345EC83
S214002DB078950000600B002098100020900B0020F3
S214002DC071130000800B00201200002000E100E0DC
S214002DD028110020C610002055555500D6BE898EF5
S214002DE05E0B0020DD930000E79300005495000082
S214002DF04C1300203C0E0020EA930000E40D002057
S214002E00ED9300003013002080F80480FDF750FF9B
S214002E10B148B24B0360B24B80F80480C36080F8C0
S214002E200880A0F81080CDE90038434690E80600F8
S214002E301430FDF771FD9DF80B10002900F0EB80B3
S214002E400DA8FDF75FFFA748A74B03604FF01008DB
S214002E5080F80480FDF7CCFDA448A54BA54A036086
S214002E604FF6FE7B08230372C260A0F810B080F80D
S214002E700480FDF71DFFA048A04A02600C220272E3
S214002E809F4AC260A0F810B080F80480FDF710FFDB
S214002E909C489D4A02604FF0020B9C4AC260082381
S214002EA0038280F8048080F808B0FDF701FF984898
S214002EB0984B0360984BC3600123038280F804801C
S214002EC080F808B0FDF7F4FE9448954B0360954BE8
S214002ED0C3604FF6FE73038280F8048080F808B063
S214002EE0FDF7E6FE9048914B0360914BC3604FF6AA
S214002EF0FE73038280F8048080F808B0FDF7D8FEE1
S214002F008C4B8D4A1A604FF6FF729A809DF80A2005
S214002F10202A05D8931D89486375514606F03AF96C
S214002F209DF80920202A06D8931D854884F83D3050
S214002F3012A906F02FF9FEF7CBF9227C617CB2FAD3
S214002F4082F35B0963F30001237D617462F303037C
S214002F50B27B02F0010262F386132375637D0BB920
S214002F6006236375774BB988B068C4F81600998055
S214002F7094F83C30042161F3030362F3861384F86B
S214002F803C3094F83D3013B9062384F83D306E4B40
S214002F90B068BA88C4F83E009A80FEF729FA6B4EED
S214002FA06B4B1B782BB1DFF8B8814046FDF704FB6E
S214002FB0A0BB684A136923F00403136130BFEFE730
S214002FC00DF10F0221462C20FEF7A4FE00283FF448
S214002FD0BBAD0DF10E0205A93C20FEF79BFE18B115
S214002FE09DF8140000F001009DF8223060F3000305
S214002FF0A6E52068B060A288A379BB71BA8007E610
S21400300008238DF80A30544B1A889B78ADF86D204B
S2140030108DF86F3062E65048032112E7EFF3108414
S21400302072B600231A460DF111014046FDF7A5FDC4
S2140030302046FFF771FA9DF8113013B10023C9F846
S2140030400030D9F80020EFF3108472B6C2F5017391
S2140030509BB232440DF111014046FDF78EFD03464A
S2140030602046FFF759FAD9F800201A44032AC9F86F
S21400307000209AD93488231D9A4296D307D87088A0
S21400308004284FF0000306D0062800F0AB8100238A
S214003090C9F8003089E732796B8004F1FF3A122ACA
S2140030A01FFA8AFA5ED8012A5FD9931E2B4F102B7F
S2140030B05BD8DFE813F05C005A0072005A008B0001
S2140030C05A0022015A00BF005A005A005A005A00FD
S2140030D05A004F015A00EF00B80D0020F093000090
S2140030E06A9500006C100020F39300001410002076
S2140030F004940000D90D0000BC0F002015940000B9
S2140031004D1E0000640F0020269400004995000024
S2140031100C0F00203794000048950000B40E0020E5
S21400312048940000DD0200005C0E00205994000068
S214003130490400008C1000204C130020D8100020FA
S21400314000110020D2100020FA1000202C110020C0
S2140031505413002000ED00E0E3930000201100204F
S21400316034130020522A00F0B580062289E0BAF116
S214003170020F40F03581B6F805400022B4F5007F16
S21400318028BF4FF400740323114650463B70A7F83F
S2140031900140FFF70DFA2C8079E7BAF1040F70D1E1
S2140031A0B6F80540A0B2FDF747F860B1027A7C8019
S2140031B0022A4FF005010CBF012302233970416833
S2140031C07B70032057E06C800A225AE0073CDFF849
S2140031D038B2CDF800B0A4B20194B6F80710B6F82D
S2140031E005000223ABF10202FDF7ACFD4FF6FF7AB5
S2140031F05045044604D17368C3F30F236B80E3E79E
S21400320000230130CDE90033ABF102020223514620
S21400321080B2FDF797FD50451CBF00F1FF3080B22D
S21400322007233B70A7F80140A7F8030000221146C9
S214003230042020E0BAF1020F40F0D280B6F805B0C4
S2140032401FFA8BF42046FCF7F7FF002839D0037BE3
S214003250990713D52B880DF11202013B09A92046C8
S214003260ADF81230FDF7B2FB024670BB0B23BDF87B
S214003270122009993B70FFF79BF908E75246A5F81C
S21400328002B05D4B30796988587001241C705980F3
S2140032901A71CBE7B6F805B01FFA8BFA5046FCF762
S2140032A0CBFF70B1037B1A070DD5E21E92B25349CD
S2140032B05046FDF755FB024638B913233B700146CE
S2140032C0D9E70122DBE70322D9E77368C3F30F23AC
S2140032D06B80D6E7B6F805703846FCF7ADFF0028D9
S2140032E03FF4D5AE037B5B077FF5D1AEE21E4349C4
S2140032F092B23846FDF734FBC9E6631F9BB2022B39
S21400330001D0102B6CD10022CDE90022DBB23C4A62
S214003310B6F80710B6F80500FDF714FD4FF6FF7374
S214003320984204463FF467AF2B880DF11202043B27
S21400333009A9ADF81230FDF749FB024608B16C80CA
S2140033409FE7BDF8122009997C8009233B70931CE7
S2140033507B7036E7053CA4B2022C01D0102C3FD17E
S2140033604FF0000BCDE900BBE4B2B6F80710244AD4
S214003370B6F805002346FDF7E5FC4FF6FF718842D8
S21400338082463FF438AF013023461D4ACDE900BBE4
S21400339080B2FDF7D7FC2B884FF6FF7188420446B3
S2140033A0A3F1060318BF00F1FF340DF1120209A9BC
S2140033B0504618BFA4B2ADF81230FDF707FB024620
S2140033C010B1A5F802A05CE7BDF812200999A7F88D
S2140033D002A011233B70131D7B70BC8005204AE7BA
S2140033E004224EE7CDE90B33064B099309A90223C5
S2140033F00A93FFF7B5F84AE62011002033110020A3
S2140034003511002018000020371100200D4AD2F890
S214003410E430D2F8E0109B0003F03C03C1F38111C6
S2140034200B438370D2F8E03003F03F034370D2F8CA
S214003430E830D2F8EC2003F0F003C2F30312134393
S2140034400370704700FF0FE0FEE7000008B5FEF7C8
S2140034507DFB124B12498B4212D3124B12490020AD
S2140034608B4218D3FCF79CFE186850F82240586828
S21400347040F82240013298688242F5D30C33EAE7DE
S2140034800022F8E71C6844F8220001325C68A24279
S214003490F8D30833E4E70022F8E700BF94B600004C
S2140034A0A0B60000A0B60000A0B60000F8B50D4615
S2140034B010B900242046F8BD0E4F3E68002EF8D105
S2140034C000F052F804460028F3D0386000F0A8F860
S2140034D0204600F074F838B130463E6000F0A0F8A0
S2140034E0204600F067F8E4E7002DE3D02046A84722
S2140034F0E0E700BF601300200846114600F0A2B8BF
S21400350010B504F01DFF20B9024BBDE810401B6843
S214003510184710BD2800002010B500F074FA20B936
S214003520024BBDE810401B68184710BD280000205D
S21400353070470000431E033306D8044B984228BF4A
S2140035401846642838BF6420704700BF40420F000A
S214003550431E012B03D9031F5842584170470120D0
S214003560704700F065BE0000F8B50546FEF788FA1D
S2140035700F4B1E68074626B93846FEF7CDFF344681
S21400358011E0B4688CB194F810C01CF0010F0CD197
S21400359095E80F004CF0010C84E80F0084F810C08A
S2140035A03846FEF7B9FF2046F8BD3668E3E700BFA9
S2140035B0200000204FF4A472002105F0F9BD10B5DC
S2140035C00021044600F02EFA2046BDE8104004F024
S2140035D0C1BC000038B505460C4641B10B6833B196
S2140035E01B68013303D0CB680BB18B684BB900F076
S2140035F01DFEBDE838404FF492724121002000F0D5
S21400360095BA084600F017FE0023044A85F8DC3019
S214003610C5E92343C2E9003338BD00BF6813002064
S21400362010B5044618B9054B054A136010BD03F0E3
S214003630D5FED4F89830002BF6D1F4E731350000EB
S2140036401C00002010B50C4603F006FF054B0021B9
S2140036505B68032098471CB104F09EFE0128FBD14E
S21400366010BD00BF2800002004F052B804F066B871
S21400367008B502460868FFF75DFF08604868FFF770
S21400368059FF48608868FFF755FF8860C868FFF7ED
S21400369051FF0B69C860581C03D00B48834228BFF3
S2140036A003460B614B69581C03D00748834228BF6A
S2140036B0034688694B61FFF73DFFBDE80840886117
S2140036C0104604F0A5BC00BF40420F002DE9F84F9D
S2140036D0D0F8903006460F4613B1038B8B4246D087
S2140036E0D6F88CB0BBF1000F44D0DBF80830002BC6
S2140036F040D0DBF80C1000293CD0D6F8A0A0BAF1D8
S214003700000F3AD04FF000094D46C84601E0DBF8FE
S214003710083005EBC50203EB82040135E389BB42A2
S21400372016D8238ABB42304612D3B4F91230B6F903
S21400373024109942A04603EAE37255DD96F8D010AD
S214003740FEF716FA337D834281464DD9DBF80C101E
S2140037508D42DCD3B8F1000F40D000234246194614
S2140037603046D0473783C6F8908086F8D990002038
S214003770BDE8F88F0320BDE8F88FD1465446524680
S21400378047F6FF7504EBC40803EB8808B8F80E305C
S214003790BB421DD8B8F81030BB4219D3B8F9122076
S2140037A0AA4202EAE27207D14FF0FF093783C6F851
S2140037B0908086F8D990DAE796F8D0103046FEF773
S2140037C0D7F9337D834281464246EFD9DBF80C10A9
S2140037D00134A14204D9DBF80830D3E70120C7E75B
S2140037E0002AFBD09046E1E7A046B6E72DE9F04771
S2140037F082B004468946164604F0B0FD3B4D08B13B
S21400380000236B602B68D4F88CA0D4F890700BB1B2
S21400381053454BD04FF00008C5F8089004F0BCFDA7
S214003820012836D12B68DAF800103A6813B1186808
S214003830884246D0204604F0DBFAC5E900A7D4F853
S214003840A0508DF80760002D42D000220DF107032E
S21400385011462046A847204604F0B6F80546B8F1BB
S214003860000F00D08EB1B5FA85F040F2DE32400986
S214003870332100F05BF93146204604F0C5FA1C4BB4
S21400388005461B68394620469847284602B0BDE8DC
S214003890F087012003F0E0FD164B00215B68032053
S2140038A0984704F079FD0128FBD1BBE76B68002B35
S2140038B0B0D0BB42AED1AB68994514D04FF00108EA
S2140038C0AAE7696811B109689142B6D05968B1E7AC
S2140038D0217D94F8D930994228BF194632462046B1
S2140038E004F008F8B7E70025CFE700BF681300200C
S2140038F01C00002028000020F8B505460E46FEF7FE
S214003900BFF8314607462846FFF7E0FE044620B1DA
S2140039103846FEF701FE2046F8BD04F01EFD22469E
S21400392031462846FFF762FF04463846FEF7F4FDA8
S2140039302046F8BDF8B505460E46FFF74BFED5F80F
S2140039408C307BB15B696BB101F0CCFBD5F88C3069
S2140039505B691B1A584240F26B124FF04201584105
S21400396000F0E4F8F76800224FF6FF734FF0240CDF
S214003970D0B2B84208D31C4621462846FFF7BCFF03
S21400398000F05EFC2046F8BDB1680CFB0011CC8947
S2140039909C4202D2002CEFD023460132E8E7008B8F
S2140039A070470A7838B505461046FFF7D1FD60B176
S2140039B04C782046FFF7CCFD38B12243530704D499
S2140039C02846BDE8384003F0CDBE012038BDFFF7DD
S2140039D0E8BF10B504460878FFF7BAFD58B14A7834
S2140039E01046FFF7B5FD30B1042A04D02046BDE8E6
S2140039F0104003F0EFBE012010BDFFF7EABF03F052
S214003A00ABBC03F005BE70B504460D461646FFF780
S214003A1073FF30B9324629462046BDE8704002F0B2
S214003A2051BC70BD04F0A8BC38B5044648880D46A5
S214003A3000F0FFFBD4F8A0302BB929462046BDE89D
S214003A40384003F0FDBE022038BD00F0F3BB03F0A3
S214003A50B1BF73B5044600200D4600F0EAFBD4F86B
S214003A60A06069462046FFF7F2FF5EB99DF8001099
S214003A702A462046FEF77CF80146204603F066FFFD
S214003A8002B070BD00231A4629462046B047F7E725
S214003A9038B505460C46FDF7F3FF2B6B1C40EB6A6A
S214003AA02343EB62FEF738FD211E18BF01210020DC
S214003AB0490238BD04F033B904F052B907B54FF4E3
S214003AC000730A49ADF806300DF10602FFF7F4FF61
S214003AD0BDF80630B3F5007F05D1022808BF0020E8
S214003AE003B05DF804FB0120FAE700BFC014002015
S214003AF00846114600F0C0BA04F0FEB838B50446D1
S214003B00154609B104F04AF925B12046BDE838400B
S214003B1004F046B938BD0000024B1960024B18602D
S214003B20FEE700BF24000020C016002008B550B9EC
S214003B300548064B01601A60054B1A68054B1A606B
S214003B401868FFF7E9FF08BD24000020C41600200F
S214003B5060130020C0160020437C03B108470220F3
S214003B60704710B5044604F0CFFC20460321BDE89C
S214003B70104003F04BBCFFF7F4BF00000149FFF70D
S214003B80EBBF00BFDD8400000149FFF7E5BF00BFC3
S214003B90B184000010B5437C0C4693B149680022FE
S214003BA004F0BCFC206890FAA0F0000A01F0ECFBE0
S214003BB0A17A2089002281F0010104F00DFD002089
S214003BC010BD0220FCE71FB5CDE90012ADF80830A5
S214003BD069469DF818308DF80A30FFF7DBFF05B010
S214003BE05DF804FB00207047002070472DE9F74F72
S214003BF01C469DF830300193036803F00703063334
S214003C0001259D400646174605F1FF380B46A1B133
S214003C10416804EA080BA5EB0B0A41F0005952452F
S214003C2009EB0B0114D95246184605F0B3FA7A1B75
S214003C305A444946504405F0ADFA019B2BB13C442A
S214003C4048EA050804EA0804F46003B0BDE8F08F0B
S214003C501846F0E70D4BD3F8E020D20314D50C49F4
S214003C604FF48032C3F8E820C1F8EC209A6BD1B24A
S214003C70C2F3072299679A6704229A6700229A6716
S214003C809A679A679A679A67704700BF001008405D
S214003C9000100846F8B50C4C0D4617460646FDF7CC
S214003CA0EFFE0123A362042327606660A560C4F8C4
S214003CB0E830064B4FF48072C3F88021FEF72CFCE8
S214003CC00DB10223A362F8BD0010084000E100E039
S214003CD0054B1860054B01229A6540F6FF72196382
S214003CE058635A65704700BF501700200010084000
S214003CF02DE9F04F042A83B0054639D90B78836145
S214003D004B7883618B788361CB7883610068D5F8C4
S214003D1008B06E6800F007000123063003FA00F8CA
S214003D2008F1FF3909EA0B07A2F1040AA8EB07021B
S214003D30924501F1040446F000560DD8F0192146CC
S214003D40524605F027FA0AEB0B0248EA09031A4026
S214003D50AA6003B0BDE8F08F2146F019019205F085
S214003D6019FA019AA118AAEB080230463A44E8E785
S214003D70013A032AEDD8DFE802F00B08050211F835
S214003D80013B836111F8013BAB6111F8013BAB616C
S214003D900B78AB6103B0BDE8F08F00BF37B50025E8
S214003DA000951446FFF722FF204603B030BD000002
S214003DB038B50C46104B1546014668B10122C3F8CB
S214003DC0B8200E482246FFF793FF1DB10A4B042287
S214003DD0C3F8B820002038BD64B1D3F89C20A242B6
S214003DE084BF0122C3F8B820C3F898400222C3F863
S214003DF0B820EAE70122FAE70010084090100840D1
S214003E0010B5FDF73DFE184B184901229A65C3F818
S214003E1088201A66164A5A660722C3F884200A8043
S214003E20144900220A804FF4A021C3F8E81003F1D9
S214003E30C0630446C3F8EC100F4B1A600F4BD3F860
S214003E4088305B020AD50E4B18680E4B4FF4800282
S214003E50C3F88820416BA43001F0B2FA2046BDE8D2
S214003E601040FEF759BB00BF00100840CE160020D9
S214003E70D0160020CC160020C816002000400840AF
S214003E8060130020004008440D4B07221A800D4B9B
S214003E9000221A800C4B0121C3F8B810C3F89020FA
S214003EA04FF40052C3F89400C3F8B420074BF02236
S214003EB01A6403F10073A0221A64FFF7A1BF00BFC3
S214003EC0CE160020CC160020001008400000084443
S214003ED02DE9F041044688B1394E3A4FFDF7D0FD42
S214003EE03388394A03F07801032C054603F07F0C2B
S214003EF0114453D13C6824B9FEF70EFB0320BDE8FD
S214003F00F08124F00104386820F00100A0424AD174
S214003F1000223A6022886FEA42426FEA52428C429E
S214003F20228036D1294CDFF8B8C02788ACF180084B
S214003F303A46083A92B201F10800604528BF40466A
S214003F40082A04D9B0F900E0BEF1000F36DB228063
S214003F503B440C8888781E499B1ADBB2C4F30C04D9
S214003F60CC6300F007003380CB66C1F88420FFF7EF
S214003F7071FE04280DD1174BD3F88830164B1868FD
S214003F80164B4FF48002C3F88820416BA43001F032
S214003F9017FA2846FEF7C0FA0020B0E7601E012890
S214003FA098BF0C46AFE7094862440088A21A48BF8B
S214003FB0803208389042ADDC28469DE70146B8E7D7
S214003FC0CC160020C8160020D0160020CE160020E2
S214003FD000100840004008406013002000400844DD
S214003FE0501700200E490F4B0A881B880E481344B2
S214003FF0073B03F0780303440832987892B20A80AD
S21400400000F0070009490428C1F8842004D101F50E
S21400401040514A681203FCD4054A1360704700BF3B
S214004020CE160020CC160020D01600200010084027
S214004030C816002010B5054C206828B1C30701D467
S214004040FFF746FF0023236010BD00BFC816002000
S214004050084B4FF48032C3F8EC2003F17C43C3F8DE
S214004060E420D3F88030C3F30C03782B01D8FFF795
S214004070F1BD7047001008442DE9F84304460E468B
S214004080FDF7FEFC504B514D1A882D88814650484E
S21400409002F07801032C02F07F03014417D14D4C47
S2140040A024688CB92A44073A02F07802841803443C
S2140040B0E31A48BF8033AB4210DB4846FEF72CFAC3
S2140040C000242046BDE8F88324F00104EFE7012C25
S2140040D002D0022CEBD1083D0C46E8E7002E41D07A
S2140040E08C423D4942D1D1F83C800A6B02F007026F
S2140040F0063201279740D1F88020C2F30C029A427C
S21400410047DDB4F900302588002BD6DBA378C5F34D
S2140041100C0503F007037A1EA5EB08053A43052BAA
S214004120337005EA02052CD82DB2E84340F2364239
S2140041300421C00FFFF7FAFC7580E378274A337432
S21400414012687B1E03EA0803D118B160A9B213FAFD
S21400415085F5BD4289BFFF1A0023B780F2609CBF79
S214004160B180F3604846FEF7D7F9AAE7A4F1080243
S214004170824238BF04F17802B2F80080C8F30C0817
S214004180B3E7174BDB6C003B18BF0123A5EBC30559
S214004190CAE78B6B7A1EA3EB08033A431A40114B0F
S2140041A015B25B686AB9C3F30363D91E4B424B4131
S2140041B0DB0033700B4B7280D3F89030C3F30723C9
S2140041C0BCE70823F5E700BFCC160020CE1600207B
S2140041D0D0160020C81600200010084050170020F7
S2140041E00000084000400840431C08D0044AD2F8AB
S2140041F03C311B0C1B0480B20343C2F83C317047B1
S2140042000040084038B50D6804462846FFF7ECFF26
S214004210D4F8903043B15B6933B1013504BF6FF019
S21400422001020A600A681A60002038BD04F095B8DA
S214004230704770477047A62231210120FFF776BCF1
S214004240704738B50D46044600F04CFFAC4042F2CD
S214004250107364095C436423B0FBF3F0B4FBF0F026
S21400426038BD0000034B1A689B88026083800020DC
S214004270704700BF3A0000200F4B0628D3F888315D
S21400428004D183F40013C3F340507047022805D1CD
S21400429013F4400F0CBF01200020704750B9074AA6
S2140042A0D2F8D40010F0010005D083F48003C3F3E5
S2140042B0805070470020704700400E400081E00F9D
S2140042C00C4A5288B2F5E16F94BFC8225A2210B544
S2140042D094BF7824502490428CBF172210220A7074
S2140042E0054A0346107818B19C422CBF00200120D6
S2140042F010BD00BF3A0000203300002013B5234B4A
S2140043001B780E2B04463ED00DF10701FFF7D8FFB1
S2140043101E2C8CBF1E4C1F4C9DF807304FF0010220
S2140043208CBF01210021C4F8082170B1194A4DF64E
S2140043300174C2F804411B0202F1007243F44043C8
S214004340C2F80431144AA2F8D430134A134C92F837
S214004350D83023F00103034323F0020343EA41036A
S214004360DBB282F8D83024786CB923F0040343EA31
S214004370800323F00803B2F8D440A2F8D64043EAFC
S214004380C10382F8D83002B010BD00BF3A0000204A
S2140043900040084600400844001F00215617002031
S2140043A0084B094AD3F88831DB4303F4FE1343F481
S2140043B00053B3FA83F30E33A3EB4313013B13709E
S2140043C0704700BF00400E403200002002280CD08C
S2140043D0062802D020B100207047054B1878704799
S2140043E0034B18780430C0B270470720704700BFF0
S2140043F032000020022807D0062807D0003818BF51
S21400440001204042C0B2704701207047002070472C
S21400441030B51F23B0FBF3F35D1CEDB24FF0FF3455
S214004420C3EB4313AC40C01AE4430130E4B2C0B25D
S2140044301460086030BD00002DE9F7433A4E3B4F4C
S21400444096F8009015463A4AD2F8C820B9F1020FFD
S2140044500446884607EA02071AD147EA006788F842
S2140044600000002372882B60B2F5E16F94BFC8226B
S2140044705A2227F47F57944227F008079ABF380A33
S21400448000F47F5043F6C870384303B0BDE8F083AD
S214004490284A1278904228BF144604EB83030B7018
S2140044A0F4B1013CE4B24FF030632B606A4601A9D8
S2140044B02046FFF7ADFFDDE9002347EA03671E4B02
S2140044C098F800101B7847EA823747F47F5747F082
S2140044D008073BB90029194B18BF4FF07F43C1E7C7
S2140044E0164BE2E7164B1748B9F1060F08BF03460E
S2140044F02AB90029114B18BF4FF07F43B2E7B2FA32
S21400450082F2C2F11F02D2B29B5CDBB239B15A1EF4
S214004510D2B2FD2A05D81B0643F00403A2E7074BD8
S214004520A0E74FF07F439DE73A0000203F00C0E041
S214004530001F002132000020571700200400000B47
S214004540B883E00FB083E00F2DE9F3410446C8209E
S214004550FFF7D4FE2B4B2C4E18780E2801D0FF2CDC
S21400456005D1FF243470204602B0BDE8F081022851
S2140045702DD1072C204628BF072001284FF0000326
S21400458001AA0DF1030138BF0120FFF755FF0546CC
S2140045901E4B1F4FDDF80480C3F85881C7F8C8507B
S2140045A09DF8034034702046FFF7A8FE194A4FEAEC
S2140045B0082303F4E063127843EA1863A7F8D030C0
S2140045C0002AD0D1C7F8CC50A7F8D230CBE7A0B994
S2140045D0052C32BF002701270420201A3B4601AADB
S2140045E00DF10301C0B2FFF727FF4FF48003054625
S2140045F037B1094AC2F80831CAE700273846ECE75F
S214004600064AF7E73A00002038000020004008403D
S214004610001F0021561700200040084600400844AE
S21400462008B501F037F8094B094A002818BF1A46A2
S214004630136823F47F115B0803F4FE130B43136027
S214004640044B4FF00072DA6108BD00BF004108401D
S214004650184108400040084008B501F01BF8064B1A
S2140046604FF4001228B1C3F800214FF000621A621E
S21400467008BDC3F81821F8E700400844014B186845
S214004680704700BF5C17002070B505460E46C0B2E6
S21400469001F00F01FFF7D5FDC6F303110446C5F37D
S2140046A00720FFF7CEFDC6F303210444C5F30740F9
S2140046B0FFF7C7FD204470BD436C012B38BF0123B4
S2140046C02DE9F0479A46464B464F9B69464E474D66
S2140046D003F4E073A3F5C072804645485142514149
S2140046E002685245434A0FD114788C420CD198F890
S2140046F0D0C03C78A44507D198F815C03478A445B6
S21400470002D1A888BDE8F087B3F5C07FC0F800A046
S21400471011704AD1D8F8944024B12368082B58D990
S21400472094F838400F212046FFF78BFDBAFA8AF33B
S214004730002852D0B0FA80F29B1A002BC6BFD84091
S214004740C3F10F094FF00F09504501D909F1FF39A0
S214004750234B2004C3F8BC0003F1806340F6FF72CD
S214004760C3F8B82003F100734FEA0921C3F8B81064
S214004770FFF78AFFA88000F0B5FC09F01F094FF488
S214004780FA7304FA09F45C4341F66A03B0FBF3F0EB
S2140047900A23B4FBF0F45C43174B1C6098F8D03047
S2140047A03B7098F815303370ABE798F8D030062B8E
S2140047B006D1124B1B78002B0CBF9624C824B1E7F9
S2140047C0022B08D00D4B1B78002B0CBFB424F02412
S2140047D0A8E70024A6E73224A4E74FF00F09B7E7BE
S2140047E00060084031000020300000203A00002021
S2140047F034000020591700205C17002057170020AF
S214004800FF290DD00F4B1048C3F850010B040905C3
S21400481001F0F87103F4E0230B430C49C1F8503162
S214004820FF2A0DD0074B40F2F711C3F850111301C1
S21400483003F4F87302F007021343044AC2F8503137
S21400484000207047004008440000F701004008467A
S214004850F8B5134B134E1F68134D384600F0ECFEA8
S2140048603378C4B2A34201D12B78A3B1092C14D853
S2140048700E4B012C195D05D10D4B1B78022B01D177
S21400488041F0400101F00F0238460909FFF7B8FF72
S214004890002334702B700020F8BD0024FA21F1E7C5
S2140048A06013002055170020541700203C96000087
S2140048B03A00002038B5044600F0BCFB1422002164
S2140048C02E4804F075FC2E4B25781A782D49521B7D
S2140048D018BF01220A7022681A60C820A2889A802F
S2140048E0FFF70CFD284BD3F8C820284BFF21197082
S2140048F0274B2849062D03EA0203274A1AD14FF40C
S214004900EE40C2F824014FF48A42C1F82421012265
S21400491043F08043C1F820211B4AC2F8C8301E4B22
S2140049200322C3F85821FFF793FF1C4B01221A708D
S214004930002038BD022D4FF007000ED1C2F80C0142
S2140049400620C1F80C011649C2F808114FF4404180
S21400495043F00303C2F80411DEE7C2F80C01052099
S214004960C1F80C01C020C2F8080143F08043812240
S21400497043F00403C1F80821CEE700BFC81F00219A
S2140049803A00002054170020001F002138000020A5
S2140049902800C0A0004008460040084458170020E1
S2140049A0C10040002DE9F0472D4C2E4B236000F04F
S2140049B099FB4FF4FA7307464FF47A76B0FBF6F697
S2140049C029482A4A7343190E1B02181841F10001A0
S2140049D0002303F043FEA0F580730546A36220B9CA
S2140049E066222B21FFF7A2F801254FF47A726A435C
S2140049F04FF0000A53465008310203F02FFE1C4BBE
S214004A0019601C4BB7F57A7F4FEA0568894604465D
S214004A1018604FEA152505D276222B215046FFF75F
S214004A2085F801264FF47A73A8FB030103FB0511F2
S214004A307308C01841F100010023324603F00EFE51
S214004A400D4B023419600D4B49F10009A40818609B
S214004A5044EA8974024B013C1C63BDE8F08700BF42
S214004A60005008400211010020A1070040420F003C
S214004A70701700206C1700206817002064170020AD
S214004A80044B4FF00052C3F880211A60024B0122FB
S214004A905A60704700E100E00050084038B5020157
S214004AA00A4B01259D500A4A4FF480738340536693
S214004AB00446FCF7E5FF074A1378A54023EA0503FA
S214004AC01370BDE83840FDF727BD00BF005108440D
S214004AD000500840601700202DE9F04715460446B0
S214004AE088461E46FCF7CCFF022D00F0B88007462D
S214004AF0FDF772FD6C4B6D4AD3F8189092F815A02E
S214004B00DA6D5FFA8AFA520744BFD3F818900AF1B2
S214004B10010AFDF765FD664B664A1B6811684FEA99
S214004B208A7CA3FB093213F1004301FB09CCD8F8B9
S214004B3000304CEB020C012D04BF01336344ACEB98
S214004B40030C08BFC8F80030BCF1804F0AF0030A17
S214004B50C0F09880584AD2F800C0584AD2F800E010
S214004B60514A23F04041106B4FF000480022ECFB06
S214004B7001820EFB012282424FEA937381BF01330A
S214004B800130121A03F00303A3EB0A03914588BF12
S214004B904549DFF848C184BF096B03F1FF3303F0D2
S214004BA003030CF80430A2EB0900A3B1F10742BFDF
S214004BB0434B41F61F71D966B30742BF404B41498C
S214004BC0D966710742BF384B00211967330742BFC9
S214004BD0354B00211965344B04F1100103EB041E1C
S214004BE00901CEF80C2111225A5037499A694FF024
S214004BF0010EA2EB090A0EFA04F8D3F85C900A78C4
S214004C005FFA88F848EA020282450A7026D34FF413
S214004C108072A24019EA020F20D11CF80400002876
S214004C203FD10DB3F0071A6608D5254B274941F644
S214004C301F7240F20110DA66C866DA66B10706D55A
S214004C401F4B22491F4A2248DA66C866DA66720790
S214004C5042BF204B01229A60330719D43846FDF72D
S214004C605BFC0120BDE8F0871B48240140F804E007
S214004C705A66FCF705FF14490B7823EA08030B7005
S214004C80FDF74AFC3846FDF747FC0020BDE8F087F4
S214004C90212000F03FF9044B4FF480325A6038462A
S214004CA0DDE71A663846DAE700500840C0170020ED
S214004CB064170020681700206C170020701700206B
S214004CC00050084400001F1F6017002000500846D0
S214004CD000000101004008400051084474170020FD
S214004CE01030034B0001185800F00100704700BF59
S214004CF0005008401030044B01F46001000141F000
S214004D0003011950704700BF0050084038B5FDF742
S214004D1063FC084B084A9D69547DDA6D520748BF0C
S214004D209D69E4B248BF0134FDF75AFC284604F0FA
S214004D30030138BD00500840C017002008B52220E7
S214004D4000F0E8F8024B4FF480225A6008BD00BF1E
S214004D5000500840064B1B68434303EB8171054B2C
S214004D601B68A3FB003013F1004341EB00007047C3
S214004D70681700206417002008B5FFF7C7FFBDE8D6
S214004D800840FFF7E7BF10B50446FFF7BFFF8442B1
S214004D9088BF01F1FF31204601F00301BDE8104055
S214004DA0FFF7D8BF0D4A10B5146820F040430146FF
S214004DB04FF000420020E4FB0320094A126802FB81
S214004DC00300084B1B6B98424FEA917104D90133DC
S214004DD00131C01A01F0030110BD00BF6C1700209E
S214004DE0701700200050084038B50446FFF7C4FF8F
S214004DF00546FFF7C1FF431BA342FAD338BD0000A8
S214004E003B4B082270B501210546C3F8C820394837
S214004E10394CFCF727FF394B1D702378013B012BDB
S214004E200CD8237CE07B01229A400C21302313FB14
S214004E30001303F1884303F520431A60304B002229
S214004E405A677DB92F4A4FF6FF71D16702F100729B
S214004E50F821D1675D672C4B4FF08042C3F8942051
S214004E60002070BD636853B300F03CF9626800EB45
S214004E705203B3FBF2F3013B1B0243F0F803267820
S214004E802049224A022E1CD0032E1D484FF6FF75DD
S214004E9021D0012E27D143F00203CD67D367072325
S214004EA04367237CE07B01229A400C21302313FBCE
S214004EB0001303F18C4303F520431A6011E0F82336
S214004EC0DDE743F001034FF6FF70C867D3670C4B6E
S214004ED005225A67E5E743F00503CD67D36701234C
S214004EE043670B4BB8E7CD67D3670023F8E700BFEF
S214004EF000400E4600350A007C1700207917002077
S214004F00000008400000084400400844000008462E
S214004F1000400846044BD3F89430002BBCBF034B2C
S214004F20C3F88000704700BF0040084000000840FB
S214004F304FF0006318B1034AC2F894307047024A33
S214004F40FAE700BF004008460040084400207047CB
S214004F5008B5064B06491A684FF00450920004F054
S214004F6019F9BDE8084000F04FBE00BF6896000083
S214004F706C96000007B501A8FEF748FA134B144AD2
S214004F80C3F8442148F2E672C3F838214FF40862A9
S214004F90C3F834210F4AC3F8A0200F4A4AF63F410F
S214004FA0916002F580424FF0C07191620022C3F812
S214004FB0FC200A4AC3F89C20094B7F225A6203F160
S214004FC0007323225A6203B05DF804FB00400840D9
S214004FD0C0E653517A27000F00300840806D630307
S214004FE0003008440F4B002210B5C3F88820C3F8E1
S214004FF08C20C3F890200C4A0121D1605A6812F028
S214005000706FFBD14FF00452DA67012402F5FD52AF
S214005010C3F880401A66054B1B689847044BDC6053
S21400502010BD00BF00400840004008464000002079
S21400503000400844034BFD22C3F8C8200122C3F8F1
S214005040CC20704700400E4638B5FFF7F3FF1B4BE9
S2140050501B481C4C1C490222C3F8C8201B4B1A686C
S21400506042B102EA0005A54204BF5D681560083338
S2140050708B42F4D1164B0222C3F8C820154B164AB1
S214005080D3F83C111160154AC3F8942000F0A0FB39
S214005090FFF770FF124B0322C3F8D820A3F5005386
S2140050A00122C3F894204FF46072DA604FF0407229
S2140050B0C3F8F820C3F8102138BD00BF00400E46E4
S2140050C00000FFFF00000840B081E00F0080E00F06
S2140050D000400E4400400840440000200048F00015
S2140050E00060084608B5FCF7D3FC044BD3F8103133
S2140050F0C3F308230133B0FBF3F008BD00400E40B5
S21400510070B5044618B1284D2268531C00D170BDF6
S214005110C2F30063110C35F8130011F0FE0F93B2C2
S21400512043EA0043606818D00434CAB2022A2168F1
S21400513008D9D4E90160033AC3E9001698600C3434
S2140051400C33F3E704D16268C3E900120834DBE7E6
S214005150012AD9D104341960D6E7120F072AF5D8E8
S214005160DFE802F00704090D1013181DC04303F111
S21400517080631860EAE71A6842401A60E6E703F1BF
S214005180C063F6E7FFF730FEE0E70122824003F156
S214005190C063F2E70122824003F18063EDE71A68FC
S2140051A030EA0202FBD1D1E746960000024B01220C
S2140051B0C3F89420704700BF00400846024B012207
S2140051C0C3F89420704700BF00400844024B4022BA
S2140051D0C3F89420704700BF00400844024B4022AA
S2140051E0C3F89420704700BF0040084608B50C4B33
S2140051F01B68D3F8943023B11A68022A01D9186ABA
S21400520008BDFFF76FFF074B1B6D024698B20028DC
S214005210F6D0C3F30743D2085343B3FBF0F0EFE7EF
S2140052206013002000600840064B5B68C3F303630E
S214005230984206D1044A936B23F0F00343EA011127
S2140052409163704700400840001F002110B50446D7
S214005250FFF7CCFFC4F30113022B05D0032B09D0B4
S214005260012B00D1400810BDC4F3C4240134B0FBA8
S214005270F4F0F8E78008F6E700F03003202B10B5CE
S21400528013D110F4E02FC0F302440AD010F4C01F6C
S214005290C0F3C423B3FBF4F418BF6400052C0ED887
S2140052A06408FFF7D3FF604310BDC0F382136FF0AE
S2140052B012041C4104F00104C4F10204F1E70424C2
S2140052C0EFE700002DE9F0470E46FFF755FDDFF843
S2140052D0B090DFF8B0A080460025FCF7D1FBD9F8E7
S2140052E00430C3F30363012B07460BD1711C1AD09D
S2140052F0FFF742FDA0EB08053846FDF70DF9AE4274
S214005300EBD80DE0052BF1D00B2BEFD0023B012B99
S2140053100CD9013602D0FFF72FFD3846FDF7FCF812
S2140053201648BDE8F087FDF7F7F8D6E7DAF8083054
S2140053301A04C3F389140FD4013602D0FFF71CFDFC
S2140053403846FDF7E9F824B2A4F1C8006FF4FF73FD
S2140053509842B8BF1846E4E7731C03D0FFF70CFD6D
S214005360A0EB08056FEA84546FEA94543846FDF7BC
S214005370D3F814F5007FC2D0E6E700BF00FEFFFFBB
S2140053800040084000700840024B012218619A60F5
S214005390704700BF00200840084910B5D1F87031AA
S2140053A040B11C464A68D1F870319C42F9D1C2F32C
S2140053B00362027003F00F0010BD00BF00400840FB
S2140053C0094BD3F8883001F0800103F480030B43C7
S2140053D009D1064B4FF400129A61837F1BB1044B30
S2140053E00122C3F8F82070470040084000600844D7
S2140053F00060084610B5FCF743FB084B1B680446E4
S2140054003BB1984728B1002200204FF4806100F09D
S2140054102DFD2046BDE81040FDF77EB89017002011
S2140054202DE9F0411F4CDFF89080069F0646A2FB50
S21400543003502C1960F1000E9C46A0454FF0000367
S21400544073EB0E0E07D24FF4B4720E211846FEF719
S2140054506DFB02201BE00029FBD0C6F3130601EB10
S2140054605C04B4FBFCF4A4FB0646E40C44EA4634B5
S2140054700D4E34600D4C22600D4A914209D10D4A02
S214005480A5FB025302FB00339B093B600020BDE8EE
S214005490F081C4040A46E80444EA553103F0DEF815
S2140054A03860F3E700C9E876981700209C170020BC
S2140054B000F049020A3BB2DF0046C32338B5164D5A
S2140054C02B780C4623B9154B1B6D03F03F032B704E
S2140054D0134BD3F894305B051CD5124BB0FBF3F09E
S2140054E040F24D534343A3F546430C3B584300F567
S2140054F0C91000F5556028B940F21B322B21FEF783
S21400550015FB01202B78084A5343B3FBF0F3002029
S214005510236038BD0220FCE79717002000300840C3
S2140055200040084000366E018096980070B5374CF3
S214005530374B256B374C1B682468ED024CBF1B1994
S2140055401B1BB3F1804F04D8002B3AD1324E1C46B9
S2140055500AE0B3FA83F4314EC4F10204E340304D5E
S214005560AB4201D901345B0803EB5605B5FBF6F5F3
S2140055702C4EB34234BF002601262403013D44EAE4
S21400558086242C430C60D8B1B3FBF0F1642400FBF6
S21400559011336343984288BF01F1FF314808013850
S2140055A001390728204D214C4FEA510311D900211B
S2140055B029700621C4F894101B0243EA00131360F6
S2140055C070BDB3FA83F4D4F10204134EC6D500249A
S2140055D0C5E71029EBD068B1012129700621C4F86F
S2140055E09410134909780029E6D012490224C1F81C
S2140055F09440E1E7012914BF0121002129704FF0F2
S2140056000601C4F89410ECD1D6E700BF003008407D
S2140056109C17002098170020E0673500C0CF6A006E
S2140056203FBE4025401B5F139417002000400844EF
S2140056309517002000400846084B5B6B03F00700F8
S214005640C3F3C20213F0380F18BF5043C3F38212DD
S21400565013F4E07F18BF5043704700BF0030084087
S21400566010B5044651B10B6843B15B6833B11A6894
S214005670032A03D99C6A640E204610BDFCF700FA84
S21400568001462046FFF7D8FF04460846FCF744FFCD
S214005690F2E70000034BD3F8380180F01000C0F3A7
S2140056A00010704700400840174B4FF4002210B51A
S2140056B0C3F89420154C164BB0F1804F88BF1C469B
S2140056C0144BDA6CD2071DD51B6F134A04F5F4246D
S2140056D004F59074B4FBF2F4033CE4B203F0070361
S2140056E0A34202D02046FCF77DFF0C4B1B784BB143
S2140056F00B4B4FF47022C3F8942003F1007324047C
S214005700C3F8944010BD00BF00400846E06735006F
S214005710C0CF6A0000300E4040420F0096170020AF
S214005720004008447FB50446FCF7AEF91C4B06461D
S2140057302C3358680093A37922683146FFF770FE31
S214005740054648BBA379012B14BF164916491022FB
S214005750C1F83821206815495843FFF7AFFE03AA61
S21400576002A93046FFF7E2FE0F4A43F6FF53C2F89F
S214005770A4300C4B0299C3F8A4104FF4EE611163E9
S214005780039A1A632068FFF78FFF094BA2881A62F4
S21400579003F5405300229A63284604B070BD00BF4C
S2140057A0003008400040084600400844503008409A
S2140057B00000084008B5044B01221A70034B186815
S2140057C0FFF772FF002008BD961700209C170020E8
S2140057D0024B4FF48062C3F894207047004008469E
S2140057E00D4BD3F80421D3F8B030D2B2FF2A03D041
S2140057F043F30743591C01D190221923074903EBB1
S214005800D37302EB6302022381F84630232381F828
S214005810472081F8453070470081E00F001F0021C7
S21400582040B10368012B05D90069034B002808BF67
S21400583018467047004870474C96000038B5054635
S21400584014480C46FFF7AEFA2DB1C30103EB55031F
S214005850B3FBF5F32360104A5368D80217D40F4BF6
S2140058601B68D2F8A810C3F3810311F4806203F119
S2140058700103C9B218BFDA00FF2906D00649D1F8DD
S214005880AC10490501D502EBC302626038BD0022A8
S214005890FBE700BF40420F00000008400020084021
S2140058A0084B1A68C117A2FB000310F1807002FBB8
S2140058B0013343F10003400E40EAC310803820EA6B
S2140058C0E0707047A4170020174B072270B5C3F886
S2140058D08420FFF707FC154B154A164EC408010B2B
S2140058E00546E005C01841F10001002302F0B6FEAF
S2140058F0114B18604EF66020FFF7D2FF4042C6F804
S2140059009C000E48FFF74EFA024658B1E3015008D5
S21400591018184FEA15714FF0000341F1000102F02C
S2140059209DFE706770BD00BF00400840B2E60E00E6
S21400593065CD1D00001F0021A417002040420F0067
S21400594038B14FF47A735843A0F6AC50401AFFF7BC
S214005950A7BF4CF25030FAE72DE9F8430546084653
S2140059609846FFF75DFF16460746002D00F0A98013
S21400597018F0050F5DD02C69002C00F0A480FEF70F
S2140059807DFE4FF47A735C43201A7B68A0F6AC5019
S214005990C01AFFF785FFAC8B3062002C00F09680B3
S2140059A0FEF76CFE4FF47A735C43201A7B68A0F611
S2140059B0AC50C01AFFF774FF70614A4BEC68D3F81E
S2140059C00090002C00F08580FEF758FE4FF47A73A6
S2140059D05C43241A7B68A4F6AC54E41A3B68E41AC9
S2140059E0414B1A68E117A2FB044314F1807402FBD2
S2140059F0013343F10003640E44EAC314803C3B4B7E
S214005A00B4613B4CD3F88430F36123684BB148460D
S214005A1002F01AFD28B12368D9F848003246394604
S214005A209847AC69FEF72AFE01462046FFF788FF36
S214005A30F06218F0020F29D06B684FF47A70584362
S214005A405BB13B6803F51C5310331844AB7F002B47
S214005A5046F2A81308BF00231844FFF721FF6B691E
S214005A60B062002B38D078684FF47A7202FB0300DD
S214005A70AB7FA0F50350002BA0F1100046F2A81350
S214005A8008BF0023C01AFFF70BFF706218F0040F60
S214005A9017D0A86818B34FF47A735843A0F503508C
S214005AA01038FFF7FDFEF0602B684FF47A7058430D
S214005AB023B13B6803F51C5310331844FFF7F0FE80
S214005AC03061BDE8F8834CF2503062E74CF250305B
S214005AD070E74CF2503483E747F23050D3E747F292
S214005AE03050DEE760130020A4170020001F0021BE
S214005AF0A0170020064BD86DDB69C0F3011203F037
S214005B001F03000C02FB000001331844704700BF5F
S214005B100060084038B505460C4621B38B7913B3B0
S214005B20052B0FD0062B0FD0032B01D10223A37118
S214005B30A379013B062B0ED8DFE803F00F08080F09
S214005B400F2323000423F2E70723F0E7294600206B
S214005B50FFF7D0FF45B90023A3710020A37913B146
S214005B6023680344236038BDB0F5803FF3D86B0943
S214005B704FF2244202FB00302D09B0FBF5F0404204
S214005B80ECE7A288002DE6D0B2F5005FE3D8044922
S214005B906B0901FB02332D09B3FBF5F0DEE700BF0E
S214005BA020A1070010B508461C46FFF7ECF8094B85
S214005BB00246D3F8F800FFF733FE0368A018002B60
S214005BC0054AA8BF4FF4FA721A44044B92FBF3F24C
S214005BD0104410BD001F00210CFEFFFF18FCFFFF45
S214005BE0074BD3F8D8304FF604014FF605029BB2A8
S214005BF08B4208BF1346034A01209365704700BFD7
S214005C000081E00F0050084070B5194C0FCC86B0EC
S214005C1001AD0FC5C822236816482B60002103F08B
S214005C20C7FA7C220021144803F0C2FA134B144A28
S214005C30C3F8F020FFF7D4FD124B1B782BB101AD53
S214005C400FCD0B4E0FC62B6823600F4B0F4AC3F8C1
S214005C50DC2F0F4AC3F8E02F0E4AC3F8E42F02F1F8
S214005C60957202F27112C3F8E82F06B070BD00BF3D
S214005C70C81F0021381F0021BC1E0021001F002164
S214005C803F00370058170020001000210200620273
S214005C9009C805780708DC060A4B197801F0FF02E8
S214005CA029B10021197008499202C1F8A02059783C
S214005CB001F0FF0229B1002159709302024AC2F88E
S214005CC0A4307047AC17002000000846074BD3F8F6
S214005CD0E40E074BD3F88C301A0103D4054B1B6E29
S214005CE01B0401D500F58070704700BF001000212E
S214005CF0004008400000084008B5FBF7C1FE0F4B07
S214005D001A78B2B90E4A126812F4843F11D10D4ABD
S214005D101021C2F894101B786BB9094B1B68DB0581
S214005D2009D4084B2022C3F89420BDE80840FCF7AD
S214005D30F3BB054AECE7044BF4E700BFB0170020BE
S214005D40B8170020004008440040084610B5FBF78E
S214005D5097FE0E2104460320FFF766FA044B40F236
S214005D60012220465A62BDE81040FCF7D5BB00BFB2
S214005D7000000840044B00221A70044B197811B139
S214005D801A70FFF7B9BF7047AF170020B017002092
S214005D9008B5FBF775FE244B4FF08052C3F8802001
S214005DA0BFF34F8FBFF36F8F4FF48072C3F880201E
S214005DB0BFF34F8FBFF36F8F0222C3F88020BFF36D
S214005DC04F8FBFF36F8F1022C3F88020BFF34F8F23
S214005DD0BFF36F8F2022C3F88020BFF34F8FBFF32F
S214005DE06F8F4FF00052C3F88020BFF34F8FBFF382
S214005DF06F8F8022C3F88020BFF34F8FBFF36F8F63
S214005E004022C3F88020BFF34F8FBFF36F8F4FF051
S214005E100042C3F88020BFF34F8FBFF36F8FBDE8FB
S214005E200840FCF779BB00BF00E100E008B5FBF7CF
S214005E3027FE0D4B4FF080521A604FF480721A60A6
S214005E4002221A60002283F8012310221A60202200
S214005E501A604FF000521A6080221A6040221A60C0
S214005E60BDE80840FCF758BB00E100E070B5084C00
S214005E7001232370074B1E68074BD3E900533240BB
S214005E801940284001F0F0F90023237070BD00BFD0
S214005E90AE170020B4170020B81700202DE9F047F1
S214005EA0DDF820A003EA0108099B06460D4602EA33
S214005EB0000703EA0A09BAF1000F40F04981031F00
S214005EC00B4300F00F81052871F1000380F0E3809A
S214005ED050EA010300F05C81431E0B4300F01D8175
S214005EE0FFF756FFAB4AD2E9004323EA050324EA4C
S214005EF006043C4343EA0807A74BA84D1E68DFF894
S214005F00EC8226EA0A0646EA09061E60C2E900474F
S214005F10FFF7F2FE14F02A4F14BF48F202034FF4C4
S214005F200043B0079E48C26E48BF43F4005383EA5E
S214005F30020122EA0302EA669A4A81660B40D366A9
S214005F40C4F380421203210348BF42F48072E30682
S214005F5048BF42F40052A50648BF42F400726006ED
S214005F609148924DD0F80C3248BF42F48062210628
S214005F7048BF42F4006282EA030123EA0203C5F83E
S214005F800C328B4BC0F808120A40C7F34025AD040C
S214005F90C3F80C22E20448BF45F48035A30348BF8B
S214005FA045F48015A00748BF45F4001514F4001FFB
S214005FB006D0D8F8000002F03DFB08B945F40025ED
S214005FC0E1027C497C4848BF45F40035FA0648BFE4
S214005FD045F480050A6A730748BF45F0040585EA5C
S214005FE0020323F001031A4002621D40CB61734B8B
S214005FF073481D62734B744A16F0010F18BF1A4699
S214006000836E7D0748BF42F40012704D82EA03019A
S21400601023EA0203AB666E4B41660A4000F5005069
S2140060209A66C16B04F0010305F5005581EA030288
S21400603021EA0301E96382631A40664BDA63D8F803
S2140060400020200248BF644B92F8E92058BF634BFB
S214006050610748BF43F4806322B114F4C06F18BFD1
S21400606043F480735E485F4CD0F8EC10320748BFAC
S21400607043F0004383EA010222F4A0221140C4F850
S214006080EC101340C0F8E820574ABDE8F047C2F8C5
S214006090EC30FFF7CBBEA0F580630B4306D020F4B0
S2140060A08063A3F500730B437FF41AAFFBF7E8FC9D
S2140060B03849D1E9003223EA060322EA050242EA19
S2140060C008023B43C1E90032484A126892F8E920C8
S2140060D00AB313F4C06F1ED0434B4FF48072C3F85C
S2140060E0EC2014E0FBF7CCFC2A4AD2E9003123F07E
S2140060F004033B4341EA080157EA0807C2E90031B6
S21400610014BF394A374A4FF48063C2F8EC30BDE812
S214006110F047FCF701BA334BDFE7FBF7B1FC1D4A4B
S214006120D2E9003123F001033B4341EA0801C2E90A
S21400613000312F4A57EA08074FF0010315BF936353
S2140061402C4902F1C062CB6314BFD3639363DEE7CE
S21400615050EA01037FF4C4AEBAF1010F7FF4C0AE7B
S214006160FBF78EFC0C4A136823F0010343EA09038D
S2140061701360134A4FF48063B9F1000F04D05366DE
S21400618002F1C0629366C2E710498B665366BEE7AB
S214006190BDE8F087B8170020B417002000000844B8
S2140061A00000084000000846006008400060084400
S2140061B0006008460040084000400844004008468A
S2140061C000500840041C50000418500000500844BA
S2140061D000500846007008460D0A0A09090A0A090E
S2140061E00010084000100844001008466013002005
S2140061F00070084000700844024B5868C0F3C000A6
S214006200704700BFB8170020024B186800F0010066
S214006210704700BFB8170020024B5868C0F3C03064
S214006220704700BFB817002010B50446FEF70CFFF5
S214006230FFF7AEFD04F14C00FDF726FEFEF7D2FE9A
S214006240FEF7B0FBFEF71CFCFFF73EFB1049114AB9
S214006250D1F8F810072304F1A400FFF77DFB4FF4F4
S21400626040010020FEF746FD4FF400110120FEF726
S21400627041FDFFF7B5FC20B940F2E7221421FDF7F7
S21400628055FCFFF797FABDE810400120FEF7B8BDB1
S214006290001F00216C1F0021084B8022C3F88820B5
S2140062A003F17E430822C3F88820054AD2F8BC3E94
S2140062B023F02003C2F8BC3E704700BF00400846EB
S2140062C000100021F0B583B00646144602F05CF8D4
S2140062D0002800F09B80514BDD6815F0060540F065
S2140062E09580FBF7CDFB23790095022B07463ED120
S2140062F0237B022B35D00320FEF7F2FC18B9484B5F
S2140063005B685B047FD5A37B257B4649A268019228
S214006310003B18BF0123012D0B705DD0424A434C51
S214006320002313702278002A61D13C4E0420FEF729
S214006330B5FBF36E23F0F85323F4F81343F05063E1
S21400634043F48033F3662A46022301A90420FEF7AD
S214006350C3FB002852D0364B012130222170C3F8EF
S21400636094203846FCF7D8F8002003B0F0BD032090
S214006370FEF7B6FC002846D12279D6F8AC30012AC2
S214006380226838D0D51A254B2A4A0095DA660022AC
S2140063901A67627B284B002A0CBF012200221A7063
S2140063A0264B264AD3F8BC3E0CBF43F0200323F00E
S2140063B02003C2F8BC3E0320FEF770FB174B204AB2
S2140063C0DA662279012369460320FEF785FBF8B1D9
S2140063D01C4B01221A708BE72379022B9ED0009B60
S2140063E0D6F8AC100B4413440025019396E72370AF
S2140063F0FFF782FC99E79A42C5D3C3E70320FEF76E
S2140064004DFB0C4BF3663846FCF786F80320ACE7EA
S2140064103846FCF781F80120A7E700BF0050084087
S21400642000400840B2170020AF170020B017002029
S2140064300040084600000101B117002000100021AE
S214006440010C0100B31700202DE9F3410D46074665
S214006450FBF716FB1B4BDFF8788000241C70FFF759
S2140064601BFF194BC8F86C30C8F8704006466879B0
S214006470431E5842584101F0AFFC40F60143C8F8AD
S21400648070302A792968D7F8B430012A01D19942A8
S21400649000D3CC1A04230DEB030103200194FEF76E
S2140064A01BFB50B9094B88223046C3F88820FCF7FE
S2140064B033F8012002B0BDE8F0813046FCF72CF836
S2140064C00020F7E7B3170020000001010040084451
S2140064D000500840F8B5194C05462078B0FA80F010
S2140064E040F206423E214009FDF720FB55B9607890
S2140064F0B0FA80F0BDE8F84040F206423E2140097E
S214006500FDF714BB0E4F0F4DD7F8A0304FF4406682
S214006510C3F381232370C5F8A0606078B0FA80F0DA
S21400652040F206423E214009FDF700FBD7F8A430B2
S214006530C3F381236370C5F8A460F8BDAC170020D0
S2140065400000084000000844F8B50B4C0B4DD4F88A
S21400655088300B4F0423C5F88830D4F888305B03A6
S21400656000D4F8BD0426C7F888600220FEF73CFC7D
S214006570C5F88860F1E700BF0040084000400846C4
S214006580004008441C4B70B5D3F888601B4D03F1DF
S2140065908063A822C3F8882010221A60184A194B74
S2140065A093666B66FFF778FB174B1B7813B90320CF
S2140065B0FEF774FA00242C67FFF7C6FF134A144B45
S2140065C0D2F8E41E0B40C2F8E43E124B0422C3F895
S2140065D08820114BB206C3F8C44008D503F5807373
S2140065E09B6CB3F5817F22BF034B80229A60BDE887
S2140065F0704001F06DBD00BF0040084000500840EC
S2140066000050084410000002B317002000100021BC
S214006610DF0000FF00400844001E002110B549B905
S21400662018B3144A53681B0E13F00E0F1DD11368CF
S2140066309A061AD4FFF78AFB0E4C0020FEF7ACFE33
S214006640032801D0092806D1D4F88C30DB03F4D413
S214006650636F0C2BF1D9FFF777FF074B0122DA6047
S21400666003F17E430422C3F88820044B4FF4C06233
S2140066705A6210BD004008400040084600600844CA
S21400668008B503210920FEF7CFFD024B20229A60B1
S21400669008BD00BF0040084038B50546FBF7F0F9D6
S2140066A00446FDF7ADFB35B1FFF764FB2046BDE8B9
S2140066B03840FBF731BF084B1B78002BF6D0074B52
S2140066C01D78002DF2D1FFF755FB2A464FF4804087
S2140066D00021FFF7CBFBE9E7AF170020AE1700203D
S2140066E02DE9F84F524B0546D3F888300E4614462F
S2140066F0002A40F0998013F0A00F14BF4FF0010954
S2140067004FF00009DFF844814A4F01F0E1FCA02376
S214006710C8F888300320FEF7C1F90420FEF7BEF95A
S2140067204FF0000AFFF726FB434BFB66C7F870A046
S214006730FFF70AFF414BD3F8BC2E42F02002C3F805
S214006740BC2EFF22C8F80020394A4FF480719160B1
S214006750D3F8E42E3A494FF0040B1140C3F8E41E78
S214006760C8F888B0C3F8C4AEFB6813F0060F04D0B0
S214006770FEF7E4FA5846FEF791F9B9F1000F08D093
S214006780304B4FF40062C3F888202F4B4FF4004282
S2140067905A6665B12C4B5B6C190701D4FFF7D6FA25
S2140067A0FFF76EFF0420FEF779F9FFF775FA204B26
S2140067B0DA68D20736D55A6812F0706FFBD1234DCF
S2140067C0234B244AC5F88830936B23F0F003936379
S2140067D016B12046FFF760FF0123EB6014B31A4B97
S2140067E0DA6E9A66124A136A23F00103D3611A4BD3
S2140067F0D3F80C22C3F80822A3F54053DA6F9A6741
S214006800A3F50053D3F8EC20C3F8E82003F5C04303
S214006810DA6B9A63A3F50053104A5A664FF608439C
S214006820C5F88830BDE8F88F4FF000096AE700BF6A
S2140068300040084000500840000001010010002100
S214006840DF0000FF00400846000008400040084403
S21400685010003000001F0021006008405000F002C9
S2140068609A4B196EDA6E2DE9F04F01EA0209C3F869
S214006870689003F5805385B0D3F8E060D3F8EC2039
S2140068801640C3F8E86003F5A043D3F80012D3F827
S2140068900C2201EA020AC3F808A2A3F500535969BC
S2140068A01A6A01EA02088A4A08EA0202DA61894B91
S2140068B0D3F80022910006D4D3F800319A00C3F32F
S2140068C0407740F1E180FBF7DBF8834BDA68DF6D59
S2140068D012F0060F9A6E07EA020727F4800222F4E7
S2140068E0006214BF4FF0010B4FF0000B5A667B0797
S2140068F004D57A4A537D0133DBB25375FBF70CFEA1
S214006900B9F1000F00F0DF8019F4004427D0FBF740
S214006910B7F80146FFF7DAF96F4D0446AA69AB6986
S2140069209A42FCD0AA699342FCD0FFF7CFF9A04266
S21400693040F0AC800846FBF7EFFD694B1C60694BE6
S214006940D3F8885015F4E05240F0A28024F07F443B
S21400695024F0DF040CB9FFF715FE4FF0807419F031
S214006960020F4FF0000516D05E4B5F49D3F8883013
S21400697003F46042C1F88820002A00F09E801D04BF
S21400698000F19E8013F4005F0CBF4FF000534FF0F1
S21400699000631C430025C9F340394FEA4909534BAD
S2140069A03340002B4AD016F4206F0AD040F60F0270
S2140069B006210020FDF7BAF80020FFF76DFE26F44A
S2140069C08026F00506D5484BFF221A6044F4C064C2
S2140069D0FFF7BCF916F0090F0AD040F6240208218A
S2140069E00020FDF7A3F8FFF74BFE414B01229A6209
S2140069F016F0106F0CD040F62D0209210020FDF78E
S214006A0095F8FFF73DFE002211461046FDF7D0F937
S214006A1016F4202F0AD040F6350207210020FDF795
S214006A2085F80020FFF738FE26F48026F10301D50E
S214006A30FDF70EFB002EB8BF49F0080972070DD50A
S214006A402B4B5B6A13F4005F14BF2A4A2A4A4FF4A2
S214006A5000531ABF536244F400045362730548BFE0
S214006A6044F0040416F4802600F0AA80FDF7BAFA73
S214006A700138062842D8DFE810F021012401210160
S214006A8027012A012D012D01BB4639E7044645E7BB
S214006A900192FFF777FD144B019AC3F8882015F48E
S214006AA0805307D115F4806F0CBF4FF080544FF021
S214006AB0806454E74FF0804451E74FF0007368E776
S214006AC04FF0004365E74C464D4668E70000084037
S214006AD00000F7FF00E100E000500840C01700206B
S214006AE0A81700200040084000400844090B0B8906
S214006AF000100840001008440010084640F66602E1
S214006B0003210020FDF712F87C4A136ED2F88000AD
S214006B1003F007030633012101FA03F3C0F30C0068
S214006B201B1A9BB2072B13D9754BD3F88830580223
S214006B300ED47448136B126DC06C58B103F0070383
S214006B4006339940C2F30C03C91A89B2072901D843
S214006B5044F400746C4B1B78002B31D0674BD3F891
S214006B60E03013F4A02F2BD1684B694A1B7893B9F9
S214006B70FB0410D4137873B1E308664943EA4573FF
S214006B8083F00103D1F8E41E03F001035B0021FA51
S214006B9003F3980714D10420FDF780FF5E4B5F498E
S214006BA0D966FFF7E7F85A4A13782BB95C4B5D4A6B
S214006BB01B682340134201D144F4804427F48057D5
S214006BC0BAF1000F1DD01AF4805F18BF44F4802479
S214006BD01AF4807F18BF44F400241AF4005F18BF2C
S214006BE044F010041AF4007F18BF44F020041AF48E
S214006BF0806F18BF44F040041AF4006F18BF44F0CA
S214006C008004B8F1000F3BD018F4802F18BF45F46D
S214006C10007518F4803F18BF44F4805418F4801FA1
S214006C2018BF44F4003418F4001F18BF44F00204E0
S214006C3018F4003F18BF44F4801418F4800F18BFEF
S214006C4045F0100518F4002F1AD0324BD3F8BC3E8E
S214006C5013F0C00F14D02A4B5A68C2F30362032AFB
S214006C6001D0072A07D1D3F88C20D10603D4D3F855
S214006C709020120731D54FF40022DA6128F400285C
S214006C80002F00F00D81380540F18180264ADFF89C
S214006C9088A0D378002B4DD0013B4FF40061DBB2C7
S214006CA0CAF86410D37033B9204B1B78C3B1204B9D
S214006CB040F60142DA660023002266E044F480349F
S214006CC022E744F400641FE744F480641CE744F4BD
S214006CD0807419E744F0080416E744F40014CFE77C
S214006CE0DAF8703013F4A05F15BF4FF4807340F6E7
S214006CF00143CAF85030CAF87030DCE7001008408C
S214006D000040084000000840B0170020AF170020E1
S214006D10B1170020001000210050084000000101BB
S214006D20B8170020088D010074170020B317002044
S214006D30005008460320FDF7B1FEDAF80C30A848EC
S214006D40A84913F0060F02BFA74B41F61F72DA667A
S214006D504FF40063CAF86430DAF80C3013F0060318
S214006D6008BFCAF87030C38A13F4006260D023F4F8
S214006D700063C3820B7803F0FF0A002B5CD1FDF79B
S214006D80DDFFFFF7FFFB534620221C431543B901E6
S214006D900BD52E20FEF7BEF8934A4FF0007393668D
S214006DA002F17C4245F008055366FA0608D52B200A
S214006DB0FEF7B0F88C4A1023936602F17C425366C5
S214006DC017F4E00F05D1FB045ED5BBF1000F00F011
S214006DD0AC80B80210D52920FEF79CF8FFF70CFA15
S214006DE040B18249824A834B53668B668249496822
S214006DF0490424D445F0040517F4800BDFF8F0A10D
S214006E0029D00420FDF74AFE2720FEF783F8FFF777
S214006E10B9FB4FF48003CAF86430784BD3F8E42EFD
S214006E2050067CD4764B02221A6045F0020528E014
S214006E300B784FF40053A8E74FF400433CE76A4949
S214006E4020208B665366FEF765F82D2045F00C056E
S214006E50FEF760F8D0E7FA024CD50420FDF71EFED8
S214006E602820FEF757F8DAF87030002B3FD1FFF7EE
S214006E7089FB5D4A5F4B936602F17C4245F0010553
S214006E8053665B4B00221A657B0509D55D4A9378ED
S214006E90002B00F09880013B9370002349EA030919
S214006EA04A4620462946FEF7E1FF0EB1FDF7C2F836
S214006EB018F4002F00F08C804F4B4FF40022DA615C
S214006EC018F0206F00F0888018F0007F01D0FDF7E2
S214006ED0A7FB18F0006F01D0FDF7BEFB00220020D4
S214006EE04FF4006105B0BDE8F04FFEF7BFBFCAF82B
S214006EF070B0BEE7FB04C4D50420FDF7CFFD424BBF
S214006F00CAF86C30FDF71AFFDAF85C3013F4A00FFD
S214006F10B7D12A20FDF7FEFFFFF734FB7DE7D3F855
S214006F20BC3E990681D4394B7DE7364A13794BB17E
S214006F30013BDBB2137113B92C4B354ADA660023DA
S214006F401C43A1E70420FDF7A9FD0320FDF7A6FDDD
S214006F50274B2D4ADA66FAF793FD82460DF10F00AD
S214006F60FEF71AFA2B4B1B7883460BB1FEF7EEFEA4
S214006F70BBF1030F0ED1DFF880B00020FEF70CFA4D
S214006F80032807D1DBF88C30DA03F6D4DBF874304C
S214006F900C2BF2D99DF80F30032B06D11E4B012285
S214006FA050461A70FBF7B8FAC9E71C4BD3F8E03026
S214006FB013F4A02FF2D1FEF7DDFE5046FBF7ACFA35
S214006FC04FF48043BCE70220FDF768FD012365E728
S214006FD0B8F1000F7FF474AF05B0BDE8F08F00BFC6
S214006FE0C0170020B3170020005008440050084681
S214006FF00050084010000002004008400010002129
S21400700000400844741700200000010100400846B4
S2140070100000010DB2170020AF1700200010084036
S214007020014B1B68184700BF54000020FFF718BC30
S214007030FFF716BCFFF714BC0B4B10B55C691A6A59
S2140070401440A2B2DA61E20704D55868C0F30360C0
S214007050FAF78DFD630706D5BDE810400422002030
S2140070600021FEF703BF10BD00400840FFF7F8BB45
S2140070700C4A08B5136BD16B0B409363DB070FD537
S214007080094B187840F6AC22122100F00100FCF7FC
S2140070904DFDBDE80840002201200021FEF7E6BEB7
S2140070A008BD00BF00700840B8170020044BDA6F18
S2140070B0D207FCD41A6FD96F0A409A67704700BF90
S2140070C00030084070B50D461446FAF7D9FC064B5A
S2140070D0D3F8BC6E74402C407440C3F8BC4EFBF72B
S2140070E01BFA05EA060070BD00100021034BD3F81A
S2140070F0BC3E99430CBF01200020704700100021C1
S2140071007047436B03F06003402B0DD0602B03D019
S214007110203B58425841704749B10B68012B06D9AD
S214007120486940F00100704740F2011070470020A7
S2140071307047000009490A4AD1F8EC0010B504234C
S2140071400124C2F8EC308C624FF4005151624107C2
S21400715044BF02F10072C2F8EC3010BD00100840C7
S2140071600010084437B5204D0C4641B90A460721A1
S214007170FFF7A8FF1D4B2C635C6003B030BD0722F1
S2140071801146FFF79FFF1A4B07225A60237985F8AE
S214007190303063790193012101A801F04DFA019B7B
S2140071A0C2B2D34000F00F0040EA031085F8310069
S2140071B0A27985F83220E27985F833202068686362
S2140071C083B1028801218B4205D82379013B134401
S2140071D0084A9361D1E730F81150AA4228BF2A46E0
S2140071E00131F0E71A46F0E7001F0021301F0021AA
S2140071F00000084400000840431C07D0044B6FF012
S214007200FF029A6103F1007310409861704700BF57
S21400721000700844034670B10268022A0BD9426A1D
S21400722012F47F4FC2F3072006D01B6AD2B25A432D
S214007230B2FBF0F0704700207047000000F0180323
S214007240182B0AD003070AD410F0100040F20113DE
S21400725018BF1846034BD86470470020FAE7012091
S214007260F8E700BF001F0021344B2DE9F7431E68E6
S21400727001F4007900F00103174653EA09020546B7
S2140072800C462ED04FF0000803B300230022012046
S2140072900021CDE90088FEF701FE41463046FEF7A4
S2140072A011F8414670830120FCF7CCF9716B06F1AA
S2140072B0A400FEF785F822490868FFF79DFF4FF007
S2140072C0FF330B60337C43F004033374B9F1000FD3
S2140072D007D001213046FCF7DBFB24F4007405439D
S2140072E00C43D6E93E232A40234052EA030103D04A
S2140072F01449304609688847FB070FD51249134AD8
S2140073000868136800211160114A0121117003B149
S2140073109847104B00215B680220984717F00E0F25
S21400732008D040F2F3123B21002003B0BDE8F04342
S214007330FCF7FCBB03B0BDE8F08300BF6013002081
S2140073405C00002060000020E8170020EC170020FA
S214007350F017002028000020F7B50446D4E93EC701
S2140073601046DDE908268CEA020587EA0601054094
S214007370194085EA0C057940C4E93E5123F40041E2
S21400738006EA010320F00100002543F400730240E2
S21400739043F00203CDE90055FEF780FD237C9A07F3
S2140073A017D5D4F8FC309B0513D54FF4881120462A
S2140073B0FCF76EFB237C65F341032374D4E93E237C
S2140073C002400B4052EA030103D0034920460968F5
S2140073D08847002003B0F0BD6000002038B1036885
S2140073E0044A002B08BF1346034A13607047014B3C
S2140073F0FAE700BF0171000060000020024B986BA6
S21400740000F00F00704700BF001F00210F2938B59D
S21400741005460C460ED800F0BFFF01280CD1074ADF
S214007420936B23F00F0323439363284601F00FF872
S214007430002038BD0120FCE70220FAE7001F0021EB
S214007440014BD86B704700BF001F0021014B002086
S214007450D9637047001F002103282DE9F7434CD855
S214007460274B13F80080274B1E5C274B13F8009021
S214007470FAF706FB0746FEF7C7FE054640B10023AF
S214007480CDE900330022002301200021FEF706FD8F
S214007490FEF7C2FE48B10023CDE9003300220023E8
S2140074A000204FF40041FEF7F9FC26B3174B5C6C46
S2140074B004F00804164B31465C644046FFF7AEF80D
S2140074C04A4631464046FFF70BF9124B5C6465B1FD
S2140074D0114B1868416BA430FDF772FF0F4908681E
S2140074E0FFF78AFE4FF0FF330B60384603B0BDE867
S2140074F0F043FBF711B83446DCE703B0BDE8F08391
S2140075005C96000058960000549600000000084064
S2140075100000084400000846601300205C000020BD
S214007520104AD2F8883013F0A00F16D1D2F88C008B
S21400753010F0040013D10C4BD3F8E43E23F07F4345
S21400754023F0FF035BB15368C3F30362092A07D035
S214007550B2F10C0018BF01207047002070470120D0
S214007560704700BF004008400010002170B50D466F
S214007570064620B9194B1B68A3B1032011E000F0A2
S2140075800BFF012828D1164B93F90040C4F11C04C8
S214007590641BC4F11C03002BB8BF5B42232B0CDD1D
S2140075A0012070BD81EAE173A3EBE173DBB2232B0C
S2140075B0F6D80B4B19700020F3E7B574FAF760FAAB
S2140075C0084A5369E40223F4FF2304F4FF241C430F
S2140075D05461FAF7A1FFEEE70220E2E7601300200D
S2140075E0E01700200070084090F8C23053B9074BEF
S2140075F0DA69920208D49B6F13F4706F14BF0120EF
S2140076000020704700207047012070470060084047
S214007610F8B5436B02EA010523EA01032B434363F3
S214007620344A01F00B030C4623EA0501516402F1CB
S21400763000722B4061070646536411D50121FFF7FF
S214007640D3FF68B1FEF780FF15F0040F14BF2A4A77
S2140076502A4A4FF40073D361294B0422C3F88820CA
S214007660E20606D515F0100F264B14BF00221B228B
S214007670DA6423061DD52F0616D51F4B4FF40012CD
S2140076809A6103F17E430122C3F8F820FAF7F8F96D
S2140076900E2107460320FDF7C7FD1A4B40F20122D4
S2140076A05A623846FAF738FF294606F1A400FDF775
S2140076B087FEE00503D5E90516D5FDF77FFDA20593
S2140076C003D5AB0513D5FDF789FD14F0600F09D07F
S2140076D0D6F894103046FFF714FD0B4B98640B4B0E
S2140076E080229A600020F8BDFDF760FDE7E7FDF711
S2140076F06DFDEAE7000008440060084600600844A4
S2140077000040084400000840001F002100400840D8
S214007710014B9869FDF79ABD00600840D0F8943098
S2140077204BB11A68022A06D993F8250028B11B6ABD
S214007730B3FBF0F07047FBF797BF7047014B9869B3
S214007740FDF79ABD0060084008B50146D0F89400E1
S214007750FFF760FD20B9BDE808400846FBF786BF86
S21400776008BD000070B50E46FAF78AF9054600F027
S21400777037FE044620B12846FAF7CEFE204670BDF6
S214007780FEF7E2FE114B3278D3F8E43E022A23F0ED
S214007790F00316D0101F42424241520043EA021341
S2140077A07278022A0FD0111F4A424A41520043EA19
S2140077B08213064AC2F8E43E054B0422C3F888202A
S2140077C0D9E70122EAE70122F1E700BF0010002115
S2140077D00040084470B50E46FAF752F9054600F028
S2140077E017FE044620B12846FAF796FE204670BDDE
S2140077F0FEF7AAFE104B3278D3F8E43E022A23F0B6
S2140078000F0315D0101F42424241520013437278B4
S214007810022A0FD0111F4A424A41520043EA82030D
S214007820054AC2F8E43E054B0422C3F88820DAE78E
S2140078300122EBE70122F1E7001000210040084496
S214007840F8B50E7890F8D070044630460D46FCF732
S21400785013FD002844D094F8D030B34208D1AA884B
S214007860636C9A4204D16A88B4F8D2309A4235D012
S21400787084F8D060AB88A4F8D4306B88A4F8D230F3
S214007880AB886364FF2363753046FCF7B3FD04F1F1
S214007890D00520752846FDF70DF810BB2846FCF7E6
S2140078A0E1FCF0B9D4F8903053B194F8D010B94256
S2140078B006D0B3F912202046FAF75AF984F8D90010
S2140078C02046FCF7F9FE0949A4F8D400084AD1F886
S2140078D0F810012304F1A400FEF73EF80020F8BDDE
S2140078E001200E2384F8D030F9E700BF001F0021E6
S2140078F06C1F002170B5054690F8D0000E280C4687
S2140079001DD0FF291DD01AB10F4B4FF0FF321A6061
S214007910FCF770FD064695F8D000FCF757FD84424C
S21400792028BF0446E4B2B44238BF3446E0B26875B5
S214007930FCF70AFEA0F1FF035842584170BD022032
S214007940FCE70120FAE700BF3400002010B590F8ED
S214007950D0300E2B04462BD00175D0F8900020B303
S214007960D4F8A0304BB994F8D9308B420BD32046CC
S2140079700022BDE81040FFF7BDBFB4F92420B0F9DF
S21400798012309A42F3DD94F8D91000222046FFF711
S214007990B1FF60B9C4F890002046FCF700F8014635
S2140079A02046BDE81040FBF7A7BFFF23637510BD58
S2140079B00220FCE70346D0F8D0000860B3F8D430C5
S2140079C08B80002070470000C36B012B01D1002084
S2140079D0704770B5364BD0F89060D3F8F830C0F8E2
S2140079E0943086B03146058B0446FDF739FEB389E0
S2140079F08DF80600D6E90121EB1A9BB201FB0322A3
S214007A0068460021ADF804300092FDF78BFE38B9C9
S214007A10284B228BDA63FCF71BFF20B106B070BD43
S214007A20022006B070BD227C60F341022274FDF78E
S214007A308DFAD4F890305969431EDBB2096802917A
S214007A40FD2B02460BD9CD1C09D91B4B01311B68F7
S214007A500CD0D81C07D802A92046029301E002A940
S214007A602046FCF7CFFB002006B070BDD91C04D81A
S214007A7002A920460293FCF7C5FBD4F8FC309B0510
S214007A8004D4237C43F002032374ECE74FF48031E4
S214007A902046FBF7FDFFD4E93E2302400B4052EAA6
S214007AA00301E0D00549204609688847DBE700BFA8
S214007AB0001F002100300840440000206000002025
S214007AC04FF48071FFF712BB38B590F8DC400546DE
S214007AD0ACB1F9F7D5FF0A4B1F22DA61013C03F17E
S214007AE000731440DC6103F17A43D5F8E0201A668F
S214007AF0D5F8E4205A66BDE83840FAF70DBD38BD23
S214007B00006008442DE9F74F06461546084619B9A1
S214007B10012003B0BDE8F08F002AF9D0032904D86D
S214007B200021FCF7A9FA0028F2D0827804880379AD
S214007B3090F805B0C788B0F90000002802F00701E9
S214007B40C0F2D180A1F1070CDCF1000040EB0C0084
S214007B50052928738CBFC2F300100020C2F3801CD6
S214007B606873900985F810C000F00200C2F3C00CDC
S214007B7040EA0C00C2F340126874AA74AF820BB9D4
S214007B8096F8CA30013BDBB2EB74736BD80600F193
S214007B9096800639012900F29280544BDB6C544BD8
S214007BA05A6B1B6B03F0070306334FF0010909FA03
S214007BB003F909F1FF39083C42F0005804EA0904C9
S214007BC0002318F804A0AB60013404EA0904631D1E
S214007BD003EA09035A1C02EA090218F8037018F8A7
S214007BE00220BAF1800F47EA0227727C18BFAAF17A
S214007BF0320A3BB214BF4FFA8AFA6FF07F0AC7F315
S214007C000B079AB30020D6F89C300BB15146984724
S214007C10631C03EA0903E87385F80EA018F803103E
S214007C20013303EA090318F80320013303EA0903C2
S214007C3041EA022118F80320013303EA090341EA66
S214007C40024118F803006A7C002341EA00613046CE
S214007C50FDF7A8FF2860737C042B03D1022FDCBF3E
S214007C60013028600423AB71002052E7D90422D5E6
S214007C70D6F894209AB11368022B10D992F82400F3
S214007C80FB0008B1B3FBF0F39B45BBD8002BB9D083
S214007C90CBEB0B20B0FBF3F0C043C0B2B3E73046EB
S214007CA0FFF752FD01903046FFF738FD019BB3FB0E
S214007CB0F0F0C0B2E4E718F804004000EDE7002357
S214007CC0EB730C4BDA68C2F30723120448BF63F069
S214007CD0FF035AB212F1800F1CBF323B5AB2002388
S214007CE0AA732B60BFE7022013E700BF000008401E
S214007CF00010084000700840F8B59779064614460C
S214007D00FFF700FF054640B9A37933B1A7713046A7
S214007D10FFF71AFD2146FDF7FDFE2846F8BD3F2B6E
S214007D20084610B5114619D9B3FA83F3C3F1190200
S214007D30D2B2062A01D8192B0ED0062A28BF062250
S214007D40931DDBB201249C40A4B2A14228BF214669
S214007D50FBF7A0FF204610BD0022F1E70024F9E75C
S214007D6013883F2B10B5084616D9B3FA83F3C3F130
S214007D701901C9B2062901D8192B0BD0062928BF2C
S214007D8006218C1DE4B20123A3401380FBF7A0FF5D
S214007D90002010BD0021F4E70120FAE7FFF7CAB97A
S214007DA070B50A4B0A4DD3F8EC604FF48064C5F802
S214007DB0EC400020FEF770FC4FF400536B65730533
S214007DC044BF044BC3F8EC4070BD00BF0010084031
S214007DD00010084400100846082318B1024AC2F8EA
S214007DE088307047014AFAE70040084600400844D9
S214007DF010B5084614460121FDF782F920460121F8
S214007E00BDE81040FDF77CB9F8B504460E4641B90A
S214007E10037C5A0641BF4FF6FF7261F386138283D6
S214007E2003743C4BD4F894701B680BB120469847FB
S214007E30394BA18BD3F8842012F4E05F04BF2022D4
S214007E40C3F810224FF6FF73994204D0334B1B68D9
S214007E500BB120469847324DD4F894102A689142C8
S214007E6007D02046FFF74DF92E4B98642E4B802006
S214007E709860974245D02D4B1B684BB11FB13A68AE
S214007E80002A40D0BF68394620469847D4F8941058
S214007E900846FFF7BFF930B32549FDF7CFFC0727A3
S214007EA02046FCF709FC16B3224B94F9122093F9EE
S214007EB000302149D4F89400C3F11C039B1A4A6988
S214007EC0DB0222F4FF2203F4FF2313431B4A4B6119
S214007ED01B4B286006211167204601221A7000F00D
S214007EE0B6FA0020F8BD2046FBF7C0FBD4E70D4BE2
S214007EF00F4AD3F8F81004F1A4003B46FDF72CFD1A
S214007F00D2E70127CCE71746394620469847D4F8EB
S214007F109410BDE7F417002000600840E417002026
S214007F20D8170020001F002100400840DC17002062
S214007F306C1F0021E0170020007008400000084475
S214007F40E117002002484822002101F031B900BFA5
S214007F50E81E0021002373B583746423C0E92C3324
S214007F60C0E92E334FF0FF35C0F8AC30A0F8C03073
S214007F700E264FF6FF73C0E9075580F8D0604564BB
S214007F808582837504461120FAF796F9042834D1C1
S214007F901B4B5B6813F4403F2FD12046FEF744F995
S214007FA02046FFF7CFFF94F912102046FFF7DEFABF
S214007FB0144A6023536402F5805240F6FF71516202
S214007FC05165114A5364114B4022C3F88820626BF6
S214007FD029462046FFF71CFB002240F202231046EB
S214007FE01946CDE90066FDF759FFFCF7D9F920469A
S214007FF002B0BDE87040FBF761BD022002B070BD64
S21400800000300E40000008400000084600400844CB
S21400801070B50C68B0F8D4208D680346013404BFF0
S214008020D3F8AC400C604C68013404BFD3F8B840B9
S2140080304C606E1C00F1A40038D1D3F8B440CE6872
S2140080408C60751C38D1D3F8B0500E69CD600136FF
S21400805004BFD3F8A4600E614E69013604BFD3F89E
S214008060A8604E618E69013604BFD3F8BC608E618D
S2140080708E693EB34132B24238BF32460E688A61DC
S214008080C3F8B4404C68C3E92E420A69C3F8A4207A
S2140080904A690D49C3F8A820C3E92B650B4AD1F8F5
S2140080A0F8100723FDF758FC002070BD02F14104CC
S2140080B0AC4238BF2C46C2E702F16405B54238BF71
S2140080C03546C2E76422D9E7001F00216C1F002155
S2140080D038B5F9F7D5FC0B4A13884FF6FF718B427B
S2140080E003D1FAF719FA032038BD074C074DE565AA
S2140080F004F100741B04E3651180FAF70DFA002002
S214008100F2E700BF58000020006008440000FFFFB0
S2140081102DE9F34105460F461446FFF701FA80B1F4
S214008120DFF81882D8F80C30DE0740F1EA80F9F75D
S214008130A7FC06460320FCF7D3FD38B13046FAF715
S214008140EBF90226304602B0BDE8F081D8F80C30D4
S21400815013F0060FF2D13046FAF7DEF96A4B4FF409
S21400816000612846D3F8E48ED3F8C46EFEF7BEFF4F
S21400817040B1664B4FF400720121C3F888200846D0
S214008180FBF760FA39462846FBF7B6FB5E4BC3F8AA
S214008190C46EC3F8E48E06460028D3D12B7CD806DE
S2140081A001D4002C66D0C4F34000FEF793F914F413
S2140081B0807F14BF564A554A4FF002031BBFC2F8D1
S2140081C08830544AC2F8883000211CBFD1609362C0
S2140081D04D4BD3F8BC7EFEF7B7F94F4A14F0040FA8
S2140081E007EA02034FF480616BD04C489342C161AA
S2140081F006D14B4A92F8D03043F0020382F8D030D2
S214008200424B042214F0400FC3F8882014BF454A9E
S214008210454A40232046C2F88030FFF70FF828462C
S214008220FFF74EFC40B114F0010F14BF384A374A2E
S2140082304FF48073C2F88830A1064CD56B8C4FF68D
S214008240FF7293420FD0394A3949D26D100CC2F3EF
S2140082500112088001323749B3FBF2F32F4A364841
S214008260C8651B04D3652B7C003C18BF012464F34F
S21400827004132B74284600F0E7F8F0B12846FFF701
S2140082801FFCD0B14FF400312846FEF72FFF431CE9
S2140082909BB203221F4801A9FBF780FD9DF804202E
S2140082A002F00703052B9DF805301DD1120715D4E3
S2140082B043F480731A4AC2F8CC300020FBF7B9FFAB
S2140082C040E71C489342C1619AD1154A92F8D030D3
S2140082D023F0020392E7FFF7FBFEC4E713F0040F58
S2140082E009D19DF80630E3E703F03002202A05D1D5
S2140082F013F0010FF4E74FF48073DBE79DF80630C8
S214008300D8E703261EE700BF0010002100400844FF
S2140083100040084600100840800000400060084604
S214008320001E0021007008460070084400600840E7
S21400833058000020006008440000FFFF005008407E
S21400834038B504461D46FFF7E3FE28B92946204601
S214008350BDE83840FEF778B838BD7047054BD3F80F
S214008360880003F180634FF40022C3F88820C0F32E
S214008370C040704700400840014B024A1A607047F0
S214008380DC17002065710000024BD86800F0010081
S214008390704700BF005008400F4B5B68C3F3036391
S2140083A0013B0B2B0FD8DFE803F006060C0606068B
S2140083B006080A08080802207047042070470520AF
S2140083C0704703207047054BDB6813F0060F0CBFA1
S2140083D001200420704700BF0040084000500840BD
S2140083E00A4A5368C3F303630B2B08D06FF490500C
S2140083F0184100F0010080F0010040007047D2F8FC
S214008400880010F48030ECD1704700BF0040084070
S2140084100C4A5368C3F30363062B07D8042BD8B261
S2140084200CD8C31E5842584140007047072B07D14E
S214008430D2F8440110F00050EBD17047022070478C
S21400844000207047004008408021FEF74FBE38B538
S2140084500546FEF7F5FF04462846FEF7CFFF072839
S21400846011D1D5F89030DB6924F47F4121F0080162
S21400847003B15B7841EA032141F020012846BDE8BC
S2140084803840FEF7E3BF24F02001F7E708B5437C49
S214008490033BDBB2072B96BF044A0021D15CFEF7F4
S2140084A0D5FFBDE808400120FCF742BD60960000FD
S2140084B0012310B580F8C2302823C0F8A830042362
S2140084C04374054B04461968FBF734FA2046FFF759
S2140084D0DDFF002010BD00BF0CB10000012310B569
S2140084E080F8C2302823C0F8A83002234374054B16
S2140084F004461968FBF71EFA2046FFF7C7FF002060
S21400850010BD00BF10B1000010B50446FFF7E6FF2F
S2140085102046BDE81040FFF7B9BF0000F8B5D0F818
S214008520E0308B4204460D46164601F0010703D1A3
S21400853090F8DC30202B19D04FB3002E14BFAA239E
S214008540552393FAA3F31B0B03F4702395FAA5F2B5
S21400855043EA12432364202384F8DC300023C4F863
S214008560E050C4F8E4302046FFF7AEFA164A174942
S2140085700F23D365164BDFB15EB90120D865C2F86C
S214008580FC10226CC2F31302C3F8FC20F8BDAA2329
S214008590D7E70220D865C2F8FC10226CC2F313029B
S2140085A0C3F8FC200B4BE5640222C3F8B820EDE7C5
S2140085B00220D865C2F8FC10226CC2F31302C3F87E
S2140085C0FC20002EE2D0EDE700600844FFFF0F001D
S2140085D00060084600100840134A072310B553638E
S2140085E0124C134B89B14421E16240F04000012156
S2140085F0206359634FF48043C2F8A030C2F8A43019
S214008600C2F8A830C2F8AC3010BD4FF48042E16228
S21400861021635963C3F8A020C3F8A420C3F8A82098
S214008620C3F8AC20F0E700BF000008440000084094
S214008630000008460020704700228A4202D14FF010
S214008640FF30704750F8223093FAA3F30BB901328B
S214008650F3E7B3FA83F000EB4210704753B94AB918
S214008660002908BF00281CBF4FF0FF314FF0FF3035
S21400867000F06AB9ADF1080C6DE904CE00F006F81A
S214008680DDF804E0DDE9022304B070472DE9F04789
S214008690089D0C46002B4ED194468C458646B2FA71
S2140086A082F262D94AB1C2F12003914020FA03F364
S2140086B00CFA02FC194300FA02FE4FEA1C471FFAA6
S2140086C08CF6B1FBF7F44FEA1E4307FB141143EA9E
S2140086D0014304FB06F199420AD91CEB030304F19B
S2140086E0FF3080F01381994240F21081023C6344CF
S2140086F0591A1FFA8EF3B1FBF7F007FB101143EA85
S214008700014300FB06F69E420AD91CEB030300F168
S214008710FF3180F0FD809E4240F2FA8063440238CA
S2140087209B1B40EA044000211DB1D3400022C5E94E
S2140087300032BDE8F0878B4205D90DB1C5E90001CE
S21400874000210846F5E7B3FA83F1002946D1A34293
S21400875002D39042C0F0F180861A64EB0303012036
S214008760002DE6D0C5E90063E3E7002A40F09180DB
S214008770A1EB0C044FEA1C481FFA8CF70121B4FB4E
S214008780F8F64FEA1E4308FB164443EA044307FB89
S21400879006F0984208D91CEB030306F1FF3402D218
S2140087A0984200F2CE8026461C1A1FFA8EF3B4FBBF
S2140087B0F8F008FB104443EA044300FB07F79F4227
S2140087C008D91CEB030300F1FF3402D29F4200F2EB
S2140087D0B1802046DB1B40EA0640A5E7C1F1200633
S2140087E08B4022FA06F71F4320FA06FC04FA01F330
S2140087F043EA0C03F44000FA01F8380C4FEA134938
S214008800B4FBF0FE1FFA87FC00FB1E4449EA044452
S2140088100EFB0CF9A14502FA01F20AD93C190EF139
S214008820FF3A80F08580A14540F28280AEF1020ECC
S2140088303C44A4EB09041FFA83F9B4FBF0F300FBF5
S214008840134449EA044403FB0CFCA44507D93C192D
S21400885003F1FF3068D2A44566D9023B3C4443EAA4
S2140088600E40A0FB0293A4EB0C049C42CE469C4612
S21400887052D34FD055B1B8EB0E0364EB0C0404FA98
S21400888006F6CB40CC401E43C5E900640021BDE897
S214008890F087C2F1200320FA03F10CFA02FC24FA56
S2140088A003F394400C434FEA1C4800FA02FE1FFAFA
S2140088B08CF7B3FBF8F008FB1031230C43EA0143B6
S2140088C000FB07F1994208D91CEB030300F1FF36C1
S2140088D02CD299422AD9023863445B1AA4B2B3FB5D
S2140088E0F8F108FB113344EA034401FB07F3A34203
S2140088F008D91CEB040401F1FF3613D2A34211D9A8
S21400890002396444E41A41EA004138E70446EFE6D7
S214008910084605E7C845ADD2B9EB020E63EB070C77
S2140089200138A7E73146EDE7034698E73046D4E737
S214008930D6467EE7634402384CE70646234608469A
S2140089400EE7023E63442FE7704700BF81F0004108
S21400895002E000BF83F0004330B54FEA41044FEA1F
S214008960430594EA050F08BF90EA020F1FBF54EABA
S214008970000C55EA020C7FEA645C7FEA655C00F056
S214008980E2804FEA5454D4EB5555B8BF6D420CDD27
S2140089902C4480EA020281EA030382EA000083EAAA
S2140089A0010180EA020281EA0303362D88BF30BD4A
S2140089B011F0004F4FEA01314FF4801C4CEA1131A0
S2140089C002D0404261EB410113F0004F4FEA0333FF
S2140089D04CEA133302D0524263EB430394EA050F8A
S2140089E000F0A780A4F10104D5F1200E0DDB02FAF9
S2140089F00EFC22FA05F2801841F1000103FA0EF28D
S214008A00801843FA05F359410EE0A5F120050EF152
S214008A10200E012A03FA0EFC28BF4CF0020C43FA83
S214008A2005F3C01851EBE37101F0004507D54FF090
S214008A30000EDCF1000C7EEB00006EEB0101B1F5E0
S214008A40801F1BD3B1F5001F0CD349085FEA300026
S214008A504FEA3C0C04F101044FEA445212F5800F31
S214008A6080F09A80BCF1004F08BF5FEA500C50F1CE
S214008A70000041EB045141EA050130BD5FEA4C0CB1
S214008A80404141EB0101013C28BFB1F5801FE9D20E
S214008A9091F0000F04BF01460020B1FA81F308BF31
S214008AA02033A3F10B03B3F120020CDA0C3208DDFD
S214008AB002F1140CC2F10C0201FA0CF021FA02F1D8
S214008AC00CE002F11402D8BFC2F1200C01FA02F148
S214008AD020FA0CFCDCBF41EA0C019040E41AA2BF6D
S214008AE001EB0451294330BD6FEA04041F3C1CDA35
S214008AF00C340EDC04F11404C4F1200220FA04F055
S214008B0001FA02F340EA030021FA04F345EA0301FE
S214008B1030BDC4F10C04C4F1200220FA02F001FAC0
S214008B2004F340EA0300294630BD21FA04F0294642
S214008B3030BD94F0000F83F4801306BF81F48011DB
S214008B400134013D4EE77FEA645C18BF7FEA655C4E
S214008B5029D094EA050F08BF90EA020F05D054EA20
S214008B60000C04BF1946104630BD91EA030F1EBF25
S214008B700021002030BD5FEA545C05D14000494129
S214008B8028BF41F0004130BD14F580043CBF01F51C
S214008B90801130BD01F0004545F0FE4141F4700102
S214008BA04FF0000030BD7FEA645C1ABF19461046DD
S214008BB07FEA655C1CBF0B46024650EA013406BFDE
S214008BC052EA033591EA030F41F4002130BD00BF9D
S214008BD090F0000F04BF0021704730B54FF480645A
S214008BE004F132044FF000054FF0000150E700BFDB
S214008BF090F0000F04BF0021704730B54FF480643A
S214008C0004F1320410F0004548BF40424FF0000126
S214008C103EE700BF42004FEAE2014FEA31014FEA69
S214008C2002701FBF12F07F4393F07F4F81F06051B8
S214008C30704732F07F4208BF704793F07F4F04BF03
S214008C4041F40021704730B54FF4607401F00045E0
S214008C5021F000411CE700BF50EA010208BF704740
S214008C6030B54FF000050AE050EA010208BF704731
S214008C7030B511F0004502D5404261EB41014FF49A
S214008C80806404F132045FEA915C3FF4D8AE4FF0A2
S214008C9003025FEADC0C18BF03325FEADC0C18BF85
S214008CA0033202EBDC02C2F1200300FA03FC20FAD6
S214008CB002F001FA03FE40EA0E0021FA02F1144423
S214008CC0BDE600BF70B54FF0FF0C4CF4E06C1CEA3C
S214008CD011541DBF1CEA135594EA0C0F95EA0C0FAD
S214008CE000F0DEF82C4481EA030621EA4C5123EA20
S214008CF04C5350EA013518BF52EA033541F480114F
S214008D0043F4801338D0A0FB02CE4FF00005E1FB01
S214008D1002E506F00042E0FB03E54FF00006E1FB4B
S214008D2003569CF0000F18BF4EF0010EA4F1FF048E
S214008D30B6F5007F64F5407404D25FEA4E0E6D41CE
S214008D4046EB060642EAC62141EA55514FEAC520DF
S214008D5040EA5E504FEACE2EB4F1FD0C88BFBCF55B
S214008D60E06F1ED8BEF1004F08BF5FEA500E50F10C
S214008D70000041EB045170BD06F0004646EA0101D2
S214008D8040EA020081EA0301B4EB5C04C2BFD4EB04
S214008D900C0541EA045170BD41F480114FF0000EFD
S214008DA0013C00F3AB8014F1360FDEBF002001F06B
S214008DB0004170BDC4F10004203C35DA0C341BDCE5
S214008DC004F11404C4F1200500FA05F320FA04F0B7
S214008DD001FA05F240EA020001F0004221F00041EB
S214008DE010EBD37021FA04F642EB06015EEA430E5E
S214008DF008BF20EAD37070BDC4F10C04C4F120058E
S214008E0000FA04F320FA05F001FA04F240EA020040
S214008E1001F0004110EBD37041F100015EEA430E11
S214008E2008BF20EAD37070BDC4F1200500FA05F231
S214008E304EEA020E20FA04F301FA05F243EA0203B0
S214008E4021FA04F001F0004121FA04F220EA0200BF
S214008E5000EBD3705EEA430E08BF20EAD37070BD05
S214008E6094F0000F0FD101F00046400041EB0101E5
S214008E7011F4801F08BF013CF7D041EA060195F0C7
S214008E80000F18BF704703F00046520043EB030381
S214008E9013F4801F08BF013DF7D043EA060370476E
S214008EA094EA0C0F0CEA135518BF95EA0C0F0CD079
S214008EB050EA410618BF52EA4306D1D181EA0301BF
S214008EC001F000414FF0000070BD50EA410606BFB9
S214008ED01046194652EA430619D094EA0C0F02D1FE
S214008EE050EA013613D195EA0C0F05D152EA033643
S214008EF01CBF104619460AD181EA030101F0004161
S214008F0041F0FE4141F470014FF0000070BD41F0A9
S214008F10FE4141F4780170BD70B54FF0FF0C4CF483
S214008F20E06C1CEA11541DBF1CEA135594EA0C0FA2
S214008F3095EA0C0F00F0A7F8A4EB050481EA030EEF
S214008F4052EA03354FEA013100F088804FEA0333D6
S214008F504FF0805545EA131343EA12634FEA0222A4
S214008F6045EA111545EA10654FEA00260EF0004165
S214008F709D4208BF964244F1FD0404F5407402D2B7
S214008F805B084FEA3202B61A65EB03055B084FEA48
S214008F9032024FF480104FF4002CB6EB020E75EB45
S214008FA0030E22BFB61A754640EA0C005B084FEA6D
S214008FB03202B6EB020E75EB030E22BFB61A7546EA
S214008FC040EA5C005B084FEA3202B6EB020E75EB35
S214008FD0030E22BFB61A754640EA9C005B084FEAAD
S214008FE03202B6EB020E75EB030E22BFB61A7546BA
S214008FF040EADC0055EA060E18D04FEA051545EAA9
S21400900016754FEA06164FEAC30343EA52734FEA51
S214009010C2025FEA1C1CC0D111F4801F0BD141EACA
S21400902000014FF000004FF0004CB6E711F4801F2F
S21400903004BF01430020B4F1FD0C88BFBCF5E06F0F
S2140090403FF6AFAEB5EB030C04BFB6EB020C5FEA1F
S214009050500C50F1000041EB045170BD0EF0004E74
S2140090604EEA113114EB5C04C2BFD4EB0C0541EAA6
S214009070045170BD41F480114FF0000E013C90E6A3
S21400908045EA060E8DE60CEA135594EA0C0F08BF67
S21400909095EA0C0F3FF43BAF94EA0C0F0AD150EA66
S2140090A001347FF434AF95EA0C0F7FF425AF1046F9
S2140090B019462CE795EA0C0F06D152EA03353FF421
S2140090C0FDAE1046194622E750EA410618BF52EA9E
S2140090D043067FF4C5AE50EA41047FF40DAF52EA72
S2140090E043057FF4EBAE12E74A0011D212F50012E8
S2140090F011D20DD56FF47873B3EB62520ED44FEAEB
S214009100C12343F0004343EA505323FA02F070476A
S2140091104FF00000704750EA013002D14FF0FF30A8
S21400912070474FF00000704708B5064B044613B171
S2140091300021AFF30080044B1B6803B1984720461C
S21400914000F036F9000000003019002070B50D4D13
S2140091500D4C641BA4100026A64209D10B4D0C4CE6
S21400916000F028F9641BA4100026A64205D170BDA5
S21400917055F8043B98470136EEE755F8043B984708
S2140091800136F2E7BC000020BC000020BC00002036
S214009190C00000200A44914200F1FF3300D170471E
S2140091A010B511F8014B03F8014F9142F9D110BDEB
S2140091B002440346934200D1704703F8011BF9E7C7
S2140091C07047704770B50F4E0C463168054611B9AA
S2140091D000F09EF830602146284600F099F8431CBF
S2140091E003D14FF0FF34204670BDC41C24F00304A6
S2140091F0A042F8D0211A284600F08AF80130F2D1B1
S214009200EFE700BF3C1900202DE9F041CD1C25F00A
S214009210030508350C2D38BF0C25002D064601DB4E
S214009220A94204D90C2333600020BDE8F081314FF9
S21400923000F062F83B681C4644BB29463046FFF700
S214009240C1FF431C044650D13C682146002941D149
S214009250002C44D02368304604EB030800F058F88E
S21400926080453CD121686D1A29463046FFF7AAFF93
S214009270013034D023682B4423603B68002B36D063
S2140092805A68A24229D100225A600EE02268521B78
S2140092901DD40B2A16D96119A342256018BF596040
S2140092A0636808BF396062514B60304600F02AF8A8
S2140092B004F10B00231D20F00700C21AB5D01B1ABC
S2140092C0A350B2E7A3426268DED13A60EDE72346D8
S2140092D06468B1E70C464968B8E71346CEE70C2346
S2140092E03360304600F00EF89EE70560DDE75B6011
S2140092F0FFDE00BF401900200148FFF761BF00BF36
S214009300341900200148FFF75CBF00BF3419002065
S21400931038B5064D0023044608462B6000F03AF8A0
S214009320431C02D12B6803B1236038BD38190020D6
S214009330024B01461868FFF767BF00BF6C000020AD
S21400934010B501390244904201D1002005E00378AF
S21400935011F8014FA34201D0181B10BD0130F2E7EF
S214009360884210B501EB020402D98442234607D88E
S214009370431EA14208D011F8012B03F8012FF8E78D
S214009380024401468A4200D110BD13F8014D02F88E
S214009390014DF7E7044A05491368002B08BF0B4642
S2140093A018441060184670474419002048190020D9
S2140093B0FEE700BFF8B500BFF8BC08BC9E46704785
S2140093C0F8B500BFF8BC08BC9E467047B814B6F1A6
S2140093D0E0CFF3ADB7DD25C9FA79B7130002010671
S2140093E00409004F544100081B00011800052A001C
S2140093F0022900F01921B4478FA4BFA14F63FDEEE8
S214009400D6141D00636032E0375EA488534E6DFBB1
S2140094106435BFF70053A1811F582CD0A54540FCEA
S21400942034F3274298009F3EE22E0ECFFFBF1E4524
S214009430CA8C68234A4F0016531EC44CBAAD9D32E0
S2140094404B6808CF7BC04C00FE5A24E12BAAA5B27D
S214009450E94617E90A5CF02500F8927AAC96CDA9A1
S214009460BFF249C14A11CC770D0000006D9500008F
S21400947002000000032800007494000002000000B0
S21400948000028000080002002000000140000400E6
S2140094900100100008060200040907030105000089
S2140094A040787D0100000000005A620200010000C2
S2140094B0C0CF6A0002000000809FD50002010000B5
S2140094C0002D310102020000000301030303020124
S2140094D002030405060708090A0B0D0E0F101112E9
S2140094E0131415161718191A1B1C1D1E1F202122CF
S2140094F023242526000C270013B779FAC925DDB7E3
S214009500ADF3CFE0F1B614B8010200000000000091
S2140095100000000008000000000004070000000033
S2140095200000000000000000000000000000000036
S2140095300000000000000000000000000000000026
S21400954000000000000000000307000400000025E3
S21400955000000000739500000200000070950000F7
S214009560020000000101020A0000000000002800BE
S214009570002A000018000000000800FCEC9500001F
S2140095800100010798950000000800F8A895000063
S214009590000000000000000083FFBFFFE2FFF1FFB5
S2140095A0F9FFFEFF000000009600FCFEF8006D23A9
S2140095B0441FEEFFC700F20E8E37FAFF5C00A403CE
S2140095C024A7FFFF3200D601AD3400001F00300193
S2140095D0004D00001200C000CA4A00000B006E00DA
S2140095E0F73C000005001F002F2000008C00FCFE4A
S2140095F0FFFF000000000000FC00D2104C06FAFF3F
S21400960075009B05F132FFFF3E0062020B3500003D
S21400961025004B01885F00001700E0005E5D00003B
S2140096200E008C006A4F000007002500832800000B
S214009630000000004801000078130020FA04FA0039
S2140096400033330A0A0A0840002100000000000028
S21400965000000000000000010000010100010101FF
S2140096600101020300000001A806000048704C0D2E
S2140096704470D80C307064123C70AE163870340DDE
S21400968034705A0D30700A0F2C700A0F2870DC10D8
S2140096902470F41020703E0D1C7080111870F211AA
S2140096A014703A0DB110076001D80A7108B87F78B7
S2140096B0020C7E78641000C6A01F00218CB870785B
S2140096C001B007680F305CB30F330111C04806982D
S2140096D04A022FB006D80C7109DD087100B853A8ED
S2140096E009BB1110076801682148076004100112C1
S2140096F0FF322150076051480760008806984413DF
S21400970000C4401F002103DD087214BA281400A00C
S21400971000BA03DF107109DF0672029860058CB884
S214009720507800A04413281441158110076002D811
S2140097301471108806982E1800C00C700840069801
S2140097407C1A0091069860020060B83020D8067136
S21400975090BC637C784D5412F03240DE0472404870
S21400976004DB08720DDD0C72044BEF3014480698CB
S214009770FC0600C4E0100840441207620132214093
S214009780084C287C811140D91C72B1123032CF4A65
S214009790013AB1DA107208D8067104D80871B04CD4
S2140097A0237C4070684C4412FF328722047580B8D0
S2140097B0D84C81D8327140D90472237C084B069865
S2140097C0FC0604BA88B9767900C118600840357975
S2140097D0E049007906B904A901D86E72227CBC4C17
S2140097E0307C0298320208D83C7100C14C00084018
S2140097F0141110D93071104C00C114000840141117
S2140098001814076100C5206008405415FF35047120
S21400981010491814A84C44120762013206710298C7
S2140098201201B84C08D80C7107BA24D8047106BACD
S214009830187004D80C7101BA40D80E7102BA0A70BA
S21400984005BA20D8047203BA227C604C4411404CFE
S21400985018140761181491113831114291110769D3
S21400986010D90472EF3200C10060084014111031A4
S214009870016911422814A111076118140698621A8A
S214009880181400C10060084014110769FF3118144D
S21400989000C13C30084014111814076118143088B1
S2140098A002480698C005009308DB047101F800A082
S2140098B05CB00F3000A01088B111076980D90A711A
S2140098C000C1800008400811009100A000C40001FB
S2140098D00840441000A000C020300E4004110410C0
S2140098E01050F47200A054155045127106980607E1
S2140098F00698960618B8707800B84178069840031F
S21400990090BA5B7A5C7A5D7A00C2185008402412DE
S21400991000C1501F0021281106983818208800889A
S21400992000C5441F002154155112FF350762FF324F
S21400993006986A0201595129047511590090212987
S2140099402075069886040698A2040698FA020092E5
S21400995003D80C728111076102D90472FF0FBA7026
S21400996018B8727800F804D842710088308800C0B1
S214009970FC1F0021041000C1501F00211412012AF0
S214009980215A00C3185008403413312A1A7500C0F3
S2140099900060084004100730FE200C76381108B826
S2140099A07F78020C7E780093009000A000C0F41F21
S2140099B00021041000BB1DB400A000C1DC1F002164
S2140099C014111088FF3100C5FFFF00003112076236
S2140099D00762513A513B0E720698720C11590112E9
S2140099E001131E703114008831100698720C11593C
S2140099F0415C41280698740C513801130090012BE5
S214009A0000902088076001140760FF30215D411236
S214009A1007620762312D0876FF34415C4128015DFC
S214009A2031100698740CFF303088011300C0E01F18
S214009A3000210410512B0C76076801150768FF35C6
S214009A406070315BFF32212B0C75076001150760D3
S214009A50FF354E7000C5E41F0021541507650765E5
S214009A605112FF35FF30012B087521100760327048
S214009A7021100768FF30012B0A7521100760076068
S214009A80207000C2E81F0021241221100760076022
S214009A90FF30012B0875211007680670211007603B
S214009AA0FF300093009200C10060084014142C4957
S214009AB00734FE242A761415F0BC076C513C076860
S214009AC003680154107100C4FF0FFFFF513C0144AE
S214009AD04811311200C5E81F00215415FF350762F2
S214009AE007622143544914122155FF35515228115B
S214009AF000A001D81871008800C004700840041047
S214009B008020FF30067106984E03009000A002D811
S214009B10047200A00088069896061DB428B9112C79
S214009B20408800C3EC1F0021341440445A7144138B
S214009B3006982005411500C0006008400410073054
S214009B40FD20447500C20870084024100760FF30EE
S214009B5080DC34710698AE0C01591C4A241007604C
S214009B600260FF300698AE0C0158B220012954134B
S214009B7031100698AE0C11280A7504255415504568
S214009B80EE72069820050094009000A07FB906614A
S214009B9000C01C60084006984A1304155153113B38
S214009BA03155581002984413EBBD00C0401F0021E9
S214009BB00411113D10D91271FF33076B00C190409C
S214009BC00846381118B97479581000A00698600233
S214009BD08024E4240D300472044800C11C5108405F
S214009BE0141100C3DC1E0021911504351A721813D7
S214009BF088BB08D804716C7B04D804716A7B8CBB64
S214009C002F7C5B7B16703C4B181388BB08D80471FE
S214009C106F7B04D804716D7B217C0C300160069844
S214009C2082060698680B0698320700B8B1110769D5
S214009C3040D906720298660601BC00C20060084061
S214009C4000DC0A7124150165604A0A701C4A241556
S214009C5007657C4A043508D920712024512A24122D
S214009C6000C180000840320C2811076228110762E4
S214009C70281107622811500C00C1381F0021141249
S214009C8000DC1A7120D8067101B80C70F0DA0C727C
S214009C900CDB087102B806988A0648240449141199
S214009CA000C380000840FFB801201141087101413F
S214009CB018130824014200C1200008401411014175
S214009CC0036D514191152035016D5141181328132C
S214009CD0481300C37C000840341003D80C710730CA
S214009CE005DC0671084B227B8CB8507800B800C1A2
S214009CF0381F0021141203682150F0300152281139
S214009D0000A04024066400C0FFFF0100013C1DB017
S214009D1002200158402806751EAC01EC00A02088E1
S214009D2000C01850084004121DB42113041230520B
S214009D30F871066C402400C3741F002134101411FF
S214009D400698C00C0669009211592129067600BBB8
S214009D5011590698960C80B80158013A0662313BB4
S214009D600472215A412A00A000C200010840317A3C
S214009D7000A0308880B9076900C30000C0FF31101A
S214009D80312800BC002D0C7511541EAC01EC312D91
S214009D90F470066C51134155312C009300A000C09E
S214009DA028400E400413315107610C3107691153E6
S214009DB0381000A006984A0800C0F41F00210411BD
S214009DC006983207217A237A00C30000100006980E
S214009DD0720700C0581F00211DB1181000A000C057
S214009DE0541F00211DB1181000C09C1F0021041034
S214009DF0002D067500B826A80698060700C09C1F0A
S214009E0000210410012C06750698960628B010B995
S214009E10115911380EB9114028A880B800C1443035
S214009E200840081100C1F01F00211410303B0671D5
S214009E300760076000C40830084044111150FF3026
S214009E40015118146FB8076826A8217A050C21104E
S214009E502048267800C063EF0000314026A8050C95
S214009E6020ECB11140D90872247A20EC217A1848E7
S214009E7026A828B00AB901510F31115028A8050CA0
S214009E80207A20EC0F0C98B84678417806986A023B
S214009E9000C2441F002124100151FF311150081246
S214009EA000A006984A0800B826A800C05C1F00213B
S214009EB01DB1181000A030B840780DB101D9FC7261
S214009EC0427800C074300E4004114CBA407A181024
S214009ED0144804115C7A1810A4BB707B4E7B4F7B31
S214009EE000C20430084000A006984A08217A227A68
S214009EF000BB0698720700C0681F00211DB118102D
S214009F00A4BB00C040300E40041103310149287242
S214009F10B112076207623048041121510F311872DE
S214009F206E7B6F7B104804114CBA7C7A181014486C
S214009F300411607A1810B11002D81071707B30B816
S214009F40627860780DB001D8FC7100C0F8600840F7
S214009F50041101D90C7100C01800084002B918108D
S214009F6008B86E780EB84EB110D90C723EA8140C14
S214009F700FB83EA8107044A8140C01B800C1B03049
S214009F800E40081100C077801F003DB201423DAA76
S214009F9000C0FFFFFFFC013A3DAA140C00C077E0AA
S214009FA01F0001423DAAFFB845207D7808B87E789C
S214009FB000C124600840141107610631087100B919
S214009FC006985A1006984A13B11101D90E710698D0
S214009FD0881A02D906720698AE0B069844135114D6
S214009FE006989606F4B845780A0C00C0641F00214F
S214009FF01DB1181002983410FFB845205D7803B8DC
S21400A000076044A83EA800C1B0300E40081110B842
S21400A01007683DB101393DA908B86F7800A046A889
S21400A02000C0FFFF0000013B076356AB94BA437ABB
S21400A03001D91471013C47B300C0FE20FFFF013B6D
S21400A040314447AC637AFFB82120407802D90471C6
S21400A050607800A0C8BC066C415C512C067506985A
S21400A060960606986E0DB110076805D8347140BA8A
S21400A07006981A1308B86578911004D8187188B82D
S21400A0806E78577800C064000840217806988210E1
S21400A09001400A728CB84278069856130298400B14
S21400A0A008B86C7820B859785B7800C0F44008404F
S21400A0B07878797800C1C81F0021141040A8184984
S21400A0C014130449408814140C4914118112076AA9
S21400A0D0006A01DA187188B8577800C0CC1F0021D2
S21400A0E00410016107630763076407640698B209F2
S21400A0F000944EB010D842724DB161B80158113874
S21400A10040B102D90A72604804BB41540870204826
S21400A11002BB02BC4DA8F8B87078190C3EB141419C
S21400A1203EA9F4B973797378717800C4F840084092
S21400A13000C200410840227000C20000010044AA8C
S21400A140230C00C200000B0044AA00C410410840C3
S21400A15000C21841084004BB587C050C597C0C24EE
S21400A1600F0C2FAB050CB11008D81471647A657A01
S21400A1701CB879787B7820B879787B78607CF42472
S21400A18041130698FC065114404406750698960638
S21400A190727BFFB84D20050C687840EC00C0601F4D
S21400A1A000211DB11810911004D8147100C0BC1EF7
S21400A1B00021041080D806711CB8737800F818B80F
S21400A1C000C1D81E002100C21850084024122811D1
S21400A1D0767800F800C0B86008400411076107618F
S21400A1E080D9047240EC00C4F84008404EB010D845
S21400A1F00471182441130C23527C407B11512FA963
S21400A200050C797C0A0C00C0000001020814787C5A
S21400A210050C507C08B86D7800A000C02870084077
S21400A2200411108800C1001800401810444804119A
S21400A230108878480411108800884CBA757A18106F
S21400A2403DB11088F4B84278442072782848737874
S21400A250F8B873784FB200C4FFFF8080413A4FAA27
S21400A26001BC01644113076300C06C70084003B969
S21400A27018100110011001B918100110011001107A
S21400A280011068480411076101B80160003A0471C2
S21400A290044904D9047241520760003A047108491F
S21400A2A008D9047231520460003B0E7200630064E9
S21400A2B0314241424FAAB2704FAAF8B853781820DC
S21400A2C053782848527800913DA9009000911810C4
S21400A2D000917848181000914448181000A01159B1
S21400A2E010D906710760076008D90471076004D9A1
S21400A2F00471036002D90471016001D90471006021
S21400A30000A000BA01D806710148112A0069006051
S21400A31001D8F6720138F67200A08020FF30FF48A0
S21400A320812000A000C2185008402412115921298B
S21400A330127300210E7100C2305008402412012111
S21400A340212900A006984A0888B8577800C57C1FBF
S21400A35000215088044D88BC00C0C81E0021811111
S21400A36001D91E71407C00950115044D50881C4D86
S21400A370FFBB076B315B04110698B80C3129F875E2
S21400A3800698761954150698881A01D90872069800
S21400A3907C0806700698DE0888BB547B009500F89B
S21400A3A006988C090E700698680B06988C09069815
S21400A3B06011069836089112211900C024600840E2
S21400A3C00A78097800F810B901BA069810130698AA
S21400A3D0341000C57C1F002100F89112033288B9A2
S21400A3E000C3BC1E0021341300C4A81008408CB85B
S21400A3F04278707903DE067144786E707179A11028
S21400A40020D806710298160F80DB507102D84C7265
S21400A41005B830880763076302DB2A7100C3AC0007
S21400A42008403413066380DB0472804800C31020A3
S21400A43008403413315B04724048312831280260EA
S21400A4400814076800930814A11010300248081476
S21400A45000B808149110076008148CB86278A11030
S21400A46000DC0676517900BA80DB587100C0000027
S21400A4700200003B4E7150884110344803DE0471E0
S21400A4809048041508200411F82058101C20217844
S21400A4900698AE0E00C0A40008400E7810D91C71B5
S21400A4A051451A7100C53400084407B8081500C5A0
S21400A4B03400084604B8081504702E7806987416FA
S21400A4C00095911120310269911004D80E7200C1D6
S21400A4D04C1F0021141101D90A71208806985A10C1
S21400A4E0009200C1180008400533054B1872184C3E
S21400A4F003DE0471904C441400C3FF1F0000413B70
S21400A500FF233811B849076A0698A20E044908794D
S21400A510097914102140081100A000C55400084015
S21400A520541551455071108800C13400084407B8CE
S21400A530081101B83088076B40DB247100C0370C67
S21400A54000000811364800C5D01E0021541102D95B
S21400A5500E72104801D9087100C01104000000C135
S21400A56034000846081100C1340008401415303580
S21400A5700093009100A000BD0698440210B903DCC9
S21400A580047100B901BA0698101302D9067100408A
S21400A5904E7201B107690F3106988210FFD82872F3
S21400A5A0811008D8187106DD0A710698440203DC8B
S21400A5B00C720698C810069856130C7006DD1071BB
S21400A5C00698CE10487020B802A806DD10720698CD
S21400A5D08C090698360801F840B802A800F800C0B2
S21400A5E0BC1E00210413076301DB227191100111C8
S21400A5F0076911388CB910D8087144790298160F7B
S21400A60002DBFA72A11328DBF47203BD0698281049
S21400A61006988C098CBA7F7A0698FC0600C5801FBF
S21400A62000210698440200BA03DC3272044DA110E1
S21400A63002D804710C4D00C01400084004100268D3
S21400A64000C3701F002134111128FC233411069812
S21400A650960C00C10C5108400698B2065415212DE0
S21400A66000C0F8600840041101D9227100C03C1FE8
S21400A67000210410033001DC147200C014000840EE
S21400A6800411FD21087602BA076A212D06984807AC
S21400A6900298E8099110015503355150011900A0A0
S21400A6A000C1481F0021141001D8427101480760FC
S21400A6B0FE200E75811020D8087100C14C1F0021A5
S21400A6C0141101D9287100C02460084004122151D9
S21400A6D007610F3107691152281000C0006008405A
S21400A6E004119112215120311152211900A0811319
S21400A6F080DB067201B800A000C30C50084034107E
S21400A700063030727C4B34122C4B341007600760D6
S21400A71040302072811080D8DC713410014A076204
S21400A7200360803021508C480A717F2355233410F3
S21400A730013000A000BD0698281088B847784578F4
S21400A740437800B8447800A006988C090698C8108C
S21400A75000C58C1F00215415069848070298E80982
S21400A76000C374000840027B06984A1350BA069845
S21400A7701A1306988210FFD84A71911004D84872AE
S21400A780811007601CD8407220D938721112FF322F
S21400A7902151347180218021111400C0E41E002153
S21400A7A00413FFBA3151113A215111538CB93810A4
S21400A7B07B7940440E7200B900C2C41E00211812F4
S21400A7C0067008B860780698441300F800B900C20E
S21400A7D09C1008401812244A0AB9181288BA507AEF
S21400A7E0517A577A8CB942795F7900A0069844026C
S21400A7F007DC1072911000200A7506986011029806
S21400A800660D0698360801B9911004D8047100B98F
S21400A81010BA0698101300BA00402A7100C0BC1E79
S21400A82000210411076101D9127104D9E272811066
S21400A830076001D8DA718CB8647800C11C510840F2
S21400A8400698B2060698601100C5901F00215415A0
S21400A850212D06987C0800C5941F002100F800BC36
S21400A860811108D9167280D9207201B910BA0698DB
S21400A870101300400E7101BC10700698C8100698A0
S21400A880561320B802A800F806986011811102310C
S21400A890127100B900C20C1008401812244A02B9FE
S21400A8A018120698C81000C5981F0021541506985F
S21400A8B0001A0298E80904110121147188BA737A03
S21400A8C0042004122811042004110121F47200A0AF
S21400A8D00698FC0601F8911010D8347106984003CB
S21400A8E0069886040698A20400C51C510840541118
S21400A8F00698B80C00C5D41E002154155129E275DF
S21400A90018B875788CB8447801B802A800F8B11069
S21400A910076810D82E7100C04810084000C3000019
S21400A92008403114884C44113411076101D9FA717A
S21400A93044122810076228100762281007622810A1
S21400A940E87000C1BC1E0021141080D82C7100C114
S21400A9505400084014111141207100C1000002404B
S21400A9601038167100C03400084407B9181000C02B
S21400A9703400084601B9181002987A020698600258
S21400A98011380472016A00BB00C1E41E00211411D4
S21400A99020390C72911210DA0672417B00A00698DC
S21400A9A04A1300C2BC1E0021241220DA0472617B06
S21400A9B088BA527A00A088BA727A811204DAFC72D7
S21400A9C000A088B86B78577800C0640008402F78DD
S21400A9D000A006986E100763076390B9637900B904
S21400A9E002DB36713112076240DA2E7200C2540062
S21400A9F0084024100140227202EC00C909B801D9AF
S21400AA00507200C2AC0008400E7A10D904722E7A3A
S21400AA1006987416E031076102EC00CD114502EC91
S21400AA2000CC01DB087100BB0298CA1703B84111BD
S21400AA300731FA211C760621911210DA087102DD20
S21400AA4010721E7020B80698720C3038147208B84F
S21400AA500698820600C0240008402978207800F86E
S21400AA60046020D8067102982C1502EC00CA05B8BE
S21400AA7023DA187104DBDA7120DAD67110DAD272B2
S21400AA8090B8617800B801DA067202EC00C891113D
S21400AA9010D9267100C1CC1E002114111150FF30B0
S21400AAA00C720661A110115002300A7180DB0A7226
S21400AAB00AB89E708CB97C790768911111402111F3
S21400AAC0C0311140011990B8411108D90471667857
S21400AAD020D904726578A11002D80672C0DA1E71F9
S21400AAE090B8273123DD087210DB1072607825DD00
S21400AAF00A7121DD087208DB0471627803B841111F
S21400AB0007310872A1152035AA7102DD3272A11133
S21400AB1020D9A07102D92872CCDA9872411140D996
S21400AB20927206B802DB1071046500C1102008405E
S21400AB301411112D112D054D5C720298BA132111B6
S21400AB404049C0D94E71A03141154035016551418B
S21400AB500361076308DA1E7204DA38721049A11519
S21400AB600235067110DB0E7201340A7108DB24719F
S21400AB7090B86778CC3211101A300ADC0872CCDE36
S21400AB800471FD3100C00D0F0C0D0698740C01D831
S21400AB90607207B80298E41300BA411108D90C7124
S21400ABA002EC00CA05B830DAEC720734F031026104
S21400ABB001DA0471014900C0F300A3E30698740C9F
S21400ABC001D8D07100C0981440680698740C4030C4
S21400ABD0014440DA0471204C04320162204A11100C
S21400ABE006300068014218310269114202980214C8
S21400ABF0204A00C0051708500698740C1130014210
S21400AC002088FFBB0DDA507100C1DE1B250180BC19
S21400AC1004DA107208DA0A7200C120841000E024F8
S21400AC20A02407634143016401DA06711E49024B02
S21400AC3000C02C1F002107633810BC2002DA1271F6
S21400AC4001B91159A11380DB087100C100FCFF0196
S21400AC5018100298561700C4BC1E0021441080D855
S21400AC607C710092D0DA06710DDA0C7190BD437DCE
S21400AC70EFBD06983E0503620DDA8672A11105D96E
S21400AC805C7100C23810084024120C24281401D924
S21400AC90067202D9327140D91E7102EC00CA211028
S21400ACA018320471FA2220D804720822FE2208758F
S21400ACB002EC00C8F87001D90E7102EC00C802D987
S21400ACC0067204DC187200C0BC1E00210410026864
S21400ACD001D8067190B8647818B873780298CA17C5
S21400ACE000C50020084000C00417000008D9047200
S21400ACF00A480815104D00B808D90472FF20081538
S21400AD00084D00C00884000008D9087200C02083DF
S21400AD10B8ED0815104D207D00A000B8011A00C03F
S21400AD2074000840027891101030011905BA069890
S21400AD301A1302D9067101B802A800C0BC1E002171
S21400AD40041380DB0671029866138CBA7C7A01DBEA
S21400AD506C7100C2301F002124111114FF3402EC64
S21400AD6000C8FF24FA7607610698820C0361113842
S21400AD700F3003611114011141100698820C01D89E
S21400AD80087203B80298E413044A02DB2471241004
S21400AD90112811280412023006710762076200C0EB
S21400ADA0FFFF0000213800C218000840FF200812EC
S21400ADB0411007600698820C01D87C7120BC1033C5
S21400ADC0767100BB00C12C1F00211415C021112C68
S21400ADD05112076A0F320E71408851140698FA17FE
S21400ADE04143009451120765036A0F320E714111F8
S21400ADF051140698FA17036C41430765513B00C18E
S21400AE00E81E00211411111231100F30127100BA11
S21400AE10046101D80471114200600FD8F472311039
S21400AE2002601E30047201B8003A087204B8029834
S21400AE30E4130298EA1500C0381F002104110F31F0
S21400AE4003DD1A7200C000600840041007D80E72B6
S21400AE5000C01040084004B9181000F806986E109C
S21400AE6006983C0500F830885088FF34087102ECDC
S21400AE70FF24F87002EC00CD141001BB5150FFD82F
S21400AE80047131440760006B10DBF2710421FF226D
S21400AE90E4720F4C0095009300A000C1C01E002174
S21400AEA0141100A030880698381A8111076102D95B
S21400AEB006720298141988BB557B076120D9067163
S21400AEC0029804190088A110076806982E18082111
S21400AED01415FC2590BB5C7B5D7B00C100600840C0
S21400AEE014110731FE21307608D82A725113FC233C
S21400AEF0341304DB2071076BFF33315B00C108702D
S21400AF0008401411076180490C71FF3130295475CF
S21400AF1090BB7B7B10707B7B7C7B00DD04717D7B34
S21400AF2001BB3815EC25541300DF5471042505DFEA
S21400AF3054715415211120880698B80C0092512996
S21400AF403E7500C100600840141102DB0C71073129
S21400AF50315B31292A760C7004DF0872006180D9D3
S21400AF601E7206982E1800C00870084006987C1AB4
S21400AF7006982E181411FFD9607202985A1900907C
S21400AF80009300A05415A111076910D9A6720825D0
S21400AF9008D8A071082510D89A7120882111069823
S21400AFA0B80CFC255412112AF82554110C2520D86B
S21400AFB00871F025541110252029047621591815FA
S21400AFC000920298C61818B97179811010D80A71C3
S21400AFD088B8447800B8417888B9747908B9677930
S21400AFE000F88110A0D8087188B9497900A00760D8
S21400AFF002D8FA7106982E18108806984A13076227
S21400B000076210DA087108211415F025541100C2E1
S21400B0100020FEFF202912750698881A01D90A72A8
S21400B02006988C090698360800941CBB41100C2024
S21400B03006984A1241110821141006984A1231281F
S21400B040441111120761FF31FF32012210521072B3
S21400B0500769181404244413042438140C70076970
S21400B060214118140824081402984413404414710B
S21400B07000C1C41E002114155113036B0FDB0C72A4
S21400B080066D06980607411500A00698360806982D
S21400B0904A1308BB51140698C0194415FC255415CC
S21400B0A00298480788B900C3BC1E00213413076302
S21400B0B008DB1A718113A0DB067149791070697973
S21400B0C0076302DB087208B9677900F800A08111EF
S21400B0D0076102D9107188B9757906982E1814116F
S21400B0E0FF3100A0FFB900A0041008211411F421BC
S21400B0F0081100A081110761076110310E710698D2
S21400B1002E1808211411F821141100A014B1000003
S21400B1102CB100007CB400000000000044B1000028
S21400B1200600000000000000000000007CB40000E4
S21400B130000000001CB20000040000000000000038
S21400B14000000000ACB20000809C2B8F80841E00A4
S21400B150000000002200FF7F6400002000000000C6
S21400B1600000000000000000ACB20000809C2B8FA6
S21400B17080841E00000023002300B6006400002028
S21400B180000000000000000000000000ACB200005C
S21400B190809C2B8F80841E000000240024009D00CD
S21400B1A06400002000000000000000000000000016
S21400B1B0ACB20000809C2B8F80841E00000025000F
S21400B1C025007D0064000020000000000000000054
S21400B1D000000000ACB20000809C2B8F80841E0014
S21400B1E00000260026005300640000200000000037
S21400B1F00000000000000000ACB20000809C2B8F16
S21400B20080841E00000027002700FF7F64000020C7
S21400B21000000000000000000000000094B30000E2
S21400B220809C2B8F80841E00000000002400FF7F7F
S21400B2306400002000000000000000000000000085
S21400B24094B30000809C2B8F80841E000000250095
S21400B2502500B4006400002000000000000000008C
S21400B2600000000094B30000809C2B8F80841E009A
S21400B2700000260026009900640000200000000060
S21400B280000000000000000094B30000809C2B8F9C
S21400B29080841E00000027002700FF7F6400002037
S21400B2A0000000000000000000000000F81F010180
S21400B2B0C4B50000380002000000000000000000D6
S21400B2C03030010011491000B840010000C0E30012
S21400B2D040410100EA00880018600400000000C633
S21400B2E01FC000000050000000D032005060040074
S21400B2F0FC006900410C000000000000110008007E
S21400B300786003000804000000000000BE031A0076
S21400B3108C60070001040C1A2F4653616862584976
S21400B32035201407C491A063564433232252922436
S21400B330E46007008108A1CB00000000198407051F
S21400B3409411CB4899200600016120008294EA8778
S21400B3500461030065B611001E37000089BB0000BB
S21400B36020610100FFDF00001470011000F80700E4
S21400B37014700130F802000018700200000300008C
S21400B3806000278470700200C30000000F9C03005A
S21400B390FFFFFFFFF81F010110B600003800020093
S21400B3A0000000000000000030300100E33810000C
S21400B3B0B840010000C08300404101006D008800D5
S21400B3C018600400000000C61FC001000050000006
S21400B3D0008000005060040018000500410C0000CA
S21400B3E00800000091000400786003008C000C0048
S21400B3F00000000014001A008C60070001040B19FE
S21400B4002C404C59605B534736251B114AF338963F
S21400B4106745231211090000E46007008F0846CB39
S21400B4200000000023086404D007CB4891200600E3
S21400B430F9541C008294EA870461030051551100F8
S21400B440B01B000089BB000020610100FFDF000088
S21400B4501470011000F8070014700130F8000000A6
S21400B46018700200000300006000A58370700200E0
S21400B470054100000F9C0300FFFFFFFFDC1F0401D7
S21400B48000000000000000000000000000000000B7
S21400B490F01F02013F00370000000000FC1F010102
S21400B4A0000000000400020001810100000100000D
S21400B4B01800020000000000010000002800040040
S21400B4C00000000000000000000000000000000077
S21400B4D040000100A0070000480001000000000036
S21400B4E0540002000000000000000000A00004005D
S21400B4F0FF4C0000FF4C0000FF4D0000FF4D000019
S21400B500002001000807000010200100AAAAAA00D7
S21400B510182001000060DA000830010013AC0001BA
S21400B520343001000100000040300100000000003F
S21400B530A04001007A27000FF44001002010000010
S21400B5403441020080080000E68700004441010004
S21400B550C0E6524D604104000000000000000000FC
S21400B5600600000006000000146001001000000045
S21400B5702860030000000003000000000000000038
S21400B58060600200294176710000000084600200BD
S21400B5900000000000000000207004000000000012
S21400B5A08200000000008001D50000004870020004
S21400B5B03C3D0000BC1900007870010006E0490020
S21400B5C0FFFFFFFF0D000000388EE30000000000C4
S21400B5D06CB600005CB6000000000000E070720070
S21400B5E080DE800280841E000101000011490002F6
S21400B5F00000000000000000000000000000000046
S21400B6000000000041841E00000000000000000052
S21400B6100D0000001CC77100000000006CB60000A2
S21400B62064B600000000000018CC660080DE8002D1
S21400B63040420F0001010000E33800020000000055
S21400B64000000000000000000000000000000000F5
S21400B6505B420F00000000000000000008520000DF
S21400B660B20C0000A5A00000C4090000193F0106A6
S21400B670041001000001010600102700000C000065
S21400B6800000000000000000000000000C4BFF7FE0
S21400B69001000000A0B60000100000202D000000F1
S21400B6A0FF000000E40C0A0005050000313500002C
S21400B6B030960000FFFFFFFFE93B0000E53B00007F
S21400B6C0FF0EFE01FFFFFFFFFF000E000000000060
S21400B6D0514F0000FFFFFFFFFFFFFFFFFFFFFFFFD1
S21400B6E0FFFFFFFF61680000FFFF0000FFFFFFFF96
S21400B6F001710000FFFFFFFF000000007000002047
S21400B70000000000F817002060180020C81800206D
S21400B7100000000000000000000000000000000024
S21400B7200000000000000000000000000000000014
S21400B7300000000000000000000000000000000004
S21400B740000000000000000000000000750100007E
S21400B7504D010000FFFFFFFFFFFFFFFFFFFFFFFFA2
S21400B760FFFFFFFFFFFFFFFFFFFFFFFFFFFFFFFFE4
S21400B770FFFFFFFFFFFFFFFFFFFFFFFFFFFFFFFFD4
S21400B780FFFFFFFFFFFFFFFFFFFFFFFFFFFFFFFFC4
S21400B790FFFFFFFFFFFFFFFFFFFFFFFFFFFFFFFFB4
S21400B7A0FFFFFFFFFFFFFFFFFFFFFFFFFFFFFFFFA4
S21400B7B0FFFFFFFFFFFFFFFFFFFFFFFFFFFFFFFF94
S21400B800C00A0020B1C800009B7A02009B7A0200A2
S21400B810678902009B7A02009B7A02009B7A0200EC
S21400B8209B7A02009B7A02009B7A02009B7A0200B7
S21400B8309B7A02001C340300BD7802009B7A02004B
S21400B8409B7A0200754102009B7A02009B7A0200F6
S21400B850B5390200391D0300351D0300954102006D
S21400B8602D1D030051D000009B7A02009B7A020037
S21400B87031C20000697902009B7A02009B7A0200BE
S21400B8809B7A02009B7A02009B7A02009B7A020057
S21400B8909B7A02009B7A02009B7A02009B7A020047
S21400B8A09B7A02009B7A02009B7A02009B7A020037
S21400B8B0C9410200311D0300A11701000542020024
S21400B8C09B7A0200F52502009B7A02009B7A020012
S21400B8D09B7A02009B7A02009B7A02009B7A020007
S21400B8E09B7A02009B7A02009B7A02009B7A0200F7
S21400B8F09B7A02009B7A02009B7A02009B7A0200E7
S21400B9009B7A02009B7A02009B7A020000000000ED
S21400B910013800D0FCE7704700000000000000007F
S21400B92001F0FF01102A2BDB10F0070F08D010F8EB
S21400B930013B013A8B422DD010F0070F42B3F6D1EF
S21400B940F0B441EA012141EA014122F007047FF008
S21400B95000070023F0E80256083C85EA010586EA5F
S21400B960010685FA47F5A3FA87F586FA47F6A5FA9B
S21400B97087F68EB9EED1F0BC01F0FF0102F00702A7
S21400B98032B110F8013B013A83EA010313B1F8D152
S21400B9900020704701387047002D06BF3546033833
S21400B9A0073815F0010F07D1013015F4807F02BF6C
S21400B9B0013015F4C03F0130F0BC0138704700BFBD
S21400B9C070B5414C00238AB0E363054618B1008881
S21400B9D023600CF0E1FB3D4E3D4825F07CFE3D4BE0
S21400B9E0336030463C4B736021F060F900213046EE
S21400B9F014F0E2FB32A3D3E90023A062C4E90623D5
S21400BA0021F05FF9D4E9062319431043C4E906017F
S21400BA10CDE900014FF0FF334FF0FF32A06A25F06A
S21400BA20D6FE02224FF0FF31A06A25F0D2FE01209A
S21400BA300CF04CF82949A06A4FF40073002225F058
S21400BA4019FFB0F5007F38D10023CDE907330993FD
S21400BA5094223C23CDE903320593A06A962303A9DA
S21400BA60069314F0C7FC35B3287C0CF035FC05466D
S21400BA70F0B9A06A25F0DBFF0CF0DCFB0CF008F850
S21400BA8020B14FF48070002108F08CFF0CF010F805
S21400BA9020B14FF40060002108F084FF21F0DCF9AB
S21400BAA0012014F0DDFB0E4A0E49A06A21F0FCF8D6
S21400BAB028460AB070BDFF20D7E70725F8E700BF85
S21400BAC00DD5015520000000480D00202417002049
S21400BAD0690345EC51790100341700202415002035
S21400BAE051CC020091CC02000348044B834202D0A2
S21400BAF0034B03B118477047240D0020240D002087
S21400BB00000000000548064B1B1AD90F01EBA301E5
S21400BB10491002D0034B03B118477047240D00208C
S21400BB20240D00200000000010B5064C237843B911
S21400BB30FFF7DAFF044B13B10448AFF3008001238C
S21400BB40237010BDCA1E002000000000385F0300EE
S21400BB5008B5054B1BB105490548AFF30080BDE8A5
S21400BB600840FFF7CFBF00BF00000000680F0020AE
S21400BB70385F0300A3F5803A704700BF174B002BD1
S21400BB8008BF134B9D46FFF7F5FF00218B460F4677
S21400BB901348144A121A26F000FB0E4B002B00D056
S21400BBA098470D4B002B00D098470020002104003A
S21400BBB00D000D48002802D00C48AFF300801AF0A4
S21400BBC06BFD200029001BF06DFE1AF0E5FA00BFA1
S21400BBD0000008000000000000000000C00A00206E
S21400BBE0240D0020042000200000000000000000BB
S21400BBF00368864A23F47F4323F00703934273B512
S21400BC0005D0834A934200F0AB8002B070BD814EEF
S21400BC1030460FF04BF9054610B37F4C7F4920683D
S21400BC201CF0CDFC7E4920681CF0C9FC1BF0E7FE2A
S21400BC301BF0E6FE7B4B00937B4A7C4920684E2334
S21400BC401CF0BDFC7A497B4A20682B461CF0B7FCEA
S21400BC50284600F03BFC784920681CF0B0FCFEE764
S21400BC60307802210FF05CF9044610B36A4D6B4938
S21400BC7028681CF0A4FC6A4928681CF0A0FC1BF08D
S21400BC80BEFE1BF0BDFE674B0093674A67492868F7
S21400BC9053231CF094FC6649664A286823461CF029
S21400BCA08EFC204600F012FC634928681CF087FCD6
S21400BCB0FEE70090A0220346114630780FF00EF9FA
S21400BCC0054610B3544C554920681CF078FC54497E
S21400BCD020681CF074FC1BF092FE1BF091FE514B8A
S21400BCE00093514A514920685C231CF068FC504977
S21400BCF0504A20682B461CF062FC284600F0E6FB03
S21400BD004D4920681CF05BFCFEE7307802210FF0FE
S21400BD101BF9054600283FF478AF3F4C3F492068A2
S21400BD201CF04DFC3E4920681CF049FC1BF067FEE9
S21400BD301BF066FE3B4B00933B4A3C492068602361
S21400BD401CF03DFC3A493B4A20682B461CF037FC69
S21400BD50284600F0BBFB384920681CF030FCFEE7A4
S21400BD602C4C022120780FF0DBF8054610B32A4C45
S21400BD702A4920681CF023FC294920681CF01FFC77
S21400BD801BF03DFE1BF03CFE264B0093264A27493F
S21400BD9020686E231CF013FC2549264A20682B4693
S21400BDA01CF00DFC284600F091FB234920681CF08F
S21400BDB006FCFEE7207802210FF0C6F805460028AC
S21400BDC03FF423AF144C154920681CF0F8FB1449C7
S21400BDD020681CF0F4FB1BF012FE1BF011FE114B4A
S21400BDE00093114A1149206873231CF0E8FB1049A0
S21400BDF0104A20682B461CF0E2FB284600F066FB43
S21400BE000D4920681CF0DBFBFEE700BFA000010028
S21400BE10A0000601E40C00203810002020300300AB
S21400BE202230030065300300273003003030030063
S21400BE303F3003003C3003005430030030B5036845
S21400BE407C4A23F47F4323F00703934289B040F0F3
S21400BE50EE80794B0822002112200FF09BF8044652
S21400BE6010B3764D764928681CF0A9FB75492868FA
S21400BE701CF0A5FB1BF0C3FD1BF0C2FD724B00932C
S21400BE80724A734928683D231CF099FB7149724A2F
S21400BE90286823461CF093FB204600F017FB6F49EA
S21400BEA028681CF08CFBFEE701466D4B032214202D
S21400BEB00FF070F8044610B3604D614928681CF016
S21400BEC07EFB604928681CF07AFB1BF098FD1BF08F
S21400BED097FD5D4B00935D4A5D4928684B231CF037
S21400BEE06EFB5C495C4A286823461CF068FB2046CB
S21400BEF000F0ECFA594928681CF061FBFEE70146A1
S21400BF00584B052216200FF045F8054610B34B4C4B
S21400BF104B4920681CF053FB4A4920681CF04FFB35
S21400BF201BF06DFD1BF06CFD474B0093474A4849DC
S21400BF30206859231CF043FB4649474A20682B4695
S21400BF401CF03DFB284600F0C1FA444920681CF06E
S21400BF5036FBFEE70DF10F0104A80FF049F8044682
S21400BF6010B3364D364928681CF029FB3549286839
S21400BF701CF025FB1BF043FD1BF042FD324B0093EB
S21400BF80324A3349286864231CF019FB3149324A87
S21400BF90286823461CF013FB204600F097FA2F492A
S21400BFA028681CF00CFBFEE7BDF814305BBAADF851
S21400BFB018309DF813308DF81A30FF238DF81B309B
S21400BFC0FE238DF81C309DF812308DF81D30BDF81C
S21400BFD010305BBAADF81E30014606AB08221820BA
S21400BFE00EF0D8FF054610B3144C154920681CF017
S21400BFF0E6FA144920681CF0E2FA1BF000FD1BF07C
S21400C000FFFC114B0093114A1149206874231CF061
S21400C010D6FA1049104A20682B461CF0D0FA28465B
S21400C02000F054FA0D4920681CF0C9FAFEE709B082
S21400C03030BD00BFA000010074300300381000209F
S21400C0402030030022300300AF3003007D300300B1
S21400C050303003003F3003003C3003005430030010
S21400C060A5300300A930030038B501F037FC0E48B0
S21400C0700E4C012101F0B0F801221146002001F01B
S21400C08091FB022501221146C4F88050002001F0E1
S21400C09089FB0122C4F884501146002001F082FB7F
S21400C0A0C4F88850002038BD30253E0000400E40C1
S21400C0B008B5204B01225A6402F010FCA0B91E4BB2
S21400C0C04AF6E852C3F89021D3F8982142F00402C9
S21400C0D0C3F89821C3F89001174AD2F8643143F4A4
S21400C0E00053C2F8643101E00128F5D0134A136A00
S21400C0F023F4441343F488131362A2F580421368B2
S21400C10043F48073136004F0A5F800F02DFB04F0F0
S21400C1103FF804F08BF804F051F8FFF7A5FF1CF089
S21400C120F5F900F013FB00F05DFCBDE8084004F0F4
S21400C130ADBC00BF00000E4000300E4000400E4078
S21400C14008B50448012101F047F8BDE80840024858
S21400C15000F006BD00350A00C00A002030B5204DAC
S21400C1600FCD97B00FAC0FC495E807001D4B84E8C1
S21400C17007001D4ACDE903234FF08073059303F1B2
S21400C180022306934FF0F0511E23CDE907130E222B
S21400C19000210DF12E0026F000F8144B4FF440203D
S21400C1A0CDE909030C238DF82C300D238DF82D30A6
S21400C1B00F4B0C9320230D9301238DF839300D4B34
S21400C1C000930FAA03AB09A90B4804F073FA0021E9
S21400C1D004464FF4E1301BF052FC204617B030BD49
S21400C1E04033030000420400000001401C000140F0
S21400C1F0CB1E0020800F0020D40F0020012905D878
S21400C200034B1B68186808B1436A1847704700BF9D
S21400C210D80A002008B50449044804F0E5FCBDE847
S21400C2200840FFF79BBF00BFDC0A0020F80F002085
S21400C23001481CF030BB00BFD40F0020014B1A6A27
S21400C24018681047D40F0020184B834237B52AD100
S21400C250174B1B783BB3C8B20EF08AFE054610B3E8
S21400C260144C154920681CF0AAF9144920681CF0E3
S21400C270A6F91BF0C4FB1BF0C3FB114B0093114A3D
S21400C2801149206885231CF09AF91049104A206845
S21400C2902B461CF094F9284600F018F90D49206842
S21400C2A01CF08DF9FEE703B030BD00BF0010002083
S21400C2B0EB1E002038100020203003002230030040
S21400C2C0CA3303005C330300303003003F30030002
S21400C2D03C3003005430030030B503685A4A23F458
S21400C2E07F4385B023F0070300259342044602955A
S21400C2F0ADF80C507DD002F5802293420ED0A2F10C
S21400C3008272934240F09D80504B1B78002B00F0C9
S21400C310988005B0BDE8304005F09EBAB0F805300C
S21400C3201E2B40F08E80FF2304A91A4611E9030055
S21400C3301BF05EFB01280ABF444B41F2FC15187047
S21400C34005F0FC0220791E210EF03AFE054610B3D9
S21400C3503F4C404920681CF032F93F4920681CF0E9
S21400C3602EF91BF04CFB1BF04BFB3C4B00933C4A5E
S21400C3703C49206859231CF022F93B493B4A206877
S21400C3802B461CF01CF9284600F0A0F83849206817
S21400C3901CF015F9FEE7374900902379364A0968FC
S21400C3A0364800F0EDF8054600284AD0284C2949C2
S21400C3B020681CF004F9284920681CF000F91BF0DE
S21400C3C01EFB1BF01DFB254B0093254A25492068C4
S21400C3D062231CF0F4F82449244A20682B461CF0FB
S21400C3E0EEF8284600F072F8214920681CF0E7F8BD
S21400C3F0FEE7B0F8053007EE903AB0F80730F8EEF2
S21400C400677A0133B7EE047A67EE877A07EE103A5A
S21400C410B8EEC77A67EE877AB1EE047A67EE877A67
S21400C42017EE900A1AF062FC07EE900AFCEEE77A26
S21400C430104A17EE903AB3F57A7F38BF4FF47A7306
S21400C440136005B030BD00BFA0000602EB1E002042
S21400C450381000202030030022300300D9330300B8
S21400C4605C330300303003003F3003003C300300F1
S21400C47054300300E40A002049C2000000100020E7
S21400C48008B5084B01221A70074B00221A70074B9A
S21400C49004221A70064B1F221A7003F005FF054B84
S21400C4A0186008BDE70C0020EC1E0020E60C0020FB
S21400C4B0E50C002038100020024B034918681CF0D9
S21400C4C07EB800BF38100020F933030070B50C4C5E
S21400C4D00C49064620681CF072F803F0E5FE054697
S21400C4E0206803F0D5FE3046FFF7E6FF284603F047
S21400C4F0CFFE20680449BDE870401CF060B800BF5D
S21400C50038100020FB330300FD33030038B5054622
S21400C5101BF00EFB0B4A146800235CB1AC4206D13C
S21400C520A96A6BB199621BF009FB012007E023465C
S21400C530A46AF2E7002DF3D01BF000FB204638BDBE
S21400C5401160F0E73C10002010B5044698B104F0E6
S21400C550ABFE2046FFF7DAFF10B194F82C300BB98B
S21400C560002010BD1BF0E4FA044A1368013B136078
S21400C5701BF0E4FAF4E72220F3E700BF40100020A7
S21400C5802DE9F04385B005469DF8307091469846F3
S21400C5900E4609B9002F5CD12846FFF7D5FF0446A2
S21400C5A0002836D185F82C00686304F075FF8642B3
S21400C5B033D904F00BFF2146844640F2E7304FF4AF
S21400C5C07A720023E6FB0C0119F066FC4FF0FF328E
S21400C5D0002319F061FC2B46E8861146CDE900449D
S21400C5E01D4A28461CF038FA044690B9C5E9089852
S21400C5F085F82D702E631BF09BFA184A136833B328
S21400C6001A469B6A002BFBD195620023AB621BF097
S21400C61095FA204605B0BDE8F08347B1CDE9004461
S21400C6200D4A2B463146284604F0F4FEDCE703A903
S21400C630304604F0D1FE04460028EAD1CDE9007762
S21400C640054A03992B4628461CF0E2F9CCE715600C
S21400C650DBE72124DDE700BF61C600003C100020B8
S21400C66091F82C3013B50C4683B98B8ECA8E934244
S21400C6700ED243B9CDE90033114A0B4620464FF09F
S21400C680FF311CF0A9F9A38E0133A38602B010BDBA
S21400C69052B191F82D307BB101230093D1E90823E4
S21400C6A02046096BFFF76CFF064A012384F82C30FE
S21400C6B0136801331360E9E7084604F0F5FDF3E775
S21400C6C061C60000401000202DE9F041144E33688A
S21400C6D023B3144F4FF000081BF02AFA3C680546B7
S21400C6E024B92846BDE8F0411BF028BA94F82C304F
S21400C6F093B1336884F82C80013B336094F82D3076
S21400C70013B92046FFF702FF28461BF017FAD4E9B4
S21400C710083120469847DFE7A46AE1E7BDE8F081E4
S21400C720401000203C100020034B1B68002B14BF59
S21400C73004200120704700BF40100020024B1868FC
S21400C740B0FA80F0400970474010002008B5054850
S21400C750012100F041FD1BF0DBF8BDE8084000F0C9
S21400C7601DB800BF00350A000148012100F034BDA5
S21400C77000350A0007B508201BF09DF9064B02227B
S21400C7806846CDE900231BF03EF9082003B05DF8AB
S21400C79004EB1BF09BB900BF006A18102DE9F043AC
S21400C7A03B4D3C4FDFF80091DFF800810FCD89B09C
S21400C7B001AC0FC495E80700374D84E807003748FA
S21400C7C0012100F009FD38460121012400F004FD96
S21400C7D0334B039301A928468DF812401BF061FBEA
S21400C7E02346042200210A2001F0CEFD2246002323
S21400C7F002210A2001F0C8FD234604220721052055
S21400C80001F0C2FD0422214623460A2001F0BCFDA9
S21400C810244BAB670B236B6702264FF4487004F07B
S21400C820FBFFC9F8EC61142004F0F6FFC8F8EC61D1
S21400C830232004F0F1FFC9F8EC61B92128461BF06B
S21400C8406FFB00231A461946C8F8EC610A2001F06F
S21400C8509BFD00231A4631460A2001F095FD23462B
S21400C86000220721052001F08FFD234600222146E5
S21400C8700A2001F089FD284602F084F80021A96705
S21400C8803846696700F0A8FC09B0BDE8F08300BF31
S21400C89000340300006204000008014000350A006E
S21400C8A000127A001E1D001200A0004400A00046E0
S21400C8B008B500F083F8124B12498B4212D3124B84
S21400C8C0124900208B4218D3FFF758F9186850F821
S21400C8D02240586840F82240013298688242F5D3D8
S21400C8E00C33EAE70022F8E71C6844F8220001321D
S21400C8F05C68A242F8D30833E4E70022F8E700BFFA
S21400C900405F03004C5F03004C5F03004C5F030076
S21400C9100048704700F04902104AD2F8943003F0FD
S21400C9200703023B032B13D8DFE803F00C14020EB8
S21400C9300B4B1B68D2F80001C0F304200130B3FB98
S21400C940F0F07047074BF4E7074B1B685B08F1E70E
S21400C950054BEEE74FF40043ECE700BF00400E4007
S21400C960F00A0020F40A0020E80A002008B5FFF7C5
S21400C970D3FF054BD3F80831C3F308230133B0FBCC
S21400C980F3F0024B186008BD00400E40EC0A002091
S21400C990014B1868704700BFF40A0020054B18606A
S21400C9A0054BD3F8943003F00703022B01D1FFF7B1
S21400C9B0DDBF7047F40A002000400E40044B054AD5
S21400C9C09A60D3F8882042F47002C3F88820704733
S21400C9D000ED00E000B80000014B1868704700BF8B
S21400C9E0F00A00200F4BD3F82838A3F17E62A2F598
S21400C9F08432B2F5104F10B511D219680A4A914226
S21400CA000DD10A4C227812F0FD0F01D0002010BD87
S21400CA10DB6998470028FAD101232370F6E74FF424
S21400CA208170F4E70000E10F07B0CD5EED1E002038
S21400CA30054A06490346106803448B4294BF1360B8
S21400CA404FF0FF30704700BFF80A002000000420B7
S21400CA5008B52948012100F0BFFB0123042202216A
S21400CA60052001F091FC002001F082FC234B0122FE
S21400CA70C3F810281146042000F094FE204800F069
S21400CA80FDFC204BD3F8F02042F00102C3F8F02062
S21400CA90D3F8FC2042F08072C3F8FC20A3F55D4377
S21400CAA0194A1A6000F5D520184B00F2FC40B0FB7E
S21400CAB0F3F0174B013802221861C3F8F0204FF448
S21400CAC08072C3F804234FF06043124AC3F8B02FB5
S21400CAD0114AC3F8802ED3F8002E42F48072C3F8B1
S21400CAE0002EFF2283F82020D3F8002E22F4807236
S21400CAF0C3F8002E002008BD00350A00008014424E
S21400CB0006000E0000ED00E0FF030040F8590D009F
S21400CB10000004E055CEACC5090001004FF06043AC
S21400CB2030B5D3F8802ED20715D501240B4D84409E
S21400CB30D5F8FC2042F08072C5F8FC20D3F8002E11
S21400CB402243C3F8002E53F82020002AF0D003F822
S21400CB502010002030BD1120FCE700BF00ED00E0F3
S21400CB602DE9FF41044601212B4800F035FB2368E0
S21400CB702A4A93424ED002F58062934247D1284813
S21400CB80012100F029FB6179207901230A2201F0B6
S21400CB90FBFBE179A07901230A2201F0F5FB0A27C5
S21400CBA001263025237962794FF00C0815FB0383A4
S21400CBB003F1884303F5204306FA02F21A60642064
S21400CBC004F02AFE2379627915FB038303F18C4374
S21400CBD003F5204306FA02F21A60642004F01CFEF5
S21400CBE0013FDFD120680323436423895BBA9BB2ED
S21400CBF0836440F20113ADF8003023690293E368C2
S21400CC0001936946237D8DF80C3001F039FC04B0A1
S21400CC10BDE8F0810348B3E74041050000C000408E
S21400CC2000920400008204002DE9F04F9A46554B0E
S21400CC3085B01B78DDF83C909DF844B0DDF8508058
S21400CC4006460F461546002B00F09680072A00F28F
S21400CC5095800E9B002B00F09180B9F1000F00F03C
S21400CC608D80129BB3F5006F00F38880012803D1F6
S21400CC70109B002B00F08280434B03EB05131B7BBD
S21400CC80002B7DD0414C10220021684625F085FA05
S21400CC9004EB451410229FBB3946204625F07DFA4A
S21400CCA043F210036380BBF1000F03D1E37843F037
S21400CCB00303E370354A0E9BCDF800A002EB451C3B
S21400CCC0CCE90193129B581E9DF84C30690103F085
S21400CCD00303C0F30A009B0643EA001E53582C4881
S21400CCE018404EEA0003012E535017D0B8F1000F3B
S21400CCF02ED19CF8023068F304138CF8023027E03B
S21400CD000021204625F049FA4FF444736380BBF1B6
S21400CD10000FCFD1E37843F03003CAE71323CCF8F3
S21400CD200C309CE80F000CF1100E8EE80F00DCF8BB
S21400CD301C20109BCCF814306FF0030161F39F02A7
S21400CD40012FCCF81C2003D1CCF81890CCF8043076
S21400CD500D4A290102EB051342F80180159A5A6024
S21400CD6000272846224669469F605E7301F0EEFB68
S21400CD70384605B0BDE8F08F0648FAE70648F8E7FB
S21400CD800648F6E7EE1E002044110020441000205E
S21400CD900F80FFF3028000F0018000F0078000F0B3
S21400CDA038B5124B1B780546DBB1E0B11AF0C0FE71
S21400CDB00F4A00231146147B54B92B601A0101EB6D
S21400CDC0031301258C501D731AF0B8FE204638BD9B
S21400CDD00133082B02F11002EDD11AF0AFFE054820
S21400CDE0F5E70548F3E70548F1E700BFEE1E00202B
S21400CDF044110020048000F0028000F0018000F062
S21400CE0038B51AF095FE0C4A05460023147B6CB91B
S21400CE100133082B02F11002F8D101F04DFB074B4D
S21400CE2028461C701AF08AFE204603E028461AF0B0
S21400CE3085FE034838BD00BF44110020EE1E0020CA
S21400CE40058000F00D4B1B7810B5044693B10728FB
S21400CE5012D81AF06DFE0A4B03EB04131A7B2AB1A4
S21400CE6000241C731AF06AFE204610BD1AF066FEF7
S21400CE700448FAE70448F8E70448F6E7EE1E002000
S21400CE8044110020068000F0028000F0018000F0CF
S21400CE9013B5164B1868019000238DF804301AF06D
S21400CEA047FE134B1C7824B11AF048FE114802B016
S21400CEB010BD01221A701AF041FE0F4B1C731C772E
S21400CEC083F82C4083F83C4083F84C4083F85C4061
S21400CED083F86C4083F87C4004230DEB03008DF848
S21400CEE0073001F009FB2046E1E700BF6C34030081
S21400CEF0EE1E0020038000F0441100200A4A12783B
S21400CF0008B55AB107280BD8084A02EB00131B7B5A
S21400CF1043B1002101F0E6FA002008BD0448FCE712
S21400CF200448FAE70448F8E7EE1E00204411002003
S21400CF30028000F0018000F0078000F00A4A1278B4
S21400CF4008B55AB107280BD8084A02EB00131B7B1A
S21400CF5043B1012101F0C6FA002008BD0448FCE7F1
S21400CF600448FAE70448F8E7EE1E002044110020C3
S21400CF70028000F0018000F0078000F00A4A127874
S21400CF8008B552B107280AD8084A02EB00131B7BE3
S21400CF903BB101F02BFB002008BD0548FCE7054827
S21400CFA0FAE70548F8E700BFEE1E0020441100200F
S21400CFB0028000F0018000F0078000F00D4B1B7827
S21400CFC093B1072812D889B10B4B03EB00131B7BD8
S21400CFD073B10A4B1A6E01238340134214BF012318
S21400CFE000230B70002070470548704705487047BF
S21400CFF005487047EE1E00204411002000200E4019
S21400D000028000F0018000F0078000F00B4A1278E2
S21400D01010B50C4662B107280CD859B1084A02EB85
S21400D02000131B7B43B101F0F7FA2070002010BDFF
S21400D0300448FCE70448FAE70448F8E7EE1E002038
S21400D04044110020028000F0018000F0078000F00C
S21400D0502DE9F041DFF86480D8F86070D8F86C30BD
S21400D0601F4000D5FEE7134C01260025374218D096
S21400D0702368C8F86860A3B1A16862680131A1603E
S21400D08028469847637B012B0BD150B90A4B03EB1C
S21400D09045131A7B60F341021A731A7F60F341024C
S21400D0A01A770135082D4FEA460604F11004DDD143
S21400D0B0BDE8F081441100204410002000200E40FE
S21400D0C00C4B984205D90C4B984210D801220123EC
S21400D0D001E00022134609490B640949D1F80031E2
S21400D0E023F0807343EA0263C1F8003170470222DE
S21400D0F0EDE700BF0048E8010090D0030000C843F9
S21400D10000400E400F4B5B680F4B30B500221C46AC
S21400D110C9B21D798D4202D11D6885420DD20132F9
S21400D120052A03F10803F4D10321064A536823F0C5
S21400D130407343EA0163536030BD04EBC204617977
S21400D140F3E700BF00000E409034030038B5074CEC
S21400D15041F67133256C2364FFF7DAFBADB200218C
S21400D160FFF7D0FF0DB10023236438BD00000E404A
S21400D170044BDB6B5B0604D4034AD2F8C830002BA2
S21400D180FBD1704700300E400000C64308B5FFF7DD
S21400D190EFFF024B5868C0F3014008BD00300E4058
S21400D1A0044BD3F84421D20703D4D3F840211042CD
S21400D1B0FBD1704700400E4038B5064C256C41F652
S21400D1C071332364ADB2FFF79DFF0DB100232364D6
S21400D1D038BD00BF00000E4038B5C0F30323013B46
S21400D1E0092B11D8DFE803F0052710102B221D109D
S21400D1F01511154DC0F3043405F1424505F58015AB
S21400D20004EBC5008000016038BD104DC0F3043447
S21400D210F2E70F4DC0F304344FF48030FFF7C0FF41
S21400D220EAE7C0F304340B4D1020F7E7C0F30434EC
S21400D230094D0120F2E7094DC0F30434DCE7084D40
S21400D240C0F30434D8E700BF00400E4050410E4003
S21400D250F0400E40E8400E40E0400E40C0400E4019
S21400D260B0400E40C0F30313013B092B2AD8DFE879
S21400D27003F0050B0F1929291F23374B274BD3F82B
S21400D2800001C0F304207047244BD3F81401F8E7DC
S21400D290224BD3F80031C3F30063013301209840DA
S21400D2A0013870471D4BD3F80C01C0F308207047B7
S21400D2B01A4BD3F80801F8E7194B984204D0194BDB
S21400D2C0984207D000207047144BD3F8203103F063
S21400D2D00F03E3E7114BD3F82031C3F30113DDE767
S21400D2E0114B98420CD003F5B01303F580539842C7
S21400D2F0E8D10A4BD3F82831C3F301230433CDE732
S21400D300064BD3F82831E8E7084B9842DAD1034BAE
S21400D310D3F8300100F00300704700BF00400E4015
S21400D3208006160080162E0090171A00A00914001A
S21400D33000F00F000138072850D8DFE800F0041589
S21400D340244F34384F402B4BD3F8943003F0070368
S21400D350023B052B06D8DFE803F049243F030543CC
S21400D3600B20704705207047224BD3F8800000F052
S21400D370070002283DD0042836D0012808BF032025
S21400D38018BF012070471B4BD3F8843003F0070307
S21400D390013B032B03D8DFE803F0041F25270120F9
S21400D3A0704703207047134BD3F88800DFE7114B14
S21400D3B01B6F13F0010F0CBF0720092070470D4BA1
S21400D3C0D3F85C3103F03003202B0FD0302B0FD076
S21400D3D0102B08BF0720D3E70220704700207047B5
S21400D3E00C207047062070470A20704704207047BC
S21400D3F00820704700400E4008B50146FFF798FF2A
S21400D4001A4B994211D01A4B994212D0194B994295
S21400D41004D1194BD3F8800000F007000138032828
S21400D42021D8DFE800F00A0E1612134BD3F884005A
S21400D430F2E7114BD3F88800EEE7BDE808401AF093
S21400D4402DBBBDE80840FFF7C7BABDE808401AF094
S21400D45028BBFFF761FA084BD3F80031C3F300632B
S21400D4600133D84008BD0020FCE700BF03002000C1
S21400D4700500240002001E0000400E4000F4781351
S21400D480B3F5B01F10B5044674D025D8B3F5402FB9
S21400D4905ED010D8B3F5802F49D005D83BB1B3F590
S21400D4A0003F4FD0002010BDB3F5202FFAD1BDE8C5
S21400D4B01040FFF731BAB3F5801F00F08480B3F553
S21400D4C0A01F4DD0B3F5602FECD14A48FFF730FFD0
S21400D4D0072878D00928E9E7B3F5381F53D013D8C2
S21400D4E0B3F5001F58D00AD8B3F5D01F56D0B3F501
S21400D4F0F01FD7D14048BDE81040FFF77DBFB3F519
S21400D500101FCFD13D48F6E7B3F5481F4DD0B3F511
S21400D510781F65D0B3F5401FC4D13948FFF76CFFBC
S21400D520384BD3F82831C3F30123043320E0FFF748
S21400D530F3F9344BD3F80C31C3F308230133B0FBB3
S21400D540F3F0B0E7FFF7E8F92E4BD3F80831F3E72E
S21400D550FFF7E2F92B4BD3F81431C3F30423EDE7BE
S21400D5602648FFF749FF274BD3F8303103F0030373
S21400D570D84098E72048FFF73FFF224BD3F82031EA
S21400D58003F00F03F4E71C48FFF736FF1D4BD3F8F4
S21400D5902031C3F30113EBE71948ACE71848FFF74F
S21400D5A02BFF184BD3F82831F3E71748FFF7C0FED8
S21400D5B0072808D0082809D004287FF473AFBDE8F0
S21400D5C01040FFF7E5B9114B18686CE7FFF7A4F9B0
S21400D5D00C4BD3F80031C3F3042303FB000062E7CF
S21400D5E0FFF79AF9014620461AF096FAB1FBF0F0DA
S21400D5F059E700BF06000E0002001E0005002400CA
S21400D6000300200000400E40B8003200FC0A002054
S21400D61010B5FFF79BFD094B07225A67FFF77CF909
S21400D620FFF74EFDFFF7A2F90446FFF7AFFD0146F0
S21400D6302046BDE81040FFF7BFBD00BF00400E40CB
S21400D64008B5FFF775FE02280ABF024B4FF6FF70BB
S21400D650188808BDD20C0020014B1880704700BF08
S21400D660D20C0020014B1880704700BFD00C002061
S21400D67010B5042813D8DFE800F047032F13210065
S21400D680294AC1F30801D2F86838002BFBD1274A93
S21400D690136A23F4FF7323F001030B43136210BDD8
S21400D6A0214A01F07F01D2F86038002BFBD11F4AD7
S21400D6B0136923F07F030B431361F0E71A4A01F066
S21400D6C07F01D2F86438002BFBD1184A936923F007
S21400D6D07F030B439361E2E7144AD2F89030536A13
S21400D6E023F0300343F010035362146B104BC1F366
S21400D6F0C31003300F2803EA040328BF0F200B4390
S21400D70043EA00731363CAE74F29074A28BF4F212D
S21400D710D2F87438002BFBD1044A936B23F07F03B6
S21400D7200B439363BBE700BF0020C84300400E4096
S21400D73000F8FF0F104A536A13F0300F18D0202954
S21400D74013D0302914D000290C4B08BF4FF44003E7
S21400D750D2F8901033EA0101FAD15B0246BFD2F844
S21400D760A000C0F38020012070474FF40003EFE7CD
S21400D7704FF44003ECE700BF00400E40FF33E107E4
S21400D78002280AD129B1064B4FF48060C3F8A800DE
S21400D790596612B10220FFF7CDBF0120704700BFC7
S21400D7A000400E400428F8B548D8304B13F800C0A7
S21400D7B02F4B1D5C2F4B33F810702F4B33F8104057
S21400D7C02E4B002940D0022839D15C6A14F0300F65
S21400D7D035D12B4CE46B5C6AE40705D55E6A26F00F
S21400D7E0300646F010065E62264C244B25441F6623
S21400D7F0AD002B68002BFCD002B36444A400236861
S21400D800002BFCD0022819D1C1B11C4D696A11F059
S21400D810010116D001222021FFF7B2FFD5F89C6047
S21400D820012200210220FFF7BDFFC6F30A010220F5
S21400D830FFF71EFF2F662368002BFCD0F8BD0021E3
S21400D840D2E7FFF777FFE9E701211C66A940D3F886
S21400D85090000842FBD1002AF0D00123074903FAC2
S21400D8600CF3D1F890201A42FBD1E7E78934030085
S21400D870843403007A3403007034030000400E4002
S21400D88000300E408004F21010B50246B8B90122EE
S21400D8901146FFF787FFFFF759FC0F4B04225A6724
S21400D8A0FFF73AF8FFF70CFCFFF760F80446FFF7BF
S21400D8B06DFC01462046BDE81040FFF77DBC012800
S21400D8C007D10146FFF76EFFFFF740FC024B03222D
S21400D8D0E5E7FFF73BFCE3E700400E4038B5FFF70F
S21400D8E057F80021044600F0EBFA1248FFF7E8FB71
S21400D8F0012211460220FFF755FFFFF727FC0CB167
S21400D900FFF736FC0C4B02225A67FFF705F8FFF7C5
S21400D910D7FBFFF72BF80546FFF738FC01462846ED
S21400D920FFF74AFC2CB920460121BDE8384000F03C
S21400D930C7BA38BD0148E80100400E401C4B70B520
S21400D9401C681C4B9C4221D81B48FFF7B9FB0122E0
S21400D95011460320FFF726FFFFF7F8FB0024174BBE
S21400D96001265E67FEF7D8FFFFF7AAFBFEF7FEFF6D
S21400D9700546FFF70BFC01462846FFF71DFCB4B929
S21400D98031462046BDE8704000F09ABA0021204695
S21400D99000F096FA0848FFF793FB01221146032091
S21400D9A0FFF700FFFFF7D2FBFFF7E2FBD7E770BDFC
S21400D9B0E80A0020002D31010148E80100400E4031
S21400D9C0012210B511460320FFF7ECFEFFF7BEFB61
S21400D9D0084B05225A67FEF79FFFFFF771FBFEF71D
S21400D9E0C5FF0446FFF7D2FB01462046BDE81040BF
S21400D9F0FFF7E2BB00400E4010B504461120FFF7CB
S21400DA0097FC002101220220FFF7CCFE184A217C59
S21400DA10536A23F00103022908BF43F0010353624F
S21400DA20144B2178C3F8A014637AA18843EAC12373
S21400DA30D362136BA07A217A03F07F630343E088F6
S21400DA4043EAC02343EAC11303310F2928BF0F213D
S21400DA5043EA01731363A37B617B1B0143EA013333
S21400DA60E17B0B43217B43EA0143536310BD00BFB8
S21400DA7000400E400000C84338B50E4D0E4C01461F
S21400DA801120FFF755FCAA6B4B7814400A78144314
S21400DA9044EAC3248B7844EA0364CB7844EA03243C
S21400DAA0AB6BA34205D0002101220846FFF77AFEA1
S21400DAB0AC6338BD00400E4080E4FFF8034B586866
S21400DAC0C0F30800003818BF0120704700ED00E0E2
S21400DAD0034BD86B80F04000C0F38010704700BF47
S21400DAE000300E4042EA0322B2F5007F10B5194C12
S21400DAF029D00AD8B2F5807F22D040F201139A428C
S21400DB0015D062B9D4F81C320BE0B2F5407F1DD0B8
S21400DB1040F201339A4210D0D4F8283201E0D4F80B
S21400DB202432C3F30722DBB203600A6010BDD4F8C8
S21400DB3024321A0EC3F30743F6E7D4F82832F8E780
S21400DB40D4F81C32F5E7D4F82032EAE7D4F82032CD
S21400DB50EFE700BF0081E00F08B5FFF7B9FF20B17F
S21400DB60024AD2F8C830002BFBD108BD0000C643DD
S21400DB7008B5FFF7ADFF80B1FFF7EEFF074B19685A
S21400DB805A68C1F30121C2F3014291421A688CBF60
S21400DB9042F0100222F010021A6008BD00300E405B
S21400DBA0064B1B68DB0608D5054B1B69C3F304430D
S21400DBB0082B02BF034B044A1A60704700300E4021
S21400DBC000400E40E80A0020C0EA210170B5FFF7C9
S21400DBD07FFF38B12D4B1A781023C2F10202934012
S21400DBE02B4A13612B492C4DD1F8804145F60E0384
S21400DBF0C1F880312B6823F0AA03DB05DB0D0B662A
S21400DC00FFF7AAFF224B1B68D80604F0010415D5BF
S21400DC10D1F84031DA01FBD4204B1B680B61204B56
S21400DC201B78052B0AD11F4B1E68FFF795FF184B74
S21400DC3059683046C1F30141FFF7BEFA184B1B780E
S21400DC40023B0A2B0AD8DFE803F006151709090974
S21400DC500909091A1D000020FFF716FE2B68DB07CE
S21400DC605EBF0C4B02221A661CB10A4B0022C3F898
S21400DC70802170BD0120EFE7FFF730FEEEE7FFF7EB
S21400DC809FFEEBE7FFF7C4FCE8E700BFEF1E0020AF
S21400DC9000300E4000400E40C8110020C411002085
S21400DCA0F01E0020E80A002010B50B4C0B4BD4F8F1
S21400DCB090201A601120FFF73BFB094B1870FFF706
S21400DCC04BFF084B084A5B68C3F301431370074BCE
S21400DCD022691A6010BD00BF00400E40C811002027
S21400DCE0F01E002000300E40EF1E0020C411002061
S21400DCF0064942780B6823F4407343EA0223022A5B
S21400DD000B6004BF024B5B6A704700BF00300E40DA
S21400DD1000400E4010B5044608B1FFF7C5FFFFF7F8
S21400DD2027FF144A136943F0040313611AF055F8E9
S21400DD301AF054F8104B114AC3F8242403F559235B
S21400DD401B68DB060ED519F0ECFE25F055F919F028
S21400DD50ECFE1AF044F803F013F92CB1BDE81040BD
S21400DD60FFF734BF30BFF4E7FFF71AFFBDE81040F7
S21400DD70FEF7FCBD00ED00E000A000400000FFFF45
S21400DD8010B5044608B1FFF78FFFFFF7F1FE1A4BF8
S21400DD90D3F8802145F60E01D207C3F8801148BF9C
S21400DDA000224FF42071196648BFC3F88021134A39
S21400DDB0136943F004031361114B124AC3F8242479
S21400DDC01AF00BF8104B1B68DB060CD519F0A9FEF1
S21400DDD025F012F919F0A9FE03F0D2F82CB1BDE82F
S21400DDE01040FFF7F3BE30BFF6E7FFF7D9FEBDE8F9
S21400DDF01040FEF7BBBD00BF00400E4000ED00E047
S21400DE0000A000400000FFFF00300E400E4A0379DD
S21400DE10916921F03F010B43017843EA8103417881
S21400DE2043EA4103817843EAC103C178012908BF68
S21400DE3043F0010393611368417923F4403343EAC6
S21400DE4001431360704700BF00300E402DE9F041DB
S21400DE5004460D46FFF73CFE60B3DFF86080FFF730
S21400DE607BFED8F80430C3F301439C4222D0124B09
S21400DE70D3F80031FEF750FD022C07464FF010068F
S21400DE8009D12146FFF798F9C8F8106095B1BDE8AA
S21400DE90F041FFF761BEC4F102039E40C8F810606F
S21400DEA00DB1FFF759FE2CB921463846BDE8F041C2
S21400DEB0FFF782B9BDE8F08100400E4000300E400A
S21400DEC038B505460C46FFF703FEB8B145B90C4B0E
S21400DED0D3F80051FEF720FDC5F3042505FB000529
S21400DEE0084B1B7821463BB1074B9D4204D80220C5
S21400DEF0BDE83840FFF7AABF0020F9E738BD00BFED
S21400DF0000400E40F11E0020002D3101034B027828
S21400DF101A7001210020FFF7D3BF00BFF11E0020BA
S21400DF20234B4AF6E85210B5596B5A639A6FD207DC
S21400DF30FCD41B6C13F0030306D01E4A012498423F
S21400DF40C2F8B44A1AD110BDA0B1431E012B17D88F
S21400DF50174A4FF40023D362936FDB07FCD4136C8D
S21400DF6023F0030343F001031364114A536A1C03AE
S21400DF70FCD505E00F4BC3F8B40AE4E7032BE4D066
S21400DF800B4B9A6FD207FCD41A6C22F003020243A2
S21400DF901A649A6F12F00102FBD10038054C18BFC4
S21400DFA001200129C4F8B40A08BF5A63CBE700BFB2
S21400DFB000300E400000C6432DE9F04F00238BB022
S21400DFC0CDE90433CDE90633CDE90833A0F5E163A6
S21400DFD0B3F5966F05460191934603D900200BB022
S21400DFE0BDE8F08F624BDFF88C81D3F81842B0F5AD
S21400DFF0E16F15BF4FEA146AC4F3072AC4F3074457
S21400E000E4B20694CDF824A0D8F84C60C6F30176A6
S21400E0108CBF01220022334607A904A815BF4FF47F
S21400E020E1674FF496674FF496694FF416790392BA
S21400E030FFF758FDD8F8EC30039AC3F3012308A97C
S21400E04005A80293FFF74EFDA5EB070CAAEB04020A
S21400E0500CFB02F2B2FBF9F214445445079F0498F5
S21400E060089A0599BAD8A2EB010E0CFB0EFEBEFB71
S21400E070F9FE11EB0E012CBF4FF0010E4FF0000E13
S21400E0808A42ABD3BEF1000FA8D13A1A0CFB02F2BB
S21400E090B2FBF9F280182CBF0122002287429DD3E2
S21400E0A0002A9BD1029BBBF1000F0FD0D8F85C2052
S21400E0B0B5F5E16722F4FE4218BF012722F00202FE
S21400E0C042EA470242EA0422C8F85C20019A0AB9EA
S21400E0D0012084E7264A022ED2F830223ED0032EB4
S21400E0E03FD0012E14BFD2B2C2F30722120312F49D
S21400E0F0702F7FF473AF1F4EF46E24F470442243E7
S21400E100F2661B4A022BD2F830222CD0032B2DD0DD
S21400E110012B14BFD2B2C2F30722120312F4702FDF
S21400E1207FF45CAF134CD4F8EC3023F47043134305
S21400E130C4F8EC30636E884238BF084623F4FF7399
S21400E140E72823F0010328BFE720B5F5E16F18BFE5
S21400E15043F0010343EA40036366B9E7C2F30742AC
S21400E160C4E7120EC2E7C2F30742D6E7120ED4E7A0
S21400E1700081E00F00300E402F4B1A6FD96C11F063
S21400E180010F02F0060242D0002A40D013284FD9D1
S21400E190143813288CBF102308232749013BCA6C68
S21400E1A0180322F47F4240EA03231343CB64234B35
S21400E1B0CA6C1B88C2F303222833013202EB8200AA
S21400E1C003EB5303B3FBF0F3C86C013B072B28BFEC
S21400E1D0072320F0EE6040EA036343F48013CB6429
S21400E1E0174BB3F90030002B10DB2833500800EB38
S21400E1F0420203EB5303B3FBF2F30A6D072B28BF6F
S21400E200072322F0700242EA03130B657047D96CAD
S21400E21001F00101114304D1092809D90A38092857
S21400E220B8E7DB6C13F00103B7D01AB92728B1E7BB
S21400E2300423B2E70023B0E700300E408C1E002017
S21400E240881E0020064A074BD3F88039136F23F048
S21400E250070303431367044B1888FFF78DBF00BFFF
S21400E26000300E400000C6438A1E0020394B0222B2
S21400E2702DE9F0419A639B6B03F00F03934204462B
S21400E28003D000252846BDE8F081C288B0F8088093
S21400E2908588B0F90C6047784A2A4ED9B2F5FA7FDD
S21400E2A04DD340F6C3139A428CBF4FF040524FF006
S21400E2B000522849CB6C23F0405323F00103002E74
S21400E2C0A8BF43F001031343CB64D1F8EC3043F40A
S21400E2D04073C1F8EC30204B1D80CB6E43F080734A
S21400E2E0CB661E4BD3F8800900B10420FFF7AAFFC7
S21400E2F01B4BA3F800801B4B28461E80FFF73CFFF5
S21400E300A37BFBB1012B21D0012260881146FFF7C9
S21400E31053FE05460028B4D00E4AD36B43F4806300
S21400E320D3633846FFF7FCFDA37AA3F120025342DD
S21400E33053410A4AC2F89437A4E70022B9E74FF0DF
S21400E3408052B6E7034B084A9A65DDE7014B074A59
S21400E350FAE700BF00300E408A1E00200000C643C9
S21400E3608C1E0020881E002077402057372110B7CB
S21400E370044AD2F8443423F003030343C2F8443477
S21400E380704700BF00A0004000EB4000F8B50D4607
S21400E3901F46040116463AB1154801238B40204417
S21400E3A0C7B100F1C0600360072D4FF00F0114D80D
S21400E3B0AB00104806FA03F29940204419F014FD09
S21400E3C03EB90B4A0123AB40224477B102F1C0624A
S21400E3D01360F8BD00F18060E5E7A5F108039B0037
S21400E3E0054806FA03F29940E7E702F18062EFE794
S21400E3F00CA0004004A0004008A00040F8B5054668
S21400E4000E46144662B303F00307036823F4407312
S21400E410036019F086FB2A6882EA072303F4407338
S21400E42053402B6019F081FB36B9104B9D4218D132
S21400E4300F48FFF723F806462B680E4BDA5D62435B
S21400E4400ED0A2EBC403013B3344B3FBF2F32A68BD
S21400E450920703F1FF3302D5002B08BF01232B617F
S21400E460F8BD054B9D42E7D10448E2E700C00040F6
S21400E47000820400B834030000C400400092040088
S21400E48038B5002303640B4BC3634A78430103F19A
S21400E490844382F001020C465A600B7B0546D1E9A4
S21400E4A00112FFF7ABFF21782846BDE8384019F087
S21400E4B0AABC00BFFFFF0700084B4FF40072C3F86A
S21400E4C08020BFF34F8FBFF36F8F054B0021D966B7
S21400E4D04FF4AA401962FEF77FBE00BF00E100E0DD
S21400E4E000200E40034B03449B0081F0010119609D
S21400E4F0704700BFA001F11010B5044601214FF48B
S21400E500AA40FEF769FEB4F8013022785BBA9BB2E7
S21400E51043EA02630B4A136000231362D362536319
S21400E5204FF00043D3664FF0FF339366064A4FF42E
S21400E5300071C2F88011E3785B01DBB282F8093320
S21400E540116010BD00200E4000E100E0F8B5254D3A
S21400E5508F7AD1F800C0C3B201269E404FF0300E2D
S21400E560CB7A0EFB00500C461B05097BAE6643EAD1
S21400E5700743C0F880C094F80DC0C0F888C043EACE
S21400E580415322F00302C0F88430C0F8982019F0F6
S21400E590CFFAEB6E3343EB66237A13B16B6B3343E0
S21400E5A06B63637A13B1EB6A3343EB6223792A68B1
S21400E5B023B1DB431B0263F47F431A4063790BB13C
S21400E5C042EA0322A3790BB122EA0302E37913435A
S21400E5D0044A1360044B9E62D663BDE8F84019F007
S21400E5E0ADBA00BF00200E4000200E4410B5C0B2E9
S21400E5F00124844019F09CFA054AD36E23EA0403EA
S21400E600D366044B1C62BDE8104019F097BA00BFF1
S21400E61000200E4000200E4410B5C0B201248440F5
S21400E62019F086FA074B1A6A224208D19B6A9C4365
S21400E6300CBF0124002419F081FA204610BD0024E6
S21400E640F9E700BF00200E40054B5A685B68054B93
S21400E65041F671321A649A6822F001029A60704795
S21400E66000300E4000000E40034B9A6822F0010274
S21400E6709A6000221A64704700000E40094A0A4B4E
S21400E680D969C90705D512B96FF002007047013A7B
S21400E690F6E7002AF8D001221861DA60D86940F35C
S21400E6A0800070478096980000000E4070B509B94B
S21400E6B0002070BD0E4A0023082550F823409461C0
S21400E6C00C4CD5600133D669F60705D514B96FF042
S21400E6D00200EEE7013CF6E7002CF8D0D469A40768
S21400E6E002D49942E9D1E3E76FF00100E1E700BF09
S21400E6F000000E40809698002DE9F8431C4B0D460E
S21400E70041F671311E6C19641A498046486849689A
S21400E710996841F00101B6B2996097084FF0000978
S21400E720B94501D3002005E008EB89042046FFF731
S21400E730A5FF48B10E4B9A6822F001029A600EB10E
S21400E74000221A64BDE8F883C4F30A01C1F500612B
S21400E7508908A7EB0903994228BF19462846FFF700
S21400E760A5FF0028E6D1894405EB8105D8E700BF60
S21400E77000000E4000300E40234B41F671311A6CFB
S21400E78010B5196421494C684968996841F001013F
S21400E790996001211861D960D9694C0792B209D5F0
S21400E7A0996821F0010199600AB100221A644FF0BD
S21400E7B0FF3010BD0221D9601549D869C00700D5C1
S21400E7C069B9D86910F002000BD0996821F00101F0
S21400E7D099600AB100221A646FF00100E9E7013976
S21400E7E0EBE741B9986820F00100986002B119641F
S21400E7F06FF00200DDE7996821F0010199600AB91F
S21400E8000020D6E71864FBE700000E4000300E40FC
S21400E810809698008B784A789B0143EA82030A78B0
S21400E8201343CA7843EA02130A7943EAC2234A79B1
S21400E83043EA02338A79043043EA42430001014A3C
S21400E8401350704700200440014B1860704700BF0B
S21400E85000008442437882789B0043EA02130278E1
S21400E8601343C27843EA4213027943EA0223427909
S21400E87043EA0233827943EAC233C27943EA024367
S21400E880027A43EA4243014A13607047002004407C
S21400E8900D4AD2F8E430D2F8E0109B0003F03C03B7
S21400E8A0C1F381110B438370D2F8E03003F03F03CD
S21400E8B04370D2F8E830D2F8EC2003F0F003C2F34D
S21400E8C0031213430370704700FF0FE0024BD3F8A8
S21400E8D0F000D3F8F41070470081E00F024BD3F835
S21400E8E0FC00000E704700BF0081E00F024BD3F81B
S21400E8F0F80080B2704700BF0081E00F70B5054693
S21400E90016461C4619B91448FEF7B8FD0146402CB9
S21400E9101BD003D8DCB1202C1BD070BD602CFCD1E2
S21400E920042303FB06F2530803EB4113B3FBF2F395
S21400E9300A4A203B02EAC3032A6822F060022A60E1
S21400E9402A6814432C606B61E7E70623E9E7102387
S21400E950E7E70823E5E700BF40410500F8FF7F0032
S21400E96038B50546144619B90548FEF787FD014631
S21400E97001396400B1FBF4F10902696138BD00BFDA
S21400E9804041050040F6AA63C36041F20502002339
S21400E99003604260104A83604361C36482640F4A26
S21400E9A00366904243678367C3670DD002F58062B3
S21400E9B090420BD002F58062904205D002F580624C
S21400E9C0904203D0836570470365FBE70365836564
S21400E9D00023C365704700BFF9FF01000000014037
S21400E9E038B5044622F02AFF0FCC044D0FC594E834
S21400E9F00F0085E80F00002038BD00BFCC110020B6
S21400EA0047F6FF739A42F0B572D0062972D83A4B91
S21400EA105B5C022B6ED8394D05EBC304DF00A17892
S21400EA2015F83330012938BF0121012B13D1E078C6
S21400EA300025401AA84202D80844C0B2F0BD431BC5
S21400EA40A0EB5303666836F913609642CCBF03F119
S21400EA50FF301D46EEE760680028EFD0B0F90040B2
S21400EA60944204DBB0F902409442B8BF144683884F
S21400EA70FF2B04BFB0F90620B0F908C03D440FBF15
S21400EA8001260026C8224FF0280C131B93FBFCF32C
S21400EA9033446E781BB29E4201DD002B01DA731EF2
S21400EAA01BB201339BB24FF47A7C071D5D1E2DB25C
S21400EAB04FEAC50E00EBC5059E42EA88AD6814FB1A
S21400EAC0025222EAE27202F15C02B2FBFCF205DDBF
S21400EAD037F83350954203F10103E7D200EB0E03FB
S21400EAE09888904228BF1046884238BF0846A4E758
S21400EAF0FF20A3E70020A1E7BC340300CC110020D0
S21400EB000629F0B561D8324B595C02295DD8314BE5
S21400EB1013F83100012816D103EBC1039C78D8788E
S21400EB205B68012C214638BF0121904294BFC1EB9F
S21400EB300001C1EB0201CAB2001B8242C8BF00221C
S21400EB4033F91200F0BD002A3DD003EBC10359682B
S21400EB5000293AD09878904202D3B1F90200F1E742
S21400EB60DC78B1F900009442ECD95C788B88A3F18C
S21400EB70FF06013C734201F10405E4B2734101F162
S21400EB800C07DEB2B44216D805EBC3034FF47A7511
S21400EB90B3F902405B686A43D21A04EBD47302EB03
S21400EBA0630292FBF4F29042CCDBB1F90200904291
S21400EBB0C8DC10B2C6E737F833C0944503F1010647
S21400EBC0E2D33346DDE70448BCE70448BAE700BFB3
S21400EBD0BC340300CC1100200CFEFFFF0080FFFFBA
S21400EBE008B50448FFF7FCFEBDE80840012022F007
S21400EBF029BE00BFC434030000487047D40C002070
S21400EC007FB5094B09490222CDE901234FF08373F2
S21400EC10CDE903134FF0FF300D2301A9059322F031
S21400EC2042FE07B05DF804FB006A180006010C00FF
S21400EC3000230C4A0360032910B5026304464363AD
S21400EC400ED1052119F074F8636823F4407343F479
S21400EC5000736360636823F4406343F40063636097
S21400EC6010BD00BF200010002DE9F04F1E460446E0
S21400EC70894692461F460FCE8BB001AD0FC596E86B
S21400EC800F0085E80F000025099518F04AFF514649
S21400EC90064604F5827018F0D6FF494604F58470DF
S21400ECA018F0D1FF394604F5867018F0CCFF3046D0
S21400ECB018F03BFF5F4E604BDFF8BC91DFF8BCA15D
S21400ECC02365DFF8BCB118F02CFFC4F850B0D4F8B8
S21400ECD0148018F02AFF18F0807F19D0574B236550
S21400ECE018F01FFFC4F850B0656918F01EFFEB015E
S21400ECF040F1888018F015FF1499054604F58870D1
S21400ED0018F0A9FF284618F010FF0BB0BDE8F08FEA
S21400ED1018F4807F1CD14A4B2365013D9023A360E5
S21400ED20636913F4807F474B23650ED018F0F9FE15
S21400ED303946834604F5807018F085FF584618F06B
S21400ED40F4FE414B2365414B63658823A360B8E717
S21400ED50002D13DA3E4BC4F850A0636518F0E1FEB0
S21400ED6001A9834604F5807018F075FF636958465C
S21400ED70C3F30343099318F0D8FE6D42354B236561
S21400ED806369DFF800C113F4407F4FF08803A36087
S21400ED904FF001016269266561656369C4F850C079
S21400EDA00ABF01204FF0FF3005F1FF358842C3F35C
S21400EDB00723C2F300220BD132B1D90704D5264B64
S21400EDC02365264B6365A9E7254B2365254BF9E7A5
S21400EDD09AB9DA0711D5244B2365244B6365A165E0
S21400EDE001A904F5807018F02EFF099B03F00F03AD
S21400EDF0C4F848318323A36090E71D4BC4F85090B5
S21400EE006365EDE718F08DFE04F580763946054615
S21400EE10304618F018FF284618F087FE154B236575
S21400EE2018F07FFE14990446304618F014FF20466A
S21400EE3069E700BFC93E819830848801983901008F
S21400EE40C93E8101D23E8201C024D034098201002D
S21400EE5099830100D9080100C8340981E20C8201B7
S21400EE60C80881E20C82010083D9341181E2148241
S21400EE70E2148201E010010083D9108190A28488F8
S21400EE8035393801DB3E01002DE9F04F89B0814667
S21400EE900D4616460021202268461F4623F07DF9BF
S21400EEA04FF00A0A99F80030022B40D0032B07D007
S21400EEB0012B44D06FF0710B584609B0BDE8F08FB7
S21400EEC0202269463846B0478346BBF1000FF3D18F
S21400EED000F08CFC99F800100446FFF7A9FE18F025
S21400EEE020FE6946804604F5827018F0ACFE404667
S21400EEF018F01BFE374B2365204619F0E1F818F092
S21400EF0010FE04F5807883466946404618F0A3FE56
S21400EF10584618F00AFE009B012B18D8204600F031
S21400EF206FFCBAF1010ABDD1DFF8BCB0C4E71C2201
S21400EF3069463846B047002383460793C5E718223C
S21400EF4069463846B047002383460693F5E718F02F
S21400EF50E8FD05F108070646294604F5847019F011
S21400EF60B3F805F11009394604F5867019F0ACF8C7
S21400EF70494604F5887019F0A7F8304618F0D5FD14
S21400EF80154B2365204619F09BF84946404619F074
S21400EF90D5F88346C8B9114B2365114B63652046E7
S21400EFA019F08EF82946404619F0C8F8834660B92D
S21400EFB00C4B23654FF48E736365204619F080F87A
S21400EFC03946404619F0BAF88346204600F018FC49
S21400EFD072E700BF30C80C0181E11C018CE11C8186
S21400EFE0D11C0100E11C81D900B3FFFF2DE9F843D5
S21400EFF0064610460F4690461D461AF0B1FE28B14A
S21400F00029463846BDE8F8431AF094BE2B69002B13
S21400F01040F0AD8000F0EAFB31780446FFF708FECA
S21400F02018F07FFD04F5807608F110018146304621
S21400F03019F04AF8484618F078FD574B236540F219
S21400F04081136365204619F03BF818F06AFD2946DF
S21400F0508146304619F038F8484618F066FD4F4BA2
S21400F060236501232046636519F02AF84C4B236577
S21400F07019F026F818F055FD05F1080181463046CE
S21400F08019F022F8484618F050FD464B23652046F6
S21400F09019F016F818F045FD08F108094946054626
S21400F0A004F5827019F010F8284618F03EFD3E4B25
S21400F0B02365204619F004F818F033FD414605464E
S21400F0C0304619F001F8284618F02FFD374B236517
S21400F0D0374B6365204618F0F3FF07F11001304602
S21400F0E019F02CF8054600283BD1324B2365204604
S21400F0F018F0E6FF304B236518F0E2FF2F4B236530
S21400F10018F0DEFF2E4B23654FF48A73636518F004
S21400F110D7FF2C4B236518F0D3FF3946304619F03D
S21400F1200DF80546E8B9284B2365284B636520464D
S21400F13018F0C6FF18F0F5FC49460546304618F0AC
S21400F140C3FF284618F0F1FC214B2365214B63656D
S21400F150204618F0B5FF07F10801304618F0EEFF1C
S21400F1600546204600F04CFB2846BDE8F8832846B6
S21400F1701AF0F6FD08B1414643E72B69002B3FF431
S21400F18049AF012105F1100019F05FFE00283FF499
S21400F19041AF114DE8E700BF8184E11C83D91C8391
S21400F1A0E11C810182D11C01C81482019983D91403
S21400F1B081E11C018CE11C01811C8401D91C8301A6
S21400F1C091D11CE0D814140181CB1481D11C82018A
S21400F1D081E11C84E214010080B0FFFF2DE9F047B6
S21400F1E088B0904605460F4600F000FB2978DFF809
S21400F1F054910446FFF71CFD18F093FC04F5807646
S21400F20008F110010546304618F05EFF284618F053
S21400F2108CFC40F28313C4F850902046636518F0C7
S21400F2204FFF18F07EFC08F108010546304618F03E
S21400F2304BFF284618F079FC4FF0010A354B236542
S21400F2402046C4F854A018F03BFF07F110013046E2
S21400F25018F074FF0546002854D12F4B23654FF451
S21400F26086736365204618F02BFF18F05AFC41465B
S21400F270054604F5887018F027FF6946304618F0F2
S21400F280EAFC284618F051FC244B2365244B6365A2
S21400F290244BA365204618F013FF234B2365234B0E
S21400F2A0636518F00DFF224B2365224B6365C4F897
S21400F2B058A018F005FF3946304618F03FFF0546BF
S21400F2C000BB1D4B23651D4B6365204618F0F8FEFA
S21400F2D018F027FC69460546304618F0B4FC284668
S21400F2E018F023FC164BC4F8509063654FF48A73ED
S21400F2F0A365204618F0E4FE07F10801304618F032
S21400F3001DFF0546204600F07BFA284608B0BDE8FB
S21400F310F08700BF821CC00C91D11CC0C00C81E1DC
S21400F3201C82DC0C81148401E11C81C80C0C810158
S21400F330D20C848BD91CE01484E21482D11C830185
S21400F340C00C82D38182D11C2DE9F047A2B00E46B4
S21400F350054600F04BFA15F8041B044606F11007A4
S21400F360FFF766FC1C22002103A822F016FF4FF0D0
S21400F370010839460AA80DF16809CDF8088018F08A
S21400F3802AFF294612A818F026FF12AB0AAA02A9DD
S21400F390CDF800902046FFF767FC18F0C2FB494600
S21400F3A0054604F5867904F5827018F04CFC06F1E3
S21400F3B0080A3146484618F087FE514604F588701C
S21400F3C018F082FE284618F0B0FB134B2365204643
S21400F3D018F076FE114B236518F072FE104B23656D
S21400F3E018F06EFE0F4B236518F06AFE514604F5C2
S21400F3F0807018F0A3FE58B93146484618F09EFEB5
S21400F40030B9204600F0FCF94146384619F034FC85
S21400F41022B0BDE8F08700BF8AD11C0181D91C014B
S21400F42083D11C0181E11C0110F1860F06D038B192
S21400F4309330044808BF6FF06F0070476FF071009C
S21400F440704700BF009FFFFF70B58CB004460D46A6
S21400F4501646002122220DF10E0022F09EFE4FF4E9
S21400F4601053ADF80C302CB323681BB315B39B793F
S21400F470022B1AD0042B20D14FF48073206CADF8E9
S21400F4800E304C2198B9012019F052FBC0B120640F
S21400F4900C4B0093206CF3082A4603A900F09CFD51
S21400F4A00CB0BDE87040FFF7BFBF8023E6E703F06F
S21400F4B003F9EDE704480CB070BD6FF07100FAE791
S21400F4C00248F8E70002C003009FFFFF809EFFFF90
S21400F4D010B550B1046844B139B1006C28B100F0E1
S21400F4E0B9FDBDE81040FFF79FBF014810BD00BF43
S21400F4F0009FFFFF07B578B102686AB1006C58B18B
S21400F50051B100230193102201AB00F00DFE03B0B1
S21400F5105DF804EBFFF788BF014803B05DF804FB15
S21400F520009FFFFF2DE9F04190B0DDE916870D46FC
S21400F53014461E4680B379B373B36FB38379022B38
S21400F54006D0042B25D06FF0710010B0BDE8F08116
S21400F550802A21D1202200210DEB0200069122F004
S21400F5601CFE4FF41053ADF81C3006AB049310236A
S21400F570CDE90273CDE90068084BADF81E40E208FD
S21400F580294607A800F0D8FC10B0BDE8F041FFF708
S21400F5904BBFB2F5807FDCE70148D6E70002C00328
S21400F5A0009FFFFF012908B50BDC074B074A00291F
S21400F5B00CBF1146194600F0B3FABDE8084018F033
S21400F5C030BE6FF0730008BD08000002090000029C
S21400F5D02DE9F74F0F9D0190F520164695F800B0DF
S21400F5E0DDF834900F469A4600F024F900230446CE
S21400F5F00360082243600E9904F1800818F05CFB53
S21400F6002946404618F0E1FA0BF0070B2A780BF172
S21400F610010B002302F00702CBF1100019462A70F6
S21400F62028445A4622F0B9FD294604F1840018F011
S21400F630CCFA0523A360109BF34200F08780102BC2
S21400F64011D086B1C3F11002B24228BF32460F3342
S21400F65039462B44D01911F801CB03F801CF81426B
S21400F660F9D11744B61A05F1100104F18C0018F010
S21400F670ACFA5923A3600523A3604623A360B6B162
S21400F680002326636363514B2365012363650F2EB6
S21400F69053D80023C5E90033C5E90233FA5CEA54BF
S21400F6A001339E42FAD82946404618F08EFA0023C7
S21400F6B0C4F830906363019B002B4AD0444B23650B
S21400F6C0444B6365444BA365444BE36501232366C3
S21400F6D00026B9F1000F1ED0B9F10F0F4BD8C5E9BF
S21400F6E00066C5E9026600231AF80320EA540133CF
S21400F6F09945F9D12946404618F067FA294640460A
S21400F70018F082FA0C9B33B100230C99EA5CCA54B9
S21400F71001339945F9D12946404618F075FA204636
S21400F72000F092F8019B002B47D11A4612998B42A3
S21400F73045D1002A3DD02C203CE03946404618F002
S21400F74046FA103E07F11007A1D1B0E74623A360A2
S21400F750ADE7234B236503F1BC4303F5262303F6ED
S21400F7604D43636503F12243A3F5C053A3651D4BC8
S21400F770E3651D4BABE75146404618F028FA0C9B54
S21400F780A9F110090AF1100A3BB11946404618F0D3
S21400F7903DFA0C9B10330C939BE72946404618F025
S21400F7A033FA96E71199EA5CCA540133129A9342E7
S21400F7B0F8D1002003B0BDE8F08F0023F6E71198DB
S21400F7C0E95CC05C41400A430133AFE77059054627
S21400F7D0F870455905460348055163FB044805592A
S21400F7E0F803480546FB044805590100024B034848
S21400F7F00122C3F8002670470010C84300000F40DF
S21400F800094B98420ED003F58063984209D1012235
S21400F810064B03EBC2035A68054B13449B000022B9
S21400F8201A6070470022F3E700000F407C350300A3
S21400F8308005F210024B03480122C3F800267047E9
S21400F8400010C84300000F40044B984203D003F555
S21400F8508063984201D1FFF7D3BF704700000F4086
S21400F86070B5114C114E0A25236843F4807223F4B8
S21400F8708073226030462360FDF700FE0023800A76
S21400F88062680AB983420AD1636853B9013DEBD175
S21400F890236823F0010323606FF0920070BD0133EC
S21400F8A0EEE70020FAE700BF00D00140700002003B
S21400F8B02DE9F04F85B0634D0092634AD2F8C03010
S21400F8C043F40033C2F8C0302B68DC0781468A4612
S21400F8D016D500245B4D4E46D04627464FF00A0B01
S21400F8E0B8F1000F2BD144B114F1940F05D0424665
S21400F8F00021484622F051FC0027009B1F601AE0BA
S21400F90040F271632B60FFF7ABFF044698B96B6853
S21400F910032BFCD9D5F800312B61D5F800316B618B
S21400F920D5F80031AB61D5F80031EB61FFF798FFF1
S21400F93004460028CDD0204605B0BDE8F08F6C68A0
S21400F940A40005D02B6B13F45C7F12D1002437E0A3
S21400F9503E48FDF793FDC00A844205D16B68002B34
S21400F960F0D16FF09304C8E76B68002BF6D1013432
S21400F970F2E7D80514D523F480732B636B6853B96C
S21400F980BBF10107EDD04E46D0466FF0930400223F
S21400F990BB461746A4E7D5F800310393039BEDE773
S21400F9A00193FFF75DFF044620B9019B13F41C7F0B
S21400F9B0CCD0E5E710F1930F99D010F1940FDFD07B
S21400F9C06B686A689B00434528BF4346B1073246CA
S21400F9D034D123F003013144914212D103F00301E4
S21400F9E049B11848D0F80001114402F8010B8A42C8
S21400F9F04FEA1020F9D1FA181E44A8EB03085F4618
S21400FA00C6E7D5F8000142F8040BE5E7DCF800117C
S21400FA1002F8041C4FEA112E02F803EC4FEA114ECE
S21400FA20090E02F802EC02F8011C0438032802F161
S21400FA300402EBD823F003023244CFE7DFF804C019
S21400FA401846F3E700D0014000400E407000020068
S21400FA502DE9F04788B00746884615461E46FFF74C
S21400FA60C5FE044607F17E400838012850D8042316
S21400FA70236000236360E364626822F4406262608D
S21400FA806A46236391466363A8F1040308F11C08E1
S21400FA9053F8041F09BA434542F8041BF8D118F07E
S21400FAA040F84946074604F5827018F0CCF8384608
S21400FAB018F03BF8184B2365109BDFF8609005EBB9
S21400FAC0831704F5D27A18F02CF82946804650465B
S21400FAD018F0C9F84035404618F027F8BD42C4F87B
S21400FAE05090F0D118F01DF83146054604F58070A8
S21400FAF018F0B1F8284618F018F82046FFF780FEF0
S21400FB00331F1C3653F8042F12BAB3421A60F9D1C9
S21400FB1008B0BDE8F08700BF888AC801070D8101DC
S21400FB2038B50D460446A8B16C22002122F035FBFC
S21400FB300B4B9D4211D10B4B04F10C0203F120013B
S21400FB4053F8040B42F8040B8B42F9D1044B2360A4
S21400FB50002038BD6FF08600FBE76FF08500F8E701
S21400FB60090000028C3503002DE9F74F0E461546B6
S21400FB70044600286FD049B9002A6CD10268394B78
S21400FB809A426BD1002003B0BDE8F08F0268354B77
S21400FB909A4263D1002DF5D0436803F03F075B1906
S21400FBA0436022BF8368013383604FB93F2D20D85E
S21400FBB004F12C002A463146384422F0F9FAE1E7EF
S21400FBC0C7F140094D45F3D300F12C084A4608EB2F
S21400FBD0070022F0EDFA0122009204F10C03403DEA
S21400FBE02068424619463D44FFF732FF3F2D4E44FB
S21400FBF010D9B3074FEA951210D1009204F10C0306
S21400FC00206832461946FFF723FF25F03F031E44BF
S21400FC1005F03F05002DB5D00027C9E7374606EBAF
S21400FC20821804F12C0B04F10C094FF0010A5B4614
S21400FC3007F1400257F8041B43F8041B9742F9D11A
S21400FC40CDF800A020684B465A464946FFF700FF0D
S21400FC50B845ECD1D9E76FF0860094E76FF08800DE
S21400FC6091E700BF0900000273B50D461E46044624
S21400FC70002852D05BB9002A4FD122682B4B9A42FB
S21400FC800CBF6FF089006FF0880002B070BD0029CD
S21400FC90F1D00168254B994242D11F2A43D94268C8
S21400FCA0D3008DF8073053098DF80630530B8DF8C6
S21400FCB00530530D8DF804308368D90001EB52717E
S21400FCC08DF8031002F03F025909372A8DF802100A
S21400FCD04FEA53318DF801104FEA535394BFC2F1E7
S21400FCE03802C2F1780212498DF80030FFF73CFF67
S21400FCF00028CAD1082269462046FFF735FF0028AB
S21400FD00C3D12023336004F10C032C3453F8042BA6
S21400FD1045F8042BA342F9D1B7E76FF08600B4E7A5
S21400FD206FF08800B1E76FF08900AEE709000002C7
S21400FD30AD3503002DE9F04F91B00546BDF8709043
S21400FD409DF8747092469B460E46002900F0BB80D4
S21400FD5001F1FF384FEA1818FFF748FD09F1FF33A5
S21400FD600F2B044600F2D880BAF1000F00F0D480C2
S21400FD70BBF1100F03D0BBF1200F40F0CD8017F081
S21400FD80D0FE0023236023636363654B23656549C8
S21400FD90029004F1840017F018FFBBF1100F14BF97
S21400FDA0102308231A4651462046019317F084FF75
S21400FDB05D4B23655D4B63655D4BA3655D4BE365FE
S21400FDC04FF4C173236623699A07FCD106F00F032C
S21400FDD0C3F110035FFA83FBBBF1100F04A901D136
S21400FDE0002E72D104F1800017F00EFF029817F073
S21400FDF09CFE1022002108A822F0CFF94FEA081333
S21400FE00A6EB081205EB081108A8029322F0D0F919
S21400FE10BBF1100F5CD010ABA3EB0B028021BBF143
S21400FE20010F02F8101C08D0CBF1110008AB0BF143
S21400FE30FF320021184422F0B0F908AA04A80423CF
S21400FE40116850F8046B013B81EA060142F8041B76
S21400FE50F6D117F066FE236B019A039043F0100369
S21400FE6023635146204604F1800817F025FF1A99AF
S21400FE70404617F0ACFE029B2B449A4604F1A00BBA
S21400FE8040F20516AA452ED108A9584617F09DFE41
S21400FE9040F20513236523699B07FCD10CA9404655
S21400FEA017F0B2FE37B31B984A460CA922F080F929
S21400FEB00025039817F039FE2046FFF7A1FC2846D8
S21400FEC011B0BDE8F08F884646E704F188008BE75E
S21400FED0002EB2D15A46314608A822F05EF9802399
S21400FEE08DF82030A9E72946584617F070FE1035E1
S21400FEF02665C7E71B9B0CAA994413F8011B12F84A
S21400FF00010B994581EA000147EA0107F5D1002F68
S21400FF10CED06FF09405CCE76FF08605CFE700BF34
S21400FF2030820100F0350300F50536F024FC31FE82
S21400FF3036833624FC31FE362DE9F04389B00E4672
S21400FF40DDF84080149FDDE91291002839D0002E9C
S21400FF5037D0B8F1000F34D0B9F1000F31D081B3EB
S21400FF607FB30488B4F5105F2ED14488E408182CBB
S21400FF702AD0202C01D0102C23D1944221D1154A0E
S21400FF8023F47E1090421FD113F47C1FC3F3054563
S21400FF9008BF10258D421AD804AB1022002118463F
S21400FFA022F0FBF80122CDE90252CDE900091199B1
S21400FFB0234632464046FFF7BDFE3D6009B0BDE829
S21400FFC0F0836FF08600F9E76FF08500F6E76FF0D4
S21400FFD08900F3E70002C0032DE9F041DDF8188040
S21400FFE00C4617461E46054630B329B302B91BBB5E
S21400FFF04C220021284622F0D0F82388B3F5105F63
S21401000009D108F0FE43B3F1407F15D1104B28F417
S2140100107E129A4203D06FF08500BDE8F0816488B5
S214010020C5F80080E208B2426A6205D8182AF2D002
S214010030202A04D0102A02D06FF08600EDE7B242E3
S214010040FAD13946281D22F0B3F80020E5E700BFB3
S2140100500002C0032DE9F74F0D4616460446002858
S2140100605DD051B9002A5AD103682E4A23F47E1373
S214010070934244D06FF088001DE00368294A23F4B8
S2140100807E139342F6D1002E39D0806CE8B1C0F1D0
S2140100901002B24219D23830204422F089F804F115
S2140100A028020092616A04F13803201D18F0CDF988
S2140100B020B16FF0920003B0BDE8F08FA36CA0648E
S2140100C0C3F11002103E15441E4406F10F084FEA14
S2140100D018182F464FF0010904F1280A04F1040B01
S2140100E0C1450ED33544ED1B09D0A06C38302A46E5
S2140100F03946204422F05CF8A36C2B44A36400200C
S214010100D9E7CDF800A0616A3B465246584618F03A
S2140101109CF90028CDD1103709F10109E0E76FF00D
S2140101208600C8E70002C0037FB51D4608B301B3C9
S214010130FAB1F3B10368154C23F47E16A6421BD11F
S21401014013F47C1FC3F3054408BF1024944216D849
S2140101500123CDE9024300F1280301910093436A8C
S214010160816C021D3830FFF7E5FD58B92C6004B0EC
S21401017070BD6FF08600FAE76FF08800F7E76FF062
S2140101808900F4E76FF09200F1E700BF0002C003B8
S2140101907FB5094B6A4603F110061546186859687B
S2140101A0144603C40833B3422246F7D12846FEF765
S2140101B05DF8002004B070BD0036030070B5184B22
S2140101C086B001AA03F11006154618685968144648
S2140101D003C40833B3422246F7D11B882380114B50
S2140101E0D3F8B420120316D5A3F500434FF6FF72D9
S2140101F01B88934208BF4FF4A6730B48ADF80A302C
S214010200FCF7CCFB2846FDF7F7FB3220FDF72AFA70
S214010210002006B070BDD3F8B830C3F30803ECE78E
S214010220103603000081E00F00F0490207B5084BC5
S21401023018680190202301A88DF80430FDF71CFCF6
S2140102403220FDF709FA002003B05DF804FB00BF79
S2140102502236030010B50C480C4C6FF00403A021A5
S21401026013F0800F03F1010207D12344332A83F8E8
S21401027000131346F4D1002010BD03F00F03043B16
S214010280034419761346EBE700ED00E000E100E0D9
S21401029010B5044617F045FC024B1C6017F045FCF0
S2140102A0002010BDEC11002010B517F03AFC034BEE
S2140102B01C6817F03AFC204610BD00BFEC11002068
S2140102C0034B1868002380680222194616F0D0B83E
S2140102D0100C002030B5144687B00546104618F0BD
S2140102E0B8F9636983423CBFD4E903315B181B1A32
S2140102F002467BB10F4903910021CDE9013101236B
S21401030004940093D4E90013284617F0EBFB002071
S21401031007B030BD0122627694F82D20002AF6D06F
S21401032084F835301321E36920469847636A2046EE
S2140103309847ECE7D50201002DE9F04788B004465E
S2140103400F461646984617F0F3FB8146002E7BD0E3
S214010350237E03F0FF02002B00F0A380204618F056
S21401036078F96569A84205D1637ED4E9033213445E
S2140103705D1B01E0F9D9451BB54228BF354617F08C
S214010380D7FB94F82D308246002B6ED161692A4640
S214010390384621F00DFF63692B4463612E4621E048
S2140103A0037803F0FD0111295CD1216B814205D14F
S2140103B0A3F111014B424B4184F83430013E63698D
S2140103C0216B8B4203F1010308BF23636361013292
S2140103D095426069E4D1D4E90323216B1344994221
S2140103E000D12263D4E903236169207A1344994238
S2140103F04FF0000508BF62616576FCF77FFD204679
S21401040018F027F96369834232D194F82D302576A6
S214010410E568656103B12563636A20469847224B08
S2140104200393002304940293236901930123009309
S21401043063682168207A2A4617F054FB207AFCF775
S2140104407DFD504617F07AFB4846C8F8006017F065
S21401045075FBD8F80030002B0CBF1B20002008B01D
S214010460BDE8F08707F8013BA9E72E460022AFE773
S21401047001232376207A0DF11E01FCF7C7FD9DF8B6
S2140104801E30002BDAD00DF11F01207AFCF796FD05
S2140104909DF81F100029D1D1207A2246FFF71AFFB6
S2140104A0CCE71646D0E700BFD5020100002807DBDF
S2140104B0044A4109012300F01F00834042F821301D
S2140104C0704700BF00E100E0002808DB430904494B
S2140104D000F01F0001226033824041F8232070475C
S2140104E000E100E070B504460568FFF7DDFE8442D2
S2140104F002D10020FFF7CCFE95F936603046FFF7B3
S214010500E3FF002E0CDB7309194906F01F062033A2
S2140105100122B24041F82320BFF34F8FBFF36F8F04
S21401052095F937603046FFF7CFFF002E0CDB7309D5
S2140105300F4906F01F0620330122B24041F823205E
S214010540BFF34F8FBFF36F8F287AFCF717FD287A1A
S214010550FCF778FCFCF754FC0023C4E90033C4E93B
S2140105600433A3602846AB6ABDE87040184700BF55
S21401057000E100E02DE9F0430C461546064687B03B
S2140105804022002120461F4621F007FE002395E861
S21401059003002A692376EB68E360C4E904232A7D15
S2140105A084F82C20AA7D2363012384F8343084F850
S2140105B035300E9B236284E803000F9B6362109B19
S2140105C084F82D20E761A3622B7A84F836306B7AA3
S2140105D084F837302D4B73602D4BB3602D4B336150
S2140105E02D4B346073612D4BF360FCF751FC38B131
S2140105F02B4B984204D01024204607B0BDE8F08368
S214010600002104F10800FCF7CBFB07460028F2D1D5
S214010610244B33624FF00108234B84F83C80B361CE
S214010620224BF3619DF8483084F83B309DF8443006
S21401063084F83A30697D84F8390084F83880204699
S21401064018F018F895F909904846FFF73DFF484617
S214010650FFF72CFF164B0494CDE902732369CDE90D
S21401066000836368E2682168207A17F03BFA044643
S2140106700028C0D195F908502846FFF725FF2846DF
S214010680FFF714FF3046FFF703FEB5E7C586020005
S214010690390301004186020047860200E504010095
S2140106A0038000F01B860200758602004D8602005C
S2140106B0D50201002DE9F04186B01C46524B0C9D37
S2140106C00293524B01930126514B0093CDE90366E9
S2140106D0504B90460A462946FFF74CFF074600282E
S2140106E056D123682B6463686B64637A85F8493056
S2140106F0237A85F84830E37A85F84B30A37A85F873
S2140107004A30637B85F84D30237B85F84C30E37B9C
S21401071085F84F30A37B85F84E303F483146FCF7CD
S2140107205BFD3E483146FCF757FD617A207A334639
S2140107300422FDF729FE33460222E17AA07AFDF76C
S21401074023FE60683146FCF747FD88F80070414695
S214010750206817F068FB2268536F43F00303536762
S214010760936F617C23F4F85323F01F0343EA0123BC
S214010770A17C0B4393670323536785F8507098F861
S2140107801920202A28D007D8E2B1102A38D02327EA
S214010790384606B0BDE8F081302AF8D185F85030E9
S2140107A002220023617B207BFDF7EEFD2368E27CBD
S2140107B0DA675A6E42F004025A665A6F42F0100225
S2140107C05A6766B92A6C2068D36C43F00403D36475
S2140107D0052117F021FBDBE7022385F85030E17B8A
S2140107E0A07B00230422FDF7CFFD2368217DDA6F6D
S2140107F042EA0122DA675A6F42F020025A67E1E7BD
S21401080033463E46CAE700BFF1870200E58702008D
S2140108107D880200718802004041050000350A000B
S214010820BFF35F8F074B5A6A22F480325A62D3F8BD
S214010830942022F00102C3F89420BFF34F8FBFF338
S2140108406F8F704700ED00E0F0B5374D37493848F7
S214010850002387B0CDE90333FFF7E2FF2C68354B61
S2140108604FF00052C3F89840661CC3F89C208142A2
S214010870314AC3F8A0202E6041D005AB019304ABEA
S2140108800A1A009303AB18F04FF8DDE90372059BD3
S214010890DFF8A8E0072BA2EB01024FF001018CBFA5
S2140108A04FEAD30C4FF0200CB2FBFCF201FA02F235
S2140108B0013AD2B2AEEB070EC01BB3FA83F3BEFB0E
S2140108C0FCFEB0FBFCF08E44814002FA0EF20139C8
S2140108D0C3F11E0311435B0001F0FF0103F03E0369
S2140108E043EA0123134A43F0407343F001130234F1
S2140108F0C2F89860C2F89C70C2F8A0302C60BFF3B2
S2140109005F8F0C4B0522C3F894205A6A42F480325A
S2140109105A62BFF34F8FBFF36F8FBFF34F8FBFF393
S2140109206F8F07B0F0BD00BFF01100201C0D002036
S214010930040D002000ED00E0390001131B0D00201E
S214010940BFF34F8F0549064BCA6802F4E0621343B2
S214010950CB60BFF34F8F00BFFDE700BF00ED00E0A7
S2140109600400FA05054B1A782AB95B78002B0CBFF0
S2140109700320022070470120704700BFFB1E0020A5
S2140109800329F8B598BF134B054698BF5C5C0E4625
S21401099088BF0024032805D8DFE800F002080B0E04
S2140109A044F002040C4B1F684FB9F8BD44F008042C
S2140109B0F8E744F02004F5E744F08004F2E77B68AA
S2140109C01A68144203D05B683146284698473F6848
S2140109D0EAE700BF263603002012002038B5104D86
S2140109E02B78ABB10F4C23781BB117F0CFFF002348
S2140109F02370002017F0CBFF0B4C50B100F0DEFA4D
S214010A00002320782B700121FFF7BAFF0123237002
S214010A1038BD064B01221A70054B22781A70F7E78B
S214010A20F71E0020F51E0020FD1E0020F81E0020E7
S214010A30F91E002010B517F074F8064B1B78044613
S214010A401BB1BDE8104017F070B8FFF7C7FF20468E
S214010A50F7E700BFF41E0020094A137830B10133CE
S214010A601370084B1B78012B03D87047013B13709A
S214010A707047054B1B780BB9FFF7B0BF704700BF37
S214010A80FB1E0020FD1E0020F81E002070B5144E2F
S214010A9017F047F833780546ABB900F0CBFB0446B0
S214010AA020B1284617F041F8204670BDAFF300800C
S214010AB00C4816F0F9FF00F097FE0B4B1C6000F097
S214010AC085FC0A4B186000F0EFF917F062FF084B3F
S214010AD01860012328463370002417F026F8E3E750
S214010AE0FE1E002020120020F41100201C120020FF
S214010AF0F81100202DE9F843284A0138135C39B172
S214010B00274F397801330129135404D8BDE8F883F7
S214010B10013B1354FAE7FFF725FF0128044635D8B1
S214010B20DFF8888016F0FDFF98F80030054613B30D
S214010B301C4E33781BB9012232701B4A1370DFF842
S214010B40709099F8003023B117F020FF002389F840
S214010B500030284616F0E9FF012017F018FF16F0BE
S214010B60E0FF337805461BB100F028FA0023337006
S214010B70002388F80030284616F0D7FF38788442DC
S214010B80C4D02146FFF7FCFE3C70BFE70329F5D130
S214010B900228F3D100F05EFAF0E700BFFB1E00204A
S214010BA0FD1E0020F41E0020F81E0020F71E002067
S214010BB0F51E002038B516F0B4FF094B1B78012B43
S214010BC0054604D816F0B1FF0024204638BD054B73
S214010BD01C6800F031FA0444284616F0A6FFF4E734
S214010BE0FD1E0020F411002038B54160044616F0C1
S214010BF098FF21460546044816F059FF2846BDE8E9
S214010C00384016F092BF00BF20120020054B1B682B
S214010C10584300F57420044B00F23F20B0FBF3F07C
S214010C20704700BF1C12002040420F002DE9FF470D
S214010C30EFF3108772B6AFF3008016F09BFE002824
S214010C4071D0714EDFF8E481337823B10020FFF7CD
S214010C5003FF00233370FFF785FE0446002869D0A2
S214010C60841EE4B2012C6CD9FFF77CFE0128674C88
S214010C70DFF8BC91054600F28E802078A84205D0A8
S214010C8099F80030002B00F0B2802570207800F033
S214010C90BDF999F8003013B15D4B1B782370AFF3A3
S214010CA0008007B962B6EFF3108772B6594B1A780F
S214010CB052B100221A70564B20781B78984203D105
S214010CC001212170FFF75CFE534800F0EDFA16F0A3
S214010CD060FE05460028B7D1DFF8588198F8003045
S214010CE0A3B189F80000DFF8409199F800301BB1F4
S214010CF017F04CFE89F80050002017F048FE002837
S214010D0079D000F05BF9002388F80030337823B1FE
S214010D100020FFF7A1FE0023337020780021FFF7A3
S214010D202FFE00232370AFF3008007B962B604B02C
S214010D30BDE8F0873378002B96D0FFF78DFE347030
S214010D4092E703A9002000F0FDFA044600288BD1A3
S214010D50D8F80030039A9A4205D80120FFF77CFEA6
S214010D600123337080E72D4B1D6800F065F9039B66
S214010D7005449D42F1D200F083F98200039926488A
S214010D8042F0020292B2CDE900422346244A491BB0
S214010D9017F003FE68E7DFF89CA09AF80030CBB99D
S214010DA017F0F1FD2078854203D099F80030D3B1D1
S214010DB025709AF80030002B7FF468AF194B1B782A
S214010DC023B917F0E2FD184B01221A7001238AF8A5
S214010DD000305BE7207885423FF458AF99F8003041
S214010DE0002B7FF452AF2946FFF7CAFDE0E72946FC
S214010DF0FFF7C6FD49E7012000F008F907B962B61A
S214010E00EFF3108772B677E7F61E0020FD1E00206E
S214010E10F91E0020F21E0020FC110020F411002013
S214010E20350A0100FA1E0020F51E0020F8110020E8
S214010E30F81E0020F71E002010B516F072FE054BB6
S214010E4000221C781A7016F070FE00F0E7FB2043B3
S214010E50C0B210BDF31E002073B5114E3378834225
S214010E6004460ED000230F4DADF8043058B101A84A
S214010E70FCF73EFF1E20FFF7C9FE2B681B1A2B60EE
S214010E80347002B070BD022301A88DF80530FCF75E
S214010E902FFF1E20FFF7BAFE2B680344EFE700BFC3
S214010EA0E80C00202812002073B52D4C002501A85F
S214010EB0636A636A8DF80450FDF728F82846FFF741
S214010EC0CBFFD4F8903003F00403AB42254B14BF9C
S214010ED001222A461A70D4F89030234CC3F300330B
S214010EE0237005D04FF41670FFF790FE1F4B186065
S214010EF023781F4DEBB11120FCF7C0FA1849D1F841
S214010F000031C3F3042303FB000292B14C6C194E6B
S214010F10C4F30B44002301341946501E04EB840429
S214010F20E4FB060114F0B8FFFFF770FE2B680344DC
S214010F302B60114B1B680120C3F303239840C0F1BB
S214010F40010000EB80006430FFF760FE2B6803446D
S214010F502B60034BD3F89020084B1A6002B070BD8B
S214010F6000400E40011F0020FF1E0020301200200E
S214010F702812002040420F000020044024120020C6
S214010F8008B50B4B1B7893B1022000F0F9FB70B14A
S214010F9000F008FA58B1002201210220FCF702FCF9
S214010FA017F07FFD034B1860034B01221A7008BD32
S214010FB0011F00202C120020001F002038B50E4C07
S214010FC00E4D23782BB92B781BB117F06AFD0C4B0D
S214010FD0186016F007FF2B786BB10A4AD2F89030EA
S214010FE01B07FBD517F05DFD054B1B68C01A064BAA
S214010FF018600023237038BD001F0020011F002049
S2140110002C12002000400E403012002002280AD088
S21401101003280BD001280CD1064A136923F00403D8
S214011020136130BF70470020FCF774BE0020FCF748
S214011030A7BE704700ED00E0044B1B680BB103EB45
S214011040D303034A10681844704700BF30120020CB
S21401105028120020084B45F60E02D3F88011C3F87B
S2140110608021064A126802F4A0721A66CA0744BFB3
S2140110700022C3F88021704700400E402412002051
S214011080014B1878704700BF011F002038B500F0EB
S21401109015FB094C094B1A6823680025C31A2AB1A7
S2140110A023B15169994203D3C91A5161206038BDF1
S2140110B055615B1A9268F2E7381200203C12002054
S2140110C0C38870B504460D463BB9FFF773FD8542EC
S2140110D0064602D217F04BFC35460E4965610B6891
S2140110E08BB90C60A3600DE0AD1A9A68656118466D
S2140110F06AB113465A69AA42F6D930B18460521BC6
S214011100A3605A6170BD0020F4E70C60F7E79C60AD
S214011110A260F7E73C12002038B5134D2B685B69D7
S21401112093B1124A146802201C4400F0FBFA2046D0
S21401113000F0CAFA0E492A6800230B70D08880078F
S21401114009D501230B7038BD022000F0EBFA02200E
S21401115000F00EFBEEE79268002AF4D050690344D3
S214011160012BEBD9EFE700BF3C120020381200201C
S214011170031F002070B516469DF814200271049ACC
S2140111800260C0E903360022BDF8183082600446CA
S2140111900D46C380EEB900F091FA2844A0619DB1D6
S2140111A02E4616F0BEFC0546FFF770FF3146204678
S2140111B0FFF786FF104B1B68A34201D1FFF7ACFF78
S2140111C0284616F0B2FC02E0E36865617BB90020B0
S2140111D070BD00F073FA3044A061002DE0D1E368E1
S2140111E06561002BDDD0216820469847D9E7216844
S2140111F020469847EBE700BF3C1200200C490B68DD
S21401120000227BB183420AD183687AB193608368F6
S2140112101BB15A6941690A445A61002070471A464F
S2140112209B68EEE70028EFD0022070470B60EEE7E0
S2140112303C12002070B5154E16F07AFC347805463F
S214011240FCB9134B1C60134B1C60134B1C8000F045
S214011250F1F9012000F066FA00F0BAFA0F4B0246E7
S214011260186020B9284616F069FC232070BD234675
S2140112700B4840F2E73114F00FFE0A4B18600123C9
S2140112803370284616F05AFC0020EFE7041F0020B2
S2140112903C120020381200208E1E00204012002032
S2140112A018FCFFFF3412002070B5044640B316F058
S2140112B038FC144E0546FFF7E9FE3068A04209D017
S2140112C02046FFF79BFF0446B0B1284616F02DFCDA
S2140112D0204670BDFFF792FF04460028F5D133681B
S2140112E03BB9022000F02CFA284616F01EFC00241A
S2140112F0EEE7FFF711FFF7E73368002BF4D1F0E7CD
S2140113002224E5E73C12002038B50C460546A8B174
S214011310A1B100230B7016F00BFC094B1B680121D1
S21401132033B916F00BFC002038BD9D4204D1217064
S2140113302278002AF9D0F4E79B68F1E72220F3E748
S2140113403C120020F8B506460F4616F0F1FB134B8B
S2140113501B680446002523B9204616F0EFFB1B2028
S21401136011E05A691544DA88B2420DD10C4E00F0EC
S214011370A5F93368C01AA8420AD3002320463B6069
S21401138016F0DCFB0020F8BDFF2EEFD09B68E2E7ED
S21401139000F094F933682B441B1AEFE73C12002047
S2140113A03812002008B5074B187848B117F079FBBA
S2140113B0054B1B689B69C01A02288CBF00200120C0
S2140113C008BD00BF031F00203C120020014B186817
S2140113D0704700BF40120020F8B50C4B1B688342D3
S2140113E005460E460FD30A4B00241F6840F2E7302D
S2140113F021464FF47A720023E5FB070114F04CFDF9
S21401140030602046F8BD2120FCE700BF34120020E2
S214011410401200202DE9F04186B0984600230D4683
S21401142017468DF81330064680B30DF11301FFF70A
S2140114306BFF9DF813305BBB05A92846FFF7CCFF71
S2140114400446F8B9134B18684FF47A720023A5FBCB
S214011450000114F021FDC2F57A7189B2B1F57A7FE7
S214011460BDF83430F48308BF0021B183059A029396
S2140114709DF830301146CDE9008330463B46FFF7F4
S21401148079FE0446204606B0BDE8F0812224F9E73D
S2140114900224F7E740120020014B1868704700BF8E
S2140114A0341200200F4B1A6810B59AB1531E4FF430
S2140114B07A711342A0FB01010ED1B2FA82F2C2F197
S2140114C01F04531CE040D24301FA03F3184321FAE8
S2140114D002F20243104610BD002314F0DDFC024662
S2140114E0F8E700BF40120020C2072DE9F843044682
S2140114F00BD5474A138801339BB21380FFF7C6FD0D
S214011500444B1B680BB1FFF707FEA3077DD516F00A
S2140115100FFB0546FFF7BAFD4FF000083D4F464664
S2140115203C680CB163698BB13B4B0022012E1A70EB
S21401153003D118F0020F18BF1E70002C61D0FFF700
S214011540EBFD2846BDE8F84316F0F8BA23465A697B
S2140115503AB91A792179914288BF1C469B68002BBB
S214011560F5D1284616F0EAFA2569DDB100F0A6F8AD
S214011570A269A0EB02084FEAE873A84573F10003DD
S21401158011DB23691344A361E368B4F806800136CE
S21401159013B121682046984716F0CAFA0546FFF7A8
S2140115A075FDBDE7A84616F0C3FA81462046FFF74B
S2140115B025FE484616F0C2FA2369002BE4D0A38B19
S2140115C0B5EB080533B1E28B13449BB2B3F57A7FD2
S2140115D00FD2E38316F0ACFA294680462046FFF781
S2140115E06FFDA36922691344A361404616F0A6FA6B
S2140115F0CAE7A3F57A73E383A369013B013DA361BF
S214011600E8E7022000F09CF89BE7BDE8F88300BFFE
S2140116108E1E00203C120020021F002010B516F07E
S21401162087FA034B1C7816F089FA204610BD00BFD6
S214011630021F002010B51D4B86B01868596803AA12
S21401164003C2197AD3F8090011700190B3F80D207E
S2140116501748DB7BADF8082001218DF80A300024FD
S214011660FBF7BAFD03A88DF80C408DF81040FDF786
S214011670F1F801A901208DF80440FDF7CBF80D4AD9
S214011680536A23F4FF6323F00703536240F2FF73A8
S214011690136201209460FDF7D7F8074B4FF08042A4
S2140116A0C3F880211A6006B010BD00BF2A360300B9
S2140116B0A00914000020044000E100E0014B9868F6
S2140116C0704700BF0020044010B5044616F029FA02
S2140116D0124A9368516D9269520704D4CA1A032AB2
S2140116E001D899420DD1E21A022A98BFDC1C0B4B95
S2140116F0B4F1FF3F38BF013C5C655A6A42F0040210
S2140117005A6216F012FA064A137833B103490B6D82
S21401171043F002030B650023137010BD0020044044
S214011720E90C00208207054A00F00103516A48BF10
S21401173043F004030B435362704700BF002004408C
S214011740820700F0010309D5074A012111700749F4
S2140117500A6D22F0030243F004030A6503494A6A4C
S21401176022EA03034B627047E90C00200020044084
S214011770830742BF014B0422DA6170470020044010
S214011780064B01289B6904D0022805D1C3F38000CB
S214011790704703F0010070470020704700200440A6
S2140117A010B516F0C5F9094A93690446590703F0BE
S2140117B0010003F0070348BF40F002001362FFF781
S2140117C093FE2046BDE8104016F0B8B9002004404C
S2140117D00148FBF753BE00BFA00914000148FBF700
S2140117E02FBF00BF050024000A4BD3F8883003F052
S2140117F00703013B012B10B50BD816F092F9012116
S21401180004460220FFF776F92046BDE8104016F0A0
S2140118108CB910BD00400E4010B50446FBF7A6F883
S2140118200B4BA0F57A729A4210D84FF47A735C4348
S214011830B0FBF3F0074BB3FBF0F3B4FBF3F0032874
S21401184004D9BDE810408008FAF762B810BD00BFA1
S214011850FFC99A3B40420F004FF0005302221A6024
S214011860BFF34F8F0549064BCA6802F4E062134383
S214011870CB60BFF34F8F00BFFDE700BF00ED00E078
S2140118800400FA05024A0349034807F031B800BFCD
S2140118903C36030060360300B8360300044B1B6871
S2140118A0584043085B4240421843C017704700BF88
S2140118B044120020F8B50E46C9880546144617F0AE
S2140118C067F90746D0B92046FFF7E8FF104B3168A5
S2140118D01A68B5F90430424023EA0203B6F9042037
S2140118E0024013430446AB80F2880346286800F0A2
S2140118F00DFAF388E888E443834201D33846F8BDFD
S214011900296851F82320224041F823200133F3E7C8
S214011910441200202DE9F04F99B083460F46184631
S21401192000211646049317F090FA002800F08781EC
S214011930784B14930024012515AB04991393304674
S214011940CDE90B45CDE90D45CDE90F45CDE911456D
S21401195017F004FAA04228DABBF1000F05D1E7B967
S2140119600024204619B0BDE8F08F2146584617F0EE
S21401197083F904460028F2D00BA817F0FBF80DA84F
S21401198017F0F8F80FA817F0F5F811A817F0F2F805
S2140119900C2115A800F090FEE3E73146384617F013
S2140119A036F904460028E7D1DAE731460BA817F0E6
S2140119B02EF904460028DFD104990DA817F027F95F
S2140119C004460028D8D1F188ADF8385002310FA866
S2140119D0ADF8305017F0DCF804460028CCD10146AB
S2140119E00FA817F049F904460028C5D1F18811A8B7
S2140119F0023117F0CDF804460028BDD10DA817F026
S214011A0067F900F01F001F2873D0C0F11F031946A5
S214011A100BA8019317F07CF904460028ACD1019974
S214011A200DA817F075F904460028A5D1BDF8325067
S214011A30BDF83A80A5EB080A4FEA4A1949460DA8AF
S214011A4017F066F90446002896D14FEA8A0A0DA9CE
S214011A500BA817F0B2F900284DDA49460DA817F081
S214011A6074F90446002887D108F1FF3302939B00DE
S214011A7005F1FF3A069305F1804508F18043023BE4
S214011A80013D9B00A5EB08050993AB000393029B60
S214011A909A4541D8BBF1000F0DD00FA9584617F053
S214011AA0B6F8002840F0C780049AB388928813FBE2
S214011AB002F3ABF80430002F3FF45EAF01990BA898
S214011AC017F043F9002840F0B680B388ADF83030FF
S214011AD00BA9384617F09BF80146002840F0AD8068
S214011AE0384617F0B2F900287FF446AF0123BB80D1
S214011AF042E701949AE70F9A52F80A300BA901338C
S214011B0042F80A3008460DAA17F085FA044600285E
S214011B109DD031E7010003000D9B069A05931344FF
S214011B20DDF82C900893059B59F82A109A580F9DBA
S214011B304FEA8A08A8F104030793039B91421D44C8
S214011B4074D20798002359F8000014F0A5F900296B
S214011B5014BF4FF0FF330346BAF1010F2B6016BFD7
S214011B6009EB0803002353F8083C1593079B099AD1
S214011B7059F80330169359F8083017932B68013338
S214011B802B60059B134498462B68013B2B60002174
S214011B9011A817F071F800284DD1029B002B48D0F0
S214011BA0D8F80020119B1A60089A12685A6011A989
S214011BB02A68084617F0B8FA00283CD113A911A8DC
S214011BC017F0FBF80028DFDC2A680DA911A817F02A
S214011BD0ABFA80BB039B4FEAC308414611A817F036
S214011BE097F840BB0BA9084611AA17F014FA01464C
S214011BF018BB0BA817F029F9002812DA0DA911A8AD
S214011C0017F005F8B8B9414611A817F081F890B950
S214011C100BA911AA084617F0FBF960B92B68013B1E
S214011C202B60039B0AF1FF3A043B2FE74FF0FF338B
S214011C3092E7029AB6E704469EE60C469CE66FF0EB
S214011C400B048EE6044B1B68584043085B42404237
S214011C501843C017704700BF4412002010B50B4C44
S214011C60226823684240594081EA0200C00FFFF70C
S214011C70E9FF2368521A434022EA03020840104350
S214011C80BDE81040C00FFFF7DDBF00BF44120020C3
S214011C90F8B50D46014628681746FFF7DFFF084BE3
S214011CA01E68C1430124BC4202D346EA0100F8BDC6
S214011CB055F82400FFF7C6FF01340643F3E700BFDB
S214011CC044120020104B2DE9F0471E68884619681B
S214011CD01D680746541E631C02D13046BDE8F087D6
S214011CE058F824A057F8249050464946FFF7B6FF07
S214011CF0514605434846FFF7B1FF20EA05031E4358
S214011D000543013CE7E700BF441200208842F0B5D6
S214011D1004D0094F04380025AA4200D1F0BD3E6820
S214011D2050F8044F5E4024EA060451F825601E4030
S214011D30344304600135EFE7441200202DE9F04FEB
S214011D4085B0DFF8889003911C460646214610466A
S214011D50D9F80030D9F8003017F067FAC51D272DDD
S214011D604FEAD50325F00705904602938CBF4FF046
S214011D701E0A4FF0FA0A2D1A0F9B0093029A0E9B29
S214011D802146304617F04EFC0746C0B92A46214682
S214011D90304617F0C3FABAF1010A14D0224631468A
S214011DA00398FFF775FF2246834641463046FFF704
S214011DB089FFD9F800200BEA00039A42DCD03846A6
S214011DC005B0BDE8F08F6FF00D07F8E7441200206C
S214011DD0044B0246586800B9704719789142FBD007
S214011DE00833F7E7E836030010B50446A8B1006CDF
S214011DF010B14C2118F015F9E06B40B12368074A81
S214011E00DB79C3F3840352F823305B699847204695
S214011E104821BDE8104000F04FBC10BD000B00206B
S214011E2038B505460C4681B14822002120F0B5F9A7
S214011E30E379084AC3F3840352F823301B699847B1
S214011E40E86320B12C60002038BD0348FCE7034856
S214011E50FAE700BF000B0020009FFFFF809EFFFFF8
S214011E60F0B58BB0044604A817461E460D4617F07B
S214011E70FEFE00230293119B0193109B00932046C4
S214011E803B46324604A900F01BFB044640B904A8B1
S214011E9017F066FF50B904A9284616F0B8FE0446A6
S214011EA004A817F013FF20460BB0F0BD004CF7E76F
S214011EB080B0FFFF70B50C460646114620461A460E
S214011EC017F0C5F80546A0B9B36C33B9321D2146E3
S214011ED02046BDE8704017F058B9B4F90430002B1D
S214011EE009DB204616F0F4FEF36BB0EB430F09D97D
S214011EF0184D284670BD0146204616F0A6FF00285C
S214011F00EFD0F5E7B36C2046984705460028F0D198
S214011F100436B4F90430002B04DA0021204616F00A
S214011F2094FF68B93146204616F047FF0028E0DBEB
S214011F3032462146204616F0E9FF0028F2D006E098
S214011F4032462146204617F063F80028E1D00546C0
S214011F50CFE700BF80B0FFFF38B50D46044600212D
S214011F6005F1100016F071FF50B1204616F051F938
S214011F7028B129462046BDE83840FDF7E5B90148B5
S214011F8038BD00BF80B1FFFF2DE9FF410E46054673
S214011F90012106F1100016F058FF044650B92846F4
S214011FA017F05CFE01287AD12146304616F04DFF27
S214011FB0002801DA3B4C6EE006F10808214640464F
S214011FC016F043FF0028F5DB2F1D3946304616F084
S214011FD0F4FE0028EEDA3946404616F0EEFE0028FA
S214011FE0E8DA684616F0C1FD02A816F0BEFD4346C3
S214011FF0424669462846FFF75DFF0446002844D15D
S2140120003346324602A92846FFF754FF0446002805
S2140120103BD1EB687BBB02A90322084616F0FFFF03
S214012020044690BBBDF90C30002B04DA002102A84F
S21401203016F00BFFC8B902AA334611462846FFF729
S21401204039FF044608BB02AA05F1140311462846C7
S21401205017F099FD0446C0B902A9684616F0ADFE10
S214012060104B041E18BF1C460FE002A93A4608464C
S21401207016F0CEFFD4E702AA05F10C031146284656
S21401208017F081FD04460028D5D0684616F072FD8B
S21401209002A816F06FFD204604B0BDE8F081024CA0
S2140120A0F9E700BF80B3FFFF80B0FFFF38B50546F4
S2140120B017F0D4FD01280C4601460DD1204616F036
S2140120C0C4FE002806DB05F13401204616F075FE35
S2140120D0002803DB024838BD0248FCE70020FAE787
S2140120E080B3FFFF80B0FFFF2DE9F04FB5B0054686
S2140120F001919246994616F08CF80290A0B12846B6
S21401210016F08CF8044658B951462846FFF7CEFF1C
S214012110044628B949462846FFF736FF044698B1D3
S214012120284616F07DF881E151462846FFF7BEFFA6
S2140121300446002840F07A8149462846FFF724FFE6
S2140121400446002840F07281284617F087FD0128D2
S21401215040F0AD812B6C1821013302204FEA530861
S21401216016F0E6FC0646002800F09F8106F11807E7
S21401217017F07DFD384617F07AFD002413AB1819C9
S214012180083416F0F2FC202CF8D14946304617F0F8
S214012190D1FD0446002841D18346D84520D1394691
S2140121A02846FFF7D9FE0446C0BB284616F031F88C
S2140121B030B33B46324639462846FCF717FF0446FD
S2140121C060BB39462846FFF7C7FE044630BB06F11A
S2140121D0100016F0CFFC06F1280016F0CBFC1DE02F
S2140121E00123BBFBF8F103FA01F2D2B2182308FB74
S2140121F011B103FB026929B1284616F00AF850BB53
S214012200AC4C0BE002F0FE0101EB520106EBC10102
S214012210484617F08FFD04460028EDD04FF0000920
S21401222013AB03EB090009F1080916F0A3FCB9F199
S214012230200FF5D1D4B1AB6D9E4208D0304617F0D1
S21401224045FD384617F042FD304616F081FC0198F0
S21401225017F03CFDE6E04A4649462846FCF7BEFF35
S21401226004460028DAD10BF1010B96E705A816F013
S2140122707CFC05F1340B0BA816F077FC214658467A
S21401228016F016FD012840F0D8802146504616F07B
S2140122900FFD5146814605A816F0B9FC044630B13B
S2140122A00BA816F067FC05A816F064FCC3E75246B7
S2140122B059460BA816F0AFFE04460028F0D1B9FA2D
S2140122C089F94FEA59194A460BA905A8FFF7F2FA08
S2140122D004460028E4D1014608F1010213A80DF1D5
S2140122E04C0B1FF05AFFA2465B46D045039300F005
S2140122F0A180514605A816F0DBFC039B1C7808EB71
S2140123000A01044305A816F0D3FCE4B2039B44EA91
S214012310400403F8014B0AF1010AE6E79BF80100C5
S2140123209BF8003080EA020C6FEA0C0101F0010113
S21401233013FB01F3104003EA0C0283EA0C030BF8CB
S214012340013F1BF8013C43EAC11302430BF8013C71
S2140123500134A245E2D20BA816F00CFC05A816F033
S21401236009FC05A817F083FC00240BAB18190834E8
S21401237016F0FBFB202CF8D10AF1D0036B4401992F
S21401238013F8843C3246284617F027FC044648B921
S2140123903E9B002B00F08480284615F03AFF00286B
S2140123A04DD1444C05A817F00AFC4FF000080BABC2
S2140123B003EB080008F1080816F0DCFBB8F1200F63
S2140123C0F5D1002C7FF437AF01994A46284617F01D
S2140123D0B6FB044600287FF42EAF3E9B73B1284619
S2140123E015F017FF00285ED0DDE93E230199284647
S2140123F0FCF74AFD044600287FF41DAF01992846E4
S214012400FFF7AAFDAB6D9E42044608D0304617F092
S2140124105DFC384617F05AFC304616F099FB002C46
S2140124207FF415AF029B002B7FF47AAE204635B0C1
S214012430BDE8F08F002201248BE71F4CFBE6DDE9A7
S2140124403E2301992846FCF71FFD48B30446A9E739
S21401245028460AF1FF3A15F0DCFE0028A1D0019AC1
S21401246028461146FCF7BAFE0028EFD118F80A30C4
S214012470324605A9284617F0B0FB0028E6D12846C3
S21401248015F0C7FE00288CD0019A05AB11462846E8
S214012490FCF7ACFD0028D9D1BAF1000FD8D181E7FD
S2140124A00DF14C08F8E7034CC5E6044CCFE6024CA8
S2140124B0B8E700BF80B1FFFF80B0FFFF80B2FFFF2B
S2140124C030B4DDE9024524B1CDE9024530BCFFF761
S2140124D00BBE014830BC704780B0FFFF73B50546A0
S2140124E01E4617F0BBFB01280C4601460ED11346CB
S2140124F0009605F13402204616F079FE044B10F1E1
S2140125000E0F18BF0346184602B070BD014BFAE71E
S21401251000B3FFFF80B0FFFF38B504460D4617F045
S214012520D9FB204617F0B1FB032D257023D1144BA0
S214012530144AA3606260A361134AA3632362A36281
S214012540124B62616362124A62634FF00113114AD1
S2140125502363114BE362E261201D16F0B9FBE063D1
S21401256004F1340016F0B4FB20640020C4E9160020
S2140125700123636438BD002308482370FAE700BFCF
S21401258001000800DC370300BC3703007C3703007A
S2140125905C3703009C370300080B002080B1FFFF67
S2140125A037B50446002529464561282218301FF014
S2140125B0F4FD2046256117F0FFFC01230093044932
S2140125C020232A46204617F062FC03B030BD00BF28
S2140125D0898202000928024818BF0020704700BF00
S2140125E0FC37030070B50D461646044608B9114877
S2140125F070BD0029FBD00023C0E9023301600B78CF
S214012600092BF4D16C21012016F092FAA06008B9CA
S2140126100948EDE715F021FE0EB90020E8E7A97894
S214012620022016F085FAE0600028F6D1204617F061
S214012630C7FCEDE700AFFFFF80AEFFFF40B10368C8
S21401264033B11B78092B03D180680021FCF7AABFA0
S2140126500048704700AFFFFF38B103682BB11B7805
S214012660092B02D1806815F0FCBD0148704700BFF8
S21401267000AFFFFF38B103682BB11B78092B02D1DD
S214012680806815F0F5BD0148704700BF00AFFFFF39
S21401269010B40446084611461A463CB12378092B65
S2140126A004D15DF8044B002317F0C5BC01485DF862
S2140126B0044B704700AFFFFF10B50A46044619B138
S2140126C0024B00211B68984710BD00BF0C0B002071
S2140126D0F7B51646174A05460C46106851686B460C
S2140126E003C395F82A3008336B4413F8087CAB8D86
S2140126F0DA0609D4334622463946284617F0F8FC4E
S21401270000F5FA7003B0F0BD204620F024F9AB8D39
S21401271000F10A049B074FEAC40405D0304620F0B6
S2140127201AF904F50C740444781EE823584304FB94
S2140127300700E5E7FF370300174B10B51C6890222A
S21401274002FB0044002120461FF027FD134B1B68A7
S214012750DB78637604F10800002118F0C3FD4FF41E
S2140127600063E3842385072384F82A301323A38593
S214012770236AFF2243F0130384F82420236284F89B
S2140127805420074B074A2046C4E91C32C4E92032CC
S214012790BDE8104017F0D7BC481200201C140020DA
S2140127A0D6BE898E55555500F0B5104B1E6893F868
S2140127B004C0024635464FF0FF3400239C4508DC32
S2140127C091B1631C10D0902303FB046080F8242091
S2140127D0F0BD95F8247097422846F9D0FF2F08BF20
S2140127E01C4690350133E9E70020F1E74812002046
S2140127F070B5244D0446002842D0083001F016FD7D
S2140128000026FF2384F8243004F14000E66120F01E
S2140128101DF804F1440020F019F804F1480020F0F6
S21401282015F804F14C0020F011F804F1500020F0E6
S2140128300DF82868144B201A00115843C0B217F03F
S2140128404EFC0146304617F045FCE06E10B100F034
S21401285039FEE666606E18B117F054FC0023636615
S214012860A06E17F04BFC0023A36670BD286806FB1C
S2140128700400FFF7BDFF01342B79A342F6DCF4E731
S2140128809026F9E748120020398EE338F7B504465A
S2140128901AF0DEF9C0F30F23542B3ED9AA2B34BF0E
S2140128A001230223C0B27E288CBF0222012203210B
S2140128B08DF804301344B3FBF1F000EB40001B1A13
S2140128C08DF805301344B3FBF1F202EB42029B1A7A
S2140128D013498DF8063000234B7501AF18461D4687
S2140128E01A4617F8016B44FA06FC1CF0010F06D0D5
S2140128F053009E4030430132C0B2D2B201230135AB
S214012900EDB2032DEDD103B148754B7D43EA821339
S2140129104B75FF230B7503B0F0BD0023C2E700BF64
S21401292048120020064B1B68D97ADA78437E5B1A78
S2140129309342A8BFDAB24276002117F040BC00BF2E
S2140129401C140020B0F862302BB9836813F4601FA2
S21401295008BFA0F8623011B1012911D07047436950
S214012960417E23F010034361064B1A68D37A9278AE
S2140129700B449342D8BFDAB24276012117F01FBC4E
S214012980FFF7D0BF1C1400202DE9F041344E8AB069
S21401299000253379AB4203DC01200AB0BDE8F081A3
S2140129A03468902303FB054494F82430FF2B0DD0A4
S2140129B0236A980106D504F1500840461FF0C3FF6C
S2140129C0074628B9226A12F0A06F1ED10135E0E74A
S2140129D0BB790C333B4408A99A7AD8681B8AADF8B0
S2140129E02430C2F3801200238DF81F2008901A4667
S2140129F00DF11F0017F08DFB9DF81F2094F8241091
S214012A0008AB384618F001FDD7E7A38D1D2B18D16A
S214012A103C23FF210020CDE90431CDE90200CDE9B8
S214012A20000004F12E03C2F38022012118F0C8FF32
S214012A300028B2D04FF0A06104F1200017F028FB67
S214012A40C4E712F0807F94F8393094F824004FF0F0
S214012A5000020CBF3C21432118F058FEE8E700BFF6
S214012A60481200202DE9F0411F46C36904460D4671
S214012A7016468BB169B915F05BF829460646A06E75
S214012A8017F038FB2046294617F082FB304615F032
S214012A9055F80020BDE8F0810029FAD0036A03F05A
S214012AA01203022B00F0BA80236ADD0700F1BE8014
S214012AB094F82430FE2B0CD104F1550001F0D6FE1B
S214012AC001F0CCFE28B14FF4800104F1200017F08C
S214012AD0D7FA256A614B2B40B3F5807F00F0B980A9
S214012AE0A8052FD5C5F3802504F12E0800224146FE
S214012AF0284617F014FB002184F8540017F020FB39
S214012B0041460022284617F00FFBA18D20B194F90B
S214012B105400002880F296804FF4007104F12000E2
S214012B2017F0B6FAA28D02F00302012A0AD1414635
S214012B30284617F0F9FA28B14FF4006104F1200095
S214012B4017F09EFA236AD90600F18180D4E91012A3
S214012B502046FFF7BDFD012F0ED0E28C40F2712317
S214012B605A43904208D9228D5A43904273D800F5B1
S214012B701C70B0FBF3F0E084394BE361002384F86A
S214012B803930236AB4F86250E16884F8387023F467
S214012B908032226221613DB913F0100F0CBFC825A7
S214012BA03C25257605F2B3154EB1238D40F27121F1
S214012BB0C3EB06134B4342F48032E3632262236A7B
S214012BC043F400232362274B1B68DB78637614F0FB
S214012BD0AFFF636943F010030746636104F1080021
S214012BE0294618F07FFB012003F0A2FB28B9636990
S214012BF01A075CBF43F00403636126B11AF064F858
S214012C00E36B0344E363204603F09CFB384614F071
S214012C1095FFA06E012117F06DFA3AE7406C1FF0A0
S214012C209AFE00287FF440AF0C2033E7E36E002BBA
S214012C307FF43EAF00F0F0FBE06600287FF438AF8B
S214012C40092027E701F0010117F07AFA6AE7064B37
S214012C5093E712201EE745201CE700BF0001400055
S214012C60B9A002001C140020A12D010070B50A4D68
S214012C70002490262B79A34200DC70BD286806FB51
S214012C80040090F82430FF2B04D000231A4619467E
S214012C90FFF7E8FE0134EDE7481200202DE9F04F7A
S214012CA091F806B08DB00BF10C0B04460E4601EB05
S214012CB00B0501220AA90DF1270017F03BFA8246FF
S214012CC068B19DF827100AAF384600F023FC60B1C2
S214012CD0304614F0B1FB00200DB0BDE8F08FA97AA4
S214012CE005F10C07C1F38011EEE7E36EE06695F897
S214012CF007900793236A298956F80BB0484603F0D4
S214012D00100804F077FD8344B8F1000F39D1A9F11A
S214012D100303012B94BF032302235B0040F27122BD
S214012D2002FB03B21D4B1B685B79637605F1180342
S214012D30BAF1000F27D09DF8271094F824E0B8F1D7
S214012D40000F24D0A87A4FF0010CC0F3401095F97B
S214012D500550CDE902E0CDE90071CDE904C507983B
S214012D60012100F04DFCB8F1000F05D019F053FF1A
S214012D700121204617F00CFA304614F05DFB0120C5
S214012D80AAE70123C9E7A97AC1F38011D5E794F828
S214012D908FC001200CF00F0CD9E700BF1C140020D7
S214012DA0012810B50C461CD0022822D030BB08469C
S214012DB017F046FCE38C228D94F82A00D21AE368B9
S214012DC003F59C5340F27121083301FB0233236162
S214012DD0FFF75CFD0A4B20469968BDE8104003F0FA
S214012DE0E3BC03F0F1FB844208D1BDE8104019F0C2
S214012DF012BFBDE810400846FFF794BD10BD00BFE6
S214012E004812002038B50A4D0020FFF7F1FCAB68E8
S214012E1013B100221A60DA8018F079FB00242B79AE
S214012E20A34200DC38BD2046FFF786FC0134F6E7F6
S214012E304812002070B52A4C0546A06818B114F057
S214012E40FBFA0023A360FFF7DDFF002017F04BF924
S214012E5055B9032025712560E58214F039FA2079E9
S214012E6017F041F928B970BD02201FF0B4FEA0602A
S214012E7048B9A06800252571256060BB002017F0C1
S214012E8032F90720EFE70026032025712660E68247
S214012E9014F01EFAB542E2DD05EBC5010901334621
S214012EA089B20122032014F0C5F906460028E0D1B4
S214012EB0032014F03DFA20600028DAD090226A43FD
S214012EC031461FF06AF92379B342C8DD3046FFF771
S214012ED033FC0136F7E714F0AFFAA560CEE700BF82
S214012EE04812002030B5174B826A1B6812065979C2
S214012EF025D51C79028F436B1203B2FBF3F2631ADA
S214012F00B2FBF3F2B0F89C3003B1013BD0F8A0500D
S214012F1005B15B101B02B3FBF2F35B180BD090F804
S214012F2095200F2A07D91209B3EB820F4FEA8201C7
S214012F30ACBF5B1A00239C42A8BF1C46E1B2417697
S214012F4030BD00BF1C140020084B9A7E82420AD96D
S214012F501B684FF4A47202FB0030836A13F0100F53
S214012F6008BF002070470020704700BF6012002095
S214012F70084A09491368C31AD810002B01FB00F050
S214012F8005DB937E8342D8BF4FF0FF3070474FF08A
S214012F90FF30704760120020199C8FC170B504463F
S214012FA00E4614F0C5FD3146054604F1300017F013
S214012FB08BFB2046FFF7DCFF01218140054817F017
S214012FC083FB4FF4807005F099FE2846BDE87040FB
S214012FD014F0B4BD84120020F329F8B5744E0446EB
S214012FE00D4626D1338D6BB9A36813F4601F00F02C
S214012FF0BB80238F626BF32D4FEA0313B3FBF2F30F
S2140130009FB22DD1204617F001FCB4F89C70002F1A
S21401301040F0B380A36A13F0800F0CBF3E23082351
S21401302084F877302046FFF75DFFF32D36D1012077
S21401303057E07369590640F18F80836A1A0740F199
S2140130408B803369436000F1400118F095FE338DA3
S214013050002BC9D0238F626B1B01B3FBF2F39FB227
S214013060618FB4F89C209BB25B1A9A427EDC73692E
S21401307094F836019B074CBF0021022119F0A2FEED
S214013080726940F202239343BCD1A4F89C70204697
S21401309017F0BDFB2046FFF725FF0127A36A180797
S2140130A0C5D5628F002AC2D013F4C05FBFD1726942
S2140130B012F00C0FBBD140F202239343B7D1D4F8E0
S2140130C0A430002BB3D1A18F204619F004F80028B4
S2140130D055DD638F0133984251DC0128A7D00138B2
S2140130E080B2236BA4F87C00590409D54FF48041C3
S2140130F004F1300017F0F0FA00212046FFF74EFFEA
S214013100B4F87C20A38F94F870101344A387B4F806
S2140131109C309B1AA4F89C3094F86F3002FB013364
S2140131202522B3FBF2F102FB113384F86F304FBB5B
S214013130A36A1A0702D41F4B1B689847204608212A
S21401314018F083FE20460221FFF728FF20460121C2
S214013150BDE8F84003F046B9318D238F626B002934
S2140131603FF442AF1B0178E7338542E7737F002BBC
S21401317086D094F83601032180E7012752E7608F55
S2140131800130ADE7204616F09EFFA18F204618F0CD
S2140131902CFEA36A1B07054602D4064B1B689847FC
S2140131A0002DCBD02046BDE8F84017F0D6BB00BFB7
S2140131B06012002094120020074B002210B55A77A7
S2140131C0202204465A6117F0CBFA84F836012046CD
S2140131D017F027FC10BD00BF60120020012810B5B3
S2140131E00C462AD0022830D000283DD191F89530DF
S2140131F060F3071381F895300846FFF7DDFFA36AF1
S2140132001B07204616D503F063FD042001F0C4FB1E
S21401321050B3164A937F3BB3D37F0133DBB2D377E8
S21401322092F821209A421FD8BDE810404FF08060E6
S21401323005F064BD03F020FFE7E703F0C5F984421B
S21401324012D1BDE8104003F037BD91F89530C3F3B5
S2140132500312013262F3071381F895302046F321F9
S214013260BDE81040FFF7B8BE10BD00BF60120020D9
S21401327010B501F0F1FB124BFB2210F0020F1A778A
S2140132800CBF012203224107197E48BF42F0040207
S21401329062F3030119761A7EC2F3030161F3071282
S2140132A01A764FF441710022DA76DA8319845A626B
S2140132B01A611A85034BBDE810401B68184700BF0A
S2140132C0601200208C1200202DE9F8434B4C054675
S2140132D0A06818B114F0B0F80023A360022013F020
S2140132E0F7FF5FFA85F8002016F0FBFE404617F060
S2140132F053FA0646002867D1404617F058FA0746A3
S214013300002861D1002D74D005EB850105EBC101C4
S214013310C90089B233460122022013F08BFF002830
S2140133204FD102204FF4A47984F81A8014F000F8E3
S21401333009FB05F73A46314620601EF02EFF23684A
S214013340324603EB0901681E824232DB002DA7F5E7
S214013350A472D8BF0022002199502846636016F057
S214013360C0FE88BB404617F009FA68BB404617F016
S2140133700BFA074640BB002D16DD02201FF02BFC82
S2140133800223A060C3718379C3F102020C33D2B267
S214013390394618441EF001FFA3689A7913440121A7
S2140133A01A7B61F301021A73FFF762FF3046BDE82C
S2140133B0F88309FB02FC013243F80C1001F5A471F5
S2140133C0C2E7C4E90077A7760020002517F0E4F9E4
S2140133D0002017F0ECF92846C4E90055A57617F049
S2140133E0CDF9284616F07DFE022013F071FF072660
S2140133F0DCE7A57625602B46AFE700BF601200200C
S214013400014B987E704700BF60120020014BD87EAA
S214013410704700BF60120020F8B5284D14F088FBF5
S2140134206C681CB914F08AFB2046F8BD23686B60F3
S214013430EB7E4FF4A4760133EB76012714F07EFB86
S2140134403246002120461EF0A8FE04F128006761DE
S214013450402117F039F92B8BA4F8443194F8373111
S214013460A4F8866067F3030384F837314FF6FF73D9
S214013470A4F87A302B7F84F8423144F29023A4F8E2
S214013480403194F88530072262F3030384F88530CF
S2140134900B4BC4F8883003F1CE5303F59813C4F8E8
S2140134A08C3041F61B33A4F890301B2384F89230FD
S2140134B0002104F1080017F015FFB5E7601200209F
S2140134C04801480170B5044617F023FA04F10800D4
S2140134D000F0ACFE0D4B20461B6800269847C4E959
S2140134E00A6614F025FB4FF4A472054631462046C1
S2140134F01EF053FE064B5A682260DA7E5C60013A83
S214013500DA762846BDE8704014F018BB9012002009
S214013510601200202DE9F04106464FF480400F4628
S21401352001F03AFA044630B90E4B1D6893F81A803A
S2140135307135A04502D80020BDE8F08155F8493C18
S214013540DA0609D5C3F38003BB4205D10622294614
S21401355030461EF0F8FD18B1013405F5A475E8E70C
S2140135600B20E9E76012002008B5B0F894305A1C29
S21401357062F30B03A0F89430042001F00DFA70B149
S214013580074A937F0133DBB2937792F820209A4261
S21401359005D8BDE808404FF0806005F0AFBB08BD18
S2140135A06012002038B58B790B4405469B7D03F0ED
S2140135B00303032B0C4609D101212C3017F084F8A4
S2140135C04FF4006105F1280017F07EF80548A56064
S2140135D021461FF022FABDE838404FF0005005F0B2
S2140135E08DBB00BF6C120020014B1877704700BFDF
S2140135F060120020014B187F704700BF6012002048
S2140136002DE9F74F1D4616469DF8383080F89B3059
S2140136102A469DF83C8052F8103BC0F828310446F3
S2140136200F4600F14401B8F1000018BF0120DDF893
S21401363030A09DF840909DF834B005F05DF8204626
S21401364018F0FCFB204617F0B4F819F0C1FB494608
S2140136500246204617F0A7F8C8230DF106012046BA
S214013660ADF8063017F092F847F6FF73A4F830313C
S214013670AB88A4F82C31AB7984F82E31DAF8003017
S214013680C4F87130BAF80430A4F8753004F1280A89
S214013690BBF1000F03D00421504617F015F8B8F11E
S2140136A0000F04D04FF40051504617F00DF84FF4B8
S2140136B0607001F071F9C0F3C018C3054FEA8818AD
S2140136C048BF48F08008810548BF48F4807814F068
S2140136D02FFA4FF482618346504616F0F5FF4146B5
S2140136E004F12C0016F0F0FF584614F027FABB1E22
S2140136F0012B7AD84FF40021504616F0E5FF012140
S2140137002046FFF74BFC0421204618F09EFB6B7DFC
S214013710C3F3040384F870306A8952006263697BDC
S2140137202A7B42EA01226287E97BAA7B42EA0122DE
S21401373022876A7D84F86F30C2F3421284F83E20F5
S21401374000220523A2870122A4F87C20A4F89C303D
S2140137509DF94410204617F031F801F077F920F46E
S2140137600060C4E908012046FFF7BCFB3B4A3C4B1E
S214013770B2F8288007F0FD07B8F1000F68D1002FD6
S21401378038D16660E36140F2C7182046166116F02C
S214013790ACFFB9F1010FE0600AD094F8373169F354
S2140137A0030384F8373109F00F01204617F0B1F909
S2140137B004F10800414617F095FD012002F0B8FD1E
S2140137C028B963691A075CBF43F0040363616B8918
S2140137D040F27121013B5943204616F0A5FF2046D1
S2140137E002F0B0FD03B0BDE8F08F012F87D140F2A3
S2140137F0014185E7E3614FF4D7782B8940F27127C1
S2140138005B0007FB0366666040F6080104F14006AC
S214013810504616F059FF3146204618F0ADFA2B896E
S21401382001335B0031467B4304F13402204601F04C
S21401383021F9EB795B0031467B430122204618F0E3
S214013840A1FA236C20469E0816F04FFF3044A0E7ED
S2140138506660E361002FD0D197E700BF60120020B9
S214013860DD31010070B51D46C36A1B0704461646C6
S21401387013D408212C3025F4105516F025FF25F019
S2140138801005064B2D0433402D0CC4E9083520469F
S2140138904021BDE87040FFF781BB70BD2FCF87F791
S2140138A02DE9F04F85B004460191084689B34B795E
S2140138B09A071FD41FF04FF8019D70B96B79DB078B
S2140138C005D54FF4803104F1280016F0FDFE01A85D
S2140138D01EF0BCFF05B0BDE8F08FA36ADF0309D573
S2140138E04FF4803104F1280016F0F6FE6B7943F0B0
S2140138F001036B71019E14F01BF9737931469E0723
S21401390005461ED504F1AC001FF096F8284614F0C3
S21401391015F9DFF8909114F00BF9A36ADD05074657
S21401392014D5D4F8AC3043B19A7913441B7B392BA8
S21401393003D829FA03F3D80711D4384614F0FEF851
S214013940C8E704F1A8001FF068F8DFE794F94631EC
S214013950022BF2DCD4E92A2372B9002BEDD004F154
S214013960AC001EF091FF0546384614F0E7F82946EC
S214013970204617F07CFACEE7002BF0D194F892801F
S214013980039304F1A80BD4F8A86096F807A0B379BE
S214013990AAEB030A5FFA8AFAC24527DC58461EF0EC
S2140139A0D2FFA8EB0A0805466B796FF3C3036B7168
S2140139B0294603A81FF031F8D4F8A8302BB15B795B
S2140139C0990702D1B8F1000FDDD1039B002BB4D0CB
S2140139D09B79022B40D800201FF0FDF8014670BBF2
S2140139E0039904F1A8001FF027F8A6E700201FF0AE
S2140139F0F2F8054630B9039904F1A8001FF01CF847
S214013A0003959AE78079B1790C300C3142463144FE
S214013A1028441EF0CDFBEB7953FA88F3EB71B379AA
S214013A20727953FA88F3B3716B7962F300036B71A1
S214013A3073796FF3000373714FF00008B4E7039BCB
S214013A404A79587960F300024A715A796FF3000295
S214013A505A7103A81EF0EBFFE36A9A0512D5039884
S214013A60034600680028FBD1DB79C3F14503DBB2CE
S214013A70032B07D81FF0AFF801460028B0D003A8E3
S214013A801EF0CBFFD4F8A83013B15B79DB0704D561
S214013A90039A537943F008035371384614F04EF8ED
S214013AA0039965E77C2C020070B5036B990786B015
S214013AB0044601D516F02DFF236BDA0733D5A66A27
S214013AC0330723D516F4002F14BF032501252046FE
S214013AD0FFF74EFA94F89B3005930023049394F86D
S214013AE03E300393238F0293638F0193636BC3F37B
S214013AF04F030093C6F3800204F17103294680B296
S214013B0017F05EFF30B9002006B070BDB50C05F0A9
S214013B100205DCE7012104F1300016F0DDFD4FF46B
S214013B20005116F0D1FD236B980410D52046FFF7FF
S214013B301FFAA16AC0B2C1F3403117F07FFC00281A
S214013B40E1D04FF4005104F1300016F0C5FD236BAF
S214013B50D90409D500212046FFF7A2FE4FF4805173
S214013B6004F1300016F0B8FD236B5A0512D5204635
S214013B70FFF7FEF994F89B500023C2B21946284677
S214013B8017F0C4FD0028BED04FF4806104F1300068
S214013B9016F0A2FD236B5B0711D52046FFF7E8F967
S214013BA0616B238F628FC1F34F0180B217F0E8FE7D
S214013BB00028A8D0042104F1300016F08DFD236BF7
S214013BC01E0709D5204618F0CCFC00289BD00821FA
S214013BD004F1300016F080FD236BDD0618D5204673
S214013BE0FFF7C6F9E16A11F4805180B200F0C58092
S214013BF0002117F05AFF002885D04FF4805104F1B8
S214013C002C0016F069FD102104F1300016F064FD59
S214013C10236B580615D52046FFF7AAF994F8773096
S214013C200093D4E9082380B217F022FF00283FF45E
S214013C306AAF002384F87730402104F1300016F093
S214013C404BFD236B190516D52046FFF791F9002386
S214013C500093B4F89830B4F8962094F89A1080B28D
S214013C6017F09FFB00283FF44EAF4FF4006104F1BC
S214013C70300016F031FD236B13F4804532D19A05DE
S214013C8016D52046FFF774F994F8371194F8772083
S214013C9001F00F0180B200F03FFD00283FF433AF82
S214013CA084F877504FF4007104F1300016F014FDDB
S214013CB0236B1B0616D52046FFF75AF9B4F88C304D
S214013CC0009394F89130B4F88A2094F8901080B25A
S214013CD017F01DFF00283FF416AF802104F13000D5
S214013CE016F0FAFC236B9E0612D52046FFF740F924
S214013CF094F8771080B217F0EFFE00283FF403AF78
S214013D00002384F87730202104F1300016F0E4FC1B
S214013D10236BDD0508D504F130004FF4807116F0F1
S214013D20DBFC204618F05AFA236B180408D504F178
S214013D3030004FF4004116F0CFFC204616F0E5FEA9
S214013D40236BD90308D504F130004FF4803116F007
S214013D50C3FC204616F022FD236B9A0308D504F116
S214013D6030004FF4003116F0B7FC204616F024FD63
S214013D70236B9B0704D40120C6E617F0ADFE3AE795
S214013D8000221146204616F015FD204616F014FDB9
S214013D902046FFF7EDF894F8771080B217F052FF3F
S214013DA000283FF4B0AE022104F1300016F094FC76
S214013DB02046FFF787FB024B1B689847DBE700BFEF
S214013DC08C120020134AF8B5002302F1240151E8B1
S214013DD0004F41E80035002DF7D1012734B9BDB1B8
S214013DE00D48294616F070FC2046F8BD94FAA4F05A
S214013DF0B0FA80F007FA00F624EA0604FFF7A4F802
S214013E000028EBD0FFF750FE0028E7D13543E5E761
S214013E100120EAE760120020841200202DE9F74F06
S214013E2004460190002860D0C579314F0C35054411
S214013E3013F07EFE4FF000080090464640464FF4D1
S214013E40A47ABA7E5FFA88F94A4517D93A680AFB16
S214013E5009FB5A44916ACB0644D5B2F89420C2F3C2
S214013E600B02002A3ED0E279C2F14502D2B2032A01
S214013E7015D802201EF0AFFE044640B90023009874
S214013E80FB8313F05BFE304603B0BDE8F08F0146BE
S214013E9001A81EF0C2FDE5790C3525440020042258
S214013EA0012312FB0033002105F82090E9543B68FA
S214013EB05B4402FB005CB3F894308CF802300323B9
S214013EC012FB00320136A9543B685B440130B3F85B
S214013ED0942061F30B02A3F89420E3790433E37191
S214013EE0C0B2F6B208F10108ABE70646CBE700BF61
S214013EF060120020F7B5684604F0F2FB134E002569
S214013F004FF4A477B37EAB4201DC03B0F0BD346856
S214013F1007FB0544A36A03F01803102B13D10522EF
S214013F20694604F145001EF00EF960B101212046F4
S214013F3018F075F938B901201EF04DFE014610B192
S214013F40204601F067F90135DCE700BF601200206A
S214013F502DE9F74F13F0ECFD424BDA680092002290
S214013F60DA6013F0EBFD009B13B903B0BDE8F08FE8
S214013F7068461EF089FC82798768019002F10C047C
S214013F8004440146A07A10F0200F14BF032002203B
S214013F900A3202448A71FA6A52050FD5E07AA27A89
S214013FA042EA0022384617F050F938B901A81EF047
S214013FB04DFC3D21384617F03AF8D4E7BA6A94F832
S214013FC00AB0019912F400720BF0030013D0032813
S214013FD08A79EBD10A44127B392AE7D8224B23FA95
S214013FE002F2D307E2D54A7942F002024A71384614
S214013FF000F018FEB7E70328F5D0487962F34100D0
S2140140004871084694F8069094F905A01EF0A3FCA2
S214014010019DAC79063CE4B20646AC713846FEF723
S214014020A7FF0C3405EB04080BF0030BC0F30323C6
S21401403043EA0B13F6B288F8033088F80200A8F8B2
S21401404004602B4605F804A088F801905A796FF3AE
S21401405041025A711B68002BF8D1284617F005FA61
S21401406081E700BF601200207C2C020030B5D368C7
S214014070C4688BB01BBA0D46C1780293002361F366
S2140140800703817861F30F23417861F31743916841
S21401409009BA0391816809BA07915168126809BA89
S2140140A012BA049105920178426861F31F6312BA4D
S2140140B0CDE9082324BA069406AC00942346802250
S2140140C002A9012014F03DF90028F6D1DDE9081017
S2140140D0DDE9063200BA09BA12BA1BBA286069606D
S2140140E0AA60EB600BB030BDF8B5094F0446002658
S2140140F00CB90748F8BDA179E5796D1AEDB20C3116
S2140141002144B8192A461EF053F82E442468EFE7D6
S2140141109C120020F8B5094F0446002604B9F8BDE4
S214014120A079E5792D1AEDB20C30B91920442A464A
S2140141301EF03EF82E442468F0E700BF9C120020D3
S214014140104B1A7842F0F0021A701A7C42F0F00214
S2140141501A7493F8202042F0F00283F8202093F896
S214014160302042F0F00283F8302093F8402042F0ED
S214014170F00283F8402093F8502042F0F00283F8D2
S21401418050207047AC1300200368054A23F07F6374
S21401419023F4002302EAC14213430360704700BFC1
S2140141A00000F80FF8B544881E4E04F00704072CEB
S2140141B0054628D113F0BCFC0022110106EB0217BC
S2140141C0735C1B090F2B0AD00132062AF5D1164A59
S2140141D013880133138013F0B1FC1920F8BD2B6846
S2140141E07B801123735494B213F0A8FC18F06CFD75
S2140141F006EB0413D8602B6823F4E02343EA044358
S2140142002B600020EAE72301F15CC1F303120132BF
S21401421002F00F02052A28BF002262F30711F154AB
S214014220E4E700BFAC130020901E002038B5448898
S21401423004F00704072C05460FD013F079FC24017F
S214014240064A135D43F0F00313552B6843F4E0234D
S2140142502B60BDE8384013F071BC38BDAC130020AC
S2140142602DE9F047458805F00705072D07468946DD
S21401427037D01D4C4FEA051804EB051A14F80860F0
S21401428018F022FD3609DAF80C3006EBC50604EB09
S2140142904606C01A708014F8083003F00F02042A8C
S2140142A09EBF013262F3030304F80830B9F1030F2D
S2140142B014D114F8081004EB0514A01C01F00F012A
S2140142C018F08DFB044613F033FC3A68074B134095
S2140142D023433B60BDE8F04713F030BC4FF6FF7454
S2140142E0F1E7BDE8F08700BFAC1300200000FF7FB8
S2140142F0064A9268824208B507D0427922F0030244
S21401430042F00302427104F061FD08BD0C14002066
S21401431010B5064C20461EF099FA201D1EF096FA9E
S21401432004F10800BDE810401EF090BA0C140020FD
S21401433010B502201EF04FFC034C606002201EF0F8
S2140143404AFCA06010BD00BF0C14002008B5FFF7A2
S214014350DFFF034B0022DA60BDE80840FFF7E8BF45
S2140143600C140020014B5868704700BF0C14002045
S214014370014B9868704700BF0C14002038B50C4CF0
S214014380E3681BB1E36898470023E36023686BB1D9
S21401439007481EF079FA054640B123681BB14FF075
S2140143A0004004F0ABFC284617F065FC38BD00BFA2
S2140143B00C14002010B5064CE0604FF0004004F0ED
S2140143C09DFCE3681BB1E36898470023E36010BDDA
S2140143D00C14002038B58379034404465B7B13F044
S2140143E0300F437923F0030308BF43F00103437101
S2140143F013F09EFB2146054605481EF00EFB4FF0C6
S214014400004004F07BFC2846BDE8384013F096BB1C
S2140144100C140020F7B5144F7C68A3790C331C44A8
S21401442000F01AFB6679E6B116F0020519D136EAF4
S214014430000016D1E378B4F80920B4F80710A07983
S21401444001962479009401F003FB002808BF0C258F
S214014450B8682A4642F2410103B0BDE8F04016F0C2
S21401446098BF1125F4E700BF0C14002010B50D4CC1
S214014470626893790C331A441179D078B2F8073010
S214014480B2F80520003918BF0121003818BF0120F5
S21401449001F0DAFD42F242010246A068BDE8104092
S2140144A016F077BF0C14002010B5084C60688379AD
S2140144B018440F3000F09EF90023A0681A46BDE8A4
S2140144C010404FF6284116F022BF00BF0C14002002
S2140144D0242816D80F2805D802280CD8B0FA80F060
S2140144E040097047084B103880B2C34003F00103FF
S2140144F083F0010070470538012894BF0020012091
S21401450070470120704700BF2D2011002DE9F04FA4
S21401451095B0FFF727FF86790C3642F2360330F85E
S21401452006809845054600EB06040ED1FFF71AFFF4
S21401453002211EF062F9A3787F220233A370AA55E6
S21401454000232022627023776377E0780121FEF74B
S2140145502BF900230646002800F0D780CDE9123358
S214014560237A8DF84A30E37A8DF84E30A388E288B4
S214014570ADF8482013F01000B4F80920ADF84C202F
S21401458003F0050306D093B1E37D012B51D000253E
S214014590122614E07BB3E37D657E012B37D16B1EBB
S2140145A0DBB2022B09D800F057FA012338E04FF4AA
S2140145B08043DDE91212914220D900251126FFF72A
S2140145C0D7FE012332464146ACB216F0A0FE002DBE
S2140145D0CCBF0534053C24B2002E40F099800A2356
S2140145E094FBF3F4E4B2FFF7C3FEC3791844C47234
S2140145F015B0BDE8F08F4FF6FF73DAE71F29DCD957
S2140146009A42DAD8E37D657E0028BED1C5E7032B42
S214014610D3D16B1EDBB2022BCFD800F01DFA0423D8
S2140146200342CAD0032D08BF04252840C0B2002883
S214014630C3D0E07815F05AFD20B1A088FFF748FFF7
S2140146400028A4D0334A237F1278002A54D0042BA2
S2140146509DD8637F042B9AD8A388DB0653D418F021
S214014660B7FB0121C822084003F0B0FE94F91630CA
S214014670B4F804E0677EE18894F80C9094F815A0ED
S21401468094F818B003EB8303B0EB430F4FEA4302F1
S214014690637B0F93A37B109304F10F031193637F46
S2140146A00546E07DC8BF15B2B4F809200C93237FF8
S2140146B00B93E37E032808BF0420032F08BF0427BB
S2140146C0003B18BF01230A93A37ECDF80C90CDE9D9
S2140146D00873119B02931FFA85FC109B0193CDE989
S2140146E0060BCDE904AC0F9B009330465FFA8EF3C0
S2140146F015F0B8FD064662E7002B7FF45EAF637FD8
S214014700002BA9D059E70020ABE70546072656E758
S214014710002468E7051F0020F8B5074601200D466E
S21401472016461EF058FA0446C0B106220C2116F0B1
S21401473001FE691EA379C9B2032998BF084A03F18D
S2140147400C03234498BF525C9F8088BF00222046FA
S214014750DE70DA719A71FFF7CBFD0120F8BD00BF5C
S21401476007380300F8B5FFF7FDFD83791844B0F864
S2140147700F60B0B2FEF7E8FB0446C0B116F031FB9D
S2140147800138C0B2032814D80B4B1C5C0027FFF776
S214014790EFFD054604233A4642F2300116F0B7FD16
S2140147A0AB790C33E818C68004724472F8BD022750
S2140147B0EDE700242746EAE7073803000B4610B565
S2140147C00649074C0622002808BF214618461DF058
S2140147D0BAFCB0FA80F0400910BD00BF071F0020E8
S2140147E00D1F0020024B1A6802609B888380704769
S2140147F00D1F002013B50D4C28B103682360838874
S214014800A38002B010BDFAF761F8CDE900019DF86A
S2140148100230A370BDF80530BDF80020A4F80330BF
S2140148209DF8073022806371EBE700BF0D1F002063
S21401483010B5044613F07CF9064B22681A60A2886C
S2140148409A80054A137843F00103137013F076F942
S214014850012010BD071F0020061F0020024B1878FC
S214014860003818BF01207047061F0020024B1A6847
S21401487002609B8883807047071F0020024B1869DF
S21401488008B104F03BBA7047280D002010B53D4A28
S214014890002302F1100151E8001F02F1100C4CE850
S2140148A00034002CF5D140EA0104A10201D501F043
S2140148B0B5FD220101D503F0CBFA002C01DAFFF792
S2140148C05DFD630001D501F063FBA00001D5FFF794
S2140148D03FFBE10007D5FEF757F820B92A484FF00D
S2140148E0805117F01CFA620107D516F045FB20B976
S2140148F025484FF0806117F012FAA30105D518F08C
S21401490060FAFFF7F7FA15F0F6FBE00108D515F0A7
S21401491039FF072804D11C484FF0807117F0FFF9C2
S214014920610201D515F0E1FB220201D515F0D1FB9C
S214014930E30207D515F024FF20B913484FF4801180
S21401494017F0EDF9A00507D500F03AF920B90E48A1
S2140149504FF4007117F0E3F9E10507D5FFF732FAD6
S21401496020B909484FF4807117F0D9F9620503D5CB
S21401497016F0CBFC16F0CAFC230501D517F0D7F9C3
S21401498010BD00BF280D0020380D0020014601484B
S21401499017F0C5B9280D0020014B1B681840704759
S2140149A0280D0020044B10B5D3E9064204430A4300
S2140149B0C3E9064210BD00BF280D002070B51E4D8C
S2140149C02B68002B044603DAFFF7C0FC002031E019
S2140149D01A4E4CF20C000021FFF7E4FF002333606F
S2140149E024B163682B60A36803B133604FF00040C5
S2140149F0FFF7CCFF33680BB9114B3360114B1248EC
S214014A00AB6000232B7312F053FDFFF799FB204692
S214014A10F6F7D6FF70B92CB1B4F90E10B4F90C0044
S214014A2002F016FF18F0D8F903F02CFE03F0B2FDE1
S214014A300028C9D070BD00BF280D00201C1400201E
S214014A40EA0C00207D4801002C0D0020014BD3E923
S214014A5006017047280D0020054B9B69DA054CBFFF
S214014A60032001201B0548BF40F00400704700BF2B
S214014A70280D0020F8B517461C4606460D4603F0DD
S214014A8085FB1C4BBA7A53F8222053F820301A447F
S214014A90194B9C4224D9194B9C4214D9184B93FBB1
S214014AA0F2F3002BB8BF0333013C9A1004EBA304C6
S214014AB0B4FBF2F371682A68A1EB930102EB43029F
S214014AC071602A60F8BD0F4B0F49A3FB04435B09D5
S214014AD002FB03F303F6C313A1FB0313DB0AE9E7A7
S214014AE002FB04F303F57433084A8F33A2FB032356
S214014AF01B0CDFE75C3803004C6210001366660689
S214014B0040420F001F85EB515917B7D183DE1B4377
S214014B10024B1A6802601860704700BF2414002018
S214014B20024B00221A6000F0FBB900BF24140020DB
S214014B302DE9F843064615F08AFE0446002835D0CE
S214014B4045784DB912F0F4FF237863701B4B1B6850
S214014B506360257012F0F2FF4FF00108677837B9ED
S214014B6023781BB34FF4007004F0C8F81EE097FAE0
S214014B70A7F5B5FA85F508FA05F55FFA85F96368CC
S214014B8033B90E4B27EA050565701B686360E5E7D8
S214014B909B681BB963681B686360F0E7494630464B
S214014BA09847012805D163681B6863600120BDE84A
S214014BB0F8830228EED10020F9E700BF2414002074
S214014BC070B50E4E0025FEF71BFCA84201D8012049
S214014BD012E03068FEF7B8F950B93468FEF710FCF9
S214014BE00134B4FBF0F303FB104434600135EAE70B
S214014BF0FFF79EFF0028F0D170BD00BF20140020F3
S214014C0010B58379034404461B7B392B96BF044AAF
S214014C10FF21D15C1DF0F1FDA0790C30204410BDC0
S214014C200B3803002DE9F34105460C46019115F0BA
S214014C30FEFD830605D501A81DF008FE02B0BDE8FD
S214014C40F081019FBE790C36BB5D392B18D8164A08
S214014C5012F80380B8F1FF0F12D038461DF07BFE24
S214014C60013840450CD1114B1E6896B9A3792344EF
S214014C7021461A7B284602B0BDE8F04117F047B935
S214014C8001981DF0E3FDBA5D0199284617F03FF93A
S214014C90D4E773680BB93668E7E721462846984794
S214014CA00028F8D0CAE700BF0B3803002414002000
S214014CB037B504460D46202115F0BBFD2946204692
S214014CC015F024FE2146012017F0C8F921460020E0
S214014CD017F0C4F90120044A00900023214617F07A
S214014CE04EF903B030BD00BFE7BD020073B50C46F8
S214014CF01646054617F024FB80F001002946C0B28F
S214014D0015F08CFDC368012C9A7907D032462146EE
S214014D10284602B0BDE8704017F018BB13441022B5
S214014D20DB8A00922946034A002017F028F920461C
S214014D3002B070BD4DC3020037B5044617F040FB04
S214014D400321204615F093FD00250346044A0095ED
S214014D502146012017F013F9284603B030BD00BFE5
S214014D6033C202002DE9F347074602200E461DF026
S214014D7032FF0546002846D0B3790C333344002170
S214014D80B3F80480B3F806A0B3F8089017F075F8E6
S214014D902846FFF735FF02210446384615F067FD21
S214014DA0A4F804806081A4F806A0A4F8089017F07F
S214014DB04FFF08F10108B0FBF8F303FB18000223CC
S214014DC060806370AB79B371EA79F27103F10C001C
S214014DD0D21AD2B2291830441DF0EAF93946012018
S214014DE015F01CFD1022C660638900923946074AF9
S214014DF0012017F0C4F83846294617F03CF8002081
S214014E0002B0BDE8F0870720FAE700BF4DC30200F5
S214014E102DE9F34104460D460146012015F0FEFC3E
S214014E2001210746284617F028F82846FFF7E8FE2E
S214014E30064600F10108404603F052FCD6F8013060
S214014E40C7F812307379BB750221204615F00FFDA5
S214014E5029460746F080204617F00DF820230093D8
S214014E60044A3B462146012017F089F8002002B08B
S214014E70BDE8F08119C302007FB504460D46014620
S214014E80012015F0CBFC50E8003F43F4806340E876
S214014E900036002EF7D1204617F052FAD8B3204636
S214014EA015F0CDFC430715D5334632460DF10F01FB
S214014EB0204615F07DFF9DF80F30062B0AD82846B0
S214014EC012F0BAFA012200232046FEF7CBFC00209E
S214014ED004B070BD0E21284616F0CFFF2846FFF716
S214014EE08FFE0646FFF7B2FDC6F80510FFF7AEFDCA
S214014EF02946C6F80100204616F0BDFF03212046CC
S214014F0015F0B5FC0022034600922146034A012013
S214014F1017F035F8DBE70821DDE700BF37C20200EE
S214014F2010B5054C054A0649204617F073F9204688
S214014F30BDE81040FFF7ECBD28140020FFC30200B7
S214014F40AD500100F7B58B790C33CE18CB5C023B24
S214014F5004460D460F2B00F2A080DFE803F0089E02
S214014F609E9E9E739E829E9E2C689E9E9E4F12F0D3
S214014F70DFFD71780746204615F0C8FC2021204643
S214014F8015F057FC2146012017F068F8214600204D
S214014F9017F064F80123009300231846404A21467F
S214014FA016F0EDFF284612F047FA384612F0C6FD15
S214014FB0012003B0F0BDB3887288717815F0DEFE6B
S214014FC0204615F03CFC830708D42946204617F0F6
S214014FD0F7F90121204616F038FFE9E721460120BE
S214014FE015F01CFC2F4B82689A4203D12146012002
S214014FF017F004F8284612F01FFAEAE77778B67831
S214015000084612F019FA162F05D13246032120461A
S21401501017F0E6FBCCE72146012015F0FFFB83687D
S214015020002BC5D03246032120469847C0E70146EB
S214015030012015F0F3FB07462846767812F0FCF9B6
S214015040BB68EDE70146012015F0E8FB0746284658
S214015050767812F0F1F9BB68002BA9D0324604210C
S214015060E2E70146012015F0D9FB0F4B82689A4210
S21401507003D0284612F0E0F99AE7D6F80120D6F8D0
S21401508005302046FEF7EEFB284612F0D5F92146FC
S214015090012016F0B3FF02219CE7002089E700BF3C
S2140150A0B5C3020033C2020037C202002DE9F34144
S2140150B00C46054617F044F9A37900286BD00C334B
S2140150C0E61814F80380B8F1010F41D0B8F1080FC3
S2140150D039D0B8F1000F51D17189284616F03DFF3D
S2140150E0B188738872788B4294BF074600270929D6
S2140150F00B4638BF0923013B9BB29A420FD8002AC0
S21401510008BF0027F3883289084616F045FE40B9E5
S214015110204612F091F9012002B0BDE8F081474621
S214015120F0E7002FF4D02946002015F077FBC46085
S21401513073891022013B00921B4A9BB2294600202C
S21401514016F01DFFE7E72146284617F097F8E2E735
S214015150F188284616F001FF0746701C17F04AFE34
S2140151600028D5D0002FD3D02946002015F056FBB5
S2140151702023C4600093F3880C4ADFE721462846C3
S21401518017F01BFC0028C6D12146284602B0BDE810
S214015190F041FFF7D7BE23441B7B0E2BD3D021460D
S2140151A0284617F0F9FBEDE7ED4C0100D1C20200ED
S2140151B038B504460D4615F042FB42070BD420468F
S2140151C015F03DFB830706D429462046044ABDE870
S2140151D0384016F0B4BF284612F02EF9002038BD2C
S2140151E0394D010038B505460C4615F020FB00F098
S2140151F01800102806D121462846054ABDE8384041
S21401520016F09DBF204612F017F90C2038BD00BFDE
S214015210654D0100014A16F092BF00BF114E010014
S21401522070B505460C460146012015F0F7FA06460C
S214015230284615F004FB020704D5204612F0FCF8B8
S214015240002070BD33685B05F7D4284617F078F860
S21401525040B121462846FFF7ABFF18B91DF0BBFC4D
S214015260044630B121462846034ABDE8704016F090
S21401527066BF0720E5E700BF794E010073B5044617
S2140152800E4615F0D4FA00F0300010284FF0020058
S21401529031D11DF0A0FC054678B3437943F00203F3
S2140152A04371022116F0E9FD2846FFF7A9FC2946BD
S2140152B04670204616F0DFFD1621204615F026FB27
S2140152C02021204615F0B5FA2146012016F0C6FE2B
S2140152D02146002016F0C2FE204616F065FF012189
S2140152E0204615F0C4FA034601200090044A2146E0
S2140152F016F045FE002002B070BD0720FBE700BF98
S21401530061C202002DE9F04387B004460E4615F04F
S21401531096FA00F4C060B0F5C06F06D102201DF009
S2140153205AFC054610B9072054E000252146012005
S21401533015F074FA96F8068008F10C08B044814618
S21401534008F10F0300F1120208F11F0153F8040BD4
S21401535042F8040B8B42F9D10321304616F08DFD3D
S2140153603046FFF74DFC0A22074608F105010130D9
S2140153701CF0F9FE0C210DEB010003F01FF903AB45
S21401538003CBC7F80B00C7F80F10059BC7F81330FF
S21401539007F10B020DB30A21284616F06EFD2846CA
S2140153A0FFF72EFC2946204616F065FDC9F80C606D
S2140153B04FF48071204615F03CFA0321204615F083
S2140153C056FA002503460D4A00950120214616F09F
S2140153D0D6FD284607B0BDE8F08307F11303204643
S2140153E0012115F07AFE2046314616F044FDC9F833
S2140153F00C50204615F08DFEDFE700BF41C40200C9
S214015400F0B589B00D46044617F014F8AB790028BC
S21401541000F0A3800C33EA18EB5C033B082B00F288
S2140154203881DFE813F009003601360184003601C1
S214015430360136015D007E00D2F80100D2F8051073
S214015440B2F8097003AB03C302F1130301210B3257
S214015450204615F042FE0421284616F00EFD284689
S214015460FFF7CEFB0C21064605A803F0A7F805AB0F
S21401547003CB3346C6F80100C6F80510079A43F871
S214015480092F0021721C204615F027FE2146002018
S21401549015F0C4F903AA0346478303CAC3F81200EA
S2140154A0C3F8161020460821FDF778FD4FF4007169
S2140154B0204615F0BEF9204615F02BFE294620465B
S2140154C016F0D9FC0321204615F0D1F90346002039
S2140154D0714A0090214616F052FD012009B0F0BD38
S2140154E00B21284616F0C9FC2846FFF789FB2946FA
S2140154F0204616F0C0FC12F01BFB4FF44071054627
S214015500204615F096F94FF48051204615F099F98A
S214015510284612F013FB4FF48061204615F094F9EB
S214015520DBE7284611F088FF4FF40071F5E7062106
S214015530284616F0A2FC2846FFF762FB204615F027
S21401554048FC2946204616F096FC204615F007FE34
S2140155502146002016F052FDBFE72B441B7B043B7F
S214015560072BBBD801A252F823F000BF8D550100CE
S214015570B355010015560100DD540100DD5401004C
S214015580DD540100DD5401002B56010020464FF486
S214015590007115F04EF9AA790C322A4402F109037A
S2140155A020460132002115F098FD284611F044FFEF
S2140155B093E74FF48060FFF7EFF9B0B14FF4006165
S2140155C0204615F036F900272046CDE90577FDF788
S2140155D0CFFC0646204615F028F90095034605AA95
S2140155E03946B0B216F0D6FA77E72146012015F013
S2140155F015F900F11201204615F0C6FD06212846D0
S21401560016F03BFC2846FFF7FBFA2946204616F023
S21401561032FC62E7284611F00FFF2146012016F002
S2140156201DFD204615F09BFD57E712F081FA4FF459
S21401563000710646204615F0FCF84FF480512046CE
S21401564015F0FFF8304612F079FA4FF4C0612046A3
S21401565015F0FAF82946204616F00DFC21460120E1
S21401566015F0DCF8C268054682B193790C331A440A
S21401567002F1130301210B32204615F02EFD2046C0
S21401568015F047FDE968204616F0F5FB0023EB60B0
S21401569023E7002022E700BF41C4020010B5074CF3
S2140156A007492046002216F0B5FD2046FFF730FADE
S2140156B0BDE8104001200021FFF774B93414002022
S2140156C00154010038B505460C4615F0B0F800F057
S2140156D01800102806D121462846054ABDE838405C
S2140156E016F02DBD204611F0A7FE0C2038BD00BFD8
S2140156F00553010038B58B790C460C331944E35C2D
S214015700142B054603D0152B0FD0002038BD0131D0
S21401571016F068FF15212846224616F0ABFF2146F3
S214015720284616F0A8FB0120F0E70146012015F0F7
S21401573075F80B4B82689A4203D0204611F07CFE26
S214015740F1E7A17921440D31284616F04BFF20469A
S21401575011F072FE2946012016F050FCE3E700BF67
S214015760C9C6020037B504460A460D46142116F08E
S21401577081FF2946204616F07EFB0321204615F0C0
S21401578076F83022034600922146034A012016F09D
S214015790F6FB002003B030BDC9C6020010B5074CA9
S2140157A00749084A204616F035FD2046FFF7B0F9AE
S2140157B0BDE8104020200021FFF7F4B84014002077
S2140157C0F5560100CDC6020073B5ADF800208DF880
S2140157D002301E460446009B019301A80D46114661
S2140157E016F0EAFE9DF80630B34203D1BDF8043048
S2140157F08B4205D0284611F01FFE122002B070BD64
S214015800204615F084F99DF80230827A9A4209D131
S2140158108288BDF800309A4204D1284611F00CFE69
S2140158200020EBE76946204615F02DFC024A294682
S214015830204616F084FCE1E7655701002DE9F041AA
S21401584016461A43BDF8188007460C461D4605D174
S21401585020461146BDE8F04116F08BBF4146204672
S21401586016F067FB78B12146384614F0D7FF40237F
S2140158708674C5742146069338464346034ABDE8F6
S214015880F04116F07CBBBDE8F08100BF2BC80200DA
S214015890F7B505460E460146012014F0BFFF036822
S2140158A013F0F00F03D02946012016F0D7FB284647
S2140158B015F094FAB3790C3333445F789B781F4024
S2140158C00378C3F3030000EA1310384016F02BFFE9
S2140158D0044668B9284616F02FFF384016F023FF15
S2140158E0044628B9284615F07CFA01F0A7FF0446BD
S2140158F02846002115F00DF91721304616F0BDFA9D
S2140159003046FFF77DF9314644708470284616F01C
S214015910B2FA0321284614F0AAFF40220346009259
S2140159202946034A002016F02AFB03B0F0BD00BF4B
S214015930E1C7020008B581B2074815F0D3FC012083
S21401594000F0F6FC30B9054A536919075CBF43F00D
S2140159500403536108BD00BF541400204C140020FA
S214015960012383400649DB4301F1240252E8002F5C
S2140159701A4001F1240C4CE800200028F4D17047AD
S2140159804C1400200123074A03FA00F002F1240315
S21401599053E8003F034302F1240C4CE80031002990
S2140159A0F4D170474C140020044A536A4FF08040EB
S2140159B043F40023536203F0A1B900BF4C14002046
S2140159C038B51E4C4FF01013E3624FF4E0632386A4
S2140159D047F6FF73A4F8603094F86730012262F34B
S2140159E0030384F86730164A164B0025C4E91632BD
S2140159F06562FFF731F84FF48073A4F84830124B14
S214015A00E361124B84F856001A6865611378527880
S214015A10A4F8BC5013445B10294604F108006376D1
S214015A20A4F8B45015F05EFC294604F1940015F074
S214015A3059FCBDE8384017F0EFB900BF4C14002000
S214015A4055555500D6BE898EB1CA02001C140020D9
S214015A502DE9F0411F4C9DF81C609846636A0F467D
S214015A60D907154633D460B30120FFF78BFF626A6E
S214015A709DF8183084F8546022F4C07242EAC312CA
S214015A80052E626207D102F019F868B96D00ADB251
S214015A90BD4228BF3D4694F854309A0715D413F0FA
S214015AA0040F14BF0326012694F86730A78566F312
S214015AB0030384F86730E58584F830800120BDE86B
S214015AC0F0810120FFF74CFFD1E70226ECE700202A
S214015AD0F5E700BF4C140020024B586AC0F3800063
S214015AE0704700BF4C14002010B51D4CFFF7F4FFA3
S214015AF0636A13F0010313D1A8B994F8663094F8D9
S214015B003110253BDBB20133DBB2032B28BF002368
S214015B1041FA03F2D207F6D5253384F8663018E049
S214015B2094F8543010B194F85520134303F005034C
S214015B30052BE2D101F0C2FF0028DED194F86730D0
S214015B4003F00F02012A05D1032262F3030384F84E
S214015B50673010BD012262F3030384F86730CCE797
S214015B604C140020024B586A00F00100704700BF39
S214015B704C140020F8B52F4C40F27123E36018B1A5
S214015B80636943F01003636117F09EF8E28DE66CDB
S214015B90236DA78D151F40F271214D43AE4218D2D9
S214015BA0A3F5967301FB0733181AE76823893B446C
S214015BB083420EDA6369514343F01003891B636124
S214015BC08142D4BF21612061BDE8F840194800F048
S214015BD0B9BB40F271277A43A2F5AF722261FFF793
S214015BE083FFA28D236D07FB023363602365AE42FC
S214015BF04FF00003104AE3640DD3FFF76DFF1368FF
S214015C0038B19A791B7B617E0B4493420DDC637637
S214015C10DAE71A78F6E7FFF75FFF136838B1DA7943
S214015C20197B637E5B1A9342F1DA6276CCE75A7887
S214015C30F6E700BF4C1400201C14002038B50E4CAB
S214015C40054680B10320FFF78BFE002384F845301C
S214015C500123A4F846300420FFF782FEBDE8384051
S214015C601020FFF77DBE0520FFF77AFE0123A4F87A
S214015C70B83084F8B650EEE74C140020274B70B5C8
S214015C805A6A0D4609B3160747D503F1450603F1CF
S214015C90460428B3D1061FD52388012B1CD95B08DF
S214015CA023800420FFF75CFE1020FFF759FE16F054
S214015CB0CFFF2388B0FBF3F202FB1300307055B31D
S214015CC00320BDE87040FFF74BBE940625D503F1CF
S214015CD0B60603F1B804DCE70420FFF753FEE3E75A
S214015CE0D20314D5B3F84610B3F8482091420ED229
S214015CF02288520092B22280B3F84830934228BFDD
S214015D00134623801020FFF72BFE0420CDE710203A
S214015D10FFF738FEF9E70520D3E770BD4C140020E5
S214015D2070B54A4A054651681068AC79127A8AB04D
S214015D306B4603C30C3408201A702C44FEF72CFE65
S214015D4020B10122A11D28461CF063FDA3798DF820
S214015D500F30A37A03F00F0303F128026A440021EF
S214015D6012F8282CADF81020CDF82110ADF825102A
S214015D708DF82010062B08D8DFE803F0044F07073C
S214015D805F074B000D20FFF7FDFDA37AC3F38013D9
S214015D908DF81230E368CDF81330238AADF817304A
S214015DA000231A460DF113010DF1120014F0B1F99A
S214015DB0E3798DF819304FF47F43ADF81A307F231D
S214015DC08DF81C3063798DF81D300023ADF81E3038
S214015DD0AB791233AB711C2128461CF077FDAB79E9
S214015DE02B4403AC0C3309AE224603CAB2421860F8
S214015DF05960144603F10803F6D110681860294665
S214015E0013481CF00AFE4FF0804002F077FF0AB0FC
S214015E1070BD0D20FFF7A4FDB7E7D4F81230CDF81A
S214015E202130E38AADF82530EB79063BEB71A37A96
S214015E30C3F3C0138DF82030A7E7064B5B6A9B04BB
S214015E4044BF42F00102ADF810209EE7453803003A
S214015E506C1400204C14002070B583790C33C418E0
S214015E602379DA0702D44FF0FF3070BDA37AE27AC5
S214015E7003F00F05082DF6D8062D01D92846F4E7BC
S214015E80911F1F29EFD8012D1FD10C2AEBD1244ECB
S214015E90736A13F0060F01D1DB05EFD414F046F94F
S214015EA020B914F03AF90028E8D1DCE7A37A96F88D
S214015EB03020B2EBD31FC3F3C010D4D104F11201CA
S214015EC000F00100FEF77AFCEDE7042DD6D1144967
S214015ED0144A486A0240002AC5D0C96B0029CDD0B1
S214015EE08A790C3288188A5CC3F38013B3EBD21F0D
S214015EF008D014F01BF90028C0D114F005F90028C9
S214015F00BCDBB0E704F10C01062208301CF01BF9DB
S214015F10044614F00BF90028B0D1002CAED0ECE703
S214015F204C14002008000400F0B5184C606B87B0D4
S214015F3000B3A76BBE790C36FDF71AF80223FF21D2
S214015F40BA5DCDE90431BD19D20995F823305B0954
S214015F500393AB8B02936B8B01932B8B00930021E6
S214015F6005F1080380B215F02BFD606BFDF7AAFA68
S214015F7000236363A06B11F05FFA0023A363636AD7
S214015F8023F00403636207B0F0BD00BF4C14002089
S214015F9013B5154C11F0CCFD236A0193002323623F
S214015FA011F0CCFD019BA3B9636A1A0406D515F05E
S214015FB01FFAA0B1636A23F400436362636A1B039A
S214015FC005D5FFF7B1FF636A23F40023636202B0CD
S214015FD010BD01A81CF058FC15F075FAE2E74FF069
S214015FE0804002F08BFEE9E74C14002038B50E4DD8
S214015FF0044601F05DF8E86B18B111F01DFA0023B4
S214016000EB6315F07FF90948FEF710F9AB6B0BB19E
S214016010FFF7CAFC0448214600F0E4F9BDE8384021
S21401602003481CF013BC00BF4C140020541400207D
S2140160306C140020034B586A10F0050001D1FFF7DD
S214016040D5BF70474C14002070B53B4C636A1646AA
S21401605003F0010270B95AB111F06AFD636A23F0C8
S214016060010305466362FFF7E5FF284611F066FD6A
S214016070002070BD002AFBD19B0704D5E36BBBB1A2
S2140160800120FFF7DBFD94F8303003F0FD03012B10
S21401609016D011F04DFD0546C6B10E20FFF772FC75
S2140160A016F012FE42F2107303FB0600A06210E027
S2140160B002201CF090FDE0630028E1D10720D8E71C
S2140160C0FEF7CCFB0028E4D11220D2E70E20FFF722
S2140160D047FC0020FFF756FC636A13F00403C4D1A3
S2140160E0E364E38D40F27122023B5343E260236195
S2140160F016F0AEFD0323B0FBF3F303EB4303C31A21
S214016100253384F86630FFF7EFFC16F0DDFD60609E
S2140161102065B4F8BC00002808BFF520FFF70AFC8C
S214016120064B05481A681378527813445B10637659
S21401613000F008F999E700BF4C1400201C14002059
S21401614038B51A4C636923F010036361054600F005
S214016150AFFFB4F8BC302BB9A36813F4601F08BFB7
S214016160A4F8BC301148012100F03CF9104BE36162
S214016170636A5A0405D485F00100BDE83840FFF78C
S214016180F9BCA26A6168521A002AF4DA23F0010304
S21401619043F400436362FFF74DFF4FF0804002F087
S2140161A0ADFDFFF799FC0028E5D138BD4C14002061
S2140161B0B1CA020008B5FFF78FFCB0B10B4B586AA5
S2140161C020F0040210F001005A6203D1BDE8084035
S2140161D0FFF70CBF00F06CFF15F094F8FFF7E4FB37
S2140161E0BDE808400020FFF7ABBF08BD4C140020F7
S2140161F02DE9F04F314CA56B636BAE7900278BB060
S2140162000C36C4E90D7705EB0608079383468946E5
S214016210D8F824A001F0EAFDAA5D08F10806C2F349
S214016220C01231460DF127008DF8272013F086FFA6
S214016230CDE904B9636A0798C3F380230393FF2368
S21401624002939DF8273052463946CDE9006308F19E
S2140162500E03FDF7D5F9284611F0EEF8636A23F030
S2140162602402D907626205D40120FFF7BFFE0BB0F6
S214016270BDE8F08F124B94F854501A681378527890
S21401628013445B10052D637602D101F017FC40B96B
S21401629094F854309A070ED413F0040F14BF032554
S2140162A0012594F86730012065F3030384F867300D
S2140162B0FFF746FFDBE70225F3E700BF4C1400209B
S2140162C01C14002010B5074C2368DA0607D523F006
S2140162D01003236018B9A168012013F0EEFE002315
S2140162E0A36010BD0C150020014610B5044602201F
S2140162F013F0E3FE054B1B68D90305D463691A073F
S2140163005CBF43F00403636110BD00BF0C150020A1
S214016310014BD868DC3870470C15002010B5034BCC
S214016320DC6816F0D1FCDC3C201A10BD0C150020F0
S214016330034B1B6813EA004314BF0120002070477B
S2140163400C150020F8B5002303604369044658077E
S2140163500DD5204650F8081FC90C01F4FC7141F018
S2140163600501FDF711FF636923F0040363616369A7
S2140163702589D90603D516F0A7FC28446060184E77
S214016380606831462D1A51F8043F8BB923600C60C2
S214016390B3684BB1617E5A7E914219D26269D206C8
S2140163A00FD50020FFF78EFFBDE8F84015F0DCBCE6
S2140163B05A681F892A44D21B002AE7DA19461B6845
S2140163C0E3E75A681B6913441B1A002BECDBE8E76A
S2140163D01A895B68D31AE2680344D342E4D5E0E73E
S2140163E00C15002038B50B4DAB680446A342084691
S2140163F001D1FFF767FF6B68074A1BB1A342196813
S21401640004D11160BDE8384015F0AEBC1A460B4603
S214016410F3E700BF0C150020101500202DE9F3410D
S214016420634E33685C0700F18A80B368002B40F046
S214016430868056E8003F43F0040346E80032002A0F
S214016440F7D17468BCB116F03FFC01AA804601463C
S2140164502046276916F094FB08B9204622E06369B6
S2140164602568D8065CBF019BFF1AA5B96368DC37AF
S2140164701F44C6E9024756E8003F23F0040346E8F6
S2140164800035002DF7D1B468002C4BD102B0BDE821
S214016490F04101F017BD01AA4146284616F070FBEF
S2140164A018B92846FFF720FFCBE76B6928896A6889
S2140164B0D90648BF08EB0002DB07A2EB000005D4B3
S2140164C001992B695B1AE9685B1A18446368D91944
S2140164D0091A002919DD8F4204D9E168C01ADC3196
S2140164E081421DD96069C10711D42169D5F80CC054
S2140164F00B442189A3EB0C035B1AE1689B1ADC3180
S2140165008B4204DD6A6067462C462D68ADE7697EDE
S214016510637E9942F9D2C3069FD5EF686A60F3E7B6
S2140165200746F2E7A36813F4601FC3F3C24009D11C
S214016530336843F010033360214613F0BEFD02B00A
S214016540BDE8F08104F108073846FDF72BFE3368F5
S21401655043F0100333602146F8B913F0AEFDA3688B
S21401656013F4601F4FEAD341C3F3C24517D0013D70
S214016570EDB201F4FC7129433846FDF705FE03210F
S2140165803846FDF76DFE75B1A268237E1344120CE2
S2140165909BB212041343A360D1E72846CDE703213B
S2140165A03846FDF75DFE3846FDF740FEECE700BFD6
S2140165B00C15002008B5034B996809B113F07DFD51
S2140165C008BD00BF0C150020014B9868704700BF3E
S2140165D00C1500200A4B70B59C6884420FD12146E9
S2140165E0012013F06AFD6668258916F06DFBAD1B68
S2140165F0C54221464CBF0020022013F05EFD70BD4F
S2140166000C150020054B1B681B6A13F0100003D005
S21401661013F0030018BF0120704700BF1C150020AF
S2140166202DE9F341344B9C68A5790C356719635DF8
S21401663003F04F036355838D0622103B06468846BA
S2140166407A700D2B32D8DFE803F054315007310C45
S214016650313131313131310C635D6FF303036355F1
S21401666024E0625D006A012363F30302625510F4BD
S214016670006F4FF00C027A7006F12E0107F1080246
S2140166800CD001924FF0FF320092C0F380201A46E0
S21401669013F048FD635D43F08003E0E7D6F82E3043
S2140166A0BB608B889380336A5B05F3D4B28D635DE0
S2140166B062F345136355B91C304616F059FB635D0A
S2140166C060F386136355A3797A7802331344E37132
S2140166D0B38D03F01403142B04D0B8F1000FC4BF1C
S2140166E042447A7002B0BDE8F081635D62F3030351
S2140166F0B5E7635D0222F9E74812002038B529495B
S2140167000B7D4A7D0133DBB2B3EB921F04460B755A
S21401671003D303230B75002038BD016AC90234D5A3
S21401672090F87E200323243A92FBF3F303EB430312
S214016730D21A2532D2B2A18D94F87F30B4F9340042
S21401674084F87E2011F0100103F00F0323D116F018
S2140167503AFB01F095F8B4F97820824204F170050D
S21401676004D0A4F8780001F033FD6881284601F0D2
S214016770F3FB00221146104613F0A1FC94F87E00AC
S214016780002116F01FFB0120C6E75B001A4102F04C
S21401679003022532CFE702461946002001F016FE15
S2140167A0D7E700BF481200201F4B2DE9F0410446F1
S2140167B01860006C1D4E1CF0CEF801462046FFF70F
S2140167C02FFFA38D03F01403142BB36814BF226CA0
S2140167D000221A602046FFF791FFFFF713FF144BC4
S2140167E0051E144808BF184601F0ECFC636967688B
S2140167F003F0100816F068FA6D000346627EE8B2F0
S214016800B8F1000F03D1FF1AB7F59B7F07D51146E4
S21401681001F082FCB068BDE8F04101F051BC61684E
S21401682016F058FAF6E700BF1C15002048120020A3
S214016830C5680100116B010070B50546FFF7E2FE61
S214016840104B114E041E114808BF184601F0BAFC41
S2140168502846FFF753FF054660B133686000597E4E
S21401686000F0FE0001F058FC094BBDE87040986846
S21401687001F026BC01F0A6FC30682946BDE8704050
S214016880FCF760B8C56801001C150020116B0100FB
S21401689048120020034610B5094C052B20680AD083
S2140168A0062B0CD1002001F08DFC20680121BDE8EB
S2140168B01040FCF747B8BDE81040FFF7BDBF10BD5C
S2140168C01C150020032803D1024B1868FFF7B4BF3C
S2140168D0FFF7E0BF1C1500200C4B032810B51C6801
S2140168E00FD1206C1CF037F801462046FFF798FEC2
S2140168F0074B226C9B6820461A60BDE81040FFF7E4
S2140169009BBFBDE81040FFF7C5BF00BF1C150020A8
S214016910481200202DE9F8438B790C33CC18064633
S2140169202379DA0703D44FF0FF30BDE8F883E77A1E
S214016930252FF8D83C4B9A6893790C33D118D35C41
S214016940A27AC3F38013B3EBD21FECD1056AEB0630
S2140169504CBF02310431062204F112001BF0F3FB96
S2140169600028E0D194F80A9013F0E0FB05F4C04546
S21401697080F001032A1EC9F3801904F10C08414670
S214016980DBB218BF0122484616F0AEF9014658B1EF
S214016990A37A03F00F03032B16D1336A9807C2D5E7
S2140169A00C2FC0D10320C0E713F0C6FB0028BAD1D4
S2140169B0A37A03F00F03002DEDD0032B85F4C04519
S2140169C013D1A904AFD5E8E7052BACD1306AC207CD
S2140169D0A9D500F01403142B0CD004F1180016F0FE
S2140169E0F1F800289FD005209FE7052B9BD16B046B
S2140169F0ECD498E706F12E052946C0F3802013F063
S214016A008AFB0028E9D1A27A336AC2F38012C3F363
S214016A1080239A4287D10622294640461BF093FBE3
S214016A200028DAD07FE700BF481200202DE9F74F93
S214016A304FF0FF310746002401A8019401F060F8E9
S214016A40019949B13846FFF765FF032806D00528A6
S214016A504BD001A81BF0FAFE01203FE0DFF8A8802A
S214016A602848DFF8A89001F0ADFBD8F800302046A2
S214016A70597E01F075FBD8F800B0D9F80860DBF84C
S214016A8044001BF068FFB4790C3406EB040A335D4E
S214016A9003F0400343F00403054633550AF10201AF
S214016AA0584616F065F9335D60F386133355D8F80A
S214016AB00030D9F808005B6C002DA4BF06358AF8B3
S214016AC00150036001F0FCFAD8F800301B6ADB04C1
S214016AD007D50199384613F0EBFD002003B0BDE859
S214016AE0F08F01A81BF0B2FEF7E7019801F0C0F89D
S214016AF00199384613F085FD0028ADD0204601F0F7
S214016B0061FBEAE7D96801001C1500204812002045
S214016B100E4A032810B5146805D0042809D0BDE82C
S214016B201040FFF7B7BE617E0120BDE8104001F0BE
S214016B30AFBA2046FFF77AFF30B101F057F9204689
S214016B40BDE81040FFF778BE10BD00BF1C15002041
S214016B5038B50D460446002001F034FB01F046F935
S214016B6029462046FCF738FA014B00221A6038BD48
S214016B70201500200123074A03FA00F002F114034E
S214016B8053E8003F034302F1140C4CE8003100299E
S214016B90F4D1704760120020F8B5244F7B6913F4D6
S214016BA0C07F05460C4603D099063BD401200CE075
S214016BB039B15A0705D4D5F8A43013B90820FFF720
S214016BC0D9FF7B699B0601D50020F8BD7B7FAE6AA5
S214016BD0022B06F0080604D916B114B90220F4E710
S214016BE0E4B995F8921095F83701063100F00F00D8
S214016BF000F000FE85B20EB904B16D00FFF78EFB02
S214016C00A8420DDB7B6913F01C0FDDD11EB1002CF1
S214016C10DAD10520D9E7002CFBD1D5E70320D4E74C
S214016C200420D2E7002CCFD0C3E700BF60120020BB
S214016C3038B5124D6B69044643F400734FF4806116
S214016C4028306B6115F0EFFF0121204613F0FCFDA3
S214016C5000212046FFF7A0FF014620B12046BDE8EF
S214016C603840FFF775BF6869617E80F48070BDE8C3
S214016C703840C0F3002001F00BBA00BF60120020BC
S214016C8038B50C4B0446186000F5947001F064F9B1
S214016C902046FCF76DF9C4B2204613F01CFA0546EF
S214016CA0204613F01AFA29460246022013F007FA84
S214016CB038BD00BF2015002008B5002001F082FA7B
S214016CC001F094F8014B00221A6008BD201500203F
S214016CD010B50446FFF7D4FF064801F073FA616861
S214016CE0226C637E01EB9202BDE81040112001F098
S214016CF091B900BFC16F01003F4B37B51C68A26A4E
S214016D00002350050193D4F8A03012D504F1A40055
S214016D1001931BF0B9FDC4F8A00050B194F84631B8
S214016D20013B84F846314FF4806104F1280015F0E8
S214016D307AFFD4F8A0500DB9304B9D6894F94631CE
S214016D40022B0DDCD4F8A83013B1A36AD90502D5FD
S214016D50D4F8AC3023B14FF480512046FCF71EF92D
S214016D60D4F8A410A36AAA79002902F10C024FEA0A
S214016D70830314BF0121002103F00C0343EA01132E
S214016D80A95C21F01C0143EA0103AB540DD11B4A57
S214016D9002F1140353E8003F23F0080302F1140044
S214016DA040E800310029F3D102E00320FFF7E2FEBC
S214016DB0284601F085F9019B53B15B7903F00A037C
S214016DC0082B02D12046FCF7CFFB01A81BF03EFDA5
S214016DD06B799A070ED5A36A1B040BD50820FFF71B
S214016DE0C9FE4FF4004104F1280003B0BDE830406D
S214016DF015F019BF03B030BD201500206012002029
S214016E002DE9F04385B000230446032103A803932C
S214016E1000F076FE039D35B9F4212046FFF798FE73
S214016E2005B0BDE8F083AB79644F0C331D447B6934
S214016E302A79D6074ED4DD064CBF07200420FFF77B
S214016E4099FE002601212046FFF7A6FE054650B909
S214016E507869617E80F48070C0F30020400001F004
S214016E607FF9FFF749FF039800F002FFDDF80C8079
S214016E707A6998F80630510603F10C0308EB03090A
S214016E8015D458F803303B610620FFF773FEA36A5A
S214016E901A060CD404F1280252E8003F43F080039E
S214016EA042E800310029F7D10120FFF763FE494689
S214016EB0204613F0CFFC99F80430DB077BD5002E73
S214016EC052D11DB129462046FFF742FE03A800F025
S214016ED0F1FCA5E723F0100301207B61FFF74AFED2
S214016EE0AE7AF0062FD50220FFF744FEA36AAA7AEF
S214016EF083F00203C2F38002C3F340039A422FD108
S214016F0004F128004FF4006115F08DFE50E8002FC3
S214016F1042F4806240E80023002BF7D1A26A82F097
S214016F200202A2627B77AA7AA36AC2F3C00203F0C6
S214016F3001018A4285D183F0010316F00306A3629C
S214016F4018BF01267EE707F1140353E8003F23F03C
S214016F50040307F1140141E80032002AF3D1C5E722
S214016F607B7F0133DBB2DDE72046FCF701F8C0B2D8
S214016F7013F0B1F806462046FBF7FAFFCDF8048079
S214016F80A38F009382B200233146022013F09FF8AC
S214016F904FF0FF3103A800F0B3FD03998B790B4442
S214016FA0DB7D002B8DD02046FCF7FCFA002D3FF44C
S214016FB037AF294631E7002E83D0E9E7601200207B
S214016FC008B5124A0346042B10680BD002D8032BCF
S214016FD018D008BD053B012BFBD8BDE80840F121C0
S214016FE0FFF7B6BDFFF70CFF094A02F1140353E899
S214016FF0003F23F0200302F1140040E8003100298D
S214017000F3D1E6E7BDE80840FFF712BE20150020E1
S21401701060120020164B033810B51C68032818D8D8
S214017020DFE800F00702181E2046BDE81040FFF713
S214017030E7BE2046FFF7FCFD0E4A02F1140353E8B3
S214017040003F23F0200302F1140040E8003100293C
S214017050F3D110BDF1212046BDE81040FFF778BD01
S2140170604FF4806104F1280015F0DDFDF221F2E70E
S214017070201500206012002010B50446FFF700FE20
S214017080054801F09FF8FFF737FE627E616802202F
S214017090BDE8104015F01EBE15700100034B5B6A7B
S2140170A013F0060F0CBFE220F12070474C140020AD
S2140170B008B5FFF789FA054B834206D100F096FE24
S2140170C0BDE80840002001F07DB808BD4C14002042
S2140170D070B5214C214801F075F894F8673094F8A2
S2140170E0662003F00F030021C82015F06CFE00F0A7
S2140170F0C7FBB4F96020824205D0A4F8600001F015
S21401710067F8A4F86200164800F026FF0022114630
S214017110104612F0D4FF666815F0D6FD0246FFF75A
S214017120BDFFB61AB6F5FA6F054609DCFFF7F0F8AB
S214017130627EA0F5AF712846BDE8704000F030BF12
S2140171406668FFF7E5F8637EA0F5AF72314628461C
S214017150BDE8704000F05EBF4C140020FD750100D4
S214017160A414002038B500F041FEFFF7D7F840F22E
S2140171708A2398420D4C0CDDFFF790FF0546FFF77A
S214017180C7F8627EA0F5AF712846BDE8384000F02A
S21401719007BF15F099FDE36C62689B1A0344E3642C
S2140171A00020BDE8384015F090BC00BF4C1400200C
S2140171B0F7B5104C94F8455006460F462DB1013DE3
S2140171C084F84550002003B0F0BD0B4B1B6802202D
S2140171D0597800F0C5FF94F83030CDE900533A46AF
S2140171E0E06B0323314615F0A1FCE06B00F068FF6D
S2140171F00120E8E74C1400201C140020094A02F183
S214017200240353E8003F43F0080302F1240040E85A
S21401721000310029F3D1044B1B680120597800F096
S21401722037BF00BF4C1400201C140020438902897C
S2140172305B0040F2712043435B1AD0B24343120A0B
S214017240B3FBF2F3024A126811445818704700BFA4
S2140172504C17002030B58C1AE41A002C08DA124CB0
S2140172606468551A1D44B5FBF4F505FB0444214436
S2140172701344CB1A40F2E242B3FBF2F39BB24289CB
S2140172802BB9530040F2712404FB0311134601325B
S214017290B3FBF2F402FB143202819B1A40F2E24085
S2140172A000FB131030BD00BF4C1700202DE97043C2
S2140172B0064618469DF8183089461446E3B9C31E9B
S2140172C0012B8CBF02250325222100F093FA164BD1
S2140172D05B686D0040F2712808FB05F581446BB1CF
S2140172E021463046FFF7A2FFABB201464A4630467A
S2140172F0BDE87043FFF7AEBF0125E5E77389348922
S2140173000133B4FBF3F203FB1244F37934815B00DF
S214017310640008FB03F308FB04F404EB530404EBDA
S21401732009002844BDE870834C1700202DE9F04180
S214017330134E736A5B0780461BD58B790C33CF18C7
S214017340C8B9FD79CC583989284600F053FA044467
S214017350B8F1000F11D1033D012D94BF0323022381
S2140173605B0040F2712202FB034434647B7986F8A9
S2140173704430BDE8F0810125E4E70123F0E700BFD2
S2140173804C1400202DE9F04F1F46984B9D6B5B6A0D
S214017390AC798DB00C341646021E05922A5D069114
S2140173A008BF002161F345122A55314603F0400219
S2140173B03846C3F3801A039212F0BAFE05EB0408AE
S2140173C00790285D08F1080B5946C00912F0B0FE77
S2140173D0039B8146002B44D1002844D112F0A6FE1F
S2140173E080F00103DBB203F0010352463146384612
S2140173F015F07AFC0490002800F08A80039B002B8D
S21401740033D1B9F1000F75D1079B002B72D012F062
S2140174107EFE00286ED001220AA90DF1270012F087
S21401742089FE002874D09DF827302A5D591E4B42EC
S2140174304B41B3EBD21F6BD106220AA958461AF06C
S21401744082FE002864D13368C8F80830B388ABF8E8
S21401745004302B5D67F3C7132B554FF00009CA465E
S21401746019E00123BFE7039BBDE7604B5B6A13F49A
S21401747000791CD115F804A0CAF3801A484612F008
S2140174805EFE3368C8F80830B388ABF804302B5D6D
S21401749067F3C7132B55059B544E002B3ED196F828
S2140174A0B630002B3AD0013B86F8B63030E012F009
S2140174B02BFE002806DA15F804A04FF00009CAF3DF
S2140174C0801ADBE700221146104612F02DFE15F851
S2140174D004A08146CAF3801A0028CFD000230221D7
S2140174E01A4608EB010015F0F9FA2B5D60F38613D6
S2140174F02B55C3E77A1E57422B5D5741B7EBD31F77
S21401750006D10622314658461AF01DFE0028A4D0A0
S2140175100023049304980DB0BDE8F08F15F0D4FB5A
S214017520074613F077F9059B0093024639469DF806
S214017530583008F10E00FFF7B9FE2D4B059A1B686F
S2140175400746D9799AB9022000F00AFEB06B00F01E
S214017550B7FDB36B9A7913441F63FFF735F8254BD4
S214017560C361069BB3B9736A23F4806315E00020F8
S21401757000F0F6FDB06B00F0A3FDB36B1E489A79E0
S21401758013441F6300F01EFE069BC3B9736A23F4FF
S214017590806317E0736A43F480637362039B9BB155
S2140175A0B9F1000FB6D000231A46514608F1020081
S2140175B015F094FA2B5D60F386132B55AAE7736AD0
S2140175C043F480637362EBE72B5D0022C3F3C013C1
S2140175D059460AA88DF8283012F0ACFD2B5D9DF8AF
S2140175E0282062F3C7132B55DAE700BF4C1400209E
S2140175F01C14002003B30200C97701002DE9F04FE7
S214017600042885B01ED005D8032800F0CF8005B029
S214017610BDE8F08F431F012BF9D805384FF0010163
S21401762018BF0120FEF72AFB15F04EFB644AD36C07
S21401763051685B1A03440020D36405B0BDE8F04FDF
S21401764015F043BA03A800254FF0FF31039500F06B
S21401765057FA039858B1FEF7FFFB0828074603D8E8
S214017660584B1E5C30070AD403A81BF0EFF8544BA6
S2140176705B6A13F0060F12D0FFF774FD0FE0072FB9
S214017680039C13D14E482A46214613F031FE0028AA
S214017690EDD013F038FE10B10120FEF76BFA012190
S2140176A0084605B0BDE8F04FFEF7E8BADFF81081EE
S2140176B0FEF734FED8F8243013F00403814645D093
S2140176C016F0020342D0A0F55573002B0DDDA2790A
S2140176D00C3222440120917A0090C1F380130C32BF
S2140176E0C1F34011FFF74EFE0546204600F0C0FAF2
S2140176F021460120FFF71AFED8F82430D9072FD5E6
S21401770094F806B003F0800A0BF10C0B12F00EFD94
S214017710A34480F001039BF80A00BAF1000218BFE7
S2140177200122DBB20BF10C01C0F3801015F0DCFA7C
S21401773070B165BBD8F824309A0720463BD5F307CD
S21401774012D4730739D5FEF7EBFA90E71D46CCE75E
S214017750BAF1000F04D1514612F0EEFC0028E8D031
S21401776020460FF069FE1DE015F077FB78B1A9F20F
S214017770B249B9F1000F0ADDA0790C3020440C3073
S21401778010F8021CC1F38011FFF712FD0546042F05
S21401779003D1D8F824309907E2D57207E0D5204600
S2140177A0FEF7BEFA002D7FF47AAF60E705B0BDE8BC
S2140177B0F04FFFF723BD042FC3D10FF03DFE56E770
S2140177C04C1400204F380300032808B50AD1074897
S2140177D000F0F8FC064B012093F94410BDE8084080
S2140177E0FEF706BDBDE80840FFF708BFFD750100BE
S2140177F04C140020064B10B55B690C4610B101F025
S2140178003BF8034618795B8804FB003010BD00BFC7
S214017810480D0020084B10B55B690C4610B101F00D
S2140178202BF803465A88A2423BBF1B79A41A0020B4
S214017830B4FBF3F010BD00BF480D00200138C0B204
S21401784003289ABF014B185C002070475838030084
S2140178508BB20029054AB4BF053B05331BB20A218A
S214017860108093FBF1F39370704700BF981E0020C1
S214017870024B9B78C01A40B2704700BF981E00208A
S214017880024B1B88C01A00B2704700BF981E00202A
S214017890074B186840F20D1338B9002BC1BF4433AB
S2140178A04522B3FBF2F0C0B270470068453BF3E7F0
S2140178B0480D00202DE9F041064610F039F907463B
S2140178C0FFF7E6FF35460446286818B16CB9284626
S2140178D01AF0BCFF31680A481BF09FF8384610F0D2
S2140178E02DF900233360BDE8F081D0F800801BF04D
S2140178F066F92B68013CC3F800802D68E4B2E3E723
S214017900480D0020024BDB6B03B11847FEF752BE51
S214017910480D002010B5064AC043131D53E8003F2A
S2140179200340141D44E800310029F6D110BD00BF04
S214017930480D002010B5054A131D53E8003F0343C8
S214017940141D44E800310029F6D110BD480D002071
S21401795070B519461546064610461C4615F0A9F997
S2140179602A46454D2346304615F0A8F9D5E90623A3
S21401797000EA020401EA030654EA060313D063018F
S21401798004F0806010D56B68180623D43B4B234067
S21401799093BB3B4B06F020022340134356D12046AF
S2140179A0314615F082F970BDA4F1080333431CD1AA
S2140179B0EB7A012B42D16B68D90743D50323EB72CF
S2140179C06B8C013304206B84FFF79CFF012015F0BC
S2140179D071F9E4E72B1D53E8003F23F08003291DCE
S2140179E041E80032002AF5D1DDE7A4F10C03334368
S2140179F017D115F05FF9DBE724F0011323F4A04358
S214017A003343C6D1EB7A012B18D16A6840F20143A1
S214017A10934314BF002303230520EB72FFF772FF85
S214017A20BDE7231F334302D115F045F9B7E704F14B
S214017A307F433343AAD1EB7A022B0FD0042015F0F3
S214017A401EF9ACE713F40063BAD1B8E70420FFF7D8
S214017A5071FF4FF0006001F051F9A0E76B689A07DB
S214017A6006D50423EB722B8C013303202B84ABE762
S214017A7013F02003F7D1F5E7480D0020015001006F
S214017A800DD50155014B986A704700BF480D00207F
S214017A9010B5064CA06A19F090FF28B9A06A19F033
S214017AA08EFF00F0010010BD0120FAE7480D00200E
S214017AB0014B986A19F085BF480D0020024B5868A3
S214017AC0C0F34020704700BF480D002010B50446A3
S214017AD04FF40070FFF71EFF084B986A19F073FF0A
S214017AE038B10CB9002010BD4FF40070FFF722FF2B
S214017AF0F8E7002CF6D00C20F5E700BF480D002073
S214017B002DE9F04F0468594D89B006468846002C89
S214017B1048D0A77920460C371AF01DFF27440A38AB
S214017B203C89B8F1FF3FA4EB000402D04445A8BF4E
S214017B304446B5F83890B0EB090713D4002C0EDD97
S214017B406D6B36683D44FF2C224629463046A8BF59
S214017B50FF221AF05EFE241A36680544F3D109B0F6
S214017B60BDE8F08FA9EB0009296BD6F800A0A14566
S214017B70A8BFA14601EB000BC846B9F1000F0DD016
S214017B804246FF2A59465046A8BFFF221AF041FE38
S214017B90B8EB0008DAF800A08344F1D1A4EB09049D
S214017BA04F44CBE7A86A03AA032119F067FEBDF884
S214017BB00E700294A146E8620A3702AC09E023601F
S214017BC01B682B602368C3F800902368002F1C46AF
S214017BD011DD2B68453F002BF1D101201AF0FBFF88
S214017BE0034620600028F1D1019002A81AF02EFE6B
S214017BF0019B3360B3E72B1D53E8003F43F00803B6
S214017C002A1D42E80034002CF5D14FF0006001F047
S214017C1075F80298BDF81020437943F001034371CB
S214017C20069B30606B63059B2A872B638379BDF8BF
S214017C300E200C3303441C711A819DF80C20297AFE
S214017C409971072ADC711FBFAB8C0133AB846B8C37
S214017C500ABF012203F1FF331A714FF00A0118BF60
S214017C606B841AF0CAFD346853E700BF480D002044
S214017C702DE9F04187790C37C41986B0237913F0C2
S214017C80020805461BD1174E43F0020323716A46CC
S214017C90D6E90A0119F0F6FD2389B06A033369466D
S214017CA0ADF8043019F0F0FD009BEB519DF90E0084
S214017CB0FFF7DEFD6071B37A022B03D8E37106B0DD
S214017CC0BDE8F0819DF81130012B04D0022B04D0C1
S214017CD02BB90423F2E70323F0E70123EEE784F848
S214017CE00780ECE7480D002037B5124B00F00F0473
S214017CF01B88ADF80430012C15D0022C15D18DF857
S214017D0004400D4D6B6842F222000340A3420ED0A0
S214017D10FFF700FE2046FFF70DFEA86A01A919F03D
S214017D203EFD03B030BD2024EBE70024E9E7002048
S214017D30F7E700BF80380300480D00202DE9F04327
S214017D40124F85B002234FF0000881461046CDE958
S214017D5002180E461546FB7214F0A9FF0090797AB8
S214017D60B86A02AB424608F0AFFA044650B9484634
S214017D70FFF7BAFF2B4604464246012130463D73C3
S214017D8014F091FF204605B0BDE8F083480D0020B1
S214017D9037B5144B00F00F041B88ADF80430012CE6
S214017DA014D0022C16D000240F4D6B6841F601004A
S214017DB00340A34213D0FFF7ADFD2046FFF7BAFDFF
S214017DC0A86A01A919F001FD03B030BD04238DF89E
S214017DD00430E9E78DF804404FF40064E4E700203E
S214017DE0F2E700BF80380300480D002038B5104C7C
S214017DF0E37A23B100221146104614F053FF002502
S214017E002846E57214F056FFA06A0122032119F0F4
S214017E1054FCA06A2A46012119F038FD8020FFF79C
S214017E2079FDBDE838404FF44050FFF783BD00BFF1
S214017E30480D002008B5FFF7D9FF044AD38C01335B
S214017E40D3840620BDE80840FFF75CBD480D00203E
S214017E50F8B51B4D6B68590704D50420FFF75AFD8A
S214017E60FFF7E8FF6B681A070FD50FF061FE0646AD
S214017E70FFF70EFD124F044624B101201AF0ABFEA7
S214017E800146A8B930460FF059FE6B68DB0615D5DA
S214017E901020FFF73FFD00F001FD78B10FF048FE1E
S214017EA00446FFF7C7FF2046BDE8F8400FF046BE80
S214017EB03846013C1AF0BBFDE4B2DDE7F8BD00BF71
S214017EC0480D002010B50022084C1046114614F04B
S214017ED0E9FEA06A08F0BCF914F0EFFE20461AF09D
S214017EE0B5FCBDE810400820FFF714BD480D002082
S214017EF0014B986A19F0A3BD480D002038B5154C02
S214017F00A37A8342054610D0431E042B08D8DFE827
S214017F1003F0030D11161800A06A08F0F7FD20B94A
S214017F202846A57200F0A8FC606138BDA06A14F06E
S214017F30CDFEF4E70121A06A14F0CAFEEFE70321A3
S214017F40F9E7FFF7BBFD0028EAD0A06AFFF7D0FFEC
S214017F50E5E700BF480D002073B504460F4D408984
S214017F6000F094FAA07B287214F074FE6872E07B2D
S214017F70002600F00F00FFF7C1FF0096D4E90021AC
S214017F80A37BA86A19F07AFD32463146304612F0D4
S214017F9096F8206814F090FE02B070BD480D0020DF
S214017FA02DE9FF4100231A4E00938DF80C30C0F3E3
S214017FB040134FF001088DF80E30C0F3001304464D
S214017FC0154686F80B808DF8048002918DF80D30E9
S214017FD0FFF7DEFE28B1042014F051FE04B0BDE820
S214017FE0F081284614F063FE717A03466A46B06A49
S214017FF008F076F92A460746C4F3801140463573E1
S21401800014F050FE12F05CF8002FE4D1E6E700BF52
S214018010480D00202DE9FF411C4E02921D4600230B
S2140180200F46019301210393C3060446F17200979C
S21401803005D573691B888DF80D1013440293C4F39C
S214018040401328468DF80E3014F031FE717A03463F
S2140180506A46B06A08F044F928B1042014F00FFE0D
S21401806004B0BDE8F0812046FFF792FE2B4680461D
S214018070C4F3801201213846357314F014FE12F051
S2140180801FF8B8F1000FE8D1EAE700BF480D00205D
S21401809038B50A4D01230C46EB72FFF779FE10B195
S2140180A0042014F0ECFD2B7BA34204D922460021C8
S2140180B0012014F0F7FD12F003F838BD480D00203A
S2140180C0F8B5044611F0FDFFA179E279114E521A76
S2140180D00C3107460123B06AD2B2214419F0C8FB1D
S2140180E0E579A379ED1A57FA85F524680CB9356157
S2140180F0F8BDA179E279B06A521A0C310023D2B2E6
S214018100214419F0B5FBE379A2799B1A55FA83F558
S214018110EBE700BF480D0020F8B5104E02230D46D0
S214018120F372FFF7E1FD044620B1BDE8F8400420F4
S21401813014F0A5BD284614F0BAFD2A460746214686
S2140181400120357314F0AEFD717AB06A3B462246C3
S21401815008F0ACF80028E8D1F8BD00BF480D0020B3
S21401816038B5094D02230C46EB72FFF7BDFD10B181
S214018170042014F084FD2B7BA34204D9224600215F
S214018180012014F08FFD38BD480D0020014B587BAF
S214018190704700BF480D002068B1084B194653F8D8
S2140181A0042F0AB18242FAD25B1A9B10013BDBB262
S2140181B0034A537370470123FAE700BF5C38030094
S2140181C0480D0020014BD863704700BF480D0020C2
S2140181D073B50F4B0F4E9B7DFF2B044615D1ADF8A3
S2140181E004000023B06A8DF803300DF1030201A9E3
S2140181F008F046FC9DF80350B06A22462946F6F779
S214018200FFFB40EA052002B070BD034B1D78F3E783
S214018210981E0020480D0020921E0020044BC2B27A
S214018220C0F30721986A82B002B0F6F769BC00BFB6
S214018230480D002010B50D4C0021A06A19F095FAE2
S2140182400B49A06A19F0E9FAFE21A06A19F0D4FADE
S214018250A06A08F02DFA074BB3F910208242C8BF76
S21401826018821A8A9A805A8ADA8010BD480D002030
S214018270921E0020981E0020F0B5154C85B0B4F96A
S2140182801070ADF80210ADF80420ADF806304FF0CE
S214018290C8124FF082136946CDE90223ADF80000FB
S2140182A002AD04200B46B1F9002035F9026BBA4243
S2140182B0A8BF3A46B242A8BF3246013821F8022B7F
S2140182C0F1D103CB034BA060596005B0F0BD00BFF0
S2140182D0981E0020A01E002073B50546F6F78CFCFC
S2140182E0314E036833608388304CB3800023A3701B
S2140182F0238033788DF80130FF2D18BF1D46A575F4
S2140183002B4DA86A0DF103030DF102020DF10101D7
S21401831019F04EFB9DF8013040B90133DBB20D2B4D
S2140183208DF80130EDD9012002B070BDA27DFF2A83
S21401833000D0A3758DF8053033709DF802308DF8A6
S21401834004300198FFF76AFFC828A8BFC8209DF827
S21401835003308DF8043020820198FFF75FFF154B3C
S2140183609842B8BF18466082B4F91000FFF730FF94
S214018370ADF804000198FFF751FF2082B4F912000E
S214018380FFF726FFADF804000198FFF747FF4FF609
S214018390FF73A382642360821A4618461946FFF7C4
S2140183A06BFF0020C0E700BF921E0020981E002031
S2140183B0480D00200CFEFFFF034A0346B2F90600F3
S2140183C00BB1FFF75DBA7047981E0020084B10B539
S2140183D0B3F9044030B903EB4103B3F906309C42CC
S2140183E0A8BF1C46A242A8BF2246104610BD00BF29
S2140183F0981E0020014BB3F912007047981E00200A
S214018400014BB3F910007047981E002073B506465D
S2140184100FF08EFB0C4D0446B5F91200B5F910307D
S214018420B042B8BF30469842A8BF1846FFF7D0FE04
S214018430ADF804000198FFF7F1FEE880204602B08F
S214018440BDE870400FF07ABB981E002073B5064653
S2140184500FF06EFB0C4D0446B5F91000B5F912305D
S214018460B042A8BF30469842B8BF1846FFF7B0FEE4
S214018470ADF804000198FFF7D1FEA880204602B0AF
S214018480BDE870400FF05ABB981E0020F0B5C0F34F
S214018490072585B0FE2DADF8040027D0144C9DF8B5
S2140184A004700FF045FB637DAB4206460ED0114BC0
S2140184B018689B88ADF80C300F4B029002A9986A99
S2140184C08DF8085019F0A9F9FF232375237DBB42C7
S2140184D006D0094B3946986A19F08EF927756575E5
S2140184E0304605B0BDE8F0400FF028BB05B0F0BD42
S2140184F0981E0020921E0020480D00202DE9F0470E
S214018500DFF8449086B007460E4614460DF108087B
S214018510A9F1100ACDE900980B4B3A468021504646
S2140185200FF044FF0028F5D1102C254628BF102552
S21401853030462A46414619F03BFE641B2F442E4422
S214018540E8D106B0BDE8F087231F002030B589B01A
S214018550202269460D4DFFF7D1FF6A4604AB14464B
S21401856003CC9C4228606960224605F10805F6D1D5
S214018570074C08AD1A4603CAAA422060616013463A
S21401858004F10804F6D109B030BD00BF131F002066
S214018590231F002010B588B0694620200FF05EF931
S2140185A0044630B96846FFF7D1FF034B012283F832
S2140185B02020204608B010BD131F002070B5134BB5
S2140185C093F820308CB005460C460BB9FFF7E2FF56
S2140185D00023CDE90033CDE9023354B91C222146EC
S2140185E005A8049419F0D9FD04A8FFF7AFFF0CB055
S2140185F070BD102C264628BF1026294632466846EE
S214018600FFF77CFF3544A41BE7E700BF131F0020DC
S2140186102DE9F84FDFF86890D9F800B08246884611
S2140186201746BBF1000F28D099F804500026B54232
S21401863007D13D7099F80400A84214BF012002201A
S21401864017E074196110C1EBC1015944C4F3470422
S214018650887900F00100B8EB000003D106225046ED
S21401866019F071FD002806DB02D0661CF6B2DEE7C3
S2140186703C70BDE8F88F2546D9E70320F9E700BF2F
S21401868044170020014B00221A717047441700203E
S214018690F8B5124C05460FF04BFA637985F30705DA
S2140186A0AB42064605D1002430460FF047FA204675
S2140186B0F8BD206865710027277110B10FF04AF8E0
S2140186C027606379002BEED0C5EBC5000FF024F8C8
S2140186D020600028E7D160710724E5E744170020F1
S2140186E0044BD3F8012002605B7903F01F0303718A
S2140186F0704700BF341F0020F0B5244B002918BF77
S2140187000B4614461268C3F8012022795A710021DB
S2140187108BB019700125C1F3C402CFB2A65C01F07B
S214018720070205FA02F2164207D01A7802F1280665
S2140187306E44013206F8287C1A7001312529EAD1E7
S2140187401A7828B16946981D19F032FD0BB0F0BDB4
S214018750002AFBD005330126C0F3C405C1B2675D0C
S21401876000F0070506FA05F52F4208D1B1FBF2F530
S21401877002FB15110AAD55FA81F111F8281C03F810
S214018780011F01302528E7D1E0E700BF341F002094
S214018790034B002818BF03460B449879704700BF67
S2140187A0341F002082EA12421FFA82FC8CEA01037F
S2140187B093FAA3F31BBA9BB203EB031363449BB276
S2140187C093FAA3F31BBA9BB203EB031363449BB266
S2140187D093FAA3F31BBA9BB203EB03136344154A44
S2140187E08CEA030C1FFA8CFCA2FB0C23ACEB0302F5
S2140187F003EB52035B0903EBC30100B503EB8103F3
S2140188000D4AACEB0303002818BF0246C3F3C401AC
S214018810114403F0070ED8B24978012303FA0EF388
S214018820194201BF13780CFB03F302EB1342907954
S2140188305DF804FB4D91CFBA341F0020064B074A62
S2140188401A60074B074A1A60074B084A1A60084B1A
S214018850084A1A6001207047981200201DCE0200B7
S2140188609412002055CE0200901200201BCE02006A
S2140188708C12002057CE02000528044B08BF0320A7
S2140188800622013802FB0030704700BF8238030021
S214018890014B986D80B27047005008400A4B5868EB
S2140188A000F07060B0F1106F0CD008D8B0F1E06F36
S2140188B008D0B0F1006F14BF002001207047B0F15E
S2140188C0406FF8E70120704700400840431C07B599
S2140188D0014606D00023CDE90033034A034810F0D1
S2140188E05CF803B05DF804FB03CF020074180020A7
S2140188F070B50E461546044610B302F0DDFC08B30B
S214018900236813F4807F114B1CBF01221A70104A92
S2140189101B7814600F4A16600F4A15601BB902F0E7
S214018920C1FC02F0A9FC0EF0EBFE02F08BFB0B4B38
S2140189300B48197802F092FBBDE8704002F052B97C
S214018940212070BD40F20440FBE700BF601F0020FD
S214018950601700205C17002058170020FE1F00201B
S214018960197702002DE9F04186B00EF09DFE974B77
S214018970974D1A78974911200EF0C6FC2B685A6855
S2140189805423B2FBF3F2002392B2512118460EF0A3
S21401899051FC0446002840F00B810EF00FFD10F04C
S2140189A0A6F8044610F0A5F8844240F2D08010F0F4
S2140189B09EF881B20023012210200EF03BFC0446F3
S2140189C0002840F0F580844B1968844B186807F03E
S2140189D0F7F800F05FF90446002840F0E9802B68BC
S2140189E01C7F002C00F0B680102C28BF102419F034
S2140189F079FE621C81B20023D2B208200EF01AFC66
S214018A000446002840F0D480754A76490D200EF0C1
S214018A1045FB06460446002840F0CA800EF0C4F91D
S214018A208DF806606E46324606212C2000F008FAC4
S214018A3060B9304614F0F3FF10B1302840F08C8056
S214018A403C2000F01BFA2C2000F018FA9DF80630A6
S214018A50190740F1928096E80300ADF80C10090C56
S214018A6002908DF80E109DF8063013F0280F07D1EE
S214018A70DDE90201ADF80410090C00908DF806102E
S214018A802B681869002840F08D802B68586900F023
S214018A9047F92B6893F82220D20700F18D8010F059
S214018AA00CF802A902460746286814F02EFA044676
S214018AB000287DD108F09EF904AA0221322000F098
S214018AC0BFF928B9BDF810104FF0FF3018F0CEFEF0
S214018AD010F015F8044600286AD1012000F0D0FCF9
S214018AE0414B18681AF0DAF90446002860D115F0EF
S214018AF05DFC044602F0A2FE804614F0CFFF41461C
S214018B000246204613F014F90446002850D12B687B
S214018B101B689B050CD4B7F5FA7F09D90FF001F84D
S214018B20012107460846F7F7E5FF38460EF0FDFF38
S214018B302B689A692D4B1A6014F035FA2C4B186085
S214018B40304600F039FD2B480EF0A2FA30E00FF067
S214018B50D0FF2EE704244AE704AA01213C2000F0B6
S214018B606FF940B99DF81030012B14BF49237223C9
S214018B708DF806306AE74923FAE7F5F7A7FECDE94F
S214018B800401030C8DF80A30BDF81530ADF80B3032
S214018B909DF817308DF80D304923ADF808008DF893
S214018BA00E3060E714F084FE044600283FF46DAFF3
S214018BB0204606B0BDE8F08193F8230015F0E9F8E9
S214018BC000283FF46CAF40F20C44F1E7FE1F002092
S214018BD06017002019770200C4190020C819002068
S214018BE0ABCF0200A7CF02005C1700209818002028
S214018BF094180020CD88010002480022032119F0B4
S214018C0016BD00BF2C190020F8B5114814F0CAFF94
S214018C10E0B914F0C8F90F4D0D4E286006F10C07A7
S214018C20286814F0B0FE0EF0FBF80446304614F047
S214018C30B5FF10B9384619F009FE02F0C3FA08B9B3
S214018C40002CEDD1BDE8F84014F027BFF8BD00BFF9
S214018C50100B00209418002008B5054B1B782BB983
S214018C6014F035F9B0FA80F0400908BD0020FCE7A1
S214018C705F1F002010B5054C01232370044B1B68B1
S214018C8003B198470023237010BD00BF5F1F00206B
S214018C90981800200D4B98420DD8023B984210D8E8
S214018CA070B1023B98420ED020F0704020F4604034
S214018CB000F590607047064B9842F5D140F21C4093
S214018CC070472120704740F21B4070470AE000F0D1
S214018CD00BE000F0024B4FF080525A60704700BF25
S214018CE000ED00E0044A002352E8000F42E800319C
S214018CF00029F9D1FBF7CABDA0180020064A52E8A0
S214018D00003F034342E800310029F8D1034B1B68BA
S214018D1003B11847704700BFA01800209C18002018
S214018D20034B002814BF02461A46024B1A607047CE
S214018D30D58C01009C18002037B51C68E10705D5C5
S214018D4014F014FE1649174819F079FCA20723D52A
S214018D5001F022FBD0B9144D01900EF0E9FE044655
S214018D60284619F091FD019020460EF0E7FE019885
S214018D7090B143799B070CD401A8022119F066FE35
S214018D80019801F0F9FA14F0A0FDE6E714F09DFD54
S214018D90DEE701F0E5FAF6E7002003B030BD00BFDC
S214018DA0240B00202C190020A418002008B5054823
S214018DB00EF006F8044B1870BDE8084001210EF0CD
S214018DC00FB800BF340B0020611F002038B50446E1
S214018DD048B10EF0ADFE21460546084819F01DFEC5
S214018DE028460EF0ABFE064B022193F900000DF06B
S214018DF0F7FFBDE83840FFF73DBF00BFA4180020CD
S214018E00611F0020F8B50C4B0C4F04460E4638681F
S214018E101968154606F0D4FEFFF73CFF50B93868CE
S214018E2033462A4644F4802107F0E0F8BDE8F840CE
S214018E30FFF730BFF8BD00BFC4190020C8190020D5
S214018E40F8B50C4B0C4F04460E46386819681546A3
S214018E5006F0B6FEFFF71EFF50B9386833462A46BD
S214018E6044F4802107F0D2F8BDE8F840FFF712BFBE
S214018E70F8BD00BFC4190020C819002038B50A4B38
S214018E800A4D19680446286806F09AFEFFF702FFA5
S214018E9040B9286844F4802118F0EAFBBDE8384060
S214018EA0FFF7F8BE38BD00BFC4190020C81900205E
S214018EB02DE9F043134B0E461968134B8DB005464A
S214018EC01868174606F07CFE80B9009733460A22DA
S214018ED002A9284607F0BCF80DF1080904464FF030
S214018EE00008444505D1002CEFD120460DB0BDE861
S214018EF0F08359F8041B284618F0BAFB08F101085C
S214018F00EFE700BFC4190020C8190020F8B50C4BC4
S214018F100C4F06460C463868196806F051FEFFF7F6
S214018F20B9FE054648B9E24316FA82F2386842F4B9
S214018F30802246F48021FFF7BBFF2846F8BD00BF1C
S214018F40C4190020C8190020034B00221A609A8019
S214018F50FF229A71704700BF841F0020064A1379CA
S214018F60834207D9126801238340134214BF0120AC
S214018F700020704700207047A8180020054A0346C5
S214018F801068002208B91A607047C10748BF01324D
S214018F904008F7E7A8180020014B1879704700BF72
S214018FA0A8180020102A2DE9FF4706460F46154649
S214018FB023D8DFF84C80DFF84CA000244FF00109DD
S214018FC0D8F8002009FA04F3134213D046EA042025
S214018FD040EA0A006A46E9B280B2FFF731FF48B9B3
S214018FE02A463946684619F0AEF818B960B204B098
S214018FF0BDE8F0870134202CE2D14FF0FF30F6E7D0
S214019000A81800200080FFFF2DE9F3411D4E0546FC
S21401901001460622304619F096F820B996F9060060
S21401902002B0BDE8F0810024EF1CA0462046FFF701
S21401903095FFD8B13B88CDF800806946ADF803307E
S214019040E0B2BB788DF8053016F097FD21280DD0DB
S214019050A8B903222946684619F075F830B92B6875
S2140190603360AB88B38060B2B071D9E70134202C8D
S214019070DCD12B683360AB88B380FF23B3714FF02C
S214019080FF30CDE7841F0020034B93F906300133F0
S21401909001D1FFF759BF7047841F0020F7B504467A
S2140190A014F020FD631C39D114F0C6FC4FF40041C6
S2140190B00846FFF749FFFFF729FF4B4B4B480025B2
S2140190C0214620221D6019F068F8284602F05CF956
S2140190D0474D0446FF267CB93720FFF7CFFE424AAC
S2140190E00C2143F6FF70FFF78DFE404A2021382001
S2140190F0FFF788FE002017E094F97530013305D09C
S2140191002B7843B91321204615F052F9204602F078
S2140191103BF90446DFE784F87560F7E72046FFF77A
S2140191201DFF18B940F2064003B0F0BD6B4606229B
S2140191300021204613F06BFF00283CD049236846E7
S2140191408DF8063014F07CFC2A484FF47F4140EA43
S21401915004200840FFF7DAFE2349E3B201229A40D1
S2140191600B6823EA02030B60234B93F90630A342F4
S21401917001D1FFF7E9FE0B791C4A0020013B0546A9
S214019180C1B2994221DBFF260020D65402F0FCF83A
S214019190174F0546002DA2D095F97530A34205D18B
S2140191A03B78EBB91321284615F002F9284602F060
S2140191B0EBF80546EEE76B4606220121204613F042
S2140191C026FF0028C0D07223B9E75656A64200D023
S2140191D025B1551895F90150555401250130CFE7B1
S2140191E085F87560E2E700BFA8180020641F00201C
S2140191F0621F00200080FFFF841F00202DE9FF4131
S214019200354C064601A8FFF7B9FE2379019A934229
S2140192101ED86279012A40D100274FF0FF383D461B
S21401922010E02368EB40D9070BD5082202AB1146A4
S21401923068B213F0ECFE20B1039B43453CBF2F46BA
S2140192409846013523799D42EBD378B2FFF726FF86
S214019250236813F0010529D0002501220135202DB0
S21401926018D002FA05F71F42F8D13B432360A368E2
S214019270194A013373610C2143F6FF70A360FFF7AF
S214019280C1FDA8B1236823EA07032360A368013B55
S214019290A36073614FF0FF3519E0022AFAD10F4A35
S2140192A0134413F9010D421CFBD0CFE70127DCE77D
S2140192B022790A4C013AD2B22146601C18F053FFBB
S2140192C06DB22246202138202570FFF79BFD2846E7
S2140192D004B0BDE8F08100BFA8180020641F00207C
S2140192E0F0B54A4C89B0002501AA04213F2025701B
S2140192F0FFF7A6FD00B101952570454C019E22465B
S2140193000C2143F6FF70FFF79BFDC0B10D23A38030
S214019310019B2560032BA56011D803AD2A461421B5
S21401932043F6FF70FFF78CFD48B995E8070084E81F
S214019330070022460C2143F6FF70FFF763FD019BF1
S214019340042B06D004210DEB01023F200191FFF70B
S21401935059FD304A20213820FFF772FD28B12D48EB
S21401936020224FF0FF3118F018FF237903225B000B
S214019370B3FBF2F3284A1370FFF7E6FD00252379C5
S2140193809D420DD3012E06D83D20FFF777FD00251F
S21401939023799D4215D314F055FB002009B0F0BD8A
S2140193A02368EB40DB070AD56FB2082203AB1146F0
S2140193B0384613F02CFE10B93846FFF76FFE01351C
S2140193C0DDE72846FFF7CAFDF0B16EB202AB042214
S2140193D00C21304613F01BFE04280AD1029BC3F36E
S2140193E000238DF80C30012203AB0C21304613F01C
S2140193F0E0FD0023CDE90333CDE90533102203ABAD
S2140194000D21304613F0D5FD0135C1E7621F00205E
S214019410A8180020641F0020631F0020F8B5114B18
S21401942004461879104B00221D46D1B2884205D950
S21401943013F9017BA74202F1010604D10B4B1B78FD
S2140194408B4202D9F8BD3246EFE70749481C18F0AF
S2140194508AFE2C70BDE8F840034A20213820FFF729
S214019460D1BC00BFA8180020641F0020631F002085
S2140194700149024819F0E3B8440B00202C190020DA
S2140194800A4B1022DA8228216422C3E906124FF61B
S214019490FF721A8402225A60002283F82B200F22C0
S2140194A083F82D0083F82C20704700BFB4180020E5
S2140194B038B502F023FD40B9094B1A6893F82A1013
S2140194C0243203464824994200DC38BD04FB03F5E8
S2140194D05559ED0601D40133F5E70120F5E700BF44
S2140194E0B418002038B5124C94F82B30F3B16268EA
S2140194F012F001051AD104F1080004F057F8636868
S21401950043F004036360FFF7D3FF78B194F82C307F
S21401951008484EF6602253434FF482712A460DF0F6
S214019520E1FD18B9636843F00103636038BD00BF0D
S214019530B41800202C19002022F00042052A10B58C
S2140195400DD0B2F5827F13D0032A06D1114A536893
S21401955023F00203536002F0D9FC002010BD0D4A2F
S2140195601B88118D9942F8D1002313850120F5E758
S214019570084B5A6893F82B4022F00102012C5A60DE
S214019580F4D102F009FAFFF7ADFF204602F008FD1C
S214019590ECE700BFB418002000487047C31800204D
S2140195A0044890F82B1000F10F020830012918BF6B
S2140195B010467047B4180020F0B4827912F0280FD4
S2140195C0034626D0144A0168C2F80F108188A2F813
S2140195D013108179517592F82A6011680025AE4200
S2140195E007DC5368F0BC43F004030320536002F029
S2140195F0D7BC4C6A14F4404F08D1186808609F889D
S2140196009879887144F008048F804C62013548319E
S214019610E5E72120F0BC7047B41800204379024AE0
S2140196209B09D05C704700BFB43803000B6810B5C7
S21401963003608B888380FF2A044602D10723A37127
S21401964009E0032A08D8054B9B5C8371072B02D1DE
S214019650FFF7E4FFA07110BD0023F0E7B838030060
S2140196608379024A03F00703D05C7047AC380300E5
S21401967010B582798B79094C02F0070203F00703D3
S214019680A25CE35C9A4206D1062218F05CFDB0FAB1
S21401969080F0400910BD0020FCE700BFA43803009D
S2140196A07FB5134B03930E4605460446A0B114F04E
S2140196B087FF78B900223146204615F0B6F8022811
S2140196C007D10123009303AA04233146204613F051
S2140196D075FD0DB104B070BD204614F040FF044680
S2140196E00028F7D014F06CFF0028F5D1E2E700BFA0
S2140196F00100FFFF2DE9F04F97B08346099114F062
S214019700A5FE099883790C33C518C45C19F023F9B2
S2140197101E2C099F064624D8012C26D9C54BE340AA
S214019720DA0722D5384697F8068019F014F9BBF8FF
S2140197300A2083B29A4228D214F0010240F0A18096
S21401974004F07F03522B00F09C801E2C00F09980C1
S214019750099B009321460423584614F0BFFB21249D
S2140197600CE004F07F03522BDCD021460097062341
S2140197700022584614F0B2FB41F20614584614F083
S2140197806AFE204617B0BDE8F08F4744013B3A7B9E
S2140197901E2A9BB242D8012ACED9023A1C2ACBD81D
S2140197A001A151F822F000BF399801003997010054
S2140197B03D9801003997010033980100399701005F
S2140197C0299801003997010039980100399701005D
S2140197D03D98010039970100419801003997010031
S2140197E029980100399701006F9801003997010007
S2140197F039970100399701007398010039970100E4
S21401980077980100399701003997010039970100CF
S21401981039970100399701007B980100522A26D01A
S214019820D22A89D10D2B05E0062B0FD0142B83D11C
S2140198300CE0052B80D909E0022BF8E7042BF6E7AC
S214019840032B7FF679AFDB073FF576AF022C00F0EE
S214019850F380DBF800309B689F0516D40BF14400BB
S21401986018F0F4FF099BCBF84430002486E7012B5F
S214019870E0E7032BDEE7012BD9E7002B7FF45CAF93
S214019880E4E709A818F0E2FF69E71E2C584600F045
S214019890928314F095FE0746002840F082805846D1
S2140198A014F089FE00287CD004F07F03522B00F0D0
S2140198B0BC80082C68D1B6B2152E14BF0220102029
S2140198C0691D14F063FE00285ED0DBF81430D8075B
S2140198D049BF23F0010343F00103CBF814303946A6
S2140198E05CBFCBF814300121584614F080FE09986D
S2140198F00D9014F061FAB0F80180B0F803900446B8
S2140199000D9819F028F8152814BF022510250534DE
S2140199102146284603F020F821460390284614F0F5
S21401992035FE0490B8F1000F00F04481C84500F2FE
S21401993041810D9A0221092014F061FABBF80A70E0
S214019940023FBFB282463E4640464FF0FF35039A7D
S214019950494615F01CF90446002800F06D8114F004
S214019960E9FE002800F0858101222146584614F0C0
S2140199708BFF03468DF82E00002800F020810D9AFB
S214019980009222460821A4E0DBF8143013F0010609
S2140199903CD023F00103CBF814300021584614F0D4
S2140199A026FE1E2C63D8032C66D9231F142B63D8DE
S2140199B001A252F823F000BF8D9C0100799A0100A4
S2140199C0799D0100799A0100EF980100799A0100CA
S2140199D05F9E0100799A01007D9E0100799A01003F
S2140199E0939E0100799A0100859A0100799A0100F7
S2140199F0879F0100799A0100799A0100799A0100FE
S214019A00A39F0100799A0100AD9F010043F0010375
S214019A10CBF814300121584614F0E9FD00961223C4
S214019A2032462146584614F059FA09A818F00EFF96
S214019A301BE700BF54554541099D934C284614F039
S214019A40BBF92188B0F801602A46584614F05BFA43
S214019A502388BBF80A10B34228BF3346172BB8BF7A
S214019A601723ABF80A30584614F0DCFCFDE6522CFE
S214019A7000F09082D22CD8D0099B009300220623B6
S214019A80214626E0099F384614F096F90546B0F8B7
S214019A900180B0F803A0384618F05DFF152805F1DF
S214019AA005010CBF2046022002F056FFB5F805302E
S214019AB004900793B8F1000F07D0D04505D815F0EC
S214019AC0BDF950B90097102301E0009701234246E3
S214019AD01021584614F002FAC7E63A460221112030
S214019AE014F08DF9BBF80A3003939E1E063B9BB219
S214019AF00590B6B244464FF0FF350893049A514696
S214019B00204615F044F8814668B3079A514615F089
S214019B108BF80446484614F00DFE40B94FF6FF7325
S214019B209C4201D00134A4B25445E7D91BE04FF062
S214019B300003ADF834300DAA0CAB4946584614F074
S214019B4040FF039ABDF834300690053A9A42089AC7
S214019B50D8BF1346002DADF8343009DB9D4202D143
S214019B60EB1CB34208DB691C1CD100970A23AEE745
S214019B70351F9D42A8BF1D46042211A93846ADF8DF
S214019B804490ADF8464019F024F906992A4638461D
S214019B9019F01FF9043E4FF6FF73761B9C42B6B2CE
S214019BA0C0D1E0E7059B04355D703946584601F0A3
S214019BB0DFFC5AE60D9B009301234246E2E6049B36
S214019BC013B1204614F09AFD204614F0CBFDD8B10F
S214019BD0002D54DC0DA818F039FE082358468BF8E2
S214019BE01C3050F80C2B92F870208DF844208DF81C
S214019BF0483011AA002340F20251ADF84640ADF8B4
S214019C004A3018F058FD30E6ADF844000DF12E0349
S214019C1011AA2146584614F0D4FEBDF844300590EA
S214019C20BB4228BF3B46002DADF844300ADBAB42B1
S214019C3002D16B1CB34209DB6A1C0D9B1FD100933A
S214019C400A23BAE7B51E9D42A8BF1D4602220CA9EB
S214019C500D98ADF8304019F0BCF805990D982A46D4
S214019C6019F0B7F8023E4FF6FF73761B9C42B6B268
S214019C70E2D0601C80B28145BFF469AEDCE70235F4
S214019C800D998AF8015091E7DA0C0020DDF824904E
S214019C90484614F091F8B0F80180B0F80330049308
S214019CA0B8F1000F41D098453FD84A460221052019
S214019CB014F0A5F8BBF80A400590023C4FF6FF7772
S214019CC0A4B24546BA462946584615F03BF85045D3
S214019CD0064649D04FF400622946584614F0D4FD92
S214019CE000283CD1304615F0C5F800280CBF0223E9
S214019CF01023574503931ED0304615F0BBF8069047
S214019D00384615F0B7F8069B834203D1039B01330F
S214019D10A34211DB384615F0ADF8059B01305870AB
S214019D201946584614F0C3F89FE5CDF80090012374
S214019D3042460421CDE637460DF146013046ADF8E0
S214019D40445002F05FFE039B11A99A1C484619F085
S214019D5040F8039B023CE41A5545A4B2DAD0049BB2
S214019D600135ADB2AB42AED24FF6FF739F42D1D1B1
S214019D70CDF800900A23DBE7DDF82490484614F07E
S214019D801BF8B0F803A0B0F80530B0F801600393F3
S214019D900746484618F0DFFDC51FADB20024102D5A
S214019DA00C9458D82A46F91D0DA818F001FA002E71
S214019DB053D0564551D84A460121072014F01FF8C2
S214019DC0A046074633460A249A45049307D9BBF8AA
S214019DD00A00394613F0F6FF0328049B04D8B8F1AD
S214019DE0000F1AD039469CE7ADF84430039BADF816
S214019DF048300DAB13930BAA0DF12E0311A958464B
S214019E00ADF846A0ADF8505014F03AFF0A280446C3
S214019E10E5D0BDF82C3030B11E46CDF80090234673
S214019E203246062155E6ADF83030BDF82E30ADF895
S214019E3032300CAA0423BBF80A00394613F0CDFFD2
S214019E40BDF82E304FF6FF729342CBD001339BB252
S214019E504FF00108B8E70424DFE70124DDE7099C99
S214019E600A238BF81C30204613F0A6FF2346002257
S214019E70B0F80110584613F071FAF6E4099C204632
S214019E8013F09AFF0C238BF81C30B0F803202346FE
S214019E90EEE7DDF82480404613F08EFF0546404687
S214019EA018F059FD0023441EBBF80AA08DF8343083
S214019EB061D014F001075ED120460DF02DFC064658
S214019EC000285ED00AF1FF332246691C039318F07E
S214019ED06FF9424601210F2013F091FFB14604901D
S214019EE0002C04DC30460DF035FC049919E739F8EE
S214019EF0025B01222946584614F0C6FC023C8DF846
S214019F00340068B9284614F037FB10B1284614F01F
S214019F10F5FB284614F026FC60B180238DF834301A
S214019F2030460DF017FC9DF83430CDF800802A46F7
S214019F300E21CEE50DAB294611AA584614F041FD77
S214019F409DF834300146002BEAD1039BBDF844202E
S214019F50DB1B9A42C2BF0AF1FF33DB1BADF844306C
S214019F60BDF84420404618F034FFBDF8443098420E
S214019F70B8D31F44B4E7042300258DF834302E46A9
S214019F80CEE71123F8E7099AB5F80110584613F001
S214019F9083FA6AE4099AB5F80110584613F0D7FA1D
S214019FA063E40999584613F011FB5EE46978584654
S214019FB013F077FB39E513F094FB36E57FB5174AC6
S214019FC01368064623F0080342F60520136014F0D2
S214019FD019FE054650B1684602F0B0FB002014F0A9
S214019FE0BEFA044620B92946FFF75AFB04B070BDF5
S214019FF0102204F12101684618F0A5F838B10121B4
S21401A000204614F0F4FA636923F0010363611EB17C
S21401A0103146204614F0C7FE2046E0E79819002096
S21401A02007B5837801916A46082104488DF8003007
S21401A03018F041FB03B05DF804FB00BF2C190020AB
S21401A040054B0022C3E90322C3E905221A70DA612F
S21401A0504FF6FF725A84704708190020014B1860AA
S21401A060704700BF041900200D4B827813B55A6063
S21401A070B0F8032091B2102910D040F60344A14253
S21401A0800CD041795B8C8DF80210ADF804200548A0
S21401A090ADF800306A46052118F00DFB02B010BD80
S21401A0A0081900202C19002073B5837901900C3310
S21401A0B0C418C35C132B0ED8042B10D9053B0E2BEA
S21401A0C00DD8DFE803F01E0C0C1E0C0C0C0C0C1645
S21401A0D01A0C0C0C2300302B13D03E2B1BD0FAF796
S21401A0E047F9019B834202D001A818F0AFFB02B0EA
S21401A0F070BD2046FFF7B8FFF1E70F4BE2785A60D4
S21401A100EDE701A9204602F063F8E8E701A9204639
S21401A11013F0C7FCE3E7094E0025019B3BB156F857
S21401A120043B01A92046013598470E2DF5D101A81B
S21401A13018F08CFBD3E700BF08190020BC380300D9
S21401A14007B500F013F920B103B05DF804EBFFF793
S21401A150ABBF00F017F9019018B1054B1B681BB196
S21401A160984703B05DF804FB01A818F06FFBF8E709
S21401A17004190020024610B1022804D07047034893
S21401A180032118F054BAFFF7DBBF00BF2C190020DB
S21401A190024B1A78024B53F8223018470819002050
S21401A1A0F438030010B504460120FFF7F1FF034B16
S21401A1B01C70BDE810400020FFF7EABF0819002018
S21401A1C010B50621044642F2050013F084FB23680D
S21401A1D0C0F80330A388A0F807300648FAF7EAF873
S21401A1E013F0BDFB407920B113F0B9FB407940F480
S21401A1F0805010BD71B5020010B5062104464FF619
S21401A200284013F068FB2368C0F80330A388A0F841
S21401A21007300648FAF7CEF813F0A1FB407920B1D3
S21401A22013F09DFB407940F4805010BDA944010015
S21401A23038B505460C4669B9022142F21B0013F0F7
S21401A2404AFBB5F86E30A0F803300D48BDE838403B
S21401A250FAF7B0B8122142F21A0013F03CFBB5F837
S21401A2606E30A0F803302146053004F1100351F892
S21401A270042B40F8042B9942F9D10248E6E700BFC7
S21401A280BBB70200F7B70200014818F0FDBA00BFDD
S21401A290181900202DE9F3410D46B0F86E10019211
S21401A2A040F6FF73994205D101A818F0CFFA02B023
S21401A2B0BDE8F0811146134601229BBB1E4818F0EB
S21401A2C0ACFBFFF7E1FF04460028F0D018F043FB93
S21401A2D06379A66803F001086FF30003074663710C
S21401A2E00421204618F07BFC43798179B6F86E206C
S21401A2F08660044668F300030C314371DB43625405
S21401A300084403F00103C2F3032242EA0312427037
S21401A310478022463046294613F0C8FB2046FAF706
S21401A32059F8CEE75C79986024F0030414435C7115
S21401A33000221B68C1E700BF1819002070B5074C42
S21401A3400546206800B970BD8368AB4204D1066833
S21401A3500DF072F82660F4E70446F2E718190020BB
S21401A3600146014818F059BB1C190020014818F095
S21401A3708BBA00BF1C1900200146014818F04DBBDE
S21401A38014190020034BD86818B103F10C0018F01B
S21401A3907BBA704708190020044BDA6822B958695D
S21401A3A0003818BF012070470120704708190020A7
S21401A3B00138C0B20A289ABF014B185C00207047CA
S21401A3C0FC38030007B5064818F05EFA0421019030
S21401A3D00DEB010018F03AFB019803B05DF804FBA1
S21401A3E030190020F7B5186810F0020003D0164E99
S21401A3F0316811B9012003B0F0BD002404222346C0
S21401A4000DEB0200019418F017FABDF80630DB07D1
S21401A41002D4FFF7D7FF04460C4F002557F8043B3C
S21401A42023B1BDF804002146984748B13368002B94
S21401A430E0D0074B022193F900000CF0D1FCD9E7DC
S21401A4400135062DEAD1F1E7301900203419002034
S21401A4508B1F002010B509480CF0B2FC084B0949C7
S21401A4601870002420200C600DF030F8064BC3E96C
S21401A4700044C3E90244C3E9044410BD540B002060
S21401A4808B1F0020301900203419002070B5084EAB
S21401A490002596F82A30ECB2A34200D870BD2046BB
S21401A4A001F014F910B1204601F036FC0135F0E751
S21401A4B0B418002013B5C37A0093B0F80930D0F869
S21401A4C00520D0F80110007801F0B8FB04460348D7
S21401A4D000F086FE848002B010BD00BF2002040397
S21401A4E037B5FF230DF107008DF8073001F030FC7A
S21401A4F0044604489DF8075000F072FE848085717A
S21401A50003B030BD2003040138B54B795B0705461F
S21401A5100C460CD414212046054A13F0C8FA2179BA
S21401A520204613F075FB10B9A3791C44257438BD79
S21401A530243903008378132B10B50C4608D1054B3C
S21401A5401B6803B198472046BDE8104018F07EB955
S21401A55010BD00BF4C19002010B50021044600783C
S21401A56013F075FA48B16178207813F05AFE044664
S21401A570034800F035FE848010BD0224F8E700BFD2
S21401A5802002560110B54178007801F095FB04468B
S21401A590024800F025FE848010BD00BF200256024E
S21401A5A0024B00201870024B187070478D1F002058
S21401A5B08C1F00202DE9F04383780D2B91B00D46BA
S21401A5C04FD109AC821C00F11A0326461068516867
S21401A5D0274603C708329A423C46F7D113883B8088
S21401A5E01C21284618F032FABDF826402F6814F0D0
S21401A5F00C043ED1384618F0AEF9A0F10208A04589
S21401A6000DDA4FF0FF3400239C428DF81C301EDB20
S21401A610A31C0122394607A818F00EF917E0631C9F
S21401A6200122394605A818F007F99DF81430012BC8
S21401A630E9D023460122394607A818F0FDF89DF80F
S21401A6401C3013B101331C44D9E78DF81C3001F0DE
S21401A6504FFC012808D0022843D050B9284618F0EC
S21401A660F5F811B0BDE8F0839DF81C3013F0010F2A
S21401A670F4D09DF82F0000F011FC07469DF830003D
S21401A68000F00CFC0DF11C099DF828200DF12901A4
S21401A690804605A8FEF7CAFF9DF836200DF1370162
S21401A6A04846FEF7C3FF134B1B78DB071ED405A8ED
S21401A6B012F0A6FC044605ABCDE90145CDF80090A5
S21401A6C042463946304600F017F82B68002BC5D0B5
S21401A6D0CDE9004505AB42463946304616F036FE12
S21401A6E0BCE79DF81C3013F0030FC1E74FF0FF34B1
S21401A6F0E1E700BF8C1F00202DE9F74FB0F802C03C
S21401A7000C9F9DF934A0DDF838B01CF0100F0646FA
S21401A7101C4633D05FFA8CF51CF0080F184614BFA0
S21401A72005F0080505F00F0513F05EFE8146384674
S21401A73013F05AFE96F90F30019380465A46134895
S21401A7407678042113F0F8FA019BA0B1057122680E
S21401A750C0F80520A288A0F8092080F80B9080F8A0
S21401A7600CA0437386733B68C0F80F30BB88A0F813
S21401A770133080F8158003B0BDE8F08FCDE90DAB3E
S21401A7800C9703B0BDE8F04F13F076B960390300BB
S21401A79010B50021421D03790446084618F046FB11
S21401A7A0024648B16188208812F031FE044603480B
S21401A7B000F016FD848010BD1A24F8E720020A0274
S21401A7C013B50446007813F0C4FE70B10023CDE93A
S21401A7D00033E278B4F8011012F0AFFF04460448E3
S21401A7E000F0FEFC848002B010BD2524F7E700BF10
S21401A7F020020A0408B50649064817F020FF064954
S21401A800064817F01CFF06480CF054FF002008BD50
S21401A8106C0B0020541900207C0B002050190020DE
S21401A820640B0020014813F0B9B900BF100B0020DB
S21401A83030B5114B994285B00D46144619D1930097
S21401A8400FD503A902A80CF0E1FC0823E1B201939D
S21401A850039B00930022029B41F00051284617F00B
S21401A860D1FE064813F032FA00B10471012005B09A
S21401A87030BD0020FBE700BF50190020D43903008B
S21401A88022F00042B2F1A04F08B504D1034813F0FC
S21401A8901DFA012008BD0020FCE700BFD8390300DF
S21401A8A070B5FFF7BFFF90B1FEF776FE00260446AF
S21401A8B02046FEF7D5FE0546064800F091FC868048
S21401A8C02268C0F80620A2884281057370BD024C3A
S21401A8D00226EDE720090115B039030008B501F09D
S21401A8E079FBBDE808400249024817F0CCBE00BF1C
S21401A8F08C0B00202C190020F8B50E4E05460020C2
S21401A900307100F041FD012704466CB16DB994F831
S21401A91072306BB1377113F0BEF82046132113F075
S21401A92047FD6468002CF2D1F8BD204613F044FDC3
S21401A9306468EAE7B01E002038B50A4C002323609D
S21401A940A38003682360207813F02EFD054630B9F6
S21401A9500548064917F073FE608801F051FB28464A
S21401A96038BD00BFB01E00202C1900208C0B002023
S21401A97022F00042B2F5887F2DE9F0471C4600F030
S21401A980E2800ED840F203139A423CD040F20913FB
S21401A9909A4200F0C2800E2A00F0B3800020BDE883
S21401A9A0F08740F207239A424AD0B2F5037F59D086
S21401A9B040F206239A42F1D120684C30FEF750FE51
S21401A9C02568A48895F8736095F870A095F9759038
S21401A9D095F876800746604813F078F90028DDD0B0
S21401A9E0EB6C4360B5F850300381731E5E425E41E6
S21401A9F08772C67280F80CA080F80D9080F80E80E1
S21401AA00A0F80F40CAE7207800F0B0FC0028C5D0B7
S21401AA10524894F80090B4F80280A788E688257A10
S21401AA20648913F053F90028B8D080F80490A0F890
S21401AA300580A0F80770A0F80960C5728481ADE7AB
S21401AA40207800F093FC0028A8D060782578FFF7DE
S21401AA50AFFC0446424813F039F900289ED0057130
S21401AA6044719BE7A578012D1DD0022D2BD0C5B9C9
S21401AA70E37894F8008094F904706679394894F97B
S21401AA800640023BDBB2022B9ABF374AD55C012552
S21401AA9013F01CF928B180F8048045718771C671DE
S21401AAA0047201207BE7E37894F8008094F904703F
S21401AAB066792E4894F90640023BDBB2022B9CBF16
S21401AAC0294AD55CE4E7E378294894F80180277899
S21401AAD094F90490667994F90640023BDBB2022BA6
S21401AAE096BF214A0125D55C13F0F0F80028D8D08E
S21401AAF0A0F804808771C57180F808904672847248
S21401AB00CFE723461B4813F8014B0822002113F018
S21401AB10EEF80028C5D00471C3E7174894F8008002
S21401AB206788A688E588248913F0D0F80028B8D06D
S21401AB3080F80480A0F80570A0F80760A0F8095016
S21401AB40A0F80B40ADE70D481C7813F0BFF80028BD
S21401AB503FF424AF047121E7303A03002C3A030096
S21401AB60243A03001C3A0300DC390300183A0300B8
S21401AB70203A0300143A0300103A0300283A03006F
S21401AB8010B5007800F0F2FB40B1132113F010FC71
S21401AB900446034800F024FB848010BD2524F8E712
S21401ABA02002060570B5144606460C4A20460D4698
S21401ABB0142112F07CFF2179204613F029F858B9A8
S21401ABC0A3790C331C44064BA6711B79A5801BB1D7
S21401ABD0BDE8704012F060BF70BD00BF0C3A0300C4
S21401ABE0B01E0020024B1A68024B00205A607047C4
S21401ABF058170020100B002010B5FDF7B3FE0446D1
S21401AC0030B9044812F0A0FF044608B9FDF7F4FF76
S21401AC10204610BD100B002073B522F000421C46E2
S21401AC2040F20A639A4208D8B2F5C06F08D8042ADF
S21401AC3048D00D2A4ED0032A1ED0002002B070BD87
S21401AC406FF4C0631A44092AF7D801A353F822F017
S21401AC5039AD0100E7AC01000BAD01001BAD0100F1
S21401AC6031AD01003BAC010051AD010067AD010003
S21401AC7087AD0100D5AD010001A8F3F709FE5748DD
S21401AC80BDF8044013F022F80028D6D00023437103
S21401AC90C37103724372C372037343738373C373C3
S21401ACA07F23072283746FF031030271C374042279
S21401ACB02C238271037525226FF01E038272048293
S21401ACC04375BAE74648246813F000F80028B4D064
S21401ACD08480B2E72346042253F8044B41480021FE
S21401ACE013F005F8F2E7207800F040FB0028A4D026
S21401ACF03D48267894F90150A47812F0E7FF002821
S21401AD009BD006714571847197E72478374812F015
S21401AD10DDFF002891D004718FE7257834486468F8
S21401AD2012F0D4FF002888D00571C0F8054084E7EA
S21401AD30257830486468F3E72F482578646812F070
S21401AD40C5FF00283FF479AF0571A0F8054074E708
S21401AD502A482578646812F0B9FF00283FF46DAFE1
S21401AD600571447169E76378254824780D2B96BFF1
S21401AD70244A0125D55C12F0A9FF00283FF45DAFF7
S21401AD800471457159E763781F4826780D2B98BFE3
S21401AD901C4A4FF0000198BFD55C6368A27888BF53
S21401ADA0012512F0A4FF08B1067145716378012BE5
S21401ADB03FF643AF8DF804301348247801AB0122E7
S21401ADC0002112F094FF00283FF437AF01230471ED
S21401ADD0437132E724780D4899E700BF743A0300BF
S21401ADE06C3A0300703A0300583A0300603A0300D5
S21401ADF0643A03005C3A0300543A0300503A0300F5
S21401AE004C3A0300343A0300483A0300443A03003C
S21401AE1002481422002117F0C0B900BF58190020BB
S21401AE2070B51C4C05460CF083FE63795B0706463D
S21401AE300ED414212046184A12F039FE21792046F4
S21401AE4012F0E6FE20B13046BDE870400CF076BE4A
S21401AE50A3790C3323442DB91A79FF2AF3D0013292
S21401AE601A71F0E7012D05D15A79FF2AEBD001328C
S21401AE705A71E8E7022D05D19A79FF2AE3D001320B
S21401AE809A71E0E7032DDED1DA79FF2A1CBF013281
S21401AE90DA71D8E758190020683A03000428024BF3
S21401AEA028BF0020185C7047783A030038B505467D
S21401AEB0084800F011F9044648B900F063F9044661
S21401AEC01DB1054B1B689B792B7000F073F920466A
S21401AED038BD00BF843A0300741900202DE9F843F9
S21401AEE080460D489DF820900F4616461D4600F0F8
S21401AEF0F3F878B9094B1C6884F80480C4F8057027
S21401AF00C4F80960A4F80D5084F80F90BDE8F84322
S21401AF1012F04FBEBDE8F8837C3A03007819002092
S21401AF2038B5054606480C4600F0D6F838B9054B44
S21401AF301B681D715C71BDE8384012F03ABE38BD21
S21401AF40943A03007819002038B5054606480C46A1
S21401AF5000F0C2F838B9054B1B681D715C71BDE87D
S21401AF60384012F026BE38BD8C3A0300781900200E
S21401AF7010B50446054800F0AFF830B9044B1B681D
S21401AF801C71BDE8104012F014BE10BD9C3A0300BF
S21401AF907819002038B505460C460748012100F00F
S21401AFA0ABF838B9054B1B689D80DC80BDE838409E
S21401AFB012F0FFBD38BD00BFAC3A0300781900207F
S21401AFC070B5064608480D46144600F085F848B99F
S21401AFD0064B1B681E71A3F80550DC71BDE8704076
S21401AFE012F0E7BD70BD00BFA43A03007819002037
S21401AFF070B505460B480E4600F06EF8044678B963
S21401B00000F0C0F8084B04461B6825B1D3F80620AB
S21401B0102A605A89AA800EB11B7B337000F0CAF8E9
S21401B020204670BDB43A030074190020044A034652
S21401B030106810B102789A4200D170470069F8E7AB
S21401B0407019002008B512F07DFDFFF7E1FE024BF6
S21401B05000221A6008BD00BF7019002038B5104DD7
S21401B060104A0446284617F03BFF4FF48270A0476B
S21401B0700D4B01461860287818B14FF4827217F00C
S21401B08032FF4FF48270A047084B014618602878BB
S21401B09028B1BDE838404FF4827217F024BF38BD9E
S21401B0A08E1F0020BC3A0300781900207419002076
S21401B0B0084A136833B94178036141F001014170D0
S21401B0C010607047197802789142FAD003F11002A5
S21401B0D01B69EFE77019002010B5044616F037F922
S21401B0E028B9034B22681C60024B1B681A6010BD0E
S21401B0F06C190020781900202DE9F84F04684FEAF2
S21401B100042A98460AF4E06AC4F307234AEA030AC3
S21401B1100AEB0209B9F5807F83460F46154603D927
S21401B1201D263046BDE8F88F16F011F906460028B0
S21401B130F7D1124B24F47F44C3F800B024F0C704BF
S21401B1400F4B44EA19244FEA09291B681FFA89F9AB
S21401B15044EA090443F8044B53442A464146184638
S21401B16017F026F8012F04D1FF2DD9D800F8015C7D
S21401B170D7E7022F08BF20F8025CD2E76C1900203F
S21401B1807819002008B5074B1A68074B52F8040BCC
S21401B1901968064B49681B689847054B1B689888D1
S21401B1A008BD00BF781900206C1900209C0B0020F8
S21401B1B074190020024B00221A6016F0CAB800BFAC
S21401B1C06C190020054B186808B1C3681BB100381C
S21401B1D018BF012070470069F6E700BF701900200C
S21401B1E010B5034C23681860FDF744FD206810BDB8
S21401B1F074190020F8B504460D460146002017468E
S21401B20012F0A1FCF2F75AFC194E78BB194B1B68D9
S21401B2101C603368187058709870D870204612F009
S21401B2206CFC18B165B94368220E2BB90F250DE0E9
S21401B2305979914204D008331D68002DF8D1F5E7FD
S21401B2403846A84733681B684BB9012524F47F406C
S21401B25020F0C70040F40070FFF7C2FF8580326817
S21401B260012052F8041B12F06EFCF8BD1425EDE720
S21401B2707419002078190020094B802283F80123D5
S21401B28083F8042383F8052383F8062383F807232A
S21401B29083F8082383F81D23A02283F8222C704705
S21401B2A000E100E0034AD2F8B03043F05403C2F89C
S21401B2B0B030704700400E40054BD3F8E80010F45C
S21401B2C080501CBFD3F8EC0000F00100704700BFAF
S21401B2D00081E00F1C4A136870B504460D466BB337
S21401B2E093F87D10586811F0040129D110608C2262
S21401B2F0184693F8706016F050FF80F87060226868
S21401B300C0F85A20A288A0F85E20A27980F86020B2
S21401B31003462868D864AA79A98883F85220FF22B0
S21401B32083F8752083F8762040F6FF72A3F86E2026
S21401B330064AA3F85010116859601360184670BD8C
S21401B3401A1D0346CBE700BF801900207C19002098
S21401B350054A0346106800B97047B0F86E209A4255
S21401B360FAD04068F7E700BF7C190020054A03467B
S21401B370106800B9704790F870209A42FAD0406879
S21401B380F7E700BF7C19002010B9024B1868704718
S21401B390406870477C190020114A00232DE9F041CE
S21401B3A08C2113608046024601200BF043FF0446C1
S21401B3B020B90C4E05463060A84502D82046BDE8A7
S21401B3C0F08101200BF0B4FF07468C2200210135E5
S21401B3D016F0E3FE87F8705037603E1DECE700BFBD
S21401B3E07C1900208019002010B501238B4090F8AD
S21401B3F0711021EA030149B2044680F87110002950
S21401B40049D112F052FB204614F0E2FB102104F160
S21401B410180017F02EFD2046FEF790FF04F13800C5
S21401B42017F014FA204614F034FB214A13681BB1B6
S21401B4309C42596830D11160A36859050BD51A058D
S21401B44009D443F40063A18994F87000A36004F161
S21401B4507802FFF7A7FB00236360204617F017F971
S21401B46012F0A4FC94F870304FF48072B2FBF0F244
S21401B47042430344B3FBF2F102FB1133DBB2591E24
S21401B480C9B2FD29F5D884F8703000236360094BF2
S21401B4901A6852B91C6010BD1A465B68002BCBD0E7
S21401B4A09C42F9D163685360C6E7131D5268F0E702
S21401B4B07C1900208019002010B5084C206830B98E
S21401B4C0074BBDE81040186001200BF001BF436830
S21401B4D090F871102360FFF787FFEFE77C190020D3
S21401B4E08019002090F8743003F00B03013BDBB2A7
S21401B4F00A2B9ABF014AD05C00207047CA3A030063
S21401B5001FB5014690F870308DF80430FFF7EAFF5A
S21401B510B1F86230ADF80630B1F86430ADF80A30F3
S21401B520B1F866308DF80C00ADF8083001AAB1F814
S21401B5306C300548ADF80E3040F2031117F0BBF839
S21401B54005B05DF804FB00BF2C19002007B590F884
S21401B55070308DF8051001AA40F2072103488DF8D6
S21401B560043017F0A8F803B05DF804FB2C1900208E
S21401B57038B50A4B1B6804460D462BB143699B0739
S21401B58002D512F06DFF30B120682A460421BDE8CD
S21401B590384014F02CBAA3699D6138BD8419002087
S21401B5A0014B1860704700BF84190020024B1868D1
S21401B5B0003818BF012070478419002013B50446CF
S21401B5C0019120B901A817F041F9212012E008469F
S21401B5D00029FAD017F0BFF980B20028F2D0094B43
S21401B5E001991B6820464BB1984728B90199204616
S21401B5F0FEF780F802B010BD0020FBE701F0D2FA9A
S21401B600F3E700BF8419002038B5436A590404469D
S21401B61015D4134A92F82B20012A03F400430FD1C4
S21401B620826A92040CD4002B01460CBF53201420CE
S21401B63011F022FD18B9636A43F00803636238BD4E
S21401B640002BFCD1074D20462946FEF711F80028AD
S21401B650F5D12868AA88AB792060A280A371EAE7B1
S21401B660B4180020C31800202DE9F041164D85F8C6
S21401B6702A0038B300EBC000C100002301220420D9
S21401B6800BF0D8FD044650B904200BF051FE4827B4
S21401B6902860A04695F82A30A34203DC0024204601
S21401B6A0BDE8F0812E6807FB046614220021C6F867
S21401B6B0188006F1340016F070FD304612F0F3FCE7
S21401B6C00134E7E72860E9E7B4180020074B93F850
S21401B6D02A20824281BF1B6800EBC00003EBC00337
S21401B6E0586A8CBF00F0010000207047B418002093
S21401B6F008B50146FFF7EAFF40B1054B1B6801EBB1
S21401B700C10103EBC103586AC0F3C02008BD00BFE6
S21401B710B41800202DE9F04F384A93B05168074617
S21401B72010680FAB03C39068354A1860146807EBBE
S21401B730C70304EBC30412AAE37B94F82E8094F8A3
S21401B7402F6002EB430333F80C1C636ADA0447D418
S21401B750012641F01001B04694F80D9094F831504E
S21401B760C3F3404A5B0348BF4AF0020A8BB289F032
S21401B7700809B8F1010F0B9304F1070BD4E907236D
S21401B780C9F3C00994F9324009D0B8F1020F06D0C6
S21401B790B8F1040F14BF4FF000084FF00308012E54
S21401B7A005D0022E03D0042E14BF002603263846E9
S21401B7B0CDE90C23FFF79CFF0121CDE90760CDE918
S21401B7C00051CDE90548CDE903BADDE90C230B9913
S21401B7D0CDF80890384601F08DFB13B0BDE8F08F28
S21401B7E0A26A950648BF41F02001500648BF41F0C5
S21401B7F04001DA0348BF41F00401ADE7D63A030041
S21401B800B418002070B50C4B93F82A601C68002110
S21401B8108E4202DCFF25284670BDCDB22846FFF7D2
S21401B82055FF28B1E37B012B02D1636ADB06F2D414
S21401B83001314834ECE700BFB4180020014B93F8FF
S21401B8402A007047B418002070B504461546FFF765
S21401B8503DFFB8B10E4A136804EBC40403EBC403FE
S21401B860E6005B6A13F010040FD0C3F300330B70CD
S21401B87013683344DB7B5A1E042A04D8033B18BFE3
S21401B88001232B7070BD0023FBE72046FAE700BFBB
S21401B890B41800203F4A70B5146800EBC00304EBEF
S21401B8A0C3040646636A5B0704D500231A46194695
S21401B8B001F002FC636A9D0706D53046FFF72AFFB2
S21401B8C0636A23F002036362636A18070CD5A279E0
S21401B8D02146C2F3C002304601F08CFB0546E8B9AA
S21401B8E0636A23F008036362304612F088FD05465A
S21401B8F0A0B9626AD10611D5D30404D5304611F039
S21401B900B9FB40B11BE01206E37B09D4E37B626A14
S21401B910023B012B15D9616A48071FD4284670BD22
S21401B92003F0FB03012BF6D02169304601F088FBBA
S21401B930636A256123F0800363620028E6D005462A
S21401B940ECE7D305E7D56169304601F097FB0023A4
S21401B9506361636A23F480736362D2E7E37BA28D3B
S21401B960012B03D1A2B1802A28BF802211F0400FFB
S21401B97094F830304FF0010118BF0123304601F032
S21401B9809BFB0028DBD1636A23F004036362C5E7EF
S21401B9904022EBE7B41800202DE9F041114D0024B8
S21401B9A0482795F82A30A34201DCBDE8F081E6B2CB
S21401B9B03046FFF78BFE98B1286807FB04F8404431
S21401B9C0436ADA060CD55B040AD4FFF71DFE2B6822
S21401B9D0434430465A6A42F006025A62FFF75AFF5B
S21401B9E00134DEE7B41800202DE9F04FDFF8489265
S21401B9F0D9F8004000EBC00304EBC30404F1100ABD
S21401BA0089B0804650460E46174616F01FFF04F1D1
S21401BA1014031846029316F019FF002017F0DBF8FE
S21401BA200546002800F00381012F40F2726718BF17
S21401BA301F27012EA6735CD0022E0CBF06260426F5
S21401BA400221284612F053FB0121284612F04FFB33
S21401BA503146284612F04BFB284616F07CFF86B28C
S21401BA60B91B012300930A2242F6072389B228460E
S21401BA7012F08DFB0644B6B2B91B042300931222C2
S21401BA8042F6042389B2284612F081FB0644B6B278
S21401BA90BB1B012B069503932DDC002399F82B2065
S21401BAA0002A00F0A480504616F0D0FE636A256195
S21401BAB043F080026262DB0400F1AB8099F82B0050
S21401BAC0002840F0A68017F086F80790002800F0BE
S21401BAD0A080394612F016FB002800F0A4800298D8
S21401BAE0079D16F0B3FE636A656143F48073636273
S21401BAF08FE00526A4E7002017F06DF807900028D0
S21401BB00CBD0BB1E9B1B02211FFA83FB01F014F84E
S21401BB108345064611D22BF001018AB2411A07A8C5
S21401BB20049216F0BAFF049A164602223EB9079806
S21401BB30F0B907A816F08AFEAFE70322F6E7711CF4
S21401BB4006980492C9B212F0D2FA049A06981146DF
S21401BB5012F0CDFA079906A817F019F8002017F089
S21401BB603AF80790002836D0ABEB06031FFA83FBA2
S21401BB705B46022B38BF02239A1E92B20F2A31D996
S21401BB801021049200F0D8FF049A824203461FD285
S21401BB9022F00F018AB29346411A07A816F07DFFDC
S21401BBA05B460622591C06980493C9B2059212F008
S21401BBB09EFA059A0698114612F099FA079906A870
S21401BBC016F0E5FF049BB21C13449BB23EB965E731
S21401BBD040B10722E6E707A816F038FE33460233DF
S21401BBE09BB25BE707A816F031FE3346EEE7039AF1
S21401BBF0D11A89B2284612F085FA0646504616F042
S21401BC0025FE636A256143F080026262002E3FF4DE
S21401BC1052AF606A10F010000AD0404609B0BDE885
S21401BC20F04FFFF737BE07A816F010FEF1E71A200F
S21401BC3009B0BDE8F08F00BFB418002070B5054606
S21401BC4014461E46FFF742FD30B3144B186805EB49
S21401BC50C50500EBC500426A93050BD4A1F120058A
S21401BC604FF6DF739D4217D8A4F120059D4213D8E5
S21401BC70A14211D8C3698B4202D1036AA34204D000
S21401BC80C0E9071442F0020242629DF8103080F8C3
S21401BC9030308685002070BD2120FCE7B4180020D6
S21401BCA0044A116800EBC00301EBC301CA7B12F022
S21401BCB0C7BA00BFB4180020F8B505460C46FFF712
S21401BCC005FD28B3052923D8124E336805EBC502B6
S21401BCD003EBC203D700186916F03DFE1F2817D8DC
S21401BCE033683B44586916F036FE1F2810D8012CDD
S21401BCF00ED0231F012B0BD93168394422464B6ADB
S21401BD0023F482534B622846BDE8F84012F098BAF5
S21401BD102120F8BDB418002010B50446FFF7D6FC64
S21401BD2090B10A4A106804EBC40300EBC300436AEF
S21401BD3023F0500343F00403436212F0AAF92046AD
S21401BD40BDE81040FFF7A6BD212010BDB4180020A5
S21401BD5070B50546114890F82A40036800229442BF
S21401BD6001DC1A2016E0596ACE0714D493F839601C
S21401BD70760710D40A4CD0F80F00A688186041F058
S21401BD800901A0799871D4B29E8059622046FFF7C6
S21401BD90C1FC2C7070BD01324833E0E7B4180020B6
S21401BDA0C318002070B5FFF72DFDFF28044615D0F7
S21401BDB00B4D03B2286803EBC30300EBC300DE00A0
S21401BDC0436A23F01003436212F063F92968314491
S21401BDD020463431BDE87040FEF796BB70BD00BF0B
S21401BDE0B41800208378122B2DE9F0410F463CD180
S21401BDF00B689A790C321344DD781E790DB145F43F
S21401BE0080553046FFF762FCD0B1DFF86480D8F881
S21401BE10004006EBC60304EBC304636A23F0100379
S21401BE20636295B9A0692246314608F12E0300F0F7
S21401BE3089F9A5612222294608F12E0016F0ADF9EE
S21401BE403846BDE8F04116F001BD204612F021F952
S21401BE50636A5A0603D523F040036362F0E704F1F0
S21401BE6034013046FEF750FBEAE7BDE8F08100BF3B
S21401BE70B418002073B5144D144C6A68236802F098
S21401BE80800103F002030B431BD0530654BFA67A6E
S21401BE900126FDF785FB0196837983F00803C3F33A
S21401BEA0C0030093E388A288217A607A00F0DEFF5F
S21401BEB040B9236823F0020323606B6823F08003F4
S21401BEC06B60002002B070BDB418002088190020F5
S21401BED0064B0121A3F108020020C3E9000043F844
S21401BEE0081C4FF0101353605172704790190020D0
S21401BEF0014B187B704700BF88190020024BD87A87
S21401BF00003818BF012070478819002070B5224EEE
S21401BF10716811F002013AD1204D2B68580706D5F9
S21401BF20084600F0C9FF2B6823F004032B602B683A
S21401BF30726803F0080302F00402134310D0FDF701
S21401BF402FFB83791A071FD5FEF756F90446C8B9A1
S21401BF502B6823F008032B60736823F004037360D7
S21401BF60FFF788FF044668B9EB7A5BB12B685B077D
S21401BF7008D40121084600F09FFF50B92B6843F012
S21401BF8004032B60204670BDFEF71AF9DEE7112484
S21401BF90F8E70446F6E700BFB41800208819002029
S21401BFA0032805D10A4A136843F00803136008E022
S21401BFB0012808D1064BDA7A42B11A6842F0080223
S21401BFC01A60FFF7A3BF10F0FD0FEBD000207047FB
S21401BFD088190020094B10B500205862FFF7D4F9E4
S21401BFE004461CB9BDE81040FFF766BA204641F288
S21401BFF0160112F05FF96468F3E700BFB418002079
S21401C000A0F11B03E02B10B5044618D8042142F218
S21401C010240011F060FC6FF06F03437142238371BB
S21401C020A0F803400748F8F7C5F911F098FC4079E5
S21401C03020B111F094FC407940F4805010BD2120CD
S21401C040FCE700BF59B9020037B50D46044612F0A9
S21401C05058F96988204611F09EFE6A7E2B7E43EAD7
S21401C0600223A4F862306A7F2B7F43EA0223A4F8F6
S21401C0706430EA7EAB7E43EA0223A4F866301B23D3
S21401C080A4F86C302D4BDA8B1B8CA4F86A30022393
S21401C09084F87230A4F86820204611F005FD204689
S21401C0A013F071FD94F87330022B15D101F056F997
S21401C0B070B194F9753001330AD1A368052143F4B0
S21401C0C080532046A36003B0BDE8304012F070B93B
S21401C0D00021204611F062FE0021204600F02CFAD5
S21401C0E0288C4FF6FF73984225D000F0C5F90094CE
S21401C0F000F0B0F96A46ADF8040040F20621104897
S21401C10016F0D9FA002240F20221204616F08FFAE4
S21401C1102046FFF7F5F9204613F041FD204600F0D2
S21401C12079FEA36823F48043A3600121204612F020
S21401C13047F903B030BD0020D9E700BFB41800208E
S21401C1402C190020F7B504460F461646991D5A7954
S21401C15068461D46FDF76AFA2CB969463046FFF770
S21401C160B9F80446A0B140F20323A4F8723084F86B
S21401C17076703368C4F85A30B388A4F85E30B37961
S21401C18084F8603029462046FFF75EFF03B0F0BD15
S21401C190032140F2064011F09EFB6B88A0F80330A5
S21401C1A00D2343710148F8F705F9EFE73DB80200A2
S21401C1B007B54FF4887190F8703004488DF8043054
S21401C1C001AA16F078FA03B05DF804FB2C190020DA
S21401C1D02DE9FF410378302B04460E4639D006D8A8
S21401C1E0052B25D0082B41D004B0BDE8F0813E2BAD
S21401C1F0FAD183780C2B4BD8022BF5D9033B092BAC
S21401C200F2D801A252F823F0A1C20100DDC3010059
S21401C210E9C10100E9C1010075C30100E9C10100DE
S21401C220E9C10100E9C10100E9C10100C9C301007A
S21401C230B0F80300FFF78CF828B1617909B141F431
S21401C240805112F037F8304604B0BDE8F04116F0E0
S21401C250FDBAB0F80300FFF77BF80028F3D0A17809
S21401C26009B141F4805112F07EF8ECE7B0F8030012
S21401C270FFF76EF80028E6D0627990F8743022B1A4
S21401C28043F0010380F87430E9E703F0FE03F9E7B1
S21401C290212B00F0B880292B1FD0202BD3D0A3E769
S21401C2A08088FFF755F80028CDD0E278002ACAD159
S21401C2B0E179A27942EA0122A0F86220E17AA27A23
S21401C2C042EA0122A0F86420227A617A42EA012237
S21401C2D0A0F86620FFF714F9B5E7C7783C2F00F100
S21401C2E0020502D1FFF75EFDADE790F80680B8F1D2
S21401C2F0000F23D1544A546AC2F82480CFB147F4C0
S21401C30080572946204611F0FCFFE76084F87280CA
S21401C31001AA40F201212046CDE9014716F0CBF9EA
S21401C320A36843F48063A36041462046FFF75CF8A8
S21401C33089E729462046FFF787FE84E7408C4FF6BB
S21401C340FF7398420BD000F097F840B1FDF728F93B
S21401C3502B460246FF210020FFF7F4FE73E73B4B16
S21401C360223455F8042B43F8042BA542F9D12A8828
S21401C3701A8068E7B0F80300FEF7EAFF00283FF4EA
S21401C38062AFB4F8053090F87020A0F86C308DF8E4
S21401C3900420ADF80630227AE37943EA0223ADF8A9
S21401C3A00830A27A637A43EA0223ADF80A30227B88
S21401C3B0E37A43EA0223ADF80C3001AA40F20911F0
S21401C3C0234816F078F93EE78088FEF7C1FF00287B
S21401C3D03FF439AFA179FFF7B9F834E78088FEF763
S21401C3E0B7FF00283FF42FAF90F870308DF8043077
S21401C3F0D4F80630CDF80530D4F80A30CDF8093037
S21401C40001AA0E21DCE78088FEF7A2FF00283FF490
S21401C4101AAF90F870308DF80430E3788DF8053057
S21401C420A3798DF80630E3798DF80730237A8DF8F5
S21401C4300830637A8DF80930A37A8DF80A3001AA9C
S21401C4404FF40371BCE700BFB4180020E2180020C7
S21401C4502C19002050B1074B1B68C31A807A0C2296
S21401C460B3FBF2F340EA032080B270474FF6FF7049
S21401C470704700BFA00B002009490B7A09680246E5
S21401C480FF2B01D10020704703EB430301EB830030
S21401C49031F82330C3F30B039342F4D0C37AEFE7AA
S21401C4A0A00B002008B5054B054A1978054816F07B
S21401C4B017FD054BF7221A8008BD00BFFE1F00209E
S21401C4C0E23A0300901F0020DA0C002010B5044663
S21401C4D070B30068836CA34222D1636883641549F4
S21401C4E0224616F0B0F804F10C0016F0D0F804F16C
S21401C4F0440016F0ABF9FFF759F858B1A06948B1F6
S21401C500143016F0A3F9A069183016F09FF9A06947
S21401C5100BF020F92046BDE810400BF01BB913467E
S21401C520002BDCD05A68A242F9D162685A60D6E77D
S21401C53010BD00BFF1E40200F8B5054648200E46DE
S21401C54016F0D3FC2A4F0446387818B14822214603
S21401C55016F0C9FC8CB1FFF729F898B11C2016F02B
S21401C560C4FC0146A061387810B11C2216F0BBFC51
S21401C570A3692BB920460BF0EDF800242046F8BD40
S21401C58000221A700321284611F008FCAB6C636088
S21401C590AC6417232681002663811649256022464E
S21401C5A02677666428460AF0B9FD03F0FFF932469D
S21401C5B0014604F10C000AF0B1FD02232374FEF7D4
S21401C5C0F5FF18B90C4B1B78002BD7D00B4B1988ED
S21401C5D01729D3D9204611F070FC0028CED112219C
S21401C5E0204611F04AFF636943F002036361C5E721
S21401C5F0901F0020F1E402008F1F0020DA0C0020BB
S21401C600F8B5054610B3002920DB114C2468247EBA
S21401C6108C421BDD3F2919DC01F0030600EBA1016A
S21401C620760091F831400327B74002F0030224EA6E
S21401C6300704B240224381F8312013B1002111F0E2
S21401C640D6FF2846BDE8F84012F02EB8F8BD00BF68
S21401C650A019002070B5164600221A7032800A7A98
S21401C6600D46072A4DD8DFE802F004090D111A1EFF
S21401C670304AE86830F8023B338043E0EB68981DA7
S21401C6805B88F9E7EB68981D9B88F5E7697B1E4B8D
S21401C69011F0FAFF022218803280184632E0022397
S21401C6A01A4833802EE01A4C2B7B23702B88E8899E
S21401C6B0013363702B8801331B12E11CA37000F059
S21401C6C0A1F90330308020461CE0124CA889EB8982
S21401C6D0A370020A1B0A20706270E37000F006FA6B
S21401C6E058B1C3681A88022A07D19A782271DB7872
S21401C6F0637106230748338004E00423FAE78022A7
S21401C7001A70002070BD00BFAA1F0020F23A030075
S21401C710971F0020911F0020054A064B18601368DA
S21401C72043F001031360044B828B1A80704700BFED
S21401C73098190020A0190020B61E00202DE9F04F00
S21401C740504E37688FB0002317F00807CDE9043341
S21401C750CDE9063305460DD04B4B014603F11002D9
S21401C76053F8040B41F8040B9342F9D100200FB0A3
S21401C770BDE8F08F10200AF0DBFD044600287ED0CD
S21401C7800CF090FF0220F5F723FB01462046F5F753
S21401C79047FB00286DD1802204A92046F2F754FEFB
S21401C7A0002866D1B946394B1B68D988BAB291427E
S21401C7B019D829462046F2F79DFE2046F5F714FBC8
S21401C7C0214610200AF0D6FD2F4B294605F110020E
S21401C7D051F8040B43F8040B9142F9D1336843F046
S21401C7E008033360C2E71A68ADF80E901FFA87FB9C
S21401C7F04FEA0B1802EB0B1B5846019212F03CFB5A
S21401C8008246584600F046F920B3AAF520539BB25B
S21401C810032B019A02D9BAF5245F1DD132F80830EC
S21401C820ADF820300DF10E0259460DF10D03002032
S21401C830ADF822A0FFF70EFFBDF80E20014609A8AD
S21401C84015F0B6FCBDF80E2008A904322046F2F712
S21401C8503FFE70B90137A6E70AF55643FF339BB290
S21401C860042BF7D832F80830ADF82030ADF822A006
S21401C870E8E7014640F2074000F014FE9DE71A2063
S21401C88075E700BF98190020AC1F0020A0190020F2
S21401C890144B1B6813F0040370B5014606D0124B07
S21401C8A01C68E389002290B2834209D80F4A1468B3
S21401C8B0E589002290B285420AD84FF6FF7006E05D
S21401C8C0A56835F812508D4202F10102EBD170BD18
S21401C8D0A66836F812608E4202F10102EAD10344DC
S21401C8E098B2F4E7981900209C190020A01900209E
S21401C8F0094B1B685B070AD5084B1A68D389834224
S21401C90003D9936833F810007047C01A80B2044BFD
S21401C9101B689B68F6E700BF981900209C19002049
S21401C920A019002038B50468094905460C2220469E
S21401C93015F009FC50B90749022204F10E0015F062
S21401C94002FC18B90C342C60022038BD1020FCE71C
S21401C950F53A0300033B03002DE9F7431028019144
S21401C9600BD0022804D04FF6FF7003B0BDE8F08369
S21401C970019B1888FFF78CFFF7E701A8FFF7D2FFA6
S21401C9800228F5D01028EED11B4B019F1E6816F029
S21401C990040608D0194BD3F80080B8F816600024B6
S21401C9A0A5B2AE421AD8164BD3F80080B8F8169046
S21401C9B00025ACB24C45D6D2D8F81000102200EBB8
S21401C9C00510394615F0BFFB01350028F1D1A01935
S21401C9D06FEA40406FEA504080B2C6E7D8F81000D0
S21401C9E0102200EB0410394615F0ADFB0134002887
S21401C9F0D6D145F40040B8E7981900209C190020CC
S21401CA00A0190020020408B51DD5124B1B685B0750
S21401CA10C0F30E0013D5104B1A68D38A98420CD275
S21401CA20136903EB001000F1100350F8042B41F8D2
S21401CA30042B9842F9D1102008BDC01A80B2074BCA
S21401CA401B681B69EDE7FFF753FF0870000A487083
S21401CA500220F1E7981900209C190020A019002057
S21401CA600B4B1B6870B51D68044642F60306A542CB
S21401CA700AD2204629B912F0FFF9B04206D1103485
S21401CA8002E012F003FA08B1204670BD103CEEE752
S21401CA90A0190020437ADA0702D5C3F38000704755
S21401CAA0034BC2881B881A4214BF0120002070471E
S21401CAB0B61E00200A4B1B68DB0708D570B1094B70
S21401CAC01B68DB88834234BF00200120704728B1F1
S21401CAD0054B1B88834294BF00200120704700BF8E
S21401CAE098190020A0190020B81E002070B5024633
S21401CAF0FFF7E0FFE8B10F4B1968CD88954209D3DF
S21401CB0002F1805001380B68040103EB00101B5B37
S21401CB1093420ED0002398B2854201D8002008E047
S21401CB200E681C0106EB0310345B944203F101030B
S21401CB30F1D170BDA01900202DE9F3410025184F51
S21401CB4001900E46A8463A68D188ABB299421DD9E3
S21401CB501468ABB204EB0314B4F90430002B1CDAEE
S21401CB602046FFF797FFC0B1E1680B889E4214D1BB
S21401CB7032460198023116F02CF9E3681B8882B21E
S21401CB80934207D0114601A815F087FF404602B030
S21401CB90BDE8F08143441FFA83F80135D3E700BFAF
S21401CBA0A019002037B58B7901910C33CD180A46B0
S21401CBB0C95C11F00103044629D01D290AD10121BF
S21401CBC01E2011F01CF90146204611F070F90120D3
S21401CBD003B030BD032916D10E4BB5F801201B88D2
S21401CBE04189934228BF1346172BB8BF17234381A9
S21401CBF011F018FC636923F00203636140F20941F6
S21401CC00204611F037FC01A815F020FEDFE7184694
S21401CC10DEE700BFDA0C002038B5124B42891B88CC
S21401CC208B4228BF0B46172B0446B8BF17234381F8
S21401CC30114611F0F7FB636923F002036361A369F0
S21401CC409D693DB100229A6129462046BDE83840DB
S21401CC50FEF78EBC40F20941204611F00BFCA36999
S21401CC601D7038BDDA0C00200148FEF799BC00BFE4
S21401CC70B5F9010008B5002142F20E0010F02BFEB6
S21401CC80BDE808400148F7F795BB00BF29B9020087
S21401CC9038B590F87230032B0446154606D1FFF7D7
S21401CCA0E9FF012384F87230002019E0C9B9012B8D
S21401CCB02DD9032140F2064010F00DFEB4F86E3077
S21401CCC0A0F8033045711348F7F774FB10F047FEE0
S21401CCD08378002BE5D010F042FE807840F4805037
S21401CCE038BDA3B102214FF6044010F0F4FDB4F8AC
S21401CCF06E30A0F803300848F7F75CFB10F02FFE03
S21401CD004379002BCDD010F02AFE4079E6E70220C9
S21401CD10E6E700BF3DB8020073B80200F8B5074663
S21401CD200E4642F213000E2115461C4610F0D3FDA6
S21401CD30B7F86E30A0F80330BDF81830A0F80B3005
S21401CD40BDF81C30A0F80D30BDF82030A0F80F302B
S21401CD50A0F80560A0F80750A0F809400648F7F7C4
S21401CD6029FB10F0FCFD807820B110F0F8FD8078EA
S21401CD7040F48050F8BD00BFB5B80200F8B50D46C6
S21401CD8007461C2142F219001C46164610F0A3FD68
S21401CD90B7F86E30A0F803302B68C0F805306B6822
S21401CDA0C0F80930A0F80D6023460F3004F11002D8
S21401CDB053F8041B40F8041B9342F9D10648F7F7D1
S21401CDC0F9FA10F0CCFD807820B110F0C8FD80781B
S21401CDD040F48050F8BD00BF65B7020070B5064646
S21401CDE00D4642F27A000421144610F074FDA0F8B4
S21401CDF00360457184710648F7F7DCFA10F0AFFD61
S21401CE00407920B110F0ABFD407940F4805070BD00
S21401CE10B7BC020010B50221044642F2300010F001
S21401CE205AFDB4F86E30A0F803300F48F7F7C2FA8F
S21401CE3010F095FD437963B910F091FDC088FEF7B7
S21401CE4087FA044628B110F08AFD017A2046FEF7DB
S21401CE507DFB10F084FD407920B110F080FD407913
S21401CE6040F4805010BD00BF65470100F8B5074685
S21401CE700E4642F24100082115461C4610F02BFDD5
S21401CE809DF81830C3709DF81C3003714771867188
S21401CE90A0F80750A0F809400648F7F78BFA10F0FB
S21401CEA05EFD407920B110F05AFD407940F4805083
S21401CEB0F8BD00BF1544010038B505460C4642F2E0
S21401CEC04200062110F007FD002343718371C371F0
S21401CED00372C57004710648F7F76CFA10F03FFD4F
S21401CEE0407920B110F03BFD407940F4805038BDC8
S21401CEF06D4401002DE9F04106460F4642F2360028
S21401CF00192115461C46DDF8248010F0E4FC2B0A96
S21401CF10C371230A83729DF8183003739DF81C3081
S21401CF208571447243732D0C9DF82030C670240C15
S21401CF3087800572C4728373D8F80030C0F80F304A
S21401CF40B8F80430A0F813309DF8283043759DF9E1
S21401CF502C3083759DF83030C375002303769DF819
S21401CF60343043769DF83830C37686760648F7F730
S21401CF7021FA10F0F4FC407920B110F0F0FC407971
S21401CF8040F48050BDE8F0810D45010038B50546F6
S21401CF900C464FF61940052110F09DFCC570446003
S21401CFA00648F7F707FA10F0DAFC407920B110F0DE
S21401CFB0D6FC407940F4805038BD00BF11B5020060
S21401CFC038B505460C464FF61A40052110F083FC8D
S21401CFD0C57044600648F7F7EDF910F0C0FC4079DB
S21401CFE020B110F0BCFC407940F4805038BD00BF41
S21401CFF041B5020070B50D4606460121DAB1FFF7CC
S21401D000C5FF0446A8B9072142F2350010F063FCBB
S21401D010C6702B684360AB8803810848F7F7CAF9E6
S21401D02010F09DFC437923B110F099FC447944F447
S21401D0308054204670BDFFF7C3FFE2E7D1B6020079
S21401D04010B50A460446042142F2370010F058FC97
S21401D05003230371002343718371C4700648F7F7F5
S21401D060A9F910F07CFC407920B110F078FC4079E9
S21401D07040F4805010BD00BFC5B5020010B50A4689
S21401D0800446042142F2380010F03AFC03230371EF
S21401D090002343718371C4700648F7F78BF910F0CB
S21401D0A05EFC407920B110F05AFC407940F4805083
S21401D0B010BD00BF11B60200F8B506460F4642F293
S21401D0C03900062114461D4610F005FC0123847123
S21401D0D0240A0371C7704671C47105720648F7F7D2
S21401D0E069F910F03CFC407920B110F038FC407929
S21401D0F040F48050F8BD00BF5DB602000148FCF761
S21401D100ADBF00BF09D101002DE9F04F867987B088
S21401D1100C3605900546805BC0F30B00FEF718F948
S21401D120044618B905A815F091FB4EE090F8723048
S21401D130022BF7D1AB5B059AC3F30B0103F4405303
S21401D140B3F5805F9060A95342D153796FF3000322
S21401D1505371836B002BE5D0042105A804F1380632
S21401D16015F074FC0599304615F057FCA06B0023AA
S21401D17001465A1CA9BBDBB2012B01D915F0BEFC36
S21401D180A06B15F0E8FB03281FD9D4F8389099F85E
S21401D1900670484615F0DFFB0C3709EB070539F832
S21401D1A00770A0F10408474522D9524FD4F838A099
S21401D1B007F1100957F804BB534642462946204654
S21401D1C0D8474F4510D00028F4D007B0BDE8F08FFF
S21401D1D0383015F03BFB059A537943F00103537140
S21401D1E0BAE709681346C4E70028EED130469AE745
S21401D1F0A06B15F0B0FB04378742F7D36988A1F11D
S21401D20040033F2B0BD80421304615F01FFCA26BC0
S21401D2106988204612F035FC0023A363D5E705296B
S21401D2200BD0062961D00429E0D1304615F00EFC5A
S21401D230A16BA06CFEF7C2F9EEE72946204612F074
S21401D2401EFC02460028D1D12B79122B06D0132BB7
S21401D25036D06979204612F0EAFBC7E794F87330B6
S21401D260022BF6D029898B1F9BB240F67A40834267
S21401D27024D86A89931F9BB283421FD891421DD836
S21401D280AB89B3F5FA7F19D2EF89A7F10A0080B20C
S21401D29040F6764C604511D8B4F86A000290B4F8AE
S21401D2A06800CDE900702046FFF738FD021E18BF62
S21401D2B001226979204612F076FB97E70122F8E70A
S21401D2C094F87330012B03D16979204612F0AFFB35
S21401D2D0A3681A048AD523F40043A3602B89012B83
S21401D2E084D12046FEF764FF80E7A16B204612F04A
S21401D2F048FC91E7083B03000C4B1A7801469AB9A3
S21401D3005B689B0710D490F97520013218BF012283
S21401D31091F8523013F0400005D091F8600010F0FB
S21401D320400018BFD0B270470122F1E7A4190020CF
S21401D330024B586800F00200704700BFA419002095
S21401D340024B586800F00800704700BFA41900207F
S21401D350014B1B68184700BFAC0B002008B50FF047
S21401D36026FE02281BBF034B5868002000F0100061
S21401D37008BD00BFA419002007B5024608460428C8
S21401D38002F0010113D9B1B903200C4B5A6002F027
S21401D3908003019302F04003009302F0200302F0A1
S21401D3A0040200F0C1F9002003B05DF804FB002977
S21401D3B0EBD00328E9D12120F6E700BFA41900200D
S21401D3C038B50D490D480AF0F3F90446054688B903
S21401D3D00B4B0C4A1A600C4A5A600C4A9A600C4A6B
S21401D3E0DA6000F0F3F9032104462846FFF7C4FF8C
S21401D3F0084B1D70204638BDEFBEADDEBEBAFECA74
S21401D400AC0B00201DD701005700030069D70100AF
S21401D4107DEC0100A419002038B5044603200AF06B
S21401D4207BF90546D0B194F87030037094F87530E6
S21401D43043702046FEF756F82A46A87040F202616D
S21401D440074815F0F4F8074B2046DB68012198479A
S21401D45094F97500BDE83840FBF716BE38BD00BF2D
S21401D4602C190020AC0B002070B5054608200E468E
S21401D4700AF052F9044680B195F870300370074BF4
S21401D480466000212846DB68984722460448BDE8E6
S21401D490704040F2016115F0CAB870BDAC0B0020B7
S21401D4A02C19002038B5054608200C460AF034F938
S21401D4B0024638B1C0E900540D21BDE838400248A3
S21401D4C015F0B5B838BD00BF2C19002038B5054693
S21401D4D008200C460AF020F9024650B195F8703043
S21401D4E00370446040F20561BDE83840014815F01C
S21401D4F09EB838BD2C19002013B50446019111467B
S21401D50012B301A904200AF0A9F9019B104AB3FB42
S21401D510F2F102FB1133019345F2180201AB00212F
S21401D520204612F0FBFC08200AF0F6F8024648B145
S21401D53094F870300370019B436040F20461054823
S21401D54015F075F802B010BD01AB45F21802E8E718
S21401D55040420F002C19002010B5044601200AF0A5
S21401D560DBF8024648B194F870300370BDE810400D
S21401D570024840F2036115F05AB810BD2C1900207C
S21401D58038B5054608200C460AF0C6F8024650B1E2
S21401D59095F870300370446040F20761BDE838408A
S21401D5A0014815F044B838BD2C190020014B5B68C2
S21401D5B0184700BFAC0B002010B50F4C2068D0B147
S21401D5C00023037780F83D3080F85E3020219F30BD
S21401D5D015F04FFC206860215F3015F04AFC20688A
S21401D5E021211D3015F045FC20682121BDE81040A1
S21401D5F03E3015F03EBC10BDAC190020F0B50D460E
S21401D6008FB00646144632492022284614F09BFD68
S21401D61070B930492022204614F095FD40B92E4BB2
S21401D6201B681B7D002B51D040F203400FB0F0BDAC
S21401D630366C202206F15101284614F084FD38B9D3
S21401D640202206F17101204614F07DFD0028EBD062
S21401D65068460CF00CFB06AA2B4605F1200715467A
S21401D66018685968164603C60833BB423246F7D1D6
S21401D6702021284615F0EFFB2022294668460BF0AC
S21401D6802BFB224602F120062C46106851682346E1
S21401D69003C30832B2421C46F7D12021284615F0B2
S21401D6A0DAFB2022294602A80BF016FB012104A86A
S21401D6B00BF0E2FA084B18686946C030F4F764FCD0
S21401D6C0044668460CF002FB002CADD10020ADE705
S21401D6D04C3C03002C3C0300AC19002000F0C003B6
S21401D6E0402B07D1094B1B6873B100F03F0053F87C
S21401D6F020007047802B01D1054BF4E7054A064808
S21401D700C02B08BF1046704703487047B419002065
S21401D710B0190020C70203009DD90100014B1B6808
S21401D720187A7047AC19002010B50E4C00392468E1
S21401D73018BF0121003B18BF0123A3749DF80830D0
S21401D7402070003A18BF0122003B18BF0123E37482
S21401D7509DF80C302174003B18BF012362742375B9
S21401D76010BD00BFAC19002001280AD002280ED037
S21401D77098B90B4B1A68936943F001039361002033
S21401D7807047074B1A68936943F00203F6E7044BA8
S21401D7901A68936943F00403F0E72120704700BF3D
S21401D7A0AC190020024B034A1A600020704700BFE4
S21401D7B0B4190020E83B0300024B034A1A6000201C
S21401D7C0704700BFB0190020C03B030070B51F4D65
S21401D7D0286838B94FF4907015F087FB286058B95F
S21401D7E01A2431E0C0300CF075FAFFF7E5FE286820
S21401D7F04FF4907115F03DFB2B6815484FF0FF3143
S21401D8000022D9600326102119721E7011491A7759
S21401D81083F83D2083F85E201A829A749A6109F093
S21401D8207DFC044680B92868C0300CF02EFA2868C2
S21401D8303146C030F4F770FE30B12246054904483F
S21401D84014F001FF40F20744204670BDAC190020D9
S21401D850B81900208DFE02002DE9F043DFF838915B
S21401D8601F46D9F8003015461A7F022A8BB080462B
S21401D8700E461DD103F15F0403F17F0254F8041B29
S21401D88046F8041B9442F9D103F19F0254F8041B95
S21401D89045F8041B9442F9D1BF3354F8042B47F8DA
S21401D8A0042B9C42F9D1B8F1000F66D1002442E066
S21401D8B09C6914F001041BD0334B03F1200253F88A
S21401D8C0041B46F8041B9342F9D1304B03F12002A6
S21401D8D053F8041B45F8041B9342F9D12C4B03F172
S21401D8E0200253F8041B47F8041B9342F9D1DAE7E8
S21401D8F004A80CF0BCF902A80BF037F9D9F800001F
S21401D900244B009404AA02A9C0300CF0FEF8044689
S21401D910A8B104A80CF0DAF902A80BF02BF9B8F1BB
S21401D920000F03D00821404612F0ABFC214640F21E
S21401D9300740FFF7B7FD20460BB0BDE8F083314640
S21401D940202204A80BF0DEF92946202206A80BF0B7
S21401D950D9F92022394602A80BF0D4F904A80CF014
S21401D960B5F902A80BF006F93046202115F073FA36
S21401D9702021284615F06FFA95E7002245F2160198
S21401D980404612F0BBFA91E7183B0300393B03000F
S21401D9905A3B0300E1FC0200AC19002045F20603E5
S21401D9A0994210B504463CD00DD840F20323994263
S21401D9B01AD045F20203994211D040F2012399424E
S21401D9C012D048202CE045F2170399423AD045F28E
S21401D9D01A0399421CD045F20C039942F1D1052154
S21401D9E0204612F04EFC1AE0174894F8701014F016
S21401D9F0FFFD94F87330012B14BF80204020FFF701
S21401DA006DFE4FF4A0410346002220469847D8E712
S21401DA10C02112F058FA07212046FFF725FD002005
S21401DA2010BD93791A44517C41F49051FFF71CFDC7
S21401DA3094F87330012B14BF80214021204612F048
S21401DA4042FAECE70220EBE7B8190020B1F5A04F47
S21401DA502DE9FF410446154600F0E980A1F5A043F3
S21401DA60DE1F042E00F2EA809279066C0C32083B27
S21401DA7096F86C711544032B03D8DFE803F0307970
S21401DA8087D5F9072ED56F1D6F481022394614F039
S21401DA905AFB002865D096F97A013B4610220321ED
S21401DAA00FF087FA06460FF082FA022811D194F891
S21401DAB07330012B0DD13B4604F11802153553F88E
S21401DAC0041B42F8041BAB42F9D1A36843F48073EC
S21401DAD0A3601021384615F0CCF9002737E017F07F
S21401DAE001070ED10027226C92F86C3123EA070356
S21401DAF082F86C31204612F082FC002004B0BDE8AA
S21401DB00F0810FF054FA02280DD0206C6B4690F984
S21401DB107A01102203210FF07AFA0028E2D01021B0
S21401DB20684615F0A6F9206C05F10508434690F9FC
S21401DB307A010A2202210FF03CFAD5F80530A362D9
S21401DB40D5F80930E362B5F80D3023860646002E77
S21401DB50C9D000213046FFF7A5FC0821204612F067
S21401DB6090FB2046082112F08CFB40F20340C5E7EB
S21401DB70BA07B7D5053596F97A0106212B46102244
S21401DB800FF017FA102106462846A4E7BB07A9D5C9
S21401DB900FF00DFA02280DD0206C6B4690F97A0131
S21401DBA0102206210FF033FA00289BD01021684678
S21401DBB015F05FF9697989B96B1D0A4613F8010FEB
S21401DBC060B90132062AF9D194F85210206C81F01E
S21401DBD0080104F14C03C1F3C00107E00039206CD1
S21401DBE005F106034FF0060218BF012190F97A01EC
S21401DBF00FF0DFF9226CD2F8743143F04003C2F81B
S21401DC0074316B89ADF804306B790646002BD5F874
S21401DC10060000900CBF4923722368468DF8063033
S21401DC2002270FF00BFF92E707F004075BE712F0FD
S21401DC3078F8236C002283F878215BE704B0BDE80E
S21401DC40F041FFF7ABBE00BF1C3C0300F0B5B1F5D9
S21401DC50A04F8DB0054608D045F21304A14244D02A
S21401DC600DB0BDE8F040FFF799BE046C0023CDE986
S21401DC700833CDE90A3394F87931042B0DF1200CE1
S21401DC802CD11F4B1B6893F85E205AB103F13E025C
S21401DC9067464E33106851683E4603C608329A42BC
S21401DCA03746F7D104F22113069305F15303059382
S21401DCB005F15A0304932379039363790293A379B5
S21401DCC004F1E102CDE900C304F2111104F1D1031C
S21401DCD0284612F0E9FD00200DB0F0BD013B022BF5
S21401DCE09CBFD4F848310893DCE7016C01F221119E
S21401DCF012F033F84A21284612F0E5F8EBE700BFA8
S21401DD00AC190020F0B545F20E06B1428DB00446BE
S21401DD1013460BD045F21303994260D0B1F5A04FDC
S21401DD2076D111F0FEFF00200DB0F0BD9979026C9E
S21401DD300C310B44591D02F23112153351F8040B04
S21401DD4042F8040B9942F9D1256C102205F23111E3
S21401DD5005F2211014F0F7F920B90B21204612F034
S21401DD6090FAE0E70023CDE90833CDE90A3395F8C8
S21401DD707931042B0DF1200C2AD1284B1B6893F81E
S21401DD803D205AB103F11D0267462D3310685168D4
S21401DD903E4603C608329A423746F7D105F5AE73BA
S21401DDA0069304F15A03059304F153030493EB7AA3
S21401DDB003932B7B02936B7B05F1D102CDE900C364
S21401DDC005F2111105F1E103204612F06DFDAAE7F7
S21401DDD0013B022B9CBFD5F848310893DEE7056C62
S21401DDE0102205F5AE7105F2311014F0ACF90028D9
S21401DDF0B3D1D5F874319B0742BF94F8743043F021
S21401DE00020384F874304B21204612F05CF88AE74E
S21401DE100DB0BDE8F040FFF7C1BD00BFAC19002052
S21401DE2073B545F21406B14204461AD045F21906F6
S21401DE30B14221D0B1F5A04F28D111F072FF216C6B
S21401DE4001F5A273019301F1D103009301F11102CF
S21401DE5001F1E1032046513112F0C7FD002002B066
S21401DE6070BD036CD3F844210B4BB2FBF3F103FBFB
S21401DE701121FFF72BFBF1E713781BB90C2112F0E8
S21401DE8000FAEBE7492112F01EF8E7E702B0BDE819
S21401DE907040FFF783BD00BF40420F002DE9F04FF1
S21401DEA097B01C46DDE92098544B229F154604AADC
S21401DEB006468C4603F1100B92461868596896463A
S21401DEC0AEE8030008335B457246F6D16B46202266
S21401DED06146504611F00CFF8346002871D1484B2D
S21401DEE0089365238DF824300DF1250305F1100202
S21401DEF0184655F8041B43F8041B9542F9D1102126
S21401DF0014F0A9FF0DF1350304F11002184654F878
S21401DF10041B43F8041B9442F9D1102114F09BFF13
S21401DF2099F8063083F00803C3F3C0038DF8453033
S21401DF30D9F80030CDF846300621B9F80430ADF8EE
S21401DF404A300DF1460014F086FF98F8063083F04B
S21401DF500803C3F3C0038DF84C30D8F80030CDF871
S21401DF604D300621B8F80430ADF851300DF14D00B2
S21401DF7014F071FF00238DF854300124239B8DF893
S21401DF805340352208A9684611F0B2FE8346C0B94F
S21401DF902398102114F05FFF3B46352208A96846F6
S21401DFA08DF8204011F0A4FE834650B9B27C01469C
S21401DFB0C2F11002384614F0F0F81021384614F079
S21401DFC04AFF1021684614F054FF352108A814F0C2
S21401DFD050FF1021504614F04CFFBBF1000F06D045
S21401DFE00821304612F04DF917B0BDE8F08F5A46B9
S21401DFF045F21201304611F081FFF5E77B3B030045
S21401E0000062746C2DE9F04194B0074606A80C46F0
S21401E010984615460BF02BFE02A80AF0A6FD0CAB9F
S21401E02004F1200C1E46206861681A4603C20834B3
S21401E03064451346F7D12021304614F00CFF202208
S21401E040314606A80AF048FE2A46334620351068AF
S21401E05051681C4603C40832AA422346F7D1202140
S21401E060304614F0F8FE20220DEB020031460AF08D
S21401E07033FE2021304614F0FCFE01210AA80AF0E6
S21401E080FBFD2022414602A80AF026FE04A80AF05B
S21401E0906CFD002104A80AF0EFFD1C4B1868002354
S21401E0A001931B4B009306AA02AB04A9C030F3F7F9
S21401E0B0D7FE0446A0B104A80AF05CFD06A80BF042
S21401E0C005FE02A80AF056FD214640F20740FFF77A
S21401E0D0E9F90821384612F0D4F814B0BDE8F08109
S21401E0E01A99202204A80AF00DFE04A80AF042FD9F
S21401E0F006A80BF0EBFD02A80AF03CFD224645F20D
S21401E1001501384611F0FAFEE7E700BFAC1900200A
S21401E110E1FC020045F20D039942F7B5044627D00B
S21401E1200DD8B1F5A04F1DD045F20403994200F079
S21401E1308F80204603B0BDE8F040FFF72FBC45F2C4
S21401E1401103994200F0A68045F215039942F0D1D9
S21401E150006C90F87931052B06D8DFE803F0503AC9
S21401E160423A555011F0DDFD0027384603B0F0BDA8
S21401E17093790C331A44561D02F125052A46314679
S21401E180FFF73CFA074620B10B21204612F079F83A
S21401E190EBE7236C3146113351F8042B43F8042B7B
S21401E1A0A942F9D1236C01F12002313351F8040B55
S21401E1B043F8040B9142F9D1216C01F1F10300936C
S21401E1C001F1310201F1910320461131FFF71AFFE7
S21401E1D0CAE72046452111F076FE2046FFF7BCF936
S21401E1E0C2E72046452111F06EFE364B1B68D96802
S21401E1F04B1C5A425A412046FFF77EF9B4E74621A6
S21401E200204611F060FEAFE72E4B1B6893F85E5078
S21401E21065B100F11102002100F5AE700190009188
S21401E2203E331146204612F07AF89DE71021E13080
S21401E23011F07FFE00283DD00821204612F021F87B
S21401E240294640F20740FFF72DF940F207478CE7D1
S21401E2509179036C0C310A44511DC133153251F8C2
S21401E260040B43F8040B9142F9D1256C102205F1F9
S21401E270C10105F1B10013F066FF20B90421204663
S21401E28011F0FFFF70E7D5F8743143F00103C5F8CC
S21401E290743169E70B4B056C196810224E3105F590
S21401E2A0AE7013F050FF0028E8D1102105F1E1000F
S21401E2B011F03FFE216C2046E13111F06AFD472145
S21401E2C09EE700BFAC190020F8B545F21603994247
S21401E2D0044600F062810BD8B1F5A04F0ED045F28E
S21401E2E0030399420ED02046BDE8F840FFF756BB1F
S21401E2F045F217039942F6D1022002E011F011FD12
S21401E3000020F8BD9379056C0C33D618F379DF0736
S21401E31008D4FFF70DF828B10521204611F0B1FF0A
S21401E3202120EEE79F4F327A3B681B7A9A4201D250
S21401E3300621F2E7D6F80530C5F80B30B6F80930F5
S21401E340A5F80F300223AB7294F9523094F85210AC
S21401E350002BA6BF81F00803C3F3C0030123AB70F3
S21401E36094F8603083F00803C3F3C0036B70337A0C
S21401E370102B28BF1023A374F379D8072BD5AB79BC
S21401E380DA0728D5737A2A7A134085F86D31B37A7D
S21401E3906A7A134085F86C3195F97A3101331ED0CB
S21401E3A0206C90F86C319B0719D481F0080190F924
S21401E3B07A0104F14C030622C1F3C0010EF0F9FD07
S21401E3C068B140F21B412046FFF74EF8A368590793
S21401E3D0A6D50821A1E7002385F86D31DAE73B6869
S21401E3E0F079597C00F0080229B112B1AA79120716
S21401E3F003D4032191E7002A79D0AA79110776D5AB
S21401E400D5F8741141F00401C5F87411B5F86C1112
S21401E41021F4807121F00101A5F86C1193F81CC05C
S21401E420B179BCF1020F02D019B3022175E789B1A7
S21401E430012283F83D20DA7CB2B9042285F87921DD
S21401E440A27C0F2A27D994F8742042F0080284F897
S21401E450742020E093F85E20002AE6D0DA7C83F868
S21401E4603D10002AE1D1E8E793F85E20002AE4D1C6
S21401E470DBE7024312F004023FD072794A4918786A
S21401E480052A28BF032202EB82020A44125C85F8A1
S21401E4907921002AD4D1197C95F8792109B1002A6D
S21401E4A0A7D0206C042A00F5A6703AD103F11D020C
S21401E4B02D3352F8041B40F8041B9A42F9D1D5F8C3
S21401E4C0743195F8792103F004017ABB23F0020335
S21401E4D0C5F87431E27400295AD0216C204601F146
S21401E4E0910301F171025131FFF7B6F908E71A7F7E
S21401E4F0012A05D1B2791AB1042285F87921CAE731
S21401E500420703D4AA7912F00402F6D07279274999
S21401E5101878052A28BF032202EB82020A44125CFD
S21401E520EBE71022002113F038FEC8E743F00203A0
S21401E530C5F8743149B90123013AE374032A3FF659
S21401E540DFAEDFE802F010181025A37C0F2B85BF85
S21401E55094F8743043F00803012384F8743088BFBC
S21401E5600223E374B9E72046452111F0ACFC2046AE
S21401E570FEF7F2FFC4E62046452111F0A4FC3B68F5
S21401E580D9684B1C5A425A412046FEF7B5FFB7E6FA
S21401E5904321204611F097FCB2E611F032FC4221ED
S21401E5A0F7E700BFAC1900208C3B0300A53B030036
S21401E5B0F8B50446FEF7A0FE266C054628B394F986
S21401E5C075305F1C0BD086F87A31FEF7B1FE072155
S21401E5D0012011F0B6FB024618BB1A2111E02046B5
S21401E5E0FAF70CFE86F87A01236C93F97A31013337
S21401E5F0EBD1FEF79DFE90B1A3685D0709D441F209
S21401E60005212046FEF730FF07E0FF2386F87A3122
S21401E610EFE70521204611F034FE0020F8BD002565
S21401E620D5E7867931490C360968831991F800C017
S21401E63083F801C091F81CE0281E18BF0120BEF126
S21401E640010F0DD183F802E0D870487C00B3D8786A
S21401E65000071DD4A3685B07DBD441F20321D0E792
S21401E6608F69BEF1020F07F002070ED191F85EE046
S21401E670BEF1000F09D04FF0010E83F802E0D8700A
S21401E680002FE2D140F00800DEE74FF0000EF4E77D
S21401E690BCF1030F07D0096911F0FF1F1EBFD9781F
S21401E6A041F00401D97094F874108F0708D5D97811
S21401E6B0480705D4BCF1030FCFD041F00401D9704F
S21401E6C0002D18BF0325102119715D719D71216CF4
S21401E6D09059C1F803009888A1F807009B794B72FE
S21401E6E02046062111F083F9012097E7AC19002096
S21401E6F0F0B545F20E06B1428DB0044615460ED071
S21401E70045F21306B1425CD0B1F5A04F40F0BD8092
S21401E71011F007FB236CD3F87431190757D5236C16
S21401E720D3F8742112070CD4AA790C3215446A1D49
S21401E73003F22113153552F8041B43F8041BAA42B1
S21401E740F9D1256C0023CDE90833CDE90A3385F8E4
S21401E750783195F87931042B0DF1200C2AD14D4BE7
S21401E7601B6893F83D205AB103F11D0267462D330D
S21401E770106851683E4603C608329A423746F7D1BA
S21401E78005F5AE73069304F15A03059304F153039A
S21401E79004932B7903936B790293AB7905F1E1022C
S21401E7A0CDE900C305F1D10305F21111204612F09F
S21401E7B07BF80CE0013B022B9CBFD5F8483108934F
S21401E7C0DEE7056C95F8783123B1012B54D0002093
S21401E7D00DB0F0BD102205F5AE7105F2211013F053
S21401E7E0B2FC20B10B21204611F04BFDEFE7D5F826
S21401E7F074319B0742BF94F8743043F0020384F8E7
S21401E8007430012385F878310023CDE90833CDE94A
S21401E8100A3395F87931042B0DF1200C25D11D4BC7
S21401E8201B6893F85E205AB103F13E0267464E33E9
S21401E830106851683E4603C608329A423746F7D1F9
S21401E84005F23113069304F15303059304F15A03B9
S21401E8500493EB7A03932B7B02936B7B05F1D10236
S21401E860CDE900C305F1E1039EE7013B022B9CBF06
S21401E870D5F848310893E3E705F2311111F06DFA46
S21401E8808821204611F01FFBA1E70DB0BDE8F0403E
S21401E890FFF784B8AC19002045F21403994213B56A
S21401E8A004462BD00CD8B1F5A04F13D045F20E0379
S21401E8B0994232D0204602B0BDE81040FFF76EB84C
S21401E8C045F219039942F5D1137813BB0C2111F0C7
S21401E8D0D8FC10E011F025FA216C01F5A273019322
S21401E8E001F1D103009301F1510201F1E103204648
S21401E8F0113112F07AF8002002B010BD036CD3F883
S21401E9004421114BB2FBF3F103FB1121FEF7DEFDAF
S21401E910F1E7872111F0D7FAEDE79179036C0C3115
S21401E9200A44511D03F22113153251F8040B43F822
S21401E930040B9142F9D1226CD2F8743143F00803EA
S21401E940C2F87431D7E700BF40420F0030B545F238
S21401E9501003994285B0044600F0A6800CD8B1F5A4
S21401E960A04F27D045F20503994228D0204605B08E
S21401E970BDE83040FFF712B845F21103994200F0A6
S21401E980B08045F212039942F0D1016C91F87931C9
S21401E99013B1043B012B03D8D131204611F0F9F90C
S21401E9A0236C93F87931042B40F2DF80052B03D1D9
S21401E9B0862192E011F0B5F9002005B030BD9179BD
S21401E9C0036C0C310A44511DE133153251F8040B26
S21401E9D043F8040B9142F9D1206CD0F8743113F04E
S21401E9E0040354D090F87931042B22D1604B1B6874
S21401E9F093F85E5065B100F11102002100F5AE708A
S21401EA00009101903E331146204611F088FCD3E771
S21401EA101021D13011F08DFA58B10821204611F09D
S21401EA2030FC40F207402946FEF73CFD40F2074025
S21401EA30C3E7216C91F8793101F1E10213B1043B8E
S21401EA40012B12D801F21113039301F5A673029359
S21401EA5004F15A03019304F15303009301F1D10326
S21401EA60F1312046FFF71AFAA6E701F5AE730193D6
S21401EA7091F87801D1F84831C34003F0010343F01F
S21401EA8080030093134601F151021131BCE780F86F
S21401EA90783100F1E102009300F5A67100F5AE733E
S21401EAA0204612F016F887E7056C102205F1B10131
S21401EAB005F5AE7013F047FB20B10421204611F096
S21401EAC0E0FB79E7D5F874319B0742BF94F87430C0
S21401EAD043F0020384F874308821204611F0F3F9DC
S21401EAE06AE7056C95F87931042B05F5AE701ED1F1
S21401EAF01F4B196810224E3113F025FB0028DCD17C
S21401EB00102105F1D10011F014FA216C01F2111354
S21401EB10039301F5A673029304F15A03019304F1DA
S21401EB205303009301F1E10201F1D10398E7014695
S21401EB30102205F1B10013F006FB0028BDD105F146
S21401EB40D101204611F025F9216C91F87831013375
S21401EB50DBB2142B81F87831D8D0D1F8743123F098
S21401EB600103C1F874318421B7E78721B5E700BFF7
S21401EB70AC19002045F215039942F7B5044651D069
S21401EB800CD8B1F5A04F19D045F20D0399421BD010
S21401EB90204603B0BDE8F040FEF700BF45F216037D
S21401EBA09942F5D1016C01F1F103009301F13102B3
S21401EBB001F191031131FFF725FA01E011F0B1F8E7
S21401EBC00027384603B0F0BD93790C331A44551D1F
S21401EBD002F1250632462946FEF710FD074620B10A
S21401EBE00B21204611F04DFBEBE7236C2946113330
S21401EBF051F8042B43F8042BB142F9D1236C01F1EF
S21401EC002002313351F8040B43F8040B9142F9D139
S21401EC10216C204601F1910301F171025131FEF799
S21401EC201BFECDE711F0EDF8236C93F87931052B37
S21401EC30C6D8DFE803F0190311111E1920468221F8
S21401EC4011F041F90C4B1B68D9684B1C5A425A41CA
S21401EC502046FEF751FCB3E72046822111F033F936
S21401EC602046FEF779FCABE78321204611F02BF90D
S21401EC70A6E78521F9E700BFAC190020204B1B68E9
S21401EC809B6913F0040310B5044610D141B180F816
S21401EC90773090F870101B48BDE8104013F0A8BC00
S21401ECA090F87330012B03D18368580705D410BD43
S21401ECB0022B02D183685907F9D494F9772094F886
S21401ECC07730002AF3DBB3B9012384F8773094F860
S21401ECD077305B08EBD04FF47A72534394F8701098
S21401ECE00848002208F0FEF994F8773063F07F03B5
S21401ECF084F87730DBE75A06E9D45B00E5E700BF26
S21401ED00AC190020B819002030B545F21E0399420F
S21401ED1089B00446154610D845F21603994213D811
S21401ED2045F20103994200F09F8145F20C03994296
S21401ED3022D0B1F5A04F00F09D812A46204609B0A9
S21401ED40BDE83040FEF72ABEA1F5A043173B072BCE
S21401ED50F3D801A252F823F041EE01003BED010089
S21401ED603BED01003BED010025F001003BED01000C
S21401ED70F1EF01002BEE010090F97730002B02DB5A
S21401ED808268530707D52046092111F07AFA41F225
S21401ED90092009B030BDAB792B44A04D5B7C2D68B2
S21401EDA06D7C03F00801D5B121B9032111F069FA90
S21401EDB02120EEE713F0040F03F0010308D042F020
S21401EDC00802826093B9A36843F02003A36013E0AE
S21401EDD0002BF8D0836843F010038360F3E75807ED
S21401EDE044BF42F00802A260DB0703D5A36843F0E4
S21401EDF01003A3600029E6D1A368894943F0040300
S21401EE00A3602246204608F089F9022120460EF02A
S21401EE10C5FF47F23053002245F21A01204608F09A
S21401EE2061F9A3689D0540F18980A368580740F100
S21401EE30858094F8700009B0BDE8304010F035BE0A
S21401EE4090F87430D9074DD590F97530013342D01A
S21401EE5094F9131001291DDCA26893060DD56F4B9A
S21401EE6015071B6801D4187C38B1187F10B91878BB
S21401EE70032802D09B69980734D501290AD0674B2D
S21401EE8011071B6801D41A7C22B11A7F52BB1B786A
S21401EE90032B27D10023CDE90433CDE906330EF049
S21401EEA086F8022801AB35D1A06AE16A228E03C337
S21401EEB01A8094F97500BDF80450421C37D00EF044
S21401EEC0BEF8002833D1204641F20601FEF7CCFAFF
S21401EED041F206005DE78368DA0616D4FEF728FAE3
S21401EEE00028B5D04D4B1B68197F022932D1DA7C38
S21401EEF082B393F85E306BBBA3685B0720D52046D0
S21401EF0011F0BFF941F2022043E7FEF7F5F90028B8
S21401EF10E4D0E7E794F975000A2202210EF077F8AB
S21401EF200028C6D1CDE90100ADF80C00C1E704AB5D
S21401EF302A460DF106012046FDF720FF002028E7AE
S21401EF40204641F20221FEF78FFA01212046FFF703
S21401EF5095FED7E7204610F078FFA56860B96D07E3
S21401EF6005D50821204611F08CF91A2011E71A213F
S21401EF702046FEF779FAF8E715F0040508D0FEF703
S21401EF80DFF9C8B194F975102046FEF7F9FAD5E70E
S21401EF9022462349204608F0C1F8022120460EF0F9
S21401EFA0FDFE47F230532A4645F21A01204608F084
S21401EFB099F8A3685807E2D494F97530591C06D01D
S21401EFC048F2080040EA032080B2F9F757FF226CA6
S21401EFD0D2F8743143F02003C2F874312046FFF7AB
S21401EFE0E7FA0028AAD04121204610F06CFFA5E7D9
S21401EFF0FEF7A6F900285FD0236C002B5CD0A26830
S21401F000520759D5D3F87431980655D42B78002B6E
S21401F010D2D10521204611F034F98FE7AC19002032
S21401F0201DFF020090F87430D90706D4402110F075
S21401F0304AFF29462046FEF717FAA3685A077FF5C6
S21401F0407DAF204645F21A0113F0D2FA20461B493D
S21401F050224613F0F8FAA36823F03C03A3600221CA
S21401F0602046FCF7C1F969E702461449144808F03E
S21401F07055F863E745F21A0113F0BAFAA36823F0CC
S21401F0803E03A360236C2BB193F97A01431C01D094
S21401F090FAF704F822462046084913F0D4FA224625
S21401F0A00649074813F0CFFA20460221FCF79CF9DF
S21401F0B0204610F055FF41E702206AE61DFF0200D8
S21401F0C02C19002045F21E0399422DE9F34104460E
S21401F0D0154611D845F21603994214D845F2010394
S21401F0E0994200F0188345F20203994200F0988095
S21401F0F0B1F5A04F00F015832A46204602B0BDE8C0
S21401F100F041FEF74BBCA1F5A043173B072BF3D804
S21401F11001A252F823F000BF39F10100F9F0010015
S21401F120F9F00100F9F00100D3F60100F9F0010051
S21401F130DDF20100B7F20100914E33681A7F022A10
S21401F14011D1DA7C7AB193F85E3063B941F20221CB
S21401F150FEF78AF920460121FFF790FD41F20220D1
S21401F16002B0BDE8F081A3685D0701D50220F7E78C
S21401F1702046FEF7C1F833681A78051E18BF012528
S21401F180032A07D0196911F0FF1F6AB224D042F092
S21401F190040503E094F87420900725D49A69920731
S21401F1A01FD41A7F012A1CD045F0080502210B2026
S21401F1B010F0C7FD0246E0B18379034406215D7372
S21401F1C094F97530013302BFA36843F00203A360CC
S21401F1D0204610F00CFC0CE094F874108907D6D485
S21401F1E0DCE75B7C002BE1D041F203212046FEF7F1
S21401F1F03BF9A368634943F00403A3602246204613
S21401F20007F08CFF022120460EF0C8FD47F230536E
S21401F210002245F21A01204607F064FF00209FE70E
S21401F22083685F0703D490F97730002B05DB236CE6
S21401F23053B1D3F87431DE0606D52046092111F004
S21401F24020F841F209208BE7204610F0FEFD28B990
S21401F2500821204611F015F8212081E7206CD0F80E
S21401F260743143F01003C0F87431AB790C332B447E
S21401F2705A68C0F803201A89A0F807209B7A4372BF
S21401F280236C0122DA70A26812F0040610D122461D
S21401F2903C49204607F042FF022120460EF07EFD43
S21401F2A047F23053324645F21A01204607F01AFF5C
S21401F2B0A3689805B2D5236C002BAFD0D3F8743170
S21401F2C0D906ABD594F97530013320D094F8743053
S21401F2D0DA071CD5A36843F00203A360236C002B56
S21401F2E03FF444AFD3F87431DA067FF53FAF9F069B
S21401F2F03FF53CAFFEF724F820B3A3689E0721D460
S21401F3002B78FBB90521204610F0BBFF86E7FEF7F8
S21401F31017F894F9751040B14B1C02D1A3689F07EA
S21401F320DCD42046FEF72CF978E74E1CD6D094F8AC
S21401F3307430D807D2D408460DF081FE0028CDD00F
S21401F340052186E794F97530581C06D048F2080066
S21401F35040EA032080B2F9F791FDA368256C084FB7
S21401F360EA7923F00203A360D5F8743143F0200351
S21401F370C5F874313B681B7A934205D9062168E7C4
S21401F380AC1900201DFF020094F9521094F8523077
S21401F3900029A6BF83F00803C3F3C00301236B70E3
S21401F3A094F86030102A83F0080328BF1022C3F3B4
S21401F3B0C003AB702046A274AE79FDF79DFF00280E
S21401F3C036D0F10734D594F97530D4F840805A1CFC
S21401F3D024D088F87A3106F00D063B689A699007C2
S21401F3E004D41A7F012A01D0310701D406F0F706AA
S21401F3F01A78032A1FD01B6913F0FF1F01D046F0AD
S21401F400040694F874309A071BD5730719D40321A0
S21401F410204610F036FF40F20340A1E62046F9F7F9
S21401F420EDFE88F87A01236C93F97A310133D2D153
S21401F43006F00C06D1E71B7F002BE2D106F0FB0697
S21401F440DFE70721022010F07CFC01900028E2D0C3
S21401F45090F806C03A680CF10C0C00EB0C0113781E
S21401F4604B70137F012B06D0022B45D192F85E30EC
S21401F470003B18BF01238B70CE70102316F00106D7
S21401F4800B711BBF2B7A6A7A4E7103F0030318BF08
S21401F4904B71236C14BF02F0030232468A7183F863
S21401F4A06D214A7983F86C2150F80C20C3F80A20A4
S21401F4B08A88DA818A791A7406B3206C90F86C11FE
S21401F4C011F002061AD194F8521090F97A0181F0DF
S21401F4D0080104F14C030622C1F3C0010DF069FDD9
S21401F4E060B13146FDF7DEFF2046082110F0C9FE67
S21401F4F001A813F0ABF98EE70023BCE7019E002EAE
S21401F50089D0FDF715FF95F806C078B11CF0010FFC
S21401F51004D0236C93F97A31013307D105212046B3
S21401F52010F0AFFE304607F087FF95E63B68597C42
S21401F5300CF0080229B112B16A7B100703D403212B
S21401F540EDE7002A75D06A7B110772D5D5F87411DC
S21401F55041F00401C5F87411B5F86C1121F48071FD
S21401F56021F00101A5F86C11187F697902280BD0EA
S21401F57071B942EA0C0212F0040248D185F87921E9
S21401F5801B7C002BDBD10DE021B993F85E209ABBE2
S21401F5900221C4E7012283F83D20DA7C92BB0423D2
S21401F5A085F8793132460621204610F020FA95F882
S21401F5B07931206C042B52D13B6800F5A67003F11B
S21401F5C01D022D3352F8041B40F8041B9A42F9D150
S21401F5D0D5F8743195F8792103F00401002A45D154
S21401F5E023F00203C5F87431E27400294AD0812160
S21401F5F0204610F068FC11E683F83D10DB7C002BFA
S21401F600C6D1CCE793F85E30002BC8D1C0E72A7983
S21401F61019785348052A28BF032201EB81010144CA
S21401F6208A5C85F879211B7C002BBBD0002AB9D1D6
S21401F63085E71A7F012A02D16A79002AAFD11CF028
S21401F640040F03D16A7B12F0040297D02A79197845
S21401F6504448052A28BF032201EB8101DFE7102277
S21401F660002100F5A67012F098FDB1E743F0020301
S21401F670C5F8743141B90123032AE37412D9042A67
S21401F6807FF4CCAD8421B3E7A37C0F2B85BF94F820
S21401F690743043F00803012384F8743088BF0223D2
S21401F6A0E374A4E7012A07D02046822110F00BFC60
S21401F6B02046FDF751FFB1E52046822110F003FCFC
S21401F6C03B68D968481C424242412046FDF714FF78
S21401F6D0A4E590F87430D90706D4402110F0F3FB66
S21401F6E029462046FDF7C0FEA3685A077FF596AD6A
S21401F6F045F21A01204612F07BFF1B49224620469E
S21401F70012F0A1FFA36823F00403A36002212046A0
S21401F710FBF76AFE82E502461349144807F0FEFC31
S21401F7207CE545F21A0112F063FFA36823F03E035D
S21401F730A360236C2BB193F97A01431C01D0F9F72E
S21401F740ADFC22462046084912F07DFF06490748CF
S21401F750224612F078FF204610F002FCD6E700BFE2
S21401F7608C3B0300A53B03001DFF02002C19002063
S21401F770184622F0004240F20A439A422DE9F0412F
S21401F78020D8B2F5806F01D800203EE06FF4806487
S21401F7902244092AF8D801A353F822F0E3F701001E
S21401F7A0EFF701000FF801005DF8010031F80100E4
S21401F7B079F801009BF80100A3F8010089F7010020
S21401F7C0BBF801006FF4A0615318042BDCD8A2F239
S21401F7D00252032A79D8DFE812F08A009200B700B5
S21401F7E0CB000578448864480EF070FA3EE0057850
S21401F7F04468826900F10803002160480EF077FA38
S21401F80010B10571C0F805400120BDE8F081067809
S21401F81045880479826900F10803002158480EF0F2
S21401F82066FA0028F0D00671A0F80550C471EBE71F
S21401F830047907784688C588A4F11B0359425941C3
S21401F84000F1080289004F480EF076FA0028DBD056
S21401F8500771A0F80560C4710581D5E7057844886D
S21401F8604269031D002148480EF041FA0028CBD01A
S21401F8700571A0F80540C7E706784588848800F139
S21401F8800802002141480EF057FA0028BCD0067144
S21401F890A0F80550A0F80740B6E7057844683C484C
S21401F8A0A2E704783A480EF011FA0028ACD00723F4
S21401F8B04371002304718371A6E7047835480EF07E
S21401F8C005FA0028A0D004719EE7077846880579D6
S21401F8D0C48800F1080200212F480EF02DFA0028F6
S21401F8E092D00771A0F80560C57104818CE707788E
S21401F8F046880579C48829480EF0E8F9EFE7876855
S21401F9004588047906787FB1C78800F1080200218E
S21401F91023480EF011FA00283FF476AF0671A0F8DE
S21401F9200550C47107816FE71D483B463A46394684
S21401F9300EF0DDF900283FF467AF0671A0F8055018
S21401F940C471077247725FE790F8008047880679AE
S21401F950C588048913480EF0B9F900283FF454AF5E
S21401F96080F80480A0F80570C671058144814BE7D4
S21401F970057844680C4837E79C3C0300983C030034
S21401F980943C03008C3C0300903C0300883C03003D
S21401F990843C03006C3C0300803C03007C3C030079
S21401F9A0783C0300743C0300703C03000048704739
S21401F9B071F7010030B585B004460846039111F091
S21401F9C0B6FD830708D410F0010003D003A812F097
S21401F9D03DFF012005B030BD03998B7903F10C0280
S21401F9E088188A5C013A1C2A00F2E880DFE802F0F7
S21401F9F00FE689E68CE695E69CE6A4E6ACE6B3E679
S21401FA00BAE6C2E6E6E6C4E6D2E6D4E6DD00037967
S21401FA100BB103F588534278023A162AD6D801A1CB
S21401FA2051F822F081FA0100CDF901008BFA0100AC
S21401FA30CDF9010097FA0100CDF90100A3FA010002
S21401FA40CDF90100AFFA0100CDF90100C7FA0100B6
S21401FA50CDF90100BBFA0100CDF90100D3FA01008E
S21401FA60CDF90100DFFA0100CDF90100CDF9010061
S21401FA70CDF90100E9FA0100CDF90100F9FA01001A
S21401FA8017212046FDF7C8F8A0E7002211462046B8
S21401FA900FF075FB9AE71A46002120460FF01CFC72
S21401FAA094E70022114620460FF087FD8EE70022DC
S21401FAB0114620460FF06FFC88E71A4600212046C3
S21401FAC00FF05CFD82E71A46002120460FF039FD53
S21401FAD07CE70022114620460FF062FE76E71946C3
S21401FAE020460FF0C6FE71E7009300231A4619461A
S21401FAF020460FF0C8FE69E7194620460FF015FFAD
S21401FB0064E7B0F80110BCE702338B710A460023A4
S21401FB10417820460FF033FB5BE701338B710022FF
S21401FB2020460FF0D9FB54E702338B71427800234D
S21401FB3020460FF042FD4CE701338B7100231A4635
S21401FB4020460FF028FC44E701338B710022204643
S21401FB500FF0F7FC3DE701338B71002220460FF0D2
S21401FB600DFD36E702338B714278002320460FF0F5
S21401FB7017FE2EE70021B3E705338B71B0F803209B
S21401FB80B0F80100002300930B46014620460FF013
S21401FB907AFE1EE70021B0E703338B710A46B0F800
S21401FBA0011020460FF0E0FE13E703338B710A467F
S21401FBB0B0F8011020460FF0E0FE0AE7002009E742
S21401FBC070B507F0B5FF1F4B1E6C05460EB1EEF77C
S21401FBD03BFDEEF78BFE1C4C8302A3F5805323609E
S21401FBE0EEF784FE8302A3F50063636000F072FA09
S21401FBF020680821043011F0EDFC23681B6883425D
S21401FC0002D0206811F0F5FC60680821043011F07C
S21401FC10E1FC63681B68834202D0606811F0E9FC6E
S21401FC202268636852685B689342084A94BF00235F
S21401FC30012313700EB1EEF717FD284607F07EFF7D
S21401FC40002070BD00000E40BC190020FB0C0020F7
S21401FC502DE9F041164B93F90020164B53F822502C
S21401FC600C3506462C46204611F0DBFCE0B907F0C1
S21401FC705FFFA17980460431201D11F0ABFC0746D9
S21401FC80404607F05BFF2368BB4202D1A388B3421C
S21401FC900BD0A379033303F4FE7308331C4485EABF
S21401FCA00403B3F5006FDED300242046BDE8F081DF
S21401FCB0FB0C0020BC190020431E2DE9F74F9BB218
S21401FCC04FF6FD7293420646884643D8234B93F976
S21401FCD00020234B53F8225007F02AFF214BD3F87C
S21401FCE040900C350746B9F1000F01D0EEF7ACFC99
S21401FCF02C46EA464FF6FF7B204611F092FCE8B907
S21401FD00A38886EA030218EA020F0CD194E80300DE
S21401FD108AE80300DB43ADF80430ADF806B001997C
S21401FD20201D11F05CFCA379033303F4FE73083342
S21401FD301C4485EA0403B3F5006FDDD3B9F1000F67
S21401FD4001D0EEF791FC384607F0F8FE002003B02C
S21401FD50BDE8F08F41F21200F9E700BFFB0C00206E
S21401FD60BC19002000000E402DE9F84FDFF8C490C2
S21401FD702F4A99F9003052F8238083F0010308F1E5
S21401FD800C0A52F823603046EEF7F6FC06F10C0733
S21401FD90D346584611F045FC054648BB9BF806106D
S21401FDA00BF10400043111F015FCDBF8003083423E
S21401FDB00DD09BF80640033404F4FE7408345C440A
S21401FDC084EA0A03B3F5006F12D2A346E1E75C4664
S21401FDD0384654F8041B11F002FC9BF80620033247
S21401FDE0B5EB920F07F1040705F10105F0DDE7E732
S21401FDF0D8F80410341D0131204611F0F0FB012122
S21401FE0006F1080011F0EBFB0821204611F0E2FB99
S21401FE100146304611F0E3FB99F80030404683F086
S21401FE20010389F8003011F0E4FB3846BDE8F88F8D
S21401FE30BC190020FB0C00202DE9F04F9A46431E0A
S21401FE4085B016469BB24FF6FD72934281460091ED
S21401FE5000F2C380624B93F90020624B53F8227084
S21401FE6007F066FE604BD3F840800C370546B8F1C4
S21401FE70000F01D0EEF7E8FB3C46204611F0D1FB1F
S21401FE800190002841D1A17904F1040B04315846B0
S21401FE9011F0A0FB2368019A98422AD1A388E18831
S21401FEA0994526D1CAB2964212D1324604F10801CA
S21401FEB05046019312F047F9019B48B9B8F1000F7B
S21401FEC04FD1284607F03AFE002005B0BDE8F08F76
S21401FED094E8030002AA82E80300DB43ADF80C3085
S21401FEE04FF0FF33ADF80E300399584611F077FB0B
S21401FEF00246A379033303F4FE7308331C4487EAEE
S21401FF000403B3F5006F1FD302BB002ED6D006F153
S21401FF10080B04EB0B035F40B7F5006F24D3FFF724
S21401FF2023FFC0F30A0304461BB19B44BBF5006FD5
S21401FF301AD9B8F1000F01D0EEF796FB284607F064
S21401FF40FDFD40F21B40C0E7002A96D0B8F1000F35
S21401FF5001D0EEF789FB284607F0F0FD40F203409A
S21401FF60B3E7EEF781FBACE7009BADF80C9046EAF1
S21401FF700323ADF80E3004F1040B04F108030399D2
S21401FF800093584611F02BFB06F10309009B4FEA3C
S21401FF90A9090027B90008B94F4513DB311D58469A
S21401FFA011F018FB0146204611F019FB0446B8F182
S21401FFB0000F01D0EEF758FB284607F0BFFD002CD6
S21401FFC082D0CBE71A1D18465AF80110009211F09C
S21401FFD006FB009A01371346DCE7212075E700BFD0
S21401FFE0FB0C0020BC19002000000E4008461946F4
S21401FFF008B580B21346CAB20021FFF71DFF024BB7
S214020000002818BF184608BD06E000F073B508467B
S21402001016461D460DF1030201AB0DF1020180B238
S21402002011F00EFB044658B99DF80330AB4209D3D3
S21402003001992A46304612F0BBF8204602B070BD3F
S214020040014CFAE7014CF8E70BE000F011E000F093
S2140200502DE9F74F90461D4ABDF830900D4692F9AD
S21402006000101B4A52F821600C369FB234464FF0FD
S214020070000AC24526D2204611F0D3FA10BB07F07A
S21402008057FDA17901900431201D11F0A3FA834691
S214020090019807F053FD22685A4508D1A388BB424F
S2140200A005D34B459CBF45F8043B0AF1010AA179EA
S2140200B0033101F4FE7108310C4486EA0403B3F5F9
S2140200C0006FD6D3504603B0BDE8F08FFB0C00207D
S2140200D0BC19002001480121EDF77EB800650A0030
S2140200E0084B10B540F201141C609860012058605D
S2140200F011448A4202D1D869C04310BD12F8010BDE
S2140201009861F6E700C001401046044A1368591E7B
S214020110033102D80021116018477047BC0B00203B
S214020120034B1868034B002808BF1846704700BFE9
S214020130CC190020C83C0300014811F0E4BB00BF04
S214020140D419002013B50B4C0229226005D10A48A7
S21402015011F0D9FB002002B010BD00930A46074BEF
S2140201600146054811F0B1FB003818BF01204000D7
S214020170F1E700BFBC0B0020D419002009010200E1
S214020180014811F0D3BB00BFD4190020014800215A
S21402019011F0EEBBD419002008B5064B1B680133DC
S2140201A005D0FFF7EDFF80F00100C0B208BD0020C9
S2140201B0FCE700BFBC0B0020F8B50D4610B90024C2
S2140201C02046F8BD0E4F3E68002EF8D100F0A2F889
S2140201D004460028F3D0386000F0E8F8204611F014
S2140201E081FA38B130463E6000F0E0F8204611F061
S2140201F074FAE4E7002DE3D02046A847E0E700BF04
S214020200D0190020024B1868003818BF012070472A
S214020210D019002038B50C4605F050F8A3780B4AE2
S21402022013705A1E55425541A8420CD0012B04D0D9
S2140202302846BDE8384005F029B8204604F0F8FF05
S2140202400028F5D038BD0020FCE700BFBC1F002008
S214020250024B00215B680846184700BFD00B0020FF
S21402026010B50446FFF75CFF0C4B1A1A5342534173
S214020270A34201D1012010BD094B1B683BB9094AB4
S214020280064B002C08BF1346074A1360F2E711F02C
S21402029081FD0028F3D00020EDE700BFA03C03005C
S2140202A0D0190020C83C0300CC19002010B511F06C
S2140202B05BFE044618B9034B01215B68984720464B
S2140202C010BD00BFD00B002010B511F056FE20B9AD
S2140202D0024BBDE810401B68184710BDD00B00202B
S2140202E010B511F078FA20B9024BBDE810401B6831
S2140202F0184710BDD00B0020431E033306D8044B0C
S214020300984228BF1846642838BF6420704700BF4A
S21402031040420F00F8B5054607F003FC0F4B1E6877
S214020320074626B9384607F000FC344611E0B468A2
S2140203308CB194F810C01CF0010F0CD195E80F0098
S2140203404CF0010C84E80F0084F810C0384607F021
S214020350ECFB2046F8BD3668E3E700BFC40B00207E
S21402036038B505460C4641B10B6833B11B680133FC
S21402037003D0CB680BB18B684BB911F005FCBDE816
S21402038038404FF492724121002000F0CBB9084663
S21402039001F040F80023044A85F8DC30C5E923431F
S2140203A0C2E9003338BD00BF880D002010B50446F0
S2140203B018B9054B054A136010BD04F0A5F8D4F829
S2140203C09830002BF6D1F4E7C3160300C00B0020CA
S2140203D010B50C4604F0D6F8054B00215B680320E6
S2140203E098471CB105F0F2F80128FBD110BD00BFFA
S2140203F0D00B002008B502460868FFF77DFF0860AC
S2140204004868FFF779FF48608868FFF775FF8860DD
S214020410C868FFF771FF0B69C860581C03D00B4809
S214020420834228BF03460B614B69581C03D007481A
S214020430834228BF034688694B61FFF75DFFBDE82C
S21402044008408861104604F07FBE00BF40420F009D
S2140204502DE9F84FD0F8903006460F4613B1038BBD
S2140204608B4244D0D6F88CB0BBF1000F42D0DBF8FA
S2140204700830002B3ED0DBF80C1000293AD0D6F814
S214020480A0A0BAF1000F38D04FF000094D46C8467A
S21402049001E0DBF8083005EBC50203EB8204013508
S2140204A0E389BB4214D8238ABB42304610D3B4F940
S2140204B01220B6F924309342A04653DD96F8D010A7
S2140204C0EEF79EFA337D834281464BD9DBF80C1059
S2140204D08D42DED3B8F1000F3ED0002342461946C5
S2140204E03046D0473783C6F8908086F8D9900020E9
S2140204F0BDE8F88F0320BDE8F88FD1465446524631
S21402050047F6FF7504EBC40803EB8808B8F80E300C
S214020510BB421BD8B8F81030BB4217D3B8F912202A
S214020520AA4207D14FF0FF093783C6F8908086F8B3
S214020530D990DCE796F8D0103046EEF761FA337DB4
S214020540834281464246EFD9DBF80C100134A142C1
S21402055004D9DBF80830D5E70120C9E7002AFBD02A
S2140205609046E1E7A046B8E72DE9F04782B0044698
S2140205708946164604F0F8FF3B4D08B100236B602F
S2140205802B68D4F88CA0D4F890700BB153454BD09E
S2140205904FF00008C5F8089005F018F8012836D183
S2140205A02B68DAF800103A6813B11868884246D009
S2140205B0204611F0B5FCC5E900A7D4F8A0508DF886
S2140205C00760002D42D000220DF107031146204697
S2140205D0A847204604F0CEFA0546B8F1000F00D030
S2140205E08EB1B5FA85F040F2DE324009332100F0D2
S2140205F099F83146204604F079FC1C4B05461B68E8
S214020600394620469847284602B0BDE8F0870120C2
S21402061003F0B8FF164B00215B680320984704F0EE
S214020620D5FF0128FBD1BBE76B68002BB0D0BB42DD
S214020630AED1AB68994514D04FF00108AAE76968B5
S21402064011B109689142B6D05968B1E7217D94F894
S214020650D930994228BF19463246204604F05EFA3F
S214020660B7E70025CFE700BF880D0020C00B0020AB
S214020670D00B0020F8B505460E4607F052FA314672
S21402068007462846FFF7E4FE044620B1384607F040
S2140206904CFA2046F8BD04F04FFF22463146284663
S2140206A0FFF762FF0446384607F03FFA2046F8BDD9
S2140206B013B50446694611F0C3F8204611F0C7FB8D
S2140206C0FF28024606D09DF800102046EEF718FADC
S2140206D002B010BD0048FBE70080FFFF07B54FF4ED
S2140206E000730A49ADF806300DF1060211F0C4F89F
S2140206F0BDF80630B3F5007F05D1022808BF0020FA
S21402070003B05DF804FB0120FAE700BFEC190020F5
S214020710024B1960024B1860FEE700BFC80B0020B0
S214020720EC1B002008B550B90548064B01601A605C
S214020730054B1A68054B1A601868FFF7E9FF08BDF3
S214020740C80B0020F01B0020D0190020EC1B002054
S214020750054B1B680BB918467047834201D01B69CC
S214020760F8E70120704700BFF81B0020094A13680B
S2140207700BB918467047834207D11B691360064AB5
S2140207801368013B13600120704703F110021B69D6
S214020790EEE700BFF81B0020F41B00202DE9F74F00
S2140207A0DFF83081DFF83091064607F0C1F998F895
S2140207B000B001900123BBF1000F06D089F800308B
S2140207C003B0BDE8F04F07F0B9B9404F88F80030E3
S2140207D089F800B011F01AF908B111F015F93D6860
S2140207E03B4965B9DFF8F4A0DAF800203B68AA4274
S2140207F04FF000042FD836484FF0FF313BE06B7DB8
S2140208008BB12B68B34202D09A1B8A420BD96A6814
S21402081013442B60AB68003A18BF0122003B18BF96
S21402082001236A75AB752D69DBE7907D20B1107DDB
S21402083088429CBF014614461269002AF5D1002C54
S214020840D9D0D4E90001A275411AD4E90232204671
S21402085098470135C8E71A46FF21EEE75A7D4AB1A6
S2140208601A68B24224D0921B824221D8914201D306
S21402087011461C461B69002BF0D15CB12046FFF7DF
S21402088075FF38B13B682361DAF800303C6001330B
S214020890CAF800303B685A7D6AB911F0B3F80646CA
S2140208A099F80030002B93D1019888F8003087E73A
S2140208B01C460021DEE7186800F0D4F8044611F062
S2140208C0A1F80646002C83D1EAE700BFF81B0020F9
S2140208D0FCFFFFBFBE1F0020BD1F0020F41B002030
S2140208E038B5054608B31822002111F056FC07F069
S2140208F01FF902462846FFF72BFF20B1104607F0E5
S2140209001DF9022038BD0A4B1C6854B909491D60FE
S2140209100B682C61013310460B6007F00FF9204676
S214020920F0E704F110032469EFE70120EAE700BFCD
S214020930F81B0020F41B002038B50446FFF708FF1A
S21402094007F0F6F805462046FFF702FF637D23B957
S214020950284607F0F3F8032038BD00236375064BDC
S2140209601B68A34203D111F04DF8FFF717FF284684
S21402097007F0E4F80020EFE7F81B00202DE9F84F17
S214020980DDF82890DDF830B0984604460D46FFF7AD
S214020990DFFE924607F0CCF8074611F033F806461B
S2140209A02046FFF7D5FE637D23B12046FFF7C4FF3E
S2140209B00023A375BAF1010F23D175B9B8F1000F60
S2140209C021D1B9F1000F03D05A4631462046C84716
S2140209D0384607F0B3F8002019E035440D4BAA1B41
S2140209E09A4210D8012363759DF82C30C4F80890FB
S2140209F0C4E900582375C4F80CB03046FFF7CEFEA3
S214020A00E6E7AE42EAD1384607F098F80120BDE89C
S214020A10F88F00BFFCFFFFBF2DE9F041074688466E
S214020A20FFF796FE07F084F83D68064610F0EAFFE8
S214020A307B7D7BB185420DD0094B2C1A9C4209D88E
S214020A40304607F07BF8B8F1010F08BF2546284666
S214020A50BDE8F081304607F071F80025F7E700BFE1
S214020A60FCFFFFBF08B50023044A194603F028FF1F
S214020A7010B1012818BF032008BD00BFCF1903001C
S214020A802DE9F74F15460E2200900F462A70EBB15D
S214020A901C4C5B68A3428CBF00240124DFF86890DC
S214020AA04FF000084FF0060AD9F800105FFA88F3F4
S214020AB00AFB03F3CA185079012809D92878A0F14D
S214020AC00E035842584103B0BDE8F08F1C46E5E7D6
S214020AD0A042CE5EB2F902B0117902D008F1010846
S214020AE0E2E700980191002210F055FF0028F5D0A9
S214020AF001992970B7F90020B242EFDB5A45EDDCC6
S214020B000020E0E7FFC99A3BCC0B0020014910F019
S214020B107FBF00BFCD560200014910F079BF00BF6B
S214020B20A156020070B5164E0328337804460D46C9
S214020B301ED023FA04F202F00102AA421DD053B1DB
S214020B400122A24023EA0203A5402B43DBB2337004
S214020B504BB1012070BD2DB10A4B01201B6898478E
S214020B603378EDE73570074B00201B689847F0E7AF
S214020B709A07DED003F0FC03E9E7002070BD00BF51
S214020B80BF1F0020381C002038B504460D46FFF76C
S214020B9039FB60B104F0FEFC48B9012D07D80120EC
S214020BA011F0F8F90D4B1B6823B15B6898470C4BA4
S214020BB01C7038BD07F075FF0A4B1A68801A186059
S214020BC0F0F770FC084B1B684FF47A7202FB003099
S214020BD010F079FE012004F0E5FCE8E7BC1C0020DA
S214020BE0FD0C0020301C0020341C0020F8B5124FEB
S214020BF005460C4606F095FF3B78064633B1012DB6
S214020C0004D01CB90D48F0F74FFB3C70214628462D
S214020C10FFF788FF0A4B1B7804463BB93B782BB993
S214020C2011F0A0F910B1074B1B689847304606F042
S214020C307CFF2046F8BD00BFC01F00200C1C002011
S214020C40BF1F0020D00B0020054A0B46117831B199
S214020C5000211170034A1878526801211047704724
S214020C60C01F0020D00B0020124B0239012910B5FC
S214020C7018701ED8FFF7C6FAD8B104F08BFCC0B1C4
S214020C8004F0E6FAA8B90C4B1C6834B123689847FE
S214020C90BDE81040002011F07DB910F012FE074B9F
S214020CA0186007F0FEFE064B1860204604F07AFC39
S214020CB0EEE710BDFD0C0020BC1C0020341C0020FA
S214020CC0301C002038B5044680B106F02AFF012108
S214020CD004460846EFF70EFF012108460A4A07F0C7
S214020CE051FE2046BDE8384006F01FBF06F019FF49
S214020CF0214605460120EFF7FDFE0120024A214665
S214020D0007F040FE2846EDE7143D0300F0B5324DED
S214020D1085B006F006FF2B78044623B12F48F0F77D
S214020D20C3FA00284AD1F0F751FB02AA03A911F030
S214020D3003F90346002832D011F012F9029B9842BA
S214020D401ED10020264B03991B68264E994230700E
S214020D5021D9C91A00270123CDE900771F482B7035
S214020D60214A334607F054FE00282FD11F4A137833
S214020D70D90717D4204606F0D8FE002005B0F0BDED
S214020D8011F0ECF8029B98421ED0154B154A1B68D0
S214020D900393002010700121FFF7C4FEEAE7204605
S214020DA02B70E8E731780029E4D103F0FE031370D4
S214020DB0002BDFD10E4B1B689847DBE7204606F078
S214020DC0B4FE032005B0F0BD0220BBE70323204695
S214020DD02F703370F3E700BFC01F00200C1C0020EA
S214020DE02C1C0020FC0C0020490C0200BF1F002017
S214020DF0381C002038B5134D06F093FE2B780446B7
S214020E00C3B9114A11491370114B124A1A6012489B
S214020E10124A5A60EFF7E8FE11491248EFF7E4FE6D
S214020E20114B124A1A60124B1B68124B02221A60AE
S214020E3001232B70AFF30080204606F076FE0020DA
S214020E4038BD00BFC11F0020C01F00201C3D03008C
S214020E50D00B00200D0D0200FC1B0020ED0B020043
S214020E60243D0300041C0020381C0020C50C020090
S214020E7000300E402C1C00200D4BD3F8E020D2038D
S214020E8014D50C494FF48032C3F8E820C1F8EC20A0
S214020E909A6BD1B2C2F3072299679A6704229A67BD
S214020EA000229A679A679A679A679A67704700BF9E
S214020EB00010084000100846F8B50C4C0D461746C0
S214020EC0064606F02EFE0123A36204232760666010
S214020ED0A560C4F8E830064B4FF48072C3F8802150
S214020EE006F023FE0DB10223A362F8BD00100840EF
S214020EF000E100E0054B1860054B01229A6540F6BA
S214020F00FF72196358635A65704700BF401C002081
S214020F10001008402DE9F04F042A83B0054639D95F
S214020F200B7883614B7883618B788361CB7883619E
S214020F300068D5F808B06E6800F007000123063096
S214020F4003FA00F808F1FF3909EA0B07A2F1040ACE
S214020F50A8EB0702924501F1040446F000560DD8AC
S214020F60F0192146524611F023F90AEB0B0248EA21
S214020F7009031A40AA6003B0BDE8F08F2146F019B3
S214020F80019211F015F9019AA118AAEB080230464F
S214020F903A44E8E7013A032AEDD8DFE802F00B0804
S214020FA0050211F8013B836111F8013BAB6111F8B0
S214020FB0013BAB610B78AB6103B0BDE8F08F00BFBD
S214020FC038B50C46104B1546014668B10122C3F8E7
S214020FD0B8200E482246FFF79DFF1DB10A4B042299
S214020FE0C3F8B820002038BD64B1D3F89C20A242D2
S214020FF084BF0122C3F8B820C3F898400222C3F87F
S214021000B820EAE70122FAE70010084090100840EC
S21402101010B506F086FD184B184901229A65C3F8EA
S21402102088201A66164A5A660722C3F884200A805F
S214021030144900220A804FF4A021C3F8E81003F1F5
S214021040C0630446C3F8EC100F4B1A600F4BD3F87C
S21402105088305B020AD50E4B18680E4B4FF480029E
S214021060C3F88820416BA43001F0AAFA2046BDE8F6
S214021070104006F05ABD00BF00100840BC1E0020FB
S214021080E00E0020BA1E00203C1C00200040084053
S214021090D0190020004008440D4B07221A800D4B41
S2140210A000221A800C4B0121C3F8B810C3F8902016
S2140210B04FF40052C3F89400C3F8B420074BF02252
S2140210C01A6403F10073A0221A64FFF7A1BF00BFDF
S2140210D0BC1E0020BA1E0020001008400000084473
S2140210E02DE9F041044688B1394E3A4F06F019FD13
S2140210F03388394A03F07801032C054603F07F0C47
S214021100114453D13C6824B906F00FFD0320BDE814
S214021110F08124F00104386820F00100A0424AD190
S21402112000223A6022886FEA42426FEA52428C42BA
S214021130228036D1294CDFF8B8C02788ACF1800867
S2140211403A46083A92B201F10800604528BF404686
S214021150082A04D9B0F900E0BEF1000F36DB22807F
S2140211603B440C8888781E499B1ADBB2C4F30C04F5
S214021170CC6300F007003380CB66C1F88420FFF70B
S2140211807BFE04280DD1174BD3F88830164B18680F
S214021190164B4FF48002C3F88820416BA43001F04E
S2140211A00FFA284606F0C1FC0020B0E7601E0128B0
S2140211B098BF0C46AFE7094862440088A21A48BFA7
S2140211C0803208389042ADDC28469DE70146B8E7F3
S2140211D0BA1E00203C1C0020E00E0020BC1E002090
S2140211E00010084000400840D01900200040084483
S2140211F0600F00200E490F4B0A881B880E481344C6
S214021200073B03F0780303440832987892B20A80C8
S21402121000F0070009490428C1F8842004D101F52A
S21402122040514A681203FCD4054A1360704700BF57
S214021230BC1E0020BA1E0020E00E0020001008404F
S2140212403C1C002010B5054C206828B1C30701D409
S214021250FFF746FF0023236010BD00BF3C1C0020A2
S214021260084B4FF48032C3F8EC2003F17C43C3F8FA
S214021270E420D3F88030C3F30C03782B01D8FFF7B1
S214021280FBBD7047001008442DE9F84304460E469D
S21402129006F047FC504B514D1A882D88814650481F
S2140212A002F07801032C02F07F03014417D14D4C63
S2140212B024688CB92A44073A02F078028418034458
S2140212C0E31A48BF8033AB4210DB484606F02DFCDB
S2140212D000242046BDE8F88324F00104EFE7012C41
S2140212E002D0022CEBD1083D0C46E8E7002E41D096
S2140212F08C423D4942D1D1F83C800A6B02F007028B
S214021300063201279740D1F88020C2F30C029A4297
S21402131047DDB4F900302588002BD6DBA378C5F369
S2140213200C0503F007037A1EA5EB08053A43052BC6
S214021330337005EA02052CD82DB2E84340F2364255
S2140213400421C00FFFF7EEF97580E378274A33745D
S21402135012687B1E03EA0803D118B160A9B213FA19
S21402136085F5BD4289BFFF1A0023B780F2609CBF95
S214021370B180F360484606F0D8FBAAE7A4F108025B
S214021380824238BF04F17802B2F80080C8F30C0833
S214021390B3E7174BDB6C003B18BF0123A5EBC30575
S2140213A0CAE78B6B7A1EA3EB08033A431A40114B2B
S2140213B015B25B686AB9C3F30363D91E4B424B414D
S2140213C0DB0033700B4B7280D3F89030C3F30723E5
S2140213D0BCE70823F5E700BFBA1E0020BC1E0020AB
S2140213E0E00E00203C1C002000100840401C00209C
S2140213F00000084000400840431C08D0044AD2F8C7
S2140214003C311B0C1B0480B20343C2F83C317047CC
S21402141000400840054BD3F8B400431C14BFC0F389
S21402142080700120A6223121FFF77CB90081E00FEF
S214021430034B1A689B88026083800020704700BFB7
S214021440DC0C00200F4B0628D3F8883104D183F435
S2140214500013C3F340507047022805D113F4400F1F
S2140214600CBF01200020704750B9074AD2F8D400BA
S21402147010F0010005D083F48003C3F38050704758
S2140214800020704700400E400081E00F0C4A528850
S214021490B2F5E16F94BFC8225A2210B594BF7824E1
S2140214A0502490428CBF172210220A70054A034627
S2140214B0107818B19C422CBF0020012010BD00BF3E
S2140214C0DC0C0020010D002013B5234B1B780E2BDD
S2140214D004463ED00DF10701FFF7D8FF1E2C8CBF45
S2140214E01E4C1F4C9DF807304FF001028CBF0121A5
S2140214F00021C4F8082170B1194A4DF60174C2F8E9
S21402150004411B0202F1007243F44043C2F8043164
S214021510144AA2F8D430134A134C92F8D83023F067
S2140215200103034323F0020343EA4103DBB282F8DA
S214021530D83024786CB923F0040343EA800323F0FE
S2140215400803B2F8D440A2F8D64043EAC10382F8B0
S214021550D83002B010BD00BFDC0C002000400846A8
S21402156000400844001F0021C41F0020084B094AFF
S214021570D3F88831DB4303F4FE1343F40053B3FA83
S21402158083F30E33A3EB4313013B1370704700BF84
S21402159000400E40000D002002280CD0062802D083
S2140215A020B100207047054B18787047034B187817
S2140215B00430C0B270470720704700BF000D0020FD
S2140215C02DE9F7433A4E3B4F96F8009015463A4AB5
S2140215D0D2F8C820B9F1020F0446884607EA020785
S2140215E01AD147EA006788F80000002372882B6049
S2140215F0B2F5E16F94BFC8225A2227F47F5794426D
S21402160027F008079ABF380A00F47F5043F6C870DE
S214021610384303B0BDE8F083284A1278904228BFC8
S214021620144604EB83030B70F4B1013CE4B24FF0B2
S21402163030632B606A4601A9204610F0C9FADDE93C
S214021640002347EA03671E4B98F800101B7847EA08
S214021650823747F47F5747F008073BB90029194BF2
S21402166018BF4FF07F43C1E7164BE2E7164B174809
S214021670B9F1060F08BF03462AB90029114B18BF55
S2140216804FF07F43B2E7B2FA82F2C2F11F02D2B241
S2140216909B5CDBB239B15A1ED2B2FD2A05D81B06B4
S2140216A043F00403A2E7074BA0E74FF07F439DE712
S2140216B0DC0C00203F00C0E0001F0021000D0020CF
S2140216C0C51F00200400000BB883E00FB083E00FB4
S2140216D02DE9F3410446C820FFF7F6FE2B4B2C4EAD
S2140216E018780E2801D0FF2C05D1FF24347020462E
S2140216F002B0BDE8F08102282DD1072C204628BF73
S214021700072001284FF0000301AA0DF1030138BF9C
S2140217100120FFF755FF05461E4B1F4FDDF80480DC
S214021720C3F85881C7F8C8509DF803403470204665
S214021730FFF7CAFE194A4FEA082303F4E063127859
S21402174043EA1863A7F8D030002AD0D1C7F8CC50A5
S214021750A7F8D230CBE7A0B9052C32BF0027012765
S2140217600420201A3B4601AA0DF10301C0B2FFF77E
S21402177027FF4FF48003054637B1094AC2F80831FD
S214021780CAE700273846ECE7064AF7E7DC0C0020F3
S214021790020D002000400840001F0021C41F002048
S2140217A0004008460040084408B501F059F8094BC5
S2140217B0094A002818BF1A46136823F47F115B08EB
S2140217C003F4FE130B431360044B4FF00072DA610E
S2140217D008BD00BF004108401841084000400840CC
S2140217E008B501F03DF8064B4FF4001228B1C3F8D5
S2140217F000214FF000621A6208BDC3F81821F8E70C
S21402180000400844014B1868704700BF441C002083
S214021810436C012B38BF01232DE9F0479A46464B0D
S214021820464F9B69464E474D03F4E073A3F5C072DC
S214021830804645485142514102685245434A0FD1BB
S21402184014788C420CD198F8D0C03C78A44507D1C5
S21402185098F815C03478A44502D1A888BDE8F08768
S214021860B3F5C07FC0F800A011704AD1D8F89440F2
S21402187024B12368082B58D994F838400F21204603
S21402188010F088F9BAFA8AF3002852D0B0FA80F239
S2140218909B1A002BC6BFD840C3F10F094FF00F09A1
S2140218A0504501D909F1FF39234B2004C3F8BC0087
S2140218B003F1806340F6FF72C3F8B82003F10073A9
S2140218C04FEA0921C3F8B81010F095F9A88000F085
S2140218D045FD09F01F094FF4FA7304FA09F45C4354
S2140218E041F66A03B0FBF3F00A23B4FBF0F45C4360
S2140218F0174B1C6098F8D0303B7098F81530337050
S214021900ABE798F8D030062B06D1124B1B78002B8B
S2140219100CBF9624C824B1E7022B08D00D4B1B78C7
S214021920002B0CBFB424F024A8E70024A6E7322438
S214021930A4E74FF00F09B7E700600840FF0C00204D
S214021940FE0C0020DC0C0020D80B0020C71F002055
S214021950441C0020C51F0020FF290DD00F4B104845
S214021960C3F850010B04090501F0F87103F4E023F3
S2140219700B430C49C1F85031FF2A0DD0074B40F2F9
S214021980F711C3F85011130103F4F87302F00702BB
S2140219901343044AC2F850310020704700400844FE
S2140219A00000F70100400846F8B5134B134E1F68B7
S2140219B0134D384600F040FF3378C4B2A34201D13B
S2140219C02B78A3B1092C14D80E4B012C195D05D126
S2140219D00D4B1B78022B01D141F0400101F00F02A2
S2140219E038460909FFF7B8FF002334702B70002031
S2140219F0F8BD0024FA21F1E7D0190020C31F002009
S214021A00C21F00202C3D0300DC0C002038B5044623
S214021A1000F04CFC142200212E4810F0BEFB2E4B88
S214021A2025781A782D49521B18BF01220A7022689F
S214021A301A60C820A2889A80FFF746FD284BD3F882
S214021A40C820284BFF211970274B2849062D03EA88
S214021A500203274A1AD14FF4EE40C2F824014FF48B
S214021A608A42C1F82421012243F08043C1F8202192
S214021A701B4AC2F8C8301E4B0322C3F85821FFF790
S214021A8093FF1C4B01221A70002038BD022D4FF026
S214021A9007000ED1C2F80C010620C1F80C01164947
S214021AA0C2F808114FF4404143F00303C2F8041190
S214021AB0DEE7C2F80C010520C1F80C01C020C2F80E
S214021AC0080143F08043812243F00403C1F8082151
S214021AD0CEE700BFC81F0021DC0C0020C21F00207A
S214021AE0001F0021020D00202800C0A0004008466A
S214021AF000400844C61F0020C1004000014B187079
S214021B00704700BFC51F00202DE9F0472D4C2E4B15
S214021B10236000F023FC4FF4FA7307464FF47A76FC
S214021B20B0FBF6F629482A4A7343190E1B02181808
S214021B3041F10001002304F0AFF9A0F580730546D9
S214021B40A36220B966222B21FEF7ECFD01254FF495
S214021B507A726A434FF0000A53465008310204F084
S214021B609BF91C4B19601C4BB7F57A7F4FEA056848
S214021B708946044618604FEA152505D276222B219F
S214021B805046FEF7CFFD01264FF47A73A8FB0301F9
S214021B9003FB05117308C01841F100010023324609
S214021BA004F07AF90D4B023419600D4B49F1000925
S214021BB0A408186044EA8974024B013C1C63BDE821
S214021BC0F08700BF005008400211010020A1070064
S214021BD040420F00541C0020501C00204C1C0020C9
S214021BE0481C0020044B4FF00052C3F880211A60B4
S214021BF0024B01225A60704700E100E000500840A4
S214021C00074B4FF00052C3F88021C3F88020BFF381
S214021C104F8FBFF36F8F034B04225A60704700BF8B
S214021C2000E100E00050084010B50446A242A2EBD4
S214021C300000A3EB010104D2034B1B6B01331844D3
S214021C40013901F0030110BD0050084038B5020109
S214021C500A4B01259D500A4A4FF48073834053660F
S214021C60044605F05EFF074A1378A54023EA0503FB
S214021C701370BDE8384005F058BF00BF0051084455
S214021C8000500840C81F00202DE9F04715460446BC
S214021C9088461E4605F045FF022D00F0B88007462E
S214021CA005F046FF6C4B6D4AD3F8189092F815A0D3
S214021CB0DA6D5FFA8AFA520744BFD3F818900AF12F
S214021CC0010A05F03BFF664B664A1B6811684FEA3D
S214021CD08A7CA3FB093213F1004301FB09CCD8F836
S214021CE000304CEB020C012D04BF01336344ACEB15
S214021CF0030C08BFC8F80030BCF1804F0AF0030A94
S214021D00C0F09880584AD2F800C0584AD2F800E08C
S214021D10514A23F04041106B4FF000480022ECFB82
S214021D2001820EFB012282424FEA937381BF013386
S214021D300130121A03F00303A3EB0A03914588BF8E
S214021D404549DFF848C184BF096B03F1FF3303F04E
S214021D5003030CF80430A2EB0900A3B1F10742BF5B
S214021D60434B41F61F71D966B30742BF404B414908
S214021D70D966710742BF384B00211967330742BF45
S214021D80354B00211965344B04F1100103EB041E98
S214021D900901CEF80C2111225A5037499A694FF0A0
S214021DA0010EA2EB090A0EFA04F8D3F85C900A7840
S214021DB05FFA88F848EA020282450A7026D34FF490
S214021DC08072A24019EA020F20D11CF804000028F3
S214021DD03FD10DB3F0071A6608D5254B274941F6C1
S214021DE01F7240F20110DA66C866DA66B10706D5D7
S214021DF01F4B22491F4A2248DA66C866DA6672070D
S214021E0042BF204B01229A60330719D4384605F0A8
S214021E108CFE0120BDE8F0871B48240140F804E050
S214021E205A6605F07EFE14490B7823EA08030B7007
S214021E3005F07BFE384605F078FE0020BDE8F08708
S214021E40212000F0A5F9044B4FF480325A60384640
S214021E50DDE71A663846DAE700500840881C00209C
S214021E60481C00204C1C0020501C0020541C002043
S214021E700050084400001F1FC81F002000500846DC
S214021E80000001010040084000510844C91F00201C
S214021E90024B1878003818BF01207047C81F002070
S214021EA01030034B0001185800F00100704700BFC5
S214021EB0005008401030044B01F46001000141F06C
S214021EC003011950704700BF0050084038B505F0AE
S214021ED02FFE084B084A9D69547DDA6D520748BFAB
S214021EE09D69E4B248BF013405F028FE284604F096
S214021EF0030138BD00500840881C002038B50B4B43
S214021F0003EB001210300001D2F80C411D58FFF707
S214021F10DDFFAB0706D5844200D90139204601F021
S214021F20030138BD844238BF0131F7E7005008404C
S214021F3008B5222000F02CF9024B4FF480225A609A
S214021F4008BD00BF00500840064B1B68434303EB26
S214021F508171054B1B68A3FB003013F1004341EB74
S214021F60000070474C1C0020481C00200D4A10B58B
S214021F70146820F0404301464FF000420020E4FB84
S214021F800320094A126802FB0300084B1B6B9842A7
S214021F904FEA917104D901330131C01A01F00301ED
S214021FA010BD00BF501C0020541C002000500840EA
S214021FB0F8B5064603F0EEFA044608B1FFF720FE2F
S214021FC0084D094F00232B6130466B61AB617B7570
S214021FD0FFF7CCFFC9B27975A8610CB1FFF702FE14
S214021FE00020F8BD00500840881C00203B4B082209
S214021FF070B501210546C3F8C8203948394CEBF7BD
S214022000EBF8394B1D702378013B012B0CD8237C4F
S214022010E07B01229A400C21302313FB001303F1CC
S214022020884303F520431A60304B00225A677DB975
S2140220302F4A4FF6FF71D16702F10072F821D1677D
S2140220405D672C4B4FF08042C3F89420002070BD91
S214022050636853B300F082F9626800EB5203B3FB85
S214022060F2F3013B1B0243F0F80326782049224A8A
S214022070022E1CD0032E1D484FF6FF7521D0012ECE
S21402208027D143F00203CD67D36707234367237C38
S214022090E07B01229A400C21302313FB001303F14C
S2140220A08C4303F520431A6011E0F823DDE743F082
S2140220B001034FF6FF70C867D3670C4B05225A67B9
S2140220C0E5E743F00503CD67D367012343670B4B70
S2140220D0B8E7CD67D3670023F8E700BF00400E4697
S2140220E000350A00581C0020CE1F002000000840C1
S2140220F00000084400400844000008460040084625
S214022100F8B5064604460FCE1C4F3D460FC533684B
S2140221102B601B4B1B480822C3F8C8200121EBF793
S2140221205BF8194A00235367A37BE17A1B0443EA50
S2140221300123217A0B4393673B78032B1BD8DFE8F6
S21402214003F01402080E617B207B00230422ECF7C6
S2140221501BF9217CE07B00230422ECF715F9A17A17
S214022160607A01230422ECF70FF9084B1878BDE8D1
S214022170F840FFF73BBF0120F8BD00BF581C002007
S21402218000400E4600350A0000000840CE1F002020
S214022190044BD3F89430002BBCBF034BC3F880002B
S2140221A0704700BF00400840000008404FF0006340
S2140221B018B1034AC2F894307047024AFAE700BFE1
S2140221C0004008460040084408B5064B06491A680F
S2140221D04FF0045092000FF0EBFFBDE8084000F00D
S2140221E0A5BD00BF6C3D0300703D030007B501A806
S2140221F0ECF74EFB134B144AC3F8442148F2E6723E
S214022200C3F838214FF40862C3F834210F4AC3F8E2
S214022210A0200F4A4AF63F41916002F580424FF0F5
S214022220C07191620022C3F8FC200A4AC3F89C20BF
S214022230094B7F225A6203F1007323225A6203B0CB
S2140222405DF804FB00400840C0E653517A27000FB1
S21402225000300840806D6303003008440F4B0022B4
S21402226010B5C3F88820C3F88C20C3F890200C4A17
S2140222700121D1605A6812F0706FFBD14FF0045200
S214022280DA67012402F5FD52C3F880401A66054B50
S2140222901B689847044BDC6010BD00BF0040084036
S2140222A000400846DC0B002000400844034BFD2299
S2140222B0C3F8C8200122C3F8CC20704700400E465F
S2140222C038B5FFF7F3FF1B4B1B481C4C1C49022278
S2140222D0C3F8C8201B4B1A6842B102EA0005A542A1
S2140222E004BF5D68156008338B42F4D1164B022298
S2140222F0C3F8C820154B164AD3F83C111160154A8C
S214022300C3F8942000F04AFBFFF770FF124B03223B
S214022310C3F8D820A3F500530122C3F894204FF443
S2140223206072DA604FF04072C3F8F820C3F81021EA
S21402233038BD00BF00400E460000FFFF0000084008
S214022340B081E00F0080E00F00400E4400400840DD
S214022350E00B00200048F0000060084608B5EAF7E7
S214022360DBFA044BD3F81031C3F308230133B0FB76
S214022370F3F008BD00400E4070B5044618B1284D73
S2140223802268531C00D170BDC2F30063110C35F8ED
S214022390130011F0FE0F93B243EA0043606818D0B0
S2140223A00434CAB2022A216808D9D4E90160033A81
S2140223B0C3E9001698600C340C33F3E704D1626864
S2140223C0C3E900120834DBE7012AD9D104341960C4
S2140223D0D6E7120F072AF5D8DFE802F00704090D40
S2140223E01013181DC04303F180631860EAE71A68E9
S2140223F042401A60E6E703F1C063F6E70FF029FCF5
S214022400E0E70122824003F1C063F2E70122824044
S21402241003F18063EDE71A6830EA0202FBD1D1E7E6
S214022420363D0300024B0122C3F89420704700BFDA
S21402243000400846024B0122C3F89420704700BFB2
S21402244000400844024B4022C3F89420704700BF65
S21402245000400844024B4022C3F89420704700BF55
S2140224600040084608B50C4B1B68D3F8943023B1DD
S2140224701A68022A01D9186A08BDFFF76FFF074BD0
S2140224801B6D024698B20028F6D0C3F30743D20863
S2140224905343B3FBF0F0EFE7D0190020006008408A
S2140224A0064B5B68C3F30363984206D1044A936BF8
S2140224B023F0F00343EA011191637047004008409D
S2140224C0001F00212DE9F0470E460FF0ACFBDFF8A7
S2140224D0B090DFF8B0A08046002505F022FBD9F8C0
S2140224E00430C3F30363012B07460BD1711C1AD0C9
S2140224F00FF099FBA0EB0805384605F016FBAE4236
S214022500EBD80DE0052BF1D00B2BEFD0023B012BC5
S2140225100CD9013602D00FF086FB384605F005FBD3
S2140225201648BDE8F08705F000FBD6E7DAF8083073
S2140225301A04C3F389140FD4013602D00FF073FBCA
S214022540384605F0F2FA24B2A4F1C8006FF4FF731D
S2140225509842B8BF1846E4E7731C03D00FF063FB3B
S214022560A0EB08056FEA84546FEA9454384605F0E7
S214022570DCFA14F5007FC2D0E6E700BF00FEFFFFDC
S2140225800040084000700840024B012218619A6021
S214022590704700BF00200840084910B5D1F87031D6
S2140225A040B11C464A68D1F870319C42F9D1C2F358
S2140225B00362027003F00F0010BD00BF0040084027
S2140225C0094BD3F8883001F0800103F480030B43F3
S2140225D009D1064B4FF400129A61837F1BB1044B5C
S2140225E00122C3F8F8207047004008400060084403
S2140225F00060084610B505F094FA084B1B680446BE
S2140226003BB1984728B1002200204FF4806100F0C9
S214022610BFFC2046BDE8104005F087BA6C1C0020BF
S2140226202DE9F0411F4CDFF89080069F0646A2FB7C
S21402263003502C1960F1000E9C46A0454FF0000393
S21402264073EB0E0E07D24FF4B4720E211846FEF745
S21402265069F802201BE00029FBD0C6F3130601EB43
S2140226605C04B4FBFCF4A4FB0646E40C44EA4634E1
S2140226700D4E34600D4C22600D4A914209D10D4A2E
S214022680A5FB025302FB00339B093B600020BDE81A
S214022690F081C4040A46E80444EA553103F0FCFB20
S2140226A03860F3E700C9E876701C0020741C00202E
S2140226B000F049020A3BB2DF0046C32338B5164D86
S2140226C02B780C4623B9154B1B6D03F03F032B707A
S2140226D0134BD3F894305B051CD5124BB0FBF3F0CA
S2140226E040F24D534343A3F546430C3B584300F593
S2140226F0C91000F5556028B940F21B322B21FEF7AF
S21402270011F801202B78084A5343B3FBF0F300205C
S214022710236038BD0220FCE7D21F002000300840AC
S2140227200040084000366E018096980070B5374C1F
S214022730374B256B374C1B682468ED024CBF1B19C0
S2140227401B1BB3F1804F04D8002B3AD1324E1C46E5
S2140227500AE0B3FA83F4314EC4F10204E340304D8A
S214022760AB4201D901345B0803EB5605B5FBF6F51F
S2140227702C4EB34234BF002601262403013D44EA10
S21402278086242C430C60D8B1B3FBF0F1642400FB22
S21402279011336343984288BF01F1FF31480801387C
S2140227A001390728204D214C4FEA510311D9002147
S2140227B029700621C4F894101B0243EA0013136022
S2140227C070BDB3FA83F4D4F10204134EC6D50024C6
S2140227D0C5E71029EBD068B1012129700621C4F89B
S2140227E09410134909780029E6D012490224C1F848
S2140227F09440E1E7012914BF0121002129704FF01E
S2140228000601C4F89410ECD1D6E700BF00300840A9
S214022810741C0020701C0020E0673500C0CF6A00E0
S2140228203FBE4025401B5F13CF1F002000400844D8
S214022830D01F002000400846084B5B6B03F00700E1
S214022840C3F3C20213F0380F18BF5043C3F3821209
S21402285013F4E07F18BF5043704700BF00300840B3
S214022860034BD3F8380180F01000C0F30010704715
S21402287000400840174B4FF4002210B5C3F89420CE
S214022880154C164BB0F1804F88BF1C46144BDA6CC1
S214022890D2071DD51B6F134A04F5F42404F5907471
S2140228A0B4FBF2F4033CE4B203F00703A34202D003
S2140228B02046EBF7C7FC0C4B1B784BB10B4B4FF487
S2140228C07022C3F8942003F100732404C3F89440E2
S2140228D010BD00BF00400846E0673500C0CF6A0062
S2140228E000300E4040420F00D11F00200040084436
S2140228F07FB50446EAF74CF81C4B06462C3358685C
S2140229000093A37922683146FFF78AFE054648BB44
S214022910A379012B14BF164916491022C1F8382193
S214022920206815495843FFF7C9FE03AA02A9304694
S214022930FFF7FCFE0F4A43F6FF53C2F8A4300C4BD7
S2140229400299C3F8A4104FF4EE611163039A1A6356
S2140229502068FFF78FFF094BA2881A6203F54053DF
S21402296000229A63284604B070BD00BF00300840BB
S2140229700040084600400844503008400000084026
S21402298008B5044B01221A70034B1868FFF772FF52
S214022990002008BDD11F0020741C0020024B4FF4FB
S2140229A08062C3F894207047004008460D4BD3F867
S2140229B00421D3F8B030D2B2FF2A03D043F3074340
S2140229C0591C01D190221923074903EBD37302EB5A
S2140229D06302022381F84630232381F8472081F8D8
S2140229E0453070470081E00F001F002140B10368A8
S2140229F0012B05D90069034B002808BF184670470B
S214022A00004870473C3D030038B5054614480C465E
S214022A10FFF7ACFA2DB1C30103EB5503B3FBF5F395
S214022A202360104A5368D80217D40F4B1B68D2F89B
S214022A30A810C3F3810311F4806203F10103C9B243
S214022A4018BFDA00FF2906D00649D1F8AC104905AE
S214022A5001D502EBC302626038BD0022FBE700BF6D
S214022A6040420F000000084000200840084B1A6849
S214022A70C117A2FB000310F1807002FB013343F181
S214022A800003400E40EAC310803820EAE070704728
S214022A907C1C0020174B072270B5C3F88420FFF772
S214022AA05DFC154B154A164EC408010B0546E0059B
S214022AB0C01841F10001002303F0EEF9114B186033
S214022AC04EF66020FFF7D2FF4042C6F89C000E4842
S214022AD0FFF74CFA024658B1E301500818184FEABD
S214022AE015714FF0000341F1000103F0D5F970674C
S214022AF070BD00BF00400840B2E60E0065CD1D0066
S214022B00001F00217C1C002040420F002DE9F843E4
S214022B10054608469846FFF769FF16460746002D03
S214022B2000F0A98018F0050F5DD02C69002C00F08B
S214022B30A480FEF767FE4FF47A735C43201A7B6824
S214022B40A0F6AC50C01AFFF791FFAC8B3062002C97
S214022B5000F09680FEF756FE4FF47A735C43201A16
S214022B607B68A0F6AC50C01AFFF780FF70614A4B34
S214022B70EC68D3F80090002C00F08580FEF742FE49
S214022B804FF47A735C43241A7B68A4F6AC54E41AB6
S214022B903B68E41A414B1A68E117A2FB044314F19E
S214022BA0807402FB013343F10003640E44EAC3144B
S214022BB0803C3B4BB4613B4CD3F88430F3612368D2
S214022BC04BB148460FF0E7F928B12368D9F8480018
S214022BD0324639469847AC69FEF714FE014620464F
S214022BE00FF098F8F06218F0020F29D06B684FF4D5
S214022BF07A7058435BB13B6803F51C531033184494
S214022C00AB7F002B46F2A81308BF00231844FFF739
S214022C102DFF6B69B062002B38D078684FF47A7259
S214022C2002FB0300AB7FA0F50350002BA0F11000BF
S214022C3046F2A81308BF0023C01AFFF717FF7062F8
S214022C4018F0040F17D0A86818B34FF47A735843D5
S214022C50A0F503501038FFF709FFF0602B684FF419
S214022C607A70584323B13B6803F51C53103318445B
S214022C70FFF7FCFE3061BDE8F8834CF2503062E7A5
S214022C804CF2503070E74CF2503483E747F2305043
S214022C90D3E747F23050DEE7D01900207C1C002034
S214022CA0001F0021781C0020064BD86DDB69C0F39C
S214022CB0011203F01F03000C02FB0000013318444C
S214022CC0704700BF0060084010B508461C460EF06C
S214022CD0B1FF094B0246D3F8F800FFF787FE0368F8
S214022CE0A018002B054AA8BF4FF4FA721A44044BE8
S214022CF092FBF3F2104410BD001F00210CFEFFFFF2
S214022D0018FCFFFF074BD3F8D8304FF604014FF6F6
S214022D1005029BB28B4208BF1346034A0120936505
S214022D20704700BF0081E00F0050084070B5194C94
S214022D300FCC86B001AD0FC5C822236816482B609B
S214022D4000210FF02AFA7C22002114480FF025FAFF
S214022D50134B144AC3F8F020FFF728FE124B1B78D9
S214022D602BB101AD0FCD0B4E0FC62B6823600F4B58
S214022D700F4AC3F8DC2F0F4AC3F8E02F0E4AC3F8F7
S214022D80E42F02F1957202F27112C3F8E82F06B030
S214022D9070BD00BFC81F0021381F0021BC1E0021C5
S214022DA0001F00213F003700C61F00200010002130
S214022DB00200620209C805780708DC060A4B197881
S214022DC001F0FF0229B10021197008499202C1F8E8
S214022DD0A020597801F0FF0229B100215970930210
S214022DE0024AC2F8A4307047D31F002000000846EB
S214022DF0074BD3F8E40E074BD3F88C301A0103D4F2
S214022E00054B1B6E1B0401D500F58070704700BF92
S214022E1000100021004008400000084008B504F0F9
S214022E2080FE0F4B1A78B2B90E4A126812F4843F2B
S214022E3011D10D4A1021C2F894101B786BB9094BB8
S214022E401B68DB0509D4084B2022C3F89420BDE892
S214022E50084004F06ABE054AECE7044BF4E700BFFC
S214022E60D71F0020600F002000400844004008469C
S214022E7010B504F056FE0E2104460320FFF710FBA1
S214022E80044B40F2012220465A62BDE8104004F08C
S214022E904CBE00BF00000840044B00221A70044BD0
S214022EA0197811B11A70FFF7B9BF7047D61F002004
S214022EB0D71F002008B504F034FE244B4FF0805292
S214022EC0C3F88020BFF34F8FBFF36F8F4FF480722B
S214022ED0C3F88020BFF34F8FBFF36F8F0222C3F871
S214022EE08020BFF34F8FBFF36F8F1022C3F880206E
S214022EF0BFF34F8FBFF36F8F2022C3F88020BFF33C
S214022F004F8FBFF36F8F4FF00052C3F88020BFF38E
S214022F104F8FBFF36F8F8022C3F88020BFF34F8F8F
S214022F20BFF36F8F4022C3F88020BFF34F8FBFF3EB
S214022F306F8F4FF00042C3F88020BFF34F8FBFF36E
S214022F406F8FBDE8084004F0F0BD00BF00E100E06E
S214022F5008B504F0E6FD0D4B4FF080521A604FF4B0
S214022F6080721A6002221A60002283F8012310225D
S214022F701A6020221A604FF000521A6080221A60ED
S214022F8040221A60BDE8084004F0CFBD00E100E030
S214022F9070B5084C01232370074B1E68074BD3E914
S214022FA0005332401940284001F0F4F90023237000
S214022FB070BD00BFD51F0020841C0020600F0020BB
S214022FC02DE9F047DDF820A003EA0108099B064632
S214022FD00D4602EA000703EA0A09BAF1000F40F0BA
S214022FE04981031F0B4300F00F81052871F100038E
S214022FF080F0E38050EA010300F05C81431E0B433D
S21402300000F01D81FFF756FFAB4AD2E9004323EAE0
S214023010050324EA06043C4343EA0807A74BA84DE7
S2140230201E68DFF8EC8226EA0A0646EA09061E60F1
S214023030C2E90047FFF7F2FE14F02A4F14BF48F227
S21402304002034FF40043B0079E48C26E48BF43F4E3
S214023050005383EA020122EA0302EA669A4A81667A
S2140230600B40D366C4F380421203210348BF42F4E6
S2140230708072E30648BF42F40052A50648BF42F4F7
S214023080007260069148924DD0F80C3248BF42F466
S2140230908062210648BF42F4006282EA030123EA04
S2140230A00203C5F80C328B4BC0F808120A40C7F36D
S2140230B04025AD04C3F80C22E20448BF45F480352F
S2140230C0A30348BF45F48015A00748BF45F4001582
S2140230D014F4001F06D0D8F800000EF08BFF08B9D3
S2140230E045F40025E1027C497C4848BF45F400359A
S2140230F0FA0648BF45F480050A6A730748BF45F0DA
S214023100040585EA020323F001031A4002621D4009
S214023110CB61734B73481D62734B744A16F0010FF2
S21402312018BF1A46836E7D0748BF42F40012704DE0
S21402313082EA030123EA0203AB666E4B41660A404B
S21402314000F500509A66C16B04F0010305F50055C0
S21402315081EA030221EA0301E96382631A40664BAD
S214023160DA63D8F80020200248BF644B92F8E920C0
S21402317058BF634B610748BF43F4806322B114F41F
S214023180C06F18BF43F480735E485F4CD0F8EC10F3
S214023190320748BF43F0004383EA010222F4A0222A
S2140231A01140C4F8EC101340C0F8E820574ABDE8B6
S2140231B0F047C2F8EC30FFF7CBBEA0F580630B43B6
S2140231C006D020F48063A3F500730B437FF41AAF96
S2140231D004F0A7FC3849D1E9003223EA060322EAC2
S2140231E0050242EA08023B43C1E90032484A126835
S2140231F092F8E9200AB313F4C06F1ED0434B4FF483
S2140232008072C3F8EC2014E004F08BFC2A4AD2E960
S214023210003123F004033B4341EA080157EA08075A
S214023220C2E9003114BF394A374A4FF48063C2F804
S214023230EC30BDE8F04704F078BC334BDFE704F02F
S21402324070FC1D4AD2E9003123F001033B4341EAF8
S2140232500801C2E900312F4A57EA08074FF0010376
S21402326015BF93632C4902F1C062CB6314BFD363CC
S2140232709363DEE750EA01037FF4C4AEBAF1010FAE
S2140232807FF4C0AE04F04DFC0C4A136823F0010331
S21402329043EA09031360134A4FF48063B9F1000F3F
S2140232A004D0536602F1C0629366C2E710498B6689
S2140232B05366BEE7BDE8F087600F0020841C00203E
S2140232C0000008440000084000000846006008406D
S2140232D00060084400600846004008400040084479
S2140232E00040084600500840041C500004185000D5
S2140232F00050084400500846007008460D0A0A09A5
S214023300090A0A090010084000100844001008467E
S214023310D01900200070084000700844024B58681C
S214023320C0F3C000704700BF600F0020024B186851
S21402333000F00100704700BF600F0020024B586883
S214023340C0F3C030704700BF600F002010B50446BF
S214023350FEF7B6FFFFF7AEFD04F14C00FDF79CFE4C
S214023360FEF77CFFFEF7D0FBFEF73CFCFFF792FB76
S2140233701049114AD1F8F810072304F1A400FFF708
S214023380C5FB4FF440010020FEF794FD4FF40011F8
S2140233900120FEF78FFDFFF7B5FC20B940F2E722C9
S2140233A01421FDF7BFF9FFF7EBFABDE81040012044
S2140233B0FEF71CBE001F00216C1F0021084B802256
S2140233C0C3F8882003F17E430822C3F88820054A02
S2140233D0D2F8BC3E23F02003C2F8BC3E704700BFC2
S2140233E0004008460010002108B504F09AFBFFF7DB
S2140233F0E5FF034B01229A60BDE8084004F095BB46
S21402340000400840F0B583B00646144602F0C2F803
S214023410002800F09B80514BDD6815F0060540F051
S214023420958004F07EFB23790095022B07463ED159
S214023430237B022B35D00320FEF732FD18B9484B0A
S2140234405B685B047FD5A37B257B4649A268019215
S214023450003B18BF0123012D0B705DD0424A434C3E
S214023460002313702278002A61D13C4E0420FEF716
S214023470EDFBF36E23F0F85323F4F81343F0506396
S21402348043F48033F3662A46022301A90420FEF79A
S214023490FBFB002852D0364B012130222170C3F8A4
S2140234A09420384604F041FB002003B0F0BD032010
S2140234B0FEF7F6FC002846D12279D6F8AC30012A6F
S2140234C0226838D0D51A254B2A4A0095DA66002299
S2140234D01A67627B284B002A0CBF012200221A7050
S2140234E0264B264AD3F8BC3E0CBF43F0200323F0FB
S2140234F02003C2F8BC3E0320FEF7A8FB174B204A67
S214023500DA662279012369460320FEF7BDFBF8B18D
S2140235101C4B01221A708BE72379022B9ED0009B4C
S214023520D6F8AC100B4413440025019396E723709B
S214023530FFF774FC99E79A42C5D3C3E70320FEF768
S21402354085FB0C4BF366384604F0EFFA0320ACE733
S214023550384604F0EAFA0120A7E700BF0050084008
S21402356000400840D91F0020D61F0020D71F002089
S2140235700040084600000101D81F0020001000216C
S214023580010C0100DA1F00202DE9F3410D46074623
S21402359004F0C7FA1B4BDFF8788000241C70FFF794
S2140235A00DFF194BC8F86C30C8F8704006466879AB
S2140235B0431E5842584101F08DFC40F60143C8F8BC
S2140235C070302A792968D7F8B430012A01D1994295
S2140235D000D3CC1A04230DEB030103200194FEF75B
S2140235E053FB50B9094B88223046C3F8882004F0B2
S2140235F09CFA012002B0BDE8F081304604F095FA4C
S2140236000020F7E7DA1F002000000101004008440E
S21402361000500840F8B5194C05462078B0FA80F0FC
S21402362040F206423E214009FDF77CF855B9607823
S214023630B0FA80F0BDE8F84040F206423E2140096A
S214023640FDF770B80E4F0F4DD7F8A0304FF4406616
S214023650C3F381232370C5F8A0606078B0FA80F0C7
S21402366040F206423E214009FDF75CF8D7F8A43046
S214023670C3F381236370C5F8A460F8BDD31F00208E
S2140236800000084000000844F8B50B4C0B4DD4F877
S21402369088300B4F0423C5F88830D4F888305B0393
S2140236A000D4F8BD0426C7F8886002200EF0D1FACE
S2140236B0C5F88860F1E700BF0040084000400846B1
S2140236C0004008441C4B70B5D3F888601B4D03F1CC
S2140236D08063A822C3F8882010221A60184A194B61
S2140236E093666B66FFF76AFB174B1B7813B90320CA
S2140236F0FEF7ACFA00242C67FFF7C6FF134A144BFA
S214023700D2F8E41E0B40C2F8E43E124B0422C3F881
S2140237108820114BB206C3F8C44008D503F580735F
S2140237209B6CB3F5817F22BF034B80229A60BDE873
S214023730704001F0C9BD00BF00400840005008407C
S2140237400050084410000002DA1F0020001000217A
S214023750DF0000FF00400844001E002110B549B9F2
S21402376018B3144A53681B0E13F00E0F1DD11368BC
S2140237709A061AD4FFF77CFB0E4C0020FEF70CFFCD
S214023780032801D0092806D1D4F88C30DB03F4D400
S214023790636F0C2BF1D9FFF777FF074B0122DA6034
S2140237A003F17E430422C3F88820044B4FF4C06220
S2140237B05A6210BD004008400040084600600844B7
S2140237C008B503210920FEF76BFE024B20229A6001
S2140237D008BD00BF0040084038B5054604F0A1F910
S2140237E00446FDF715FC35B1FFF756FB2046BDE84B
S2140237F0384004F09AB9084B1B78002BF6D0074BDA
S2140238001D78002DF2D1FFF747FB2A464FF4804081
S2140238100021FFF7BDFBE9E7D61F0020D51F0020D9
S2140238202DE9F84F564B0646D3F888300D46144617
S214023830002A40F0A28013F0A00F14BF4FF0010937
S2140238404FF00009DFF854814E4F01F03DFDA023F2
S214023850C8F888300320FEF7F9F90420FEF7F6F9D7
S2140238604FF0000AFFF718FB474BFB66C7F870A03D
S214023870FFF70AFF454BD3F8BC2E42F02002C3F8EE
S214023880BC2EFF22C8F800203D4A4FF4807191609A
S214023890D3F8E42E3E494FF0040B1140C3F8E41E61
S2140238A0C8F888B0C3F8C4AEFB6813F0060F04D09D
S2140238B0FEF73EFB5846FEF7C9F9B9F1000F08D0ED
S2140238C0344B4FF40062C3F88820334B4FF4004267
S2140238D05A6666B1304B5B6C180701D4FFF7C8FA1C
S2140238E0FFF76EFF0420FEF7B1F9FFF767FA244BE5
S2140238F0DA68D1073FD55A6812F0706FFBD1274BB2
S214023900274AC3F88820274A936B23F0F003936371
S21402391015B12046FFF760FF234BD3F8B4305A1C8C
S21402392001D05B0002D51D4B0122DA601CB31A4B94
S214023930DA6E9A66124A136A23F00103D3611B4BAE
S214023940D3F80C22C3F80822A3F54053DA6F9A671D
S214023950A3F50053D3F8EC20C3F8E82003F5C043E0
S214023960DA6B9A63A3F50053114A5A660B4B4FF66D
S2140239700842C3F88820BDE8F88F4FF0000961E7D7
S21402398000400840005008400000010100100021DD
S214023990DF0000FF004008460000084000400844E0
S2140239A010003000001F00210081E00F0060084078
S2140239B05000F0029A4B196EDA6E2DE9F04F01EACA
S2140239C00209C3F8689003F5805385B0D3F8E06027
S2140239D0D3F8EC201640C3F8E86003F5A043D3F80A
S2140239E00012D3F80C2201EA020AC3F808A2A3F5D1
S2140239F0005359691A6A01EA02088A4A08EA020268
S214023A00DA61894BD3F80022910006D4D3F800314C
S214023A109A00C3F3407740F1E18004F082F8834BCA
S214023A20DA68DF6D12F0060F9A6E07EA020727F4CD
S214023A30800222F4006214BF4FF0010B4FF0000B1D
S214023A405A667B0704D57A4A537D0133DBB2537537
S214023A5004F06BF8B9F1000F00F0DF8019F40044AF
S214023A6027D004F05EF80146FFF7C2F96F4D044610
S214023A70AA69AB699A42FCD0AA699342FCD0FFF7C6
S214023A80B7F9A04240F0AC80084604F04EF8694B05
S214023A901C60694BD3F8885015F4E05240F0A280BF
S214023AA024F07F4424F0DF040CB9FFF70BFE4FF03E
S214023AB0807419F0020F4FF0000516D05E4B5F4976
S214023AC0D3F8883003F46042C1F88820002A00F058
S214023AD09E801D0400F19E8013F4005F0CBF4FF021
S214023AE000534FF000631C430025C9F340394FEAE8
S214023AF04909534B3340002B4AD016F4206F0AD0A4
S214023B0040F60F0206210020FCF70CFE0020FFF70D
S214023B1063FE26F48026F00506D5484BFF221A607F
S214023B2044F4C064FFF7A4F916F0090F0AD040F671
S214023B30240208210020FCF7F5FDFFF741FE414B69
S214023B4001229A6216F0106F0CD040F62D0209215F
S214023B500020FCF7E7FDFFF733FE00221146104671
S214023B60FDF72EFA16F4202F0AD040F6350207216A
S214023B700020FCF7D7FD0020FFF72EFE26F4802655
S214023B80F10301D5FDF76CFB002EB8BF49F008091A
S214023B9072070DD52B4B5B6A13F4005F14BF2A4ADB
S214023BA02A4A4FF400531ABF536244F40004536285
S214023BB0730548BF44F0040416F4802600F0AA8079
S214023BC0FDF718FB0138062842D8DFE810F021017D
S214023BD02401210127012A012D012D01BB4639E7C7
S214023BE0044645E70192FFF76DFD144B019AC3F8B0
S214023BF0882015F4805307D115F4806F0CBF4FF060
S214023C0080544FF0806454E74FF0804451E74FF001
S214023C10007368E74FF0004365E74C464D4668E799
S214023C20000008400000F7FF00E100E000500840F6
S214023C30881C0020801C00200040084000400844E9
S214023C40090B0B89001008400010084400100846B3
S214023C5040F6660203210020FCF764FD7C4A136EE0
S214023C60D2F8800003F007030633012101FA03F3BA
S214023C70C0F30C001B1A9BB2072B13D9754BD3F853
S214023C80883058020ED47448136B126DC06C58B14B
S214023C9003F0070306339940C2F30C03C91A89B22C
S214023CA0072901D844F400746C4B1B78002B31D0E2
S214023CB0674BD3F8E03013F4A02F2BD1684B694A38
S214023CC01B7893B9FB0410D4137873B1E3086649E2
S214023CD043EA457383F00103D1F8E41E03F00103BF
S214023CE05B0021FA03F3980714D10420FDF7AEFF18
S214023CF05E4B5F49D966FFF7CFF85A4A13782BB95D
S214023D005C4B5D4A1B682340134201D144F4804455
S214023D1027F48057BAF1000F1DD01AF4805F18BF3F
S214023D2044F480241AF4807F18BF44F400241AF462
S214023D30005F18BF44F010041AF4007F18BF44F066
S214023D4020041AF4806F18BF44F040041AF4006F7F
S214023D5018BF44F08004B8F1000F3BD018F4802F4F
S214023D6018BF45F4007518F4803F18BF44F4805419
S214023D7018F4801F18BF44F4003418F4001F18BF4C
S214023D8044F0020418F4003F18BF44F4801418F4F8
S214023D90800F18BF45F0100518F4002F1AD0324BCA
S214023DA0D3F8BC3E13F0C00F14D02A4B5A68C2F3A5
S214023DB00362032A01D0072A07D1D3F88C20D10642
S214023DC003D4D3F89020120731D54FF40022DA61DB
S214023DD028F40028002F00F00D81380540F181807C
S214023DE0264ADFF888A0D378002B4DD0013B4FF44B
S214023DF00061DBB2CAF86410D37033B9204B1B786B
S214023E00C3B1204B40F60142DA660023002266E088
S214023E1044F4803422E744F400641FE744F48064E8
S214023E201CE744F4807419E744F0080416E744F4E7
S214023E300014CFE7DAF8703013F4A05F15BF4FF422
S214023E40807340F60143CAF85030CAF87030DCE797
S214023E50001008400040084000000840D71F00201D
S214023E60D61F0020D81F0020001000210050084056
S214023E7000000101600F0020088D0100C91F00200C
S214023E80DA1F0020005008460320FDF7DFFEDAF8AE
S214023E900C30A848A84913F0060F02BFA74B41F6FC
S214023EA01F72DA664FF40063CAF86430DAF80C3030
S214023EB013F0060308BFCAF87030C38A13F4006210
S214023EC060D023F40063C3820B7803F0FF0A002B52
S214023ED05CD1FEF72DF8FFF7F5FB534620221C4374
S214023EE01543B9010BD52E20FEF752F9934A4FF02F
S214023EF00073936602F17C4245F008055366FA06A3
S214023F0008D52B20FEF744F98C4A1023936602F15B
S214023F107C42536617F4E00F05D1FB045ED5BBF175
S214023F20000F00F0AC80B80210D52920FEF730F959
S214023F30FFF7F4F940B18249824A834B53668B6697
S214023F4082494968490424D445F0040517F4800BD5
S214023F50DFF8F0A129D00420FDF778FE2720FEF72F
S214023F6017F9FFF7AFFB4FF48003CAF86430784BBB
S214023F70D3F8E42E50067CD4764B02221A6045F023
S214023F80020528E00B784FF40053A8E74FF40043ED
S214023F903CE76A4920208B665366FEF7F9F82D2027
S214023FA045F00C05FEF7F4F8D0E7FA024CD50420EB
S214023FB0FDF74CFE2820FEF7EBF8DAF87030002BFF
S214023FC03FD1FFF77FFB5D4A5F4B936602F17C426F
S214023FD045F0010553665B4B00221A657B0509D541
S214023FE05D4A9378002B00F09880013B9370002383
S214023FF049EA03094A4620462946FEF7C9FF0EB19A
S214024000FDF720F918F4002F00F08C804F4B4FF488
S2140240100022DA6118F0206F00F0888018F0007F26
S21402402001D0FDF7C1FB18F0006F01D0FDF7D8FBF9
S214024030002200204FF4006105B0BDE8F04FFEF705
S214024040A7BFCAF870B0BEE7FB04C4D50420FDF7CC
S214024050FDFD424BCAF86C30FDF76AFFDAF85C30B9
S21402406013F4A00FB7D12A20FEF792F8FFF72AFB27
S2140240707DE7D3F8BC3E990681D4394B7DE7364AB4
S21402408013794BB1013BDBB2137113B92C4B354A92
S214024090DA6600231C43A1E70420FDF7D7FD0320C0
S2140240A0FDF7D4FD274B2D4ADA6603F03AFD824629
S2140240B00DF10F00FEF770FA2B4B1B7883460BB1FF
S2140240C0FEF7D6FEBBF1030F0ED1DFF880B000205C
S2140240D0FEF762FA032807D1DBF88C30DA03F6D44F
S2140240E0DBF874300C2BF2D99DF80F30032B06D177
S2140240F01E4B012250461A7003F017FDC9E71C4BEF
S214024100D3F8E03013F4A02FF2D1FEF7C5FE5046E6
S21402411003F00BFD4FF48043BCE70220FDF796FD4B
S214024120012365E7B8F1000F7FF474AF05B0BDE870
S214024130F08F00BF881C0020DA1F002000500844C1
S2140241400050084600500840100000020040084098
S2140241500010002100400844C91F00200000010191
S214024160004008460000010DD91F0020D61F00207F
S21402417000100840014B1B68184700BFF00B0020D8
S214024180034A0123136202F17C42D361704700BFE7
S214024190004008440B4B10B55C691A6A1440A2B280
S2140241A0DA61E20704D55868C0F30360FFF7E8FF58
S2140241B0630706D5BDE81040042200200021FEF762
S2140241C0E7BE10BD004008400C4A08B5136BD16B21
S2140241D00B409363DB070FD5094B187840F6AC22E9
S2140241E0122100F00100FCF79DFABDE8084000220B
S2140241F001200021FEF7CCBE08BD00BF00700840BB
S214024200600F0020044BDA6FD207FCD41A6FD96F06
S2140242100A409A67704700BF0030084070B50D46E6
S214024220144603F07EFC064BD3F8BC6E74402C405A
S2140242307440C3F8BC4E03F078FC05EA060070BD75
S21402424000100021034BD3F8BC3E99430CBF01205B
S214024250002070470010002109490A4AD1F8EC00F4
S21402426010B504230124C2F8EC308C624FF40051DE
S2140242705162410744BF02F10072C2F8EC3010BD31
S214024280001008400010084437B5204D0C4641B9CE
S2140242900A460721FFF7C2FF1D4B2C635C6003B082
S2140242A030BD07221146FFF7B9FF1A4B07225A60A4
S2140242B0237985F8303063790193012101A80DF046
S2140242C0BBFE019BC2B2D34000F00F0040EA0310CF
S2140242D085F83100A27985F83220E27985F8332014
S2140242E02068686383B1028801218B4205D823794E
S2140242F0013B1344084A9361D1E730F81150AA42B1
S21402430028BF2A460131F0E71A46F0E7001F0021CF
S214024310301F0021000008440000084010B5054C7C
S214024320237823B101F0D0FB0020207010BD0320BB
S214024330FCE700BFDC1F002008B501F0AFFB024B14
S21402434001221A70002008BDDC1F0020431C07D083
S214024350044B6FF0FF029A6103F1007310409861FC
S214024360704700BF0070084400F01803182B0AD0EC
S21402437003070AD410F0100040F2011318BF1846C3
S214024380034BD86470470020FAE70120F8E700BF25
S214024390001F0021344B2DE9F7431E6801F4007913
S2140243A000F00103174653EA090205460C462ED0D2
S2140243B04FF0000803B30023002201200021CDE9BC
S2140243C00088FEF7FDFD41463046FEF77BF8414683
S2140243D070830120FBF7FCFF716B06F1A400FEF769
S2140243E0EFF822490868FFF7B1FF4FF0FF330B6082
S2140243F0337C43F004033374B9F1000F07D0012174
S21402440030460DF021FA24F4007405430C43D6E935
S2140244103E232A40234052EA030103D01449304681
S21402442009688847FB070FD51249134A08681368BC
S21402443000211160114A0121117003B19847104BF7
S21402444000215B680220984717F00E0F08D040F252
S214024450F3123B21002003B0BDE8F043FCF762B93B
S21402446003B0BDE8F08300BFD0190020F40B002093
S214024470F80B0020B01C0020B41C0020DE1F002019
S214024480D00B0020F7B50446D4E93EC71046DDE956
S21402449008268CEA020587EA06010540194085EAE5
S2140244A00C057940C4E93E5123F4004106EA0103B3
S2140244B020F00100002543F40073024043F002039B
S2140244C0CDE90055FEF77CFD237C9A0717D5D4F874
S2140244D0FC309B0513D54FF4881120460DF0B4F935
S2140244E0237C65F341032374D4E93E2302400B4048
S2140244F052EA030103D00349204609688847002090
S21402450003B0F0BDF80B002038B10368044A002B54
S21402451008BF1346034A13607047014BFAE700BF11
S2140245203D1D0300F80B0020024B986B00F00F00B5
S214024530704700BF001F00210F2938B505460C46FC
S2140245400ED801F043F801280CD1074A936B23F0EA
S2140245500F032343936328460DF020FD002038BD49
S2140245600120FCE70220FAE7001F0021014BD86B6E
S214024570704700BF001F0021014B0020D96370471F
S214024580001F002103282DE9F7434CD8274B13F8C8
S2140245900080274B1E5C274B13F8009003F0C1FAED
S2140245A00746FEF7C3FE054640B10023CDE90033B9
S2140245B00022002301200021FEF702FDFEF7BEFEC8
S2140245C048B10023CDE900330022002300204FF437
S2140245D00041FEF7F5FC26B3174B5C6C04F00804AA
S2140245E0164B31465C644046FFF7B8F84A463146F9
S2140245F04046FFF715F9124B5C6465B1114B18681B
S214024600416BA430FDF7DCFF0F490868FFF79EFEFA
S2140246104FF0FF330B60384603B0BDE8F04303F0BB
S21402462084BA3446DCE703B0BDE8F0834C3D0300B1
S214024630483D0300443D03000000084000000844D3
S21402464000000846D0190020F40B0020104AD2F8C9
S214024650883013F0A00F16D1D2F88C0010F00400A8
S21402466013D10C4BD3F8E43E23F07F4323F0FF0331
S2140246705BB15368C3F30362092A07D0B2F10C0098
S21402468018BF01207047002070470120704700BF06
S214024690004008400010002170B50D4616460BB1CA
S2140246A0FFF7DAFD0A480368026A03F007030633D7
S2140246B001249C40C2F30C03E41AA4B2B44228BFFD
S2140246C0344622462946FCF725FC204670BD00BF2C
S2140246D00010084070B50D46064620B9194B1B68F7
S2140246E0A3B1032011E000F071FF012828D1164B78
S2140246F093F90040C4F11C04641BC4F11C03002B94
S214024700B8BF5B42232B0CDD012070BD81EAE1734A
S214024710A3EBE173DBB2232BF6D80B4B1970002008
S214024720F3E7B57403F0FDF9084A5369E40223F48B
S214024730FF2304F4FF241C43546103F0F6F9EEE76A
S2140247400220E2E7D0190020DB1F0020007008409C
S21402475090F8C23053B9074BDA69920208D49B6FBD
S21402476013F4706F14BF01200020704700207047BA
S2140247700120704700600840F8B5436B02EA010565
S21402478023EA01032B434363344A01F00B030C462E
S21402479023EA0501516402F100722B4061070646C6
S2140247A0536411D50121FFF7D3FF68B1FEF76CFF02
S2140247B015F0040F14BF2A4A2A4A4FF40073D36135
S2140247C0294B0422C3F88820E20606D515F0100FFE
S2140247D0264B14BF00221B22DA6423061DD52F06A1
S2140247E016D51F4B4FF400129A6103F17E43012245
S2140247F0C3F8F82003F095F90E2107460320FDF7CB
S2140248004FFE1A4B40F201225A62384603F08DF9E7
S214024810294606F1A400FDF7D3FEE00503D5E90517
S21402482016D5FDF707FEA20503D5AB0513D5FDF792
S21402483011FE14F0600F09D0D6F8941030460DF031
S2140248407EFA0B4B98640B4B80229A600020F8BDD0
S214024850FDF7E8FDE7E7FDF7F5FDEAE700000844A7
S2140248600060084600600844004008440000084013
S214024870001F002100400840014B1868704700BF27
S214024880AC1C002037B5012300240022CDE90034F9
S214024890002310461946FEF793FB0220FDF7D6F9D1
S2140248A0054D064B21461C6002206B6898472B6814
S2140248B003B0BDE830401847D00B0020B41C0020DF
S2140248C02DE9FF41022903900C461546984605D16C
S2140248D0FFF7D8FF002004B0BDE8F081194E03F0C0
S2140248E020F9336807463BB1AB4205D003F01DF909
S2140248F0002333600120EEE7134B3560C3F80080D7
S21402490001230022CDE90033002310461946FEF7A4
S21402491057FB0E4B002502201D70FDF797F9224625
S2140249202B4603A90220FDF7AFF9094B039A1A603A
S214024930084B1B6804469847384603F0F6F8002CE6
S214024940C8D1D5E7B41C0020B01C0020DE1F002012
S214024950AC1C0020D00B0020044BDB6D5B055ABF5D
S214024960034B1878012000F0010070470050084001
S214024970DE1F0020014B98690DF078B900600840F0
S214024980014B98690DF088B90060084070B50E4674
S21402499003F0C7F8054600F03DFE044620B128465F
S2140249A003F0C3F8204670BDFEF76EFE114B327858
S2140249B0D3F8E43E022A23F0F00316D0101F424238
S2140249C04241520043EA02137278022A0FD0111FA4
S2140249D04A424A41520043EA8213064AC2F8E43E79
S2140249E0054B0422C3F88820D9E70122EAE7012210
S2140249F0F1E700BF001000210040084470B50E46E3
S214024A0003F08FF8054600F01DFE044620B1284646
S214024A1003F08BF8204670BDFEF736FE104B327858
S214024A20D3F8E43E022A23F00F0315D0101F4242A9
S214024A304241520013437278022A0FD0111F4A4293
S214024A404A41520043EA8203054AC2F8E43E054B55
S214024A500422C3F88820DAE70122EBE70122F1E715
S214024A600010002100400844F8B50E7890F8D07087
S214024A70044630460D46FCF7E5FC002844D094F880
S214024A80D030B34208D1AA88636C9A4204D16A88AD
S214024A90B4F8D2309A4235D084F8D060AB88A4F805
S214024AA0D4306B88A4F8D230AB886364FF23637576
S214024AB030460DF07FF804F1D00520752846FCF745
S214024AC0A5FF10BB2846FCF7B3FCF0B9D4F890302B
S214024AD053B194F8D010B94206D0B3F9122020464A
S214024AE0E9F78EFF84F8D9002046FCF791FE0949C3
S214024AF0A4F8D400084AD1F8F810012304F1A4005F
S214024B00FEF704F80020F8BD01200E2384F8D0300A
S214024B10F9E700BF001F00216C1F002170B5054693
S214024B2090F8D0000E280C461DD0FF291DD01AB1D1
S214024B300F4B4FF0FF321A600DF03CF8064695F820
S214024B40D000FCF729FD844228BF0446E4B2B442F2
S214024B5038BF3446E0B26875FCF7BAFDA0F1FF0331
S214024B605842584170BD0220FCE70120FAE700BF18
S214024B70D80B0020C36B012B01D10020704770B503
S214024B80364BD0F89060D3F8F830C0F8943086B040
S214024B903146058B04460DF0A4F8B3898DF806005D
S214024BA0D6E90121EB1A9BB201FB032268460021DB
S214024BB0ADF804300092FDF79BFE38B9284B228BE5
S214024BC0DA63FCF7F1FE20B106B070BD022006B033
S214024BD070BD227C60F3410222740DF045F8D4F8D1
S214024BE090305969431EDBB209680291FD2B0246DA
S214024BF00BD9CD1C09D91B4B01311B680CD0D81C14
S214024C0007D802A92046029301E002A920460CF02A
S214024C10A7FF002006B070BDD91C04D802A9204602
S214024C2002930CF09DFFD4F8FC309B0504D4237C41
S214024C3043F002032374ECE74FF4803120460CF075
S214024C4003FED4E93E2302400B4052EA0301E0D0C1
S214024C500549204609688847DBE700BF001F002198
S214024C6000300840E00B0020F80B002038B590F822
S214024C70DC400546ACB102F054FF0A4B1F22DA6153
S214024C80013C03F100731440DC6103F17A43D5F86A
S214024C90E0201A66D5F8E4205A66BDE8384002F0ED
S214024CA044BF38BD006008442DE9F74F0646154656
S214024CB0084619B9012003B0BDE8F08F002AF9D0E2
S214024CC0032904D80021FCF7DFFA0028F2D0827804
S214024CD00488037990F805B0C788B0F90000002868
S214024CE002F00701C0F2D180A1F1070CDCF100004E
S214024CF040EB0C00052928738CBFC2F3001000207D
S214024D00C2F3801C6873900985F810C000F0020098
S214024D10C2F3C00C40EA0C00C2F340126874AA74D4
S214024D20AF820BB996F8CA30013BDBB2EB74736BF9
S214024D30D80600F196800639012900F29280544B7B
S214024D40DB6C544B5A6B1B6B03F0070306334FF0B6
S214024D50010909FA03F909F1FF39083C42F0005843
S214024D6004EA0904002318F804A0AB60013404EA3C
S214024D700904631D03EA09035A1C02EA090218F829
S214024D80037018F80220BAF1800F47EA0227727CF5
S214024D9018BFAAF1320A3BB214BF4FFA8AFA6FF072
S214024DA07F0AC7F30B079AB30020D6F89C300BB1E4
S214024DB051469847631C03EA0903E87385F80EA078
S214024DC018F80310013303EA090318F80320013325
S214024DD003EA090341EA022118F80320013303EA31
S214024DE0090341EA024118F803006A7C002341EAFB
S214024DF000613046FDF768FF2860737C042B03D100
S214024E00022FDCBF013028600423AB71002052E77A
S214024E10D90422D5D6F894209AB11368022B10D959
S214024E2092F82400FB0008B1B3FBF0F39B45BBD815
S214024E30002BB9D0CBEB0B20B0FBF3F0C043C0B2D3
S214024E40B3E730460CF0B9FF019030460CF0A5FFF0
S214024E50019BB3FBF0F0C0B2E4E718F80400400090
S214024E60EDE70023EB730C4BDA68C2F30723120458
S214024E7048BF63F0FF035AB212F1800F1CBF323BE9
S214024E805AB20023AA732B60BFE7022013E700BFC3
S214024E9000000840001008400070084070B50A4B39
S214024EA00A4DD3F8EC604FF48064C5F8EC4000205D
S214024EB0FEF792FC4FF400536B65730544BF044B38
S214024EC0C3F8EC4070BD00BF001008400010084454
S214024ED000100846082318B1024AC2F88830704704
S214024EE0014AFAE70040084600400844F8B504467E
S214024EF00E4641B9037C5A0641BF4FF6FF7261F374
S214024F008613828303743C4BD4F894701B680BB1EF
S214024F1020469847394BA18BD3F8842012F4E05FE1
S214024F2004BF2022C3F810224FF6FF73994204D022
S214024F30334B1B680BB120469847324DD4F8941079
S214024F402A68914207D020460CF0F9FE2E4B986450
S214024F502E4B80209860974245D02D4B1B684BB154
S214024F601FB13A68002A40D0BF68394620469847A3
S214024F70D4F8941008460CF0FAFE30B32549FDF733
S214024F8043FD07272046FCF743FC16B3224B94F951
S214024F90122093F900302149D4F89400C3F11C037F
S214024FA09B1A4A69DB0222F4FF2203F4FF2313430F
S214024FB01B4A4B611B4B28600621116720460122C3
S214024FC01A700CF0EBFF0020F8BD20460CF096FBA2
S214024FD0D4E70D4B0F4AD3F8F81004F1A4003B4671
S214024FE0FDF794FDD2E70127CCE71746394620465F
S214024FF09847D4F89410BDE7C01C00200060084013
S214025000A81C0020A01C0020001F00210040084011
S214025010A41C00206C1F0021DB1F0020007008402B
S21402502000000844DD1F0020B1F5007F38B50C46AD
S2140250301BD200F0CBFA0128054618D1E8F77EFC11
S214025040002211460220E8F7ADFB0A4B0A4A1A6311
S21402505003F10073E40202201C632A462946E8F79D
S214025060A1FBE8F73BFC002038BD0120FCE702204C
S214025070FAE700BF00400E4400F80F00024848223C
S21402508000210DF08AB800BFE81E0021002373B588
S21402509083746423C0E92C33C0E92E334FF0FF3506
S2140250A0C0F8AC30A0F8C0300E264FF6FF73C0E949
S2140250B0075580F8D06045648582837504461120C2
S2140250C0E8F736F9042834D11B4B5B6813F4403FEB
S2140250D02FD12046FEF73AF92046FFF7CFFF94F984
S2140250E012102046FFF7F6FA144A6023536402F5BC
S2140250F0805240F6FF7151625165114A5364114B5A
S2140251004022C3F88820626B29462046FFF734FB0C
S214025110002240F2022310461946CDE90066FDF74A
S2140251204FFFFCF723FA204602B0BDE87040FBF7BB
S214025130D5BA022002B070BD00300E400000084012
S214025140000008460040084470B50C68B0F8D42049
S2140251508D680346013404BFD3F8AC400C604C683B
S214025160013404BFD3F8B8404C606E1C00F1A400B2
S21402517038D1D3F8B440CE688C60751C38D1D3F8D9
S214025180B0500E69CD60013604BFD3F8A4600E613C
S2140251904E69013604BFD3F8A8604E618E690136A7
S2140251A004BFD3F8BC608E618E693EB34132B24210
S2140251B038BF32460E688A61C3F8B4404C68C3E909
S2140251C02E420A69C3F8A4204A690D49C3F8A820EA
S2140251D0C3E92B650B4AD1F8F8100723FDF796FCB6
S2140251E0002070BD02F14104AC4238BF2C46C2E733
S2140251F002F16405B54238BF3546C2E76422D9E7F4
S214025200001F00216C1F002138B5084D044628688F
S214025210003818BF0120621C214600F033FC2B68C0
S214025220003B18BF0123A370002038BDB81C002025
S21402523038B5054C054B417800782568236000F0A8
S214025240D9FB00B1256038BDB81C0020583D0300CC
S21402525070B502F066FC0C4E054600F0B7F9012860
S21402526004D0284602F061FC022070BD736813F079
S214025270706FC3F30364F0D1F36BDB06EDD52846FB
S21402528002F053FC2046F0E700400840074B1B683C
S2140252904BB10028064A074B08BF00231360064B93
S2140252A01870002070470220704700BFB81C00200C
S2140252B0BC1C0020503D0300DF1F0020014B187865
S2140252C0704700BFDF1F002038B502F02AFC0B4AE9
S2140252D013884FF6FF718B4203D102F026FC03209F
S2140252E038BD074C074DE56504F100741B04E36501
S2140252F0118002F01AFC0020F2E700BFE20C002048
S214025300006008440000FFFF2DE9F34105460F4602
S2140253101446FFF79BF980B1DFF81882D8F80C30F4
S214025320DE0740F1EA8002F0FCFB06460320FCF7AB
S214025330B7FD38B1304602F0F8FB0226304602B01E
S214025340BDE8F081D8F80C3013F0060FF2D13046E3
S21402535002F0EBFB6A4B4FF400612846D3F8E48E6A
S214025360D3F8C46EFEF76EFF40B1664B4FF4007280
S2140253700121C3F888200846FBF72AF83946284652
S214025380FBF778F95E4BC3F8C46EC3F8E48E0646A4
S2140253900028D3D12B7CD80601D4002C66D0C4F3C7
S2140253A04000FEF737F914F4807F14BF564A554A78
S2140253B04FF002031BBFC2F88830544AC2F8883046
S2140253C000211CBFD16093624D4BD3F8BC7EFEF722
S2140253D05BF94F4A14F0040F07EA02034FF48061A8
S2140253E06BD04C489342C16106D14B4A92F8D030FA
S2140253F043F0020382F8D030424B042214F0400FEE
S214025400C3F8882014BF454A454A40232046C2F8BE
S2140254108030FEF7A9FF28460CF020FD40B114F0BC
S214025420010F14BF384A374A4FF48073C2F88830E7
S214025430A1064CD56B8C4FF6FF7293420FD0394AB9
S2140254403949D26D100CC2F3011208800132374975
S214025450B3FBF2F32F4A3648C8651B04D3652B7C90
S214025460003C18BF012464F304132B7428460CF086
S21402547092FDF0B128460CF0F1FCD0B14FF40031A9
S2140254802846FEF7DFFE431C9BB203221F4801A9F3
S2140254900CF03BFB9DF8042002F00703052B9DF859
S2140254A005301DD1120715D443F480731A4AC2F888
S2140254B0CC3000200CF06BFB40E71C489342C161E5
S2140254C09AD1154A92F8D03023F0020392E7FFF7FA
S2140254D0FBFEC4E713F0040F09D19DF80630E3E79C
S2140254E003F03002202A05D113F0010FF4E74FF43F
S2140254F08073DBE79DF80630D8E703261EE700BF79
S21402550000100021004008440040084600100840F1
S2140255108000004000600846001E00210070084619
S2140255200070084400600840E20C00200060084456
S2140255300000FFFF0050084008B5094BD3F8B4300E
S2140255405A1C0BD05B0009D40320FFF71BF8054B4F
S2140255504FF08062C3F894200122DA6008BD00BFD3
S2140255600081E00F00400846054BD3F8880003F19F
S21402557080634FF40022C3F88820C0F3C04070470F
S21402558000400840014B024A1A607047A41C0020E3
S21402559089420200024BD86800F00100704700BF43
S2140255A000500840084BDA68D10707D508B9FCF75F
S2140255B027BBDB68DA0706D4FCF714BBDB68DB071D
S2140255C001D40028F8D17047005008400F4B5B68A2
S2140255D0C3F30363013B0B2B0FD8DFE803F0060689
S2140255E00C06060606080A08080802207047042069
S2140255F070470520704703207047054BDB6813F0A1
S214025600060F0CBF01200420704700BF0040084070
S214025610005008400A4A5368C3F303630B2B08D0B2
S2140256206FF49050184100F0010080F00100400035
S2140256307047D2F8880010F48030ECD1704700BF73
S214025640004008400C4A5368C3F30363062B07D88E
S214025650042BD8B20CD8C31E58425841400070479B
S214025660072B07D1D2F8440110F00050EBD1704757
S21402567002207047002070470040084008B5437C6F
S214025680033BDBB2072B96BF044A0021D15CFEF730
S21402569073FFBDE808400120FCF788BD643D0300A7
S2140256A0012310B580F8C2302823C0F8A83004239E
S2140256B04374054B044619680CF022F82046FFF79F
S2140256C0DDFF002010BD00BF10580300012310B5F7
S2140256D080F8C2302823C0F8A83002234374054B52
S2140256E0044619680CF00CF82046FFF7C7FF0020A6
S2140256F010BD00BF14580300F8B5D0F8E0308B4256
S21402570004460D46164601F0010703D190F8DC3038
S214025710202B19D04FB3002E14BFAA23552393FA79
S214025720A3F31B0B03F4702395FAA5F243EA124384
S2140257302364202384F8DC300023C4F8E050C4F845
S214025740E4302046FFF792FA164A17490F23D3652C
S214025750164BDFB15EB90120D865C2F8FC10226C88
S214025760C2F31302C3F8FC20F8BDAA23D7E702202F
S214025770D865C2F8FC10226CC2F31302C3F8FC20F0
S2140257800B4BE5640222C3F8B820EDE70220D86589
S214025790C2F8FC10226CC2F31302C3F8FC20002EDF
S2140257A0E2D0EDE700600844FFFF0F000060084605
S2140257B000100840134A072310B55363124C134BCC
S2140257C089B14421E16240F040000121206359631F
S2140257D04FF48043C2F8A030C2F8A430C2F8A83012
S2140257E0C2F8AC3010BD4FF48042E16221635963C7
S2140257F0C3F8A020C3F8A420C3F8A820C3F8AC209E
S214025800F0E700BF00000844000008400000084619
S21402581008B50948E7F732FE084A136813F4805FB2
S21402582008BF12684FF0010304BFC2F3032293407D
S214025830B0FBF3F008BD00BFA0091400002004402E
S2140258402DE9F74FDFF8ECB08146DBF800A00F46F3
S214025850FCF73CFB4FF0FF35CDE9000100202C465B
S214025860064606F110031B015BF8033003F003083B
S214025870B8F1010F15D13046FCF740FB02460B4645
S214025880DDE90001FCF7D0F9DBF85C3006F108022E
S214025890D340DB0737D5002F3ED000253E602C468E
S2140258A040460136052EDCD150B3224F396B01310A
S2140258B0A4FB014164190AF4403341F10001B3F537
S2140258C0003F4FF000022FD1FB6A0AF4405A013320
S2140258D042F10006BAF5805F21D1BD6A15F58075E2
S2140258E042F100026E4303FB0266A5FB033232441A
S2140258F0594304FB0212A3FB04341444C9E90034DE
S21402590003B0BDE8F08FA84271EB0403C8D207B11A
S2140259103E6005460C46C3E73D463C46C0E73202BB
S21402592042EA13621B02E3E7BB6A13F5807342F195
S2140259300002DDE7005008402DE9F84302F0F1F8D6
S214025940274C284DDFF8A8800646607B030103F14A
S214025950804303F5842300221A64AF6EAA66D5F844
S21402596000112161217B090441F00301C5F80011F1
S214025970013001218140C8F820104FF48071696619
S214025980D8F8081001315964A16002211964A3688D
S2140259900133D8F80810E86D10F4807913D18B42E1
S2140259A0F7D13AB1304602F0C0F8C3221A2148466F
S2140259B0FAF7B8FE617BA3680B4A09010233A360BB
S2140259C053500122E3E74FF480736B66074BAF66D2
S2140259D00122C3F800213046BDE8F84302F0A5B81C
S2140259E0881C002000500840442004400050084410
S2140259F0002004400B2870B53CD802293AD81E4C29
S214025A00207361734FF48A400121E7F7E5FB637B5D
S214025A10227B1A490133143243F4801343F4306371
S214025A2041F82230FCF79AFC4608C507FFF7F0FE5D
S214025A30002302463146284600F02EFA090241EAC1
S214025A401061C0F3C05040EA41000D4B2060986AD6
S214025A5010F5807005D14FF4E1722B21FAF762FE41
S214025A600220024600230020012100F015FA6060A1
S214025A70002070BD0120FCE7881C002000600E405C
S214025A800050084028B1044B187B0870587B1070F1
S214025A90704707230B70FAE7881C002010B502F047
S214025AA040F80446FFF748FF054B02225A60054BB2
S214025AB001222046BDE810401A7002F036B800BF38
S214025AC000500840E01F00200C490B78A3B10C4B95
S214025AD05A7B0123013293400A4A53620A4B4FF023
S214025AE08042C3F8802100230B70084BD3F80C01C8
S214025AF0D3F8041100F0A6B8704700BFE01F0020DC
S214025B00881C00200020044400E100E00050084009
S214025B1010B50446FFF77CFE604300F5F420034B05
S214025B2000F59070B0FBF3F010BD00BF40420F00CE
S214025B302DE9F04F85B0FFF7EBFF044601F0F1FFC9
S214025B40DFF8F890DFF8F8800021054602A889F809
S214025B500010FFF775FE354BD8F808605B6813F047
S214025B60706F1ED1DFF8C8A0DAF80C7017F00607BF
S214025B7017D1E0B1FCF7F2FB611DA1FB00B1019168
S214025B80FFF746FE3B4602460199584600F084F966
S214025B90DDE902B3090241EA106100025845994163
S214025BA00ED3284605B0BDE8F04F01F0BEBFFFF7A2
S214025BB0C3FE1F4B02225A60012389F80030F0E729
S214025BC00193FFF7B9FEFFF723FE019B4FEA1B2264
S214025BD042EA0362A0FB02B21B0A00FB0321019108
S214025BE0FCF7BCFB019902463B46584600F054F9C6
S214025BF010494A7B1301013403F18043361B03F537
S214025C00842306445E64561C0122B2400A4EC8F83B
S214025C1020207262D8F808205B6C241AD31AA3429A
S214025C20C7D20B69CAF80031BBE700BF0040084084
S214025C3000500840881C002000200446E01F002078
S214025C40002004402DE9F74F8B4CDFF83C82637B43
S214025C50019104331B01002748F80370237B874A0F
S214025C601B0593604FF400339360854B02225A6003
S214025C70D8F8083005465E1E9B1B002B40F3CB80EF
S214025C800137022F4DD9DB220D210020FAF74AFDFB
S214025C907B4E7C4A4FF0807373662369C6F80031E8
S214025CA0237B1B0543F400339360637B764A0433FD
S214025CB01B010024D45001F034FFB769D6F85CC04B
S214025CC0224623464FF4807E02F1100109017158E4
S214025CD001F00301012910D10EFA02F111EA0C0FAC
S214025CE00BD106EB0214AF42D4F80C41C0F09B80F5
S214025CF0A54202D2A74280F099800132052AE3D15A
S214025D00624D2968012940F294802BB15A49CA8A09
S214025D101A43CA825A4A136603B0BDE8F04F01F02E
S214025D2004BF637B04331B01002248F8032001F002
S214025D30F8FE534900904FF080734B6694F80DC0FE
S214025D40D8F808604FEA0C1C0CF1804C0CF5842C39
S214025D500136CCF844600B68D80356D5A36822688F
S214025D600198F31AA3FB02AE8B6A03F58079636887
S214025D70AEFB0321AAFB03B39B1841F10001A9FB6A
S214025D80032BBAEB020209FB01BB6EEB0B0E120AE7
S214025D9042EA0E620244B2EB192F4FEA192E04D3DE
S214025DA0013341F10001A2EB0E02AEF1040E724580
S214025DB0DFF8CC9028BF7246C9F81020627DD9F869
S214025DC018E0EB18D2B241F100017545D9F830E07F
S214025DD084BF02F1FF32D2B2BEF1FF3F0ED04FF0C7
S214025DE0000A0EF101099E457AEB010B08D2013238
S214025DF0B3EB0903D2B261F10001F4E70A44D2B26E
S214025E0002F0030262751E4A936102230098CCF8E0
S214025E10403001F08AFE1A4AD8F80830D26DD20114
S214025E207FF52AAF34E7A542BFF464AF19438BB2BD
S214025E3063E7174A1478142C01BF0024154E147019
S214025E403470147801341470002B3FF465AF0A4E98
S214025E50F48A1C43F4820A4C23660E4C23780133E0
S214025E60DBB2022B23707FF457AF00230131296087
S214025E701370237050E700BF881C002000500846AD
S214025E800050084000500844002004402C1C00200B
S214025E90E21F0020E11F002053B94AB9002908BFBB
S214025EA000281CBF4FF0FF314FF0FF3000F06AB9F8
S214025EB0ADF1080C6DE904CE00F006F8DDF804E05A
S214025EC0DDE9022304B070472DE9F047089D0C4631
S214025ED0002B4ED194468C458646B2FA82F262D99F
S214025EE04AB1C2F12003914020FA03F30CFA02FCF5
S214025EF0194300FA02FE4FEA1C471FFA8CF6B1FB62
S214025F00F7F44FEA1E4307FB141143EA014304FB6E
S214025F1006F199420AD91CEB030304F1FF3080F024
S214025F201381994240F21081023C6344591A1FFAC7
S214025F308EF3B1FBF7F007FB101143EA014300FBB7
S214025F4006F69E420AD91CEB030300F1FF3180F0ED
S214025F50FD809E4240F2FA80634402389B1B40EA70
S214025F60044000211DB1D3400022C5E90032BDE83D
S214025F70F0878B4205D90DB1C5E90001002108461C
S214025F80F5E7B3FA83F1002946D1A34202D3904241
S214025F90C0F0F180861A64EB03030120002DE6D0E0
S214025FA0C5E90063E3E7002A40F09180A1EB0C0408
S214025FB04FEA1C481FFA8CF70121B4FBF8F64FEAA9
S214025FC01E4308FB164443EA044307FB06F09842C6
S214025FD008D91CEB030306F1FF3402D2984200F202
S214025FE0CE8026461C1A1FFA8EF3B4FBF8F008FB86
S214025FF0104443EA044300FB07F79F4208D91CEB10
S214026000030300F1FF3402D29F4200F2B180204621
S214026010DB1B40EA0640A5E7C1F120068B4022FAC8
S21402602006F71F4320FA06FC04FA01F343EA0C03C0
S214026030F44000FA01F8380C4FEA1349B4FBF0FEBC
S2140260401FFA87FC00FB1E4449EA04440EFB0CF9C7
S214026050A14502FA01F20AD93C190EF1FF3A80F084
S2140260608580A14540F28280AEF1020E3C44A4EB4C
S21402607009041FFA83F9B4FBF0F300FB134449EA60
S214026080044403FB0CFCA44507D93C1903F1FF307A
S21402609068D2A44566D9023B3C4443EA0E40A0FBC4
S2140260A00293A4EB0C049C42CE469C4652D34FD09D
S2140260B055B1B8EB0E0364EB0C0404FA06F6CB40BB
S2140260C0CC401E43C5E900640021BDE8F087C2F15A
S2140260D0200320FA03F10CFA02FC24FA03F394409C
S2140260E00C434FEA1C4800FA02FE1FFA8CF7B3FB79
S2140260F0F8F008FB1031230C43EA014300FB07F1DA
S214026100994208D91CEB030300F1FF362CD29942C0
S2140261102AD9023863445B1AA4B2B3FBF8F108FB2F
S214026120113344EA034401FB07F3A34208D91CEBEC
S214026130040401F1FF3613D2A34211D90239644492
S214026140E41A41EA004138E70446EFE6084605E766
S214026150C845ADD2B9EB020E63EB070C0138A7E7D0
S2140261603146EDE7034698E73046D4E7D6467EE763
S214026170634402384CE70646234608460EE7023ECC
S21402618063442FE7704700BF024B0A460146186871
S2140261900BF064BF100C002008B5064B044613B182
S2140261A00021AFF30080044B1B6803B198472046DA
S2140261B002F014FA00000000041E0020024B014602
S2140261C0186800F02DB800BF100C0020024B0146E4
S2140261D0186800F085BA00BF100C002070B50F4E8C
S2140261E00C463168054611B900F034FA3060214693
S2140261F0284600F02FFA431C03D14FF0FF34204606
S21402620070BDC41C24F00304A042F8D0211A28460C
S21402621000F020FA0130F2D1EFE700BFC41C0020E4
S2140262202DE9F041CD1C25F0030508350C2D38BFAD
S2140262300C25002D064601DBA94204D90C23336047
S2140262400020BDE8F081314F00F062F83B681C4642
S21402625044BB29463046FFF7C1FF431C044650D1D3
S2140262603C682146002941D1002C44D023683046A0
S21402627004EB030800F0EEF980453CD121686D1A64
S21402628029463046FFF7AAFF013034D023682B4454
S21402629023603B68002B36D05A68A24229D10022DE
S2140262A05A600EE02268521B1DD40B2A16D96119B9
S2140262B0A342256018BF5960636808BF39606251FF
S2140262C04B60304600F02AF804F10B00231D20F044
S2140262D00700C21AB5D01B1AA350B2E7A3426268DF
S2140262E0DED13A60EDE723466468B1E70C464968BA
S2140262F0B8E71346CEE70C233360304600F00EF8BC
S2140263009EE70560DDE75B60FFDE00BFC81C00207D
S21402631001480BF04BBF00BFE31F002001480BF003
S21402632046BF00BFE31F0020002310B50446C0E9A5
S2140263300033C0E90433836081814366C28183618E
S214026340194608225C300BF028FF0D4B63620D4B9A
S214026350A3620D4BE3620D4B23630D4B24629C42FA
S21402636006D003F16802944202D0D0339C4205D193
S21402637004F15800BDE810400BF017BF10BD00BF77
S214026380C1200300E32003001B2103003F2103007A
S214026390CC1C0020024A034903480BF073BE00BF20
S2140263A0040C002001240300140C002041680C4B4E
S2140263B0994210B5044601D00CF022F8A168094BA8
S2140263C0994202D020460CF01BF8E168064B99422F
S2140263D004D02046BDE810400CF012B810BD00BF35
S2140263E0CC1C0020341D00209C1D002010B50B4B39
S2140263F00B4C0C4A1A60204600220421FFF794FF39
S21402640004F1680001220921FFF78EFF04F1D00093
S2140264100222BDE810401221FFF786BF041E0020AC
S214026420CC1C00209563020001480BF0BFBE00BFE3
S214026430E41F002001480BF0BABE00BFE41F002094
S21402644010B50446FFF7F0FF236A1BB1BDE8104003
S214026450FFF7F0BF044B2362044B1B68002BF5D1F9
S214026460FFF7C4FFF2E700BFAD630200041E002080
S2140264702DE9F7431D46574B1F6804460E469046C5
S21402648027B13B6A13B93846FFF7DAFFB8F1020FB5
S21402649006D0B8F1010F00F29A80002DC0F2978064
S2140264A0636ED90705D4A3899A0502D4A06D0BF0B2
S2140264B07DFE214638460BF0A3FF616B41B104F125
S2140264C04403994202D0384600F00AF90023636377
S2140264D00023A3616360A3891B0603D5216938469E
S2140264E000F0FEF8A38923F44A6323F00303B8F10D
S2140264F0020FA38161D001AB6A46214638460BF0F3
S214026500A7FFA3891843A0812DBB009D2846FFF74D
S21402651055FE0646002852D1DDF80090A94540D126
S2140265204FF0FF35B4F90C3043F00202A28100228C
S214026530A26004F147022260226101226261626E59
S214026540D60704D4980502D4A06D0BF030FE284678
S21402655003B0BDE8F083002ED8D03B6A13B93846A4
S214026560FFF76EFFB8F1010F08BFA389266004BFCC
S21402657043F00103A381B4F90C3013F00802C4E916
S21402658004651ED0D90741BF00226D42A260A561F4
S21402659058BFA560626ED20701D49B0513D50025AD
S2140265A0D5E74846FFF70AFE06460028B8D0A38974
S2140265B043F08003A3814D46CFE70025B2E7A94604
S2140265C0F5E7A260E6E7A06D0BF0F1FDE7E74FF016
S2140265D0FF35BCE7100C00200B460349024608684C
S2140265E0816800F0C7B800BF100C002038B5064D11
S2140265F00023044608462B6001F0EEFF431C02D13E
S2140266002B6803B1236038BD081E002038B5074D3D
S21402661004460846114600222A601A4601F0E6FFA2
S214026620431C02D12B6803B1236038BD081E00202C
S21402663038B5074D04460846114600222A601A4617
S21402664001F0D6FF431C02D12B6803B1236038BD8C
S214026650081E002038B5064D0023044608462B6067
S214026660E6F7E6F9431C02D12B6803B1236038BD76
S214026670081E002038B5074D04460846114600227B
S2140266802A601A4601F0C2FF431C02D12B6803B1EE
S214026690236038BD081E002070B50D4D0D4C641BDE
S2140266A0A4100026A64209D10B4D0C4C0CF098FC07
S2140266B0641BA4100026A64205D170BD55F8043B03
S2140266C098470136EEE755F8043B98470136F2E75D
S2140266D01C0D00201C0D00201C0D0020200D00208B
S2140266E038B50546002941D051F8043C0C1F002B52
S2140266F0B8BFE418FFF70CFE1D4A136833B963608F
S21402670014602846BDE83840FFF708BEA34208D901
S214026710206821188B4201BF19685B68091821603E
S214026720EDE71A465B680BB1A342FAD91168501816
S214026730A0420BD120680144501883421160E0D178
S21402674018685B68536008441060DAE702D90C23C5
S2140267502B60D6E7206821188B4204BF19685B6855
S214026760636004BF091821605460CAE738BD00BFE1
S214026770C81C00202DE9F04F0D469DB014469846E1
S214026780064618B1036A0BB9FFF75AFE6B6ED907B5
S21402679005D4AB899A0502D4A86D0BF007FDAB8928
S2140267A01B0701D52B699BB92946304600F026FA0D
S2140267B070B16B6EDC0704D54FF0FF301DB0BDE83C
S2140267C0F08FAB899805F7D4A86D0BF0F0FCF3E7D1
S2140267D00023099320238DF82930CDF80C8030232E
S2140267E0DFF8AC818DF82A304FF0010923469A462D
S2140267F013F8012B0AB1252AF9D1BAEB040B0BD0F8
S2140268005B462246294630460BF0F7FC013000F084
S214026810A780099A5A4409929AF80030002B00F091
S2140268209F8000234FF0FF32CDE905230AF1010ACB
S214026830049307938DF853301A935446052214F89E
S214026840011B5348E5F76CF8049AD8B9D10644BF41
S21402685020238DF85330130744BF2B238DF8533073
S2140268609AF800302A2B15D0079A544600204FF08B
S2140268700A0C214611F8013B303B092B4BD9B0B12B
S214026880079214E0A0EB080309FA03F313430493F8
S214026890A246D2E7039B191D1B680391002BBBBFC0
S2140268A05B4242F0020207930793B8BF0492237832
S2140268B02E2B0AD163782A2B32D1039B1A1D1B6812
S2140268C0039243EAE37302340593DFF8D4A02178F7
S2140268D003225046E5F724F838B1049BA0EB0A00E1
S2140268E04022824013430134049314F8011B2948C2
S2140268F08DF828100622E5F713F800283FD0264B1D
S2140269001BBB039B073323F0070308330393099B40
S2140269103B4409936AE70CFB02320C460120A8E7C7
S21402692000230134059319464FF00A0C204610F84E
S214026930012B303A092A03D9002BC6D00591C4E7A9
S2140269400CFB012104460123F0E703AB00932A4621
S214026950124B04A93046AFF300800746781CD6D106
S2140269606B6ED90705D4AB899A0502D4A86D0BF0D5
S2140269701EFCAB895B063FF51FAF09981EE703AB0B
S21402698000932A46054B04A9304600F00BF8E4E7CC
S2140269908A5D0300945D030000000000FB210300F3
S2140269A0905D03002DE9FF470F7E0C9E782F9146DF
S2140269B080460C469A4601F1430207D8622F0AD84F
S2140269C0002F00F0DD80582F00F0C38004F142064D
S2140269D084F842703AE0A7F16303152BF6D801A1BA
S2140269E051F823F03D6A0200516A0200CD690200A6
S2140269F0CD690200CD690200CD690200516A02002B
S214026A00CD690200CD690200CD690200CD6902009F
S214026A10676B0200DF6A02001F6B0200CD6902008C
S214026A20CD690200896B0200CD690200DF6A0200AE
S214026A30CD690200CD690200276B020033681A1D79
S214026A401B68326004F1420684F842300123A8E053
S214026A5031682368081D30601E0601D50D6803E004
S214026A605D06FBD5B1F900506168002D78DA2D205D
S214026A70002984F84300A1602DDA5E486D420A239D
S214026A801646B5FBF3F103FB1157C75D06F8017D09
S214026A902F46BB420D46F4D9082B0BD12368DF07DD
S214026AA008D5236961689942DEBF302306F8013CA7
S214026AB006F1FF36921B2261CDF800A04B4603AAD0
S214026AC0214640460BF0ABFB01306FD14FF0FF3052
S214026AD004B0BDE8F08723F004032360CDE7216805
S214026AE03368080653F8045B02D4490648BFADB2C1
S214026AF06F2F4048336014BF0A230823002184F80E
S214026B0043106668A660002EBADB216821F00401F5
S214026B102160002DB4D1002EB2D11646BCE7236800
S214026B2043F0200323603448782784F845702368AE
S214026B3031681F0651F8045B02D45F0648BFADB247
S214026B403160D90744BF43F0200323601DB11023F0
S214026B50D4E72848E9E7236823F020032360F6E712
S214026B6024480A23CDE7336825686169181D30601A
S214026B702E061B6801D5196002E06806FBD519804F
S214026B8000232361164697E733681A1D32601E6893
S214026B90626800213046E4F7C3FE08B1801B6060DD
S214026BA063682361002384F8433085E7236932460D
S214026BB049464046D047013088D023689B0714D404
S214026BC0E068039B9842B8BF184681E70123324625
S214026BD049464046D04701303FF478AF0135E36876
S214026BE003995B1AAB42F1DCEAE7002504F11906C9
S214026BF0F5E700BF9B5D0300AC5D030038B5294B8B
S214026C00054618680C4618B1036A0BB9FFF718FC5C
S214026C10B4F90C30190722D4DA0607D409222A60FE
S214026C2043F04003A3814FF0FF3033E0580712D5FC
S214026C30616B41B104F14403994202D02846FFF742
S214026C404FFD00236363A38923F02403A38100235B
S214026C50636023692360A38943F00803A381236941
S214026C604BB9A38903F42073B3F5007F03D0214602
S214026C7028460BF013FCB4F90C3013F001020AD0CC
S214026C800022A26062695242A261226942B913F0EE
S214026C908000C5D138BD990758BF6269A260F4E783
S214026CA00020F7E7100C002038B5074D00230446F5
S214026CB0084611462B6001F092FC431C02D12B6859
S214026CC003B1236038BD00BF081E002038B5064D4C
S214026CD00023044608462B6001F086FC431C02D1C2
S214026CE02B6803B1236038BD081E0020C0F3C753CB
S214026CF07F3B162B07EE900A20F000412FDC002B7C
S214026D0016DB1C491941084226D09FED1B7A37EE46
S214026D10877AB5EEC07AF1EE10FA1DDD002804DDA2
S214026D204FF4000242FA03F3184420EA01007047C7
S214026D309FED117A37EE877AB5EEC07AF1EE10FA49
S214026D400ADD002813DBB7EE007A002914BF17EE1F
S214026D50100A17EE900A704717EE900A7047B1F1C4
S214026D60FF4FF9D377EEA77A17EE900A70474FF0E7
S214026D7000407047FFFF7F00CAF24971094A516816
S214026D80C84390FAA0F048B1B0FA80F0042805DCB7
S214026D90012383400B43536040B270474FF0FF30ED
S214026DA0704700BF341E0020034B044800212822EF
S214026DB0C3E900110BF0F1B9341E00200C1E0020AE
S214026DC038B50546FFF7DAFF04460448294600EBC5
S214026DD0C4000BF034FC204638BD00BF0C1E002059
S214026DE0C3B2042B10B515D80B4A042303EBC00319
S214026DF0134453E8002F0A4343E80024002CF8D13A
S214026E0001220649824051E8003F134341E8003020
S214026E100028F8D110BD00BF0C1E0020341E002032
S214026E20F7B51A4A1A491B4D012608274FF0040CDB
S214026E30106800B30B7806FA03F420421DD0E04334
S214026E4052E8004F044042E8004EBEF1000FF7D170
S214026E5017FB03C32B4453E8000F43E800E4002C5F
S214026E60F9D1019048B108780B4901AA05EBC00098
S214026E700BF021FC012003B0F0BD0B785068834272
S214026E803ABF0133DBB200230B70D1E7341E002079
S214026E90E51F00200C1E002078563412024B18689C
S214026EA0003818BF01207047341E002010B5044673
S214026EB000F03EFE074B1B684BB1DB681B1B002B2A
S214026EC0CCBF0024012400F039FE204610BD1C462B
S214026ED0F9E700BF4C1E002038B5054600F028FE34
S214026EE0094B1A684FF0FF341AB900F027FE204605
S214026EF038BDD2E903310B445B1B23F000439C42AE
S214026F00526828BF1C46EFE74C1E00202DE9F84FBA
S214026F100C9F9DF82CA00E4615469946804608B151
S214026F2003687BB937B129463046B84740F203407A
S214026F30BDE8F88F002DF9D0002EF7DB284600F0CA
S214026F4009FCF3E700F0F4FD8346504600F0F0F942
S214026F500446584600F0F2FD8CB947B12946304641
S214026F60B8470320314600F0BBFB1A20E0E7002DAD
S214026F70F7D0002EF5DB284600F0ECFBF1E7C4F86C
S214026F800080DFF878800A9B65610025C4E90797D0
S214026F90A660236184F818A0D8F800306560984788
S214026FA009EB000600F0C4FD07461248E6600268D8
S214026FB0114631B1CB689B1B002B13DBCB689E427C
S214026FC010D09DB90C4B626004601C682CB1D8F8D6
S214026FD000309847FFF780FFA047384600F0AEFD26
S214026FE00020A5E74B680D461946E2E76B6863602A
S214026FF06C60F2E74C1E00203C1E0020441E00205F
S2140270002DE9F74FDFF884B081460D4692461E46BC
S21402701000F08EFDDBF8004001904FF000082CB91E
S214027020019803B0BDE8F04F00F088BD23684B45D9
S2140270301CD12DB1A3682A6823F00043934215D1D0
S2140270407EB96368B8F1000F13D1CBF800300D4B50
S2140270501F6887B10C4A12689047FFF73DFFB84792
S21402706009E060695146B0470028EAD0A046646845
S214027070D5E7C8F80430676820460BF09CFA3C4611
S214027080CDE700BF3C1E0020441E00204C1E002000
S214027090014B1860704700BF3C1E002070B50B4BBA
S2140270A004460E4615461978094A0A480BF018FF98
S2140270B0094A00231360094A1660094A242115600A
S2140270C007202246BDE8704000F0B4B8FE1F00203C
S2140270D0BD5D0300E61F00204C1E0020441E00205B
S2140270E0401E00207FB504461846002303930A4B31
S2140270F01B680D46164613B9212004B070BD03A9BD
S21402710098470028F8D10090039B3246294620462D
S2140271100BF084FAF1E700BF401E0020F8B50546E2
S21402712010200F46164600F0F7FA0A4B0446187867
S21402713018B1102221460BF0D6FE44B10123E360BB
S2140271402B682360C4E9017600202C60F8BD1A2063
S214027150FCE700BFE61F00202DE9F843264FDFF8C4
S214027160A880264D38603868FFF7A0FE30B9244B59
S2140271701B689847BDE8F843FFF7AEBE00F0D8FCA0
S214027180D8F800400646ECB16368C8F800301D4BDC
S214027190D3F80090B9F1000F0CD100F0CFFCA36831
S2140271A02C6033F0004311D128680BF004FA002358
S2140271B02B60D8E7124B1B689847FFF78DFEC8472F
S2140271C03046EAE700F0BAFC2C60CCE72368002BD6
S2140271D0EAD018680028E7D0A26832F00043E3D06D
S2140271E0D0E90069636921688068C8470028DBD156
S2140271F0002ED9D03046EFE7501E0020481E002051
S214027200441E00203C1E00204C1E002038B50446BA
S2140272100D4600F08DFC064B1B683BB1DA69226016
S2140272201B692B60BDE8384000F088BC2360F8E795
S214027230481E00202DE9F74FDFF88C90DFF88CB05F
S21402724009EB001503314FEA001A4FF6FC770F40A0
S2140272500024DBF800306A8029F80A708046EC6069
S21402726002FB07F01646984717FB06F292B2034651
S21402727068602A8108B300921148124A9BF80410EB
S21402728052F8282040440BF02CFE21462A896868D2
S2140272900AF083FF214623469E4206DCD1440020A4
S2140272A0A9F8026003B0BDE8F08F6A68E86850503B
S2140272B05418EC6001333944EEE71A20F2E700BFB7
S2140272C0E71F0020BC5E030064170020541E002047
S2140272D070B50B4E06EB00150446696839B1094BCA
S2140272E02A89185C0BF0FEFD686800F033FA06EB9C
S2140272F004101022BDE8704000210AF04EBF00BF05
S21402730064170020E71F0020044B19601A7198606A
S2140273100201002102480AF040BF00BF541E0020AE
S21402732064170020014B185C704700BFE71F00205F
S21402733070B50A4C04EB00130601DD68084B185CB6
S21402734018B1A25B29460BF0CEFD2DB134442B6852
S214027350E3606388013B6380284670BD64170020A3
S214027360E71F0020024B03EB00139878704700BF1C
S21402737064170020094B03EB001310B45A88DC682C
S2140273800C600132D9605A80054B185C18B15DF862
S214027390044B0BF0A9BD5DF8044B70476417002040
S2140273A0E71F0020044A010102EB0013505A10B1F5
S2140273B01B89B3FBF0F070476417002038B5164BF4
S2140273C0164D00241C70164B2C601C60154B6C600E
S2140273D020461C70AC60FFF7E5FF80B2A0F10E03FA
S2140273E06B80A0F11403013068812046EB80FFF722
S2140273F099FF0D4D0D4A0446014628460BF070FDD6
S2140274002146681E0A4A0BF06BFD2146681C094A93
S214027410BDE838400BF064BDFC1F0020BE1E0020F5
S214027420781E0020FB1F0020F91F0020005F0300CB
S214027430095F0300135F030070B5044680B300F0D3
S21402744077FB63796FF382036371237913F0100677
S214027450054605D010232371BDE8704000F06EBBD0
S21402746003F003030F4931F82320013A21F82320C1
S21402747030462146FFF77EFF0B4B0C4E1C681CB9AC
S2140274800A4B28461C70E7E7237A1BB933781BB9E8
S2140274902468F4E7012BFBD1636820469847F7E798
S2140274A070BD00BFBE1E0020781E0020FC1F0020FC
S2140274B010B5044600F03CFB034B1A6822601C60C1
S2140274C0BDE8104000F03ABB781E002010B5064B0F
S2140274D01A78541C1C70054B00F0E00003F83200CA
S2140274E003EBC203596010BDFB1F0020601E002084
S2140274F02DE9F04F4607044689B048BF00F0F7046E
S214027500634F049204F00306029100F011FB07EBAE
S214027510860337F826205B889A4204F0EF0A8146F3
S2140275204FEA860831D20020FFF702FF054640B335
S21402753037F826304846013327F8263000F0FEFAA0
S21402754028460BF03CFB029B029AAB71049B85F823
S21402755004A01344EB7100F0EBFA4E4B1C6807468E
S214027560002C40F08C80384600F0E8FA4A4B985DD2
S21402757018B1452229460BF0B6FC284609B0BDE8EC
S214027580F08F464B01221A70484600F0D7FA2507BC
S2140275901DD51F2C1BD904F0E003039300F0C8FA94
S2140275A007EB080337F826805B88DFF8F8909845E3
S2140275B02CBF00230123019300F0C0FA07EB8603D9
S2140275C04FF0000B0593364B1B789B4508D384F08F
S2140275D004005146C0F3800000F082F80025C5E79B
S2140275E099F80030039A1A4204D0D9F80480D8F8E1
S2140275F0003023B90BF1010B09F10809E3E7079301
S2140276005A79D00708D51A79510705D5019941B993
S2140276108AEA0202920704D098461B68002BEFD132
S214027620E5E740460BF030F90579079007A80BF01E
S2140276300DF92946002000F053F800F079FA059B70
S21402764037F826205B889A4234BF0123002305467A
S214027650019309D20020FFF76BFE079058B137F866
S2140276602630013327F82630284600F067FA079DB1
S214027670002DBCD064E7094B01221A70F4E7237A86
S214027680012B02D1636820469847246868E700BF4A
S214027690BE1E0020781E0020F81F0020FC1F0020BF
S2140276A0FB1F0020601E0020014B00221A6070475C
S2140276B07C1E002010B5044600F03AFA074A13680A
S2140276C02BB914602360BDE8104000F037BAA3421D
S2140276D002D01A461B68F3E710BD00BF7C1E0020CE
S2140276E0064B70B51C6805460E4604B970BD636845
S2140276F03146284698472468F7E700BF7C1E0020DC
S214027700024B034A197803480BF0EABBFD1F002020
S214027710205F0300FE1F002038B5C41C24F00304BB
S214027720204601F0F7F90A4B0546187818B12246AA
S21402773029460BF0D8FB2DB921460220FFF7D0FFD1
S214027740284638BD2246002128460AF026FDF7E7DD
S214027750FE1F002010B5044628B1054B187810B15C
S21402776021460BF0C1FB2046BDE8104001F0F0B9FF
S214027770FE1F002038B50B4C0B4B206800251D70F1
S21402778028B102F007F92068FFF7E4FF2560074CEE
S214027790206830B102F069FB2068FFF7DBFF0023A8
S2140277A0236038BD841E002000200020801E00209A
S2140277B02DE9F341224F3B78002B3FD1214B224E3D
S2140277C01978224A224C30460BF08AFB01F093F9D4
S2140277D00546FFF7A1FF01462060307810B12A4621
S2140277E00BF081FB236883B101F087F98046FFF72F
S2140277F093FF184D01462860307810B142460BF0D0
S21402780072FB2B682BB9FFF7B5FF1A2002B0BDE852
S214027810F081206802F0ADF82868EAF7C1FE00237E
S21402782000932A680C49206802F0C8F820B1FFF7D6
S214027830A1FF40F20740E9E701233B700020E5E79D
S21402784000200020FE1F0020FF1F00202A5F0300EA
S214027850841E0020801E0020B59E020038B50C4B08
S2140278601B7804460D465BB10A4B22461868294629
S21402787002F043F9002840F2074008BF002038BD56
S21402788005490648FFF794FF0028EDD0F7E700BF4A
S21402789000200020841E0020EFBEADDEBEBAFECA67
S2140278A07047704708B501F00AF9FFF7F9FF01F0D3
S2140278B013F9FFF7F6FFE9F7B9F9F8E7F1F712BAA5
S2140278C008B5E9F7DFFFBDE80840F3F795B910B54C
S2140278D00446E4F701FD2046E4F7B0FA2046E4F752
S2140278E087F910BD0120704700B5C3B0F1F78CF9D7
S2140278F005F0BDFA48B1FFF7F5FF30B101A806F072
S214027900F6F810B901A8FFF7E2FF43B05DF804FBF2
S214027910704708B5E5F79CF8E4F712FCBDE80840A6
S214027920E4F728BF08B500F06CF8E9F783FCE8F73F
S214027930C7FC00F0B1FCE8F787FFBDE80840E4F7B3
S21402794069BC08B5E7F74CF900F0F9FAE7F758F919
S214027950BDE80840FFF7B4BFE4F792BD7047E4F70E
S214027960B3BEFFF7C1BF7047E4F762BC01207047A1
S2140279700120704738B5E4F7E1FE0546F1F76CF9E9
S214027980041E18BF2C46FFF7F1FF002818BF20463A
S21402799038BD38B5E9F750FA0446E4F7C5FE0428C0
S2140279A01ED002284FF0000508BF012405F0A1FAF8
S2140279B0042817D0022808BF0124E4F73FFC042855
S2140279C012D0022808BF0124FFF7D2FF04280DD0E8
S2140279D0022808BF0124002D18BF0024204638BD07
S2140279E00125E3E70125E8E70125EDE70024F5E7B1
S2140279F082B002AB03E90300012002B07047704771
S214027A0070470F20704770B5002506462C46052C99
S214027A1020D8DFE804F003070B0F13175B210820BA
S214027A20E5F77CF80C210820E5F778F8D121082044
S214027A30E5F774F880210820E5F770F800210820A1
S214027A40E5F76CF8294608206C1CE5F767F8E4B2FF
S214027A5025460624A4F10E03012B05D85A21082038
S214027A60E5F75CF80134D2E7102C05D1BDE870408A
S214027A705D210820E5F752B8B31F195DEFE707B599
S214027A8020F07F4040EA817001230190684600930F
S214027A90FFF7B9FF03B05DF804FBFEE74FF40040C2
S214027AA070474FF47A70704700230360704703688C
S214027AB00B60016070474FF060420123D2F8001E4F
S214027AC083400B43C2F8003E002070474FF06041EF
S214027AD00122D1F8003E824023EA0203C1F8003EAA
S214027AE00020704710B588B004460E9807900D988F
S214027AF006909DF8300005900B9804909DF828009B
S214027B0003900020CDE9013000920B462246012167
S214027B10E5F78AF808B010BD08B5E5F7A3FB013013
S214027B2008BDEFF3108072B6704700B962B67047B0
S214027B30EFF31180602383F31188704780F3118876
S214027B40704784B00B6800934B6801938B6802936E
S214027B50CB680393009B0360019B0360029B036058
S214027B60039B03600023009301930293039304B0E4
S214027B70704784B003680093036801930368029316
S214027B8003680393009B0B60019B4B60029B8B6018
S214027B90039BCB600023009301930293039304B0EC
S214027BA0704730B5D1E90223D1E90054056004607C
S214027BB00260036030BD30B5056804680268036879
S214027BC0C1E90054C1E9022330BDFFF7EABF7FB521
S214027BD08A0704460B4610D06D4601F11006186857
S214027BE059682A4603C20833B3421546F7D1694696
S214027BF02046FFF7D6FF04B070BD0091009904B08E
S214027C00BDE87040FFF7CDBFFFF7D5BF30B58B0795
S214027C1085B00C4610D06946FFF7CDFF0D462346C9
S214027C2004AC2A4603CAA24218605960154603F1FC
S214027C300803F6D105B030BD0091009905B0BDE845
S214027C403040FFF7B8BF10B5FFF7ABFFBDE81040F6
S214027C501031FFF7A6BF10B5FFF7ADFFBDE8104025
S214027C601031FFF7A8BF10B5FFF79BFF0C46103187
S214027C70FFF797FF04F12001FFF793FF04F13001AD
S214027C80BDE81040FFF78DBF00F1424303F58013B5
S214027C90102A10B54FEA43130AD101221A6000F5E2
S214027CA08870FFF74EFF1031BDE81040FFF749BF5E
S214027CB000221A602430F7E7F0B50B46990789B020
S214027CC0044615462DD0082A19D16D4603F1100632
S214027CD0186859682A4603C20833B3421546F7D1D4
S214027CE0082269462046FFF7CFFF03226B46002094
S214027CF0013A186003F10403FAD209B0F0BD6E46E9
S214027D0003F1200718685968324603C20833BB429B
S214027D101646F7D12A4669462046FFF7B5FF0722E0
S214027D20E4E70093009909B0BDE8F040FFF7ACBF66
S214027D30436823F01F030E290BD8DFE801F008087A
S214027D400808080B0B0B080808080B0B0B00194356
S214027D5041607047194341F01001F9E710B5203031
S214027D60FFF707FF102A04D1BDE810401031FFF7D5
S214027D7000BF10BD30B58B0789B00C46154625D01E
S214027D806946FFF7EBFF082D6A4613D104AD13468A
S214027D9003CBAB42206061601A4604F10804F6D1B8
S214027DA003226B460020013A186003F10403FAD25C
S214027DB009B030BD08AD134603CBAB42206061600C
S214027DC01A4604F10804F6D10722EAE70091009960
S214027DD009B0BDE83040FFF7C1BF70477047704733
S214027DE0E5F762BFE5F7F2BE70B505460E461446E5
S214027DF0FFF797FE2B685C4034405C402C60BDE881
S214027E007040FFF792BE00F1424000F5801040013C
S214027E1001607047E6F770BCCB435B0003F00A03D1
S214027E20C360C160704738B5E6F7ACFD8B7C04468C
S214027E300D461BB1036843F080430360EB7C1BB125
S214027E402B7D43F08003A3652A8A6B7B1343EA8962
S214027E50134363602B7BD5E901122046E6F74EFDFD
S214027E606B7D1BB1236843F480332360AB7D1BB16B
S214027E70236843F400432360EB7D2A7E1B0712052A
S214027E8002F4E00203F0E04313432366636F23F039
S214027E9030036367626F6B7E134363672B78E3601E
S214027EA038BD38B5E6F76EFD0B8A026843F001036B
S214027EB013438A7B43EA8223036003680A7D43EA0C
S214027EC0427303608B7C04460D461BB1CB7C43F0A9
S214027ED0800383652B7B43F480536360D5E90112EC
S214027EE02046E6F73DFD6B7B0BB11023E3606B7D0E
S214027EF01BB1236843F480332360AB7D1BB1236838
S214027F0043F400432360EB7D2A7E1B07120503F031
S214027F10E04302F4E002134323662B78E36038BDA5
S214027F2003695A06FCD5416303699B06FCD5C06902
S214027F30C0B2704703695B06FCD541637047F8F729
S214027F4059BF242200210AF028B918B124220021A0
S214027F500AF023B9704770B515460E462422002152
S214027F6004460AF01AF9C02D0DD0B5F5807F01D06F
S214027F70802D0BD12046EA0840F8045B31460AF011
S214027F8017F9002070BD6FF07100FBE76FF01F005D
S214027F90F8E72DE9F04114460F4624220021064652
S214027FA00AF0FBF8C02C3CD0B4F5807F2CD0802C95
S214027FB03AD13460E7F71AFC0023436003600446B4
S214027FC0FFF7AFFD4FF00808054642463946204601
S214027FD0FFF772FE2846FFF7A8FD0523A360256972
S214027FE015F00205FBD1FFF79CFD4246311D074600
S214027FF02046FFF7BFFE3846FFF797FD2046E7F715
S214028000FFFB2846BDE8F0813460E7F7EFFB00236C
S214028010436003600446FFF784FD4FF010080546F0
S214028020D3E76FF07100EDE76FF01F00EAE7012972
S2140280302DE9F04705460E4692461F463AD8036893
S214028040802B02D0B3F5807F37D1E7F7CFFB002332
S214028050436003600446FFF764FD2946814651F8F3
S214028060043B802B14BF10220822204604F180080D
S214028070FFF722FE51464046FFF7A9FD4846FFF7A6
S21402808054FD012E0CBF05230623A360256915F0B7
S2140280900205FBD1FFF745FD394606464046FFF787
S2140280A0B5FD3046FFF741FD2046E7F7A9FB284617
S2140280B0BDE8F0876FF02000FAE76FF07100F7E78F
S2140280C003699B07FCD17047CA880B68032AF0B580
S2140280D00DD803EB82018B4205D100230132082A18
S2140280E00360FBD1F0BD53F8044B0460F3E7072AA4
S2140280F0D3E90076D3E9025413D8076003F11001DE
S214028100066003EB820305600460994205D10023F2
S2140281100132082A0360FBD1E4E751F8044B0460FD
S214028120F3E70760066005600460D3E90441D3E91B
S21402813006230460016002600360D3E7F0B5CA88D4
S214028140082A89B006460C460DD1FFF7EAFC2168DC
S21402815005463046FFF77FFD2846FFF7E6FC002679
S214028160304609B0F0BD12D9FFF7DBFC21680546A0
S2140281703046FFF770FD2846FFF7D7FCE2882068F6
S214028180083A9200002120300AF007F8E7E769462D
S21402819000252B460F46306841F8040B01330028B1
S2140281A018BF1D46082BF6D1AA420EDA29462046EB
S2140281B000F0EEFC06460028D2D12068AA00394616
S2140281C009F0F6FF0123A380CAE720689200394629
S2140281D009F0EEFFC3E7CA88072A38B50D460446FB
S2140281E009680DD8920009F0E3FFE888C0F108029A
S2140281F0920004EB80000021BDE8384009F0CDBFB4
S21402820001F1200351F8042B44F8042B9942F9D1CA
S21402821038BD0078C31E5842584170470020704748
S214028220704710F1860F12D010F1850F0ADA10F19E
S214028230930F0FD010F1870F0CBF6FF073004FF043
S214028240FF307047003818BF0120404270476FF079
S214028250710070476FF06F00704700F0EEB800F0E4
S214028260ECB808B5E7F780FCBDE80840FFF7D9BFD1
S21402827007B500230193202201ABE7F7F5FC03B014
S2140282805DF804EBFFF7CDBF08B500F022F9002831
S21402829018BF6FF03B0008BD7047F0B591B01546A9
S2140282A0169C49228DF8202004F10C060DF12102BD
S2140282B054F8047B42F8047BB442F9D12478147053
S2140282C04FF48074ADF830409DF85C408DF8324033
S2140282D004240694189C059410240022049408ACE6
S2140282E0CDE90234CDE900150B461146CDE90D2243
S2140282F08DF82E208DF82F508DF833200F92E7F749
S21402830067F911B0F0BD1FB5079C02949DF818409E
S214028310CDE9003413460A4601460020FFF7BDFFAA
S21402832004B010BD1FB5079C02949DF81840CDE915
S214028330003413460A4601460120FFF7AEFF04B09A
S21402834010BD2DE9F8430746B020914688461E46E2
S214028350E7F770FA05460023B9F1800F43604146FD
S21402836045F8803B14BF1022082204464FF0050849
S214028370FFF7A2FC7FB131462846FFF728FCC4F877
S214028380088008992846FFF741FC2046E7F75CFA82
S2140283900020BDE8F8838C23C4F808803146A36029
S2140283A02846FFF714FC0623A360EAE72DE9FF47F9
S2140283B08046B020894617461E46DDF830A0E7F70D
S2140283C039FA0546B9F1800F4FF00003436014BF37
S2140283D01022082245F8843B41460446FFF76CFC0F
S2140283E00EB331462846FFF7F2FB4823A360052367
S2140283F0A3600323394604F1A000A360FFF7E7FB5E
S2140284000D9904F18000FFF701FCBAF1000F03D0CA
S21402841051462846FFF7FAFB2046E7F715FA0020F2
S21402842004B0BDE8F08731461022684609F0B5FE72
S21402843069462846FFF7C9FBD7E708B518B16C228C
S214028440002109F0AAFE002008BD2DE9F8431546D2
S214028450894680461F46E7F7C9F900234360036052
S2140284600446FFF75EFBB9F1100F14BF1022082274
S21402847006464146204604F18008FFF71DFC2946C1
S2140284804046FFF7A4FB3046FFF74FFBFFF749FBDA
S2140284903946064604F1A000FFF799FB0523A360C0
S2140284A023699B07FCD408994046FFF7AFFB30468A
S2140284B0FFF73BFB089B03F1100253F8041B45F839
S2140284C0041B9342F9D12046E7F79AF90020BDE84B
S2140284D0F8832DE9F0411C4600230F46164623601A
S2140284E04FF0050825682246711B7819E7F7E0F970
S2140284F023681D44B542256006D2B8F1010801D0B2
S2140285000028EFD1BDE8F0810020FBE713B5022377
S2140285100024684600948DF804408DF80530E5F78F
S21402852075FC204602B010BD70B50C46154610B953
S214028530E7F7BAFE38B143682BB12A4621460068EF
S214028540BDE870401847232070BDF7B50D461646A5
S2140285501C4648B103B901AC87685FB12346324670
S21402856029460068B84706E0E7F79EFE04B901AC64
S2140285700028F1D1232003B0F0BDF8B50C4615460D
S214028580064658B9E7F790FE20462946FEF724F835
S2140285900446002CD4BF37200020F8BDE7F784FE3F
S2140285A086420746F0D03046E7F772FE2946204656
S2140285B0FEF712F804463846E7F76AFEE9E70EB415
S2140285C003B503AA52F8041B0192FFF7D6FF02B0C6
S2140285D05DF804EB03B0704700207047FEE74FF4E7
S2140285E000534B6000207047012070470020704700
S2140285F007B5002001AB0190FFF7A7FF01980028FE
S21402860008BF4FF0FF3003B05DF804FB10B5002042
S2140286101446FFF789FF204610BD034670B190F856
S214028620382090F83C002AB1022803D1012283F8B0
S2140286303C20704704284FF00102F8D00120704712
S21402864080F82C10704790F82C00704790F839008C
S2140286507047037A3022534303F1804303F56223C3
S214028660D3F89410D0E903231344994214BF084662
S21402867010467047F8B590F8393004460D4681B179
S21402868073B990F83A60FFF74CFA01210546304676
S214028690E8F730FA2846FFF748FA012384F839301B
S2140286A0F8BD002BFCD090F83A70FFF73AFA29464C
S2140286B006463846E8F71EFA3046FFF736FA84F8DA
S2140286C03950EDE72DE9F8430446164690F82C801B
S2140286D00D46FFF72DFA94F8382003469AB1FFF7B5
S2140286E02DFA94F83B90FFF71CFA012107464846FC
S2140286F0E8F700FA3846FFF718FAFFF719FA0022E9
S214028700034684F838201846FFF718FA2E44B54276
S21402871004D1236A0121204698473CE094F82D3084
S21402872023B3FFF705FA237E0746E3B12046FFF799
S21402873090FFE168D4F830C0013888423EBF206915
S21402874000F1FF30401803469C450BD013F8012970
S214028750112A01D0132A21D1A2F111035A425A41F9
S21402876084F8342020633846FFF7E8F994F834306A
S214028770002BCCD0B8F1000F06D02B780A2B03D1F1
S214028780E3690D2120469847E36915F8011B204648
S21402879098470028BBD00020BDE8F883994282BFE4
S2140287A0236903F1FF335B18CEE7F8B590F838304B
S2140287B0044603F0FF06A3B9036A3146984701232D
S2140287C084F8383094F83B70FFF7ABF9314605462B
S2140287D03846E8F78FF92846FFF7A7F9022384F808
S2140287E03C30F8BD026CD36C43F00403D36470478C
S2140287F0026C10B5044613695906FCD500231A46C6
S21402880094F8491094F84800E5F7BEFD00231A468E
S21402881094F84B1094F84A00E5F7B6FD94F85030F9
S214028820DA0707D5002394F84D1094F84C001A4640
S214028830E5F7AAFD94F850309B0707D5002394F875
S2140288404F1094F84E001A46E5F79EFD206CC36C56
S21402885023F00103C364C36C23F00403C364002142
S214028860FFF7DAFA606C0021E4F7B6FC002010BDD0
S21402887008B5006CFFF75EFB002008BD036CDA6CDF
S21402888019B142F00102DA64704722F00102DA649A
S21402889001229A64704738B50468206C056C15F09E
S2140288A0010509D00123836403699B060FD5204680
S2140288B0BDE83840FFF779BF042384F83C30237EB6
S2140288C033B9C36C23F00403C3640123237638BD93
S2140288D0637E23B394F82D300BB384F835501321FE
S2140288E0FFF728FB236CDA6C42F00402DA64DB69D9
S2140288F0DBB2112B0ED1012384F83430237A3022D6
S214028900534303F1804303F56223D3F89430013BCB
S2140289102363DCE7132BDAD184F83450EEE7C36C1A
S21402892023F00403C364D2E7013A42EA520242EA5F
S214028930920242EA121242EA122230B542EA124287
S2140289400132B2F5807F38BF4FF480725442044041
S21402895015198D4205D31C60039B1D60049B1A608B
S21402896030BD5200F2E708B5E7F7EAFF08BD10B5DA
S214028970FFF7D7F80446E8F731F82046BDE810407E
S214028980FFF7D3B87047FFF72BBA7047704701203E
S21402899070474FF41670E8F739B92DE9FF410D46D6
S2140289A016461F460446A8B14FF00008C0F81C80C1
S2140289B0E8F77AFCBDF82C3002939DF82830424640
S2140289C0CDE90073294633462046E8F7D3FB04B0C8
S2140289D0BDE8F0812220FAE7F0B50D4685B01646CE
S2140289E01F46044690B10023C361E8F75DFCBDF85C
S2140289F02C3002939DF828302A46CDE9007329468A
S214028A0033462046E8F7B6FB05B0F0BD2220FBE76A
S214028A10F0B587B01F4600230D4616468DF8173070
S214028A200446A8B1C3610DF11701E8F76DFC9DF885
S214028A3017207AB9BDF8343002939DF830302946B3
S214028A40CDE9007320463346E8F794FB07B0F0BD45
S214028A502220FBE70320F9E7F0B587B01F46002384
S214028A600D4616468DF817300446B0B1C3610DF1B7
S214028A701701E8F749FC9DF8173083B9BDF8343082
S214028A8002939DF830302A46CDE9007329463346D4
S214028A902046E8F76FFB07B0F0BD2220FBE7022076
S214028AA0F9E738B5FFF744F80546E8F707FE044647
S214028AB02846FFF743F8204638BDE8F78FBE08B5CC
S214028AC0E3F7F6FAFEF725FFFEF72CFFFEF739FF6F
S214028AD0BDE80840FEF740BF08B5FEF73FFFFEF7C9
S214028AE03EFFFEF73EFFBDE80840FEF73CBF2420EF
S214028AF07047482070474C2070474020704708B5A2
S214028B0001F01FFBECF75CFF02F0D5FA03F005F963
S214028B10002008BD38B50446FFF703F80546204690
S214028B20FDF74CFB04462846FEF7FFFF204638BDFD
S214028B3070B504460E46FEF7F4FF3146054620465B
S214028B40FDF722FB04462846FEF7EFFF204670BDDF
S214028B5038B50546FEF7E5FF04462846FDF736FB20
S214028B602046BDE83840FEF7E0BF00220123C0E9F8
S214028B700023704710B5044648B1006818B1E18872
S214028B80890001F04EFA00220123C4E9002310BD39
S214028B9042F21073994270B504460D4602D96FF040
S214028BA00F0070BDC3888B4201D30020F9E7042171
S214028BB02846FFF7BDFF06460028F0D0216841B1DF
S214028BC0E288920009F0F4FAE1882068890001F050
S214028BD028FAE5802660E8E738B504460D4619B956
S214028BE0FFF7C8FF002038BDC2888A4207D1006856
S214028BF09200002109F0D1FA0123A380F2E7FFF7E1
S214028C00B9FF29462046BDE83840FFF7C1BF884273
S214028C1070B505460E4609D0C988C28841B92AB140
S214028C20012383809200006809F0B7FA002070BD25
S214028C304C1E8CB90134B6F90430AB80A24212D273
S214028C4021462846FFF7A4FF0028F0D1316828689D
S214028C50A20009F0ADFAE9E7336853F82430002B96
S214028C60E8D1013CE5E72868121B9200002100EBE0
S214028C70840009F092FAE9E770B50C460121054630
S214028C80FFF786FF064688B9EA88014692002868FA
S214028C9009F083FA84EAE472A2EBE472E40FC4EB0E
S214028CA0C4342B68640001341A60AC80304670BD50
S214028CB0C388B1EB431F3FBF03684A0901F01F0197
S214028CC053F822003ABFC84000F001000020704767
S214028CD0C188006800F0A9BA70B50E4612F003010A
S214028CE018BF012101EB920105461446FFF774FFF7
S214028CF038B9E988286823463246BDE8704000F055
S214028D00B6BA70BD13460A46C188006800F0D4BAE7
S214028D1038B504460D46FFF7DBFFE3882844B0EB80
S214028D20431F06D82068E1882A4600F035FB00205B
S214028D3038BD10F01F0118BF012101EB501120466B
S214028D40FFF726FF0028EDD0F2E70A46C18808B5ED
S214028D5011B1006800F0E2FA002008BD10B5C38821
S214028D6023B9CA885AB9ABB1012017E0026802EBF0
S214028D70830252F8042C002AF3D1013BF0E70C6878
S214028D8004EB820454F8044C0CB9013AEAE7934225
S214028D90EAD80FD3013B5A1C01D1002010BD02684D
S214028DA052F823400A6852F823209442DCD803F192
S214028DB0FF33F0D24FF0FF30F0E730B5C38823B967
S214028DC0CA885AB9002B3DD136E0026802EB83020C
S214028DD052F8042C002AF3D1013BF0E70C6804EBAE
S214028DE0820555F8045C4DBB013AEAE7B1F9045036
S214028DF003D2B1F90400404226E0B0F90420002A6A
S214028E0003DD002D0CDA01201EE0002D08DD3AB14C
S214028E104FF0FF3018E003F1FF330BD2504213E05D
S214028E20013B016851F8235054F823108D42F2D9C1
S214028E30104609E0591CF4D1002005E0002BD8D0DA
S214028E409342D3D9B0F9040030BD1FB581EAE1736D
S214028E50A3EBE173C90FC1EBC131490001930131A4
S214028E600123ADF80C10ADF80E3002A901AB029347
S214028E70FFF7A3FF05B05DF804FB90422DE9F04131
S214028E8005460F46144602D0884206D127460123DD
S214028E90FC88AB803CB9002003E0FFF7B8FE002850
S214028EA0F4D0BDE8F0813B6803EB84034FEA840804
S214028EB053F8043C0BB9013CECE721462846FFF781
S214028EC067FE0028EDD12E683A68234631463046C2
S214028ED000F098FA06EB08030746002FDBD0EA8874
S214028EE0A24204F1010608D831462846FFF750FE92
S214028EF00028D6D12B6803EB84031A68D21943F8EC
S214028F00042B2CBF012700273446E6E72DE9F04163
S214028F10D48805460E4690463CB9F188A1420ED248
S214028F206FF009073846BDE8F081D8F8003003EB49
S214028F30840353F8043C002BEFD1013CECE72846AF
S214028F40FFF726FE07460028ECD1F28894420BD2A1
S214028F50AE4209D028683168121B920001EB8401E8
S214028F6000EB840009F024F9EA88F088824207D9E7
S214028F702B68121A9200002103EB800009F00DF90B
S214028F80D8F8002031682868234600F051FA0246D5
S214028F9010B90123AB80C5E72968EB8801EB840191
S214028FA01B1B084600F06DFB0028F2D0B8E72DE93F
S214028FB0F843B2F804C0B1F904401CFB04FC664650
S214028FC0734381460D4617461CD511462846FFF7C1
S214028FD0C5FEB0F100080DDB3A4629464846FFF7C3
S214028FE095FF98B9B8F1000F08BF0124A9F804400C
S214028FF000200BE02A464846FFF788FF30B9644255
S21402900024B2F3E7FFF739FF0028EFD0BDE8F88374
S2140290100123FFF7CCBF4FF0FF33FFF7C8BF1FB5E2
S21402902082EAE273A3EBE273D20FC2EBC2325200C1
S214029030019301320123ADF80C20ADF80E3002AADE
S21402904001AB0293FFF7E7FF05B05DF804FB2DE9DD
S214029050F047012386B0164688424FF00002CDE95B
S2140290600223CDE9042307460D4606D102A8FFF7E0
S214029070CEFD0446002833D102ADB74206D13946AA
S21402908004A8FFF7C4FD044650BB04AEB5F806803C
S214029090B8F1000F2ED1B6F80690B9F1000F33D111
S2140290A04FF0010A09EB08013846FFF771FD044646
S2140290B0B0B901463846FFF7DFFD044680B9CDF861
S2140290C00090336829683868424600F08AFABAF196
S2140290D0000F22D1AB88B28813FB02F31BB2BB800F
S2140290E004A8FFF747FD02A8FFF744FD204606B096
S2140290F0BDE8F0872B6803EB880353F8043C002B8B
S214029100C9D108F1FF38C3E7336803EB890353F884
S214029110043C23B909F1FF39BFE70123DFE7B8FAB8
S21402912088FA4FEA5A1ABDE72DE9F341CF88054679
S214029130884616463FB1D8F8003003EB870353F84B
S214029140043C3BB146B90021284602B0BDE8F041D6
S214029150FFF792BD013FEDE7791C2846FFF718FDA1
S214029160044670B941462846FFF751FD044640B909
S214029170013E0096D8F80020E98828683B4600F0B1
S21402918074F9204602B0BDE8F08170B504460D467B
S214029190104600211646FFF758FE002824DB2A4612
S2140291A0334621460020E8F7B5FB054638B1284687
S2140291B070BD324621462046FFF72AFF90B90021AD
S2140291C02046FFF742FE0028F3DB31462046FFF733
S2140291D0F4FD0028EBDB324621462046FFF71BFF54
S2140291E00028F2D00546E2E76FF00905DFE7F7B59B
S2140291F00E1E044615461F4614DB1046FFF725FED4
S21402920000280FDDE9882046FFF7E6FC40B9089BF8
S214029210CDE900733146E3882A682068E8F78EFDB8
S21402922003B0F0BD6FF00300FAE70139002901DA56
S2140292300020704750F82130002BF6D0B3FA83F0A6
S2140292400131C0EB4110704739B101F1804101395B
S21402925000EB81018142034600D270471B680A6810
S2140292601BBA12BA40F8042B41F80439F2E72DE98A
S214029270F0411C4613F0030318BF012303EB9403CB
S2140292808B4206460D46904613D879B18F003A4671
S214029290002108F082FF2CB1381B2246414630449A
S2140292A008F086FF29463046FFF7CEFF0020BDE8CD
S2140292B0F0816FF00700FAE7B3EB810F70B5044652
S2140292C04FEA8105104619D95A1B8618002108F064
S2140292D064FF30462B46C21800218B4210D1002074
S2140292E070BD22F0030102F003066158F600F14059
S2140292F0C9B281B90132AA42F3D1ECE71A46FAE7BB
S21402930021F0030001F003052058ED00E84002F8C2
S214029310010D0131E1E76FF00700E1E7F8B5054618
S214029320500988420C4602F01F0601D80AD136B10F
S214029330A20028460021BDE8F84008F02EBF1F2AEA
S21402934002D8F8BD1F2A0FD9820005EB8003291F19
S21402935005EB8407BB421AD1201A38BF002200212F
S21402936005EB800008F019FF002EEAD005EB840416
S2140293700022C6F12000AC42E3D054F8041C21FAC5
S21402938006F3134344F8043D01FA00F2F3E753F8F8
S21402939004CB41F804CFDDE71F2AF8B503460D4695
S2140293A04FEA521402F01F0613D96FF0030000FBB7
S2140293B004300A46944202F1FF3113D3621BAC42D8
S2140293C088BF00222A4418469200002108F0E5FED3
S2140293D0034636B103EB84030021C6F12007AC42F4
S2140293E006D3F8BD50F8212043F821200A46E1E7CB
S2140293F0186800FA06F20A4343F8042B013420FAEE
S21402940007F1ECE7F0B50024844620469C4200D1E2
S214029410F0BD51F8245052F824702E182CBF0125A6
S2140294200025BF194CF8247045F100000134EDE721
S214029430F0B50024064620469C4200D1F0BD51F805
S21402944024C052F82470ACEB0005AF4294BF4FF034
S214029450000E4FF0010EED1B46F8245084452CBF3B
S21402946070460EF101000134E6E78B422DE9F04723
S21402947028BF0B469646DE08089A0446C91A03F029
S214029480070875460346B44600200CF1FF3CBCF1C3
S214029490FF3F03F1200305F1200511D104EB46142A
S2140294A00EEB46164FEA880C06EB880E25467645E6
S2140294B040F081806444013980F08B80BDE8F087FB
S2140294C055F8207CA2FB079710EB090953F8200CED
S2140294D047F1000710EB090043F8200C55F81C0C66
S2140294E047F10007A2FB00093F1853F81C0C49F18C
S2140294F00009C01943F81C0C55F8180C49F100096C
S214029500A2FB000719EB000953F8180C47F10007F5
S21402951010EB090043F8180C55F8140C47F1000735
S214029520A2FB00093F1853F8140C49F10009C019B0
S21402953043F8140C55F8100C49F10009A2FB000779
S21402954019EB000953F8100C47F1000710EB09005D
S21402955043F8100C55F80C0C47F10007A2FB000963
S2140295603F1853F80C0C49F10009C01943F80C0CCB
S21402957055F8080C49F10009A2FB000719EB00098F
S21402958053F8080C47F1000710EB090043F8080CE3
S21402959055F8040C47F10007A2FB000A17EB000976
S2140295A053F8047C4AF1000017EB090740F100006B
S2140295B043F8047C69E756F8043BA2FB0337C3185A
S2140295C0286847F10007C31845F8043B47F1000036
S2140295D06DE723681B1844F8043B2CBF01200020CB
S2140295E069E72DE9F347DDF8289015464A440F4609
S2140295F0920000210646984608F0CFFD002405F1A9
S214029600010A4C4502D102B0BDE8F08758F8243072
S214029610009306EB84002B463A465146FFF725FF99
S2140296200134EEE72DE9F04712F0030418BF0124D7
S21402963004EB92048C420646884617461D464FEABD
S214029640840AC2EB840919D84A46002108F0A5FD0F
S214029650A8EB04029200002106EB0A0008F09DFD2A
S21402966008983A4606EB0901A847054618B9214666
S2140296703046FFF7E9FD2846BDE8F0876FF00305A0
S214029680F9E730B50546104600229A4200D130BDB1
S21402969051F82240241A45F8224034BF0120002007
S2140296A00132F2E74822002108F077BD10B50446E1
S2140296B0FEF74BFC2046BDE81040FFF749BA10B54E
S2140296C024210120FFF734FA044608B1FEF739FCDC
S2140296D0204610BDFEF75DBCFEF73DBCFEF7A7BCFC
S2140296E02DE9F04F502ABFB006460C46154600F24A
S2140296F09F8022AF70220021384608F04EFD0DA84A
S214029700FEF71FFC2BBA26932A463023214628A8AA
S2140297108DF89F3008F04CFD05F1F8036B4480226B
S21402972003F8582C05AA002302F8013B0133202B2C
S214029730FAD14FF4807205A90DA8FEF70CFC8346F9
S214029740002857D11935804601AC10220021204648
S21402975008F023FDA946BA46524610232146204663
S21402976000F04BFCB9F1100F234622464FF00101E0
S2140297700DA894BFA9EB0909A9F11009FEF757FC39
S2140297800AF1100A8346A8BBB9F1000FE4D116AB62
S21402979008EB030C94E80F008CE80F009DF88B3062
S2140297A008F110080133B8F1300F8DF88B30CCD1A8
S2140297B04FF4807216A90DA8FEF7CDFB8346C8B9F2
S2140297C006F1300834461EAB1A4601210DA8FEF7F4
S2140297D02EFC834670B90DF1780C2546624603CA04
S2140297E0BA4228606960944605F10805F6D110343D
S2140297F0A045E8D10DA8FEF7A8FB70213846E8F789
S2140298005BFF302116A8E8F757FF202105A8E8F7E6
S21402981053FF102101A8E8F74FFFBBF1000F03D05A
S21402982030213046E8F748FF58463FB0BDE8F08F93
S2140298306FF0370BF8E72DE9F0438DB004460E467D
S21402984030220021684608F0A8FC002704F120090F
S214029850E8460DEB070304F11001A14206D011F809
S214029860012D0132D2B20A70002AF6D02246012118
S2140298704846FEF7DCFB054638B168463021E8F775
S2140298801BFF28460DB0BDE8F0831037302FDFD11E
S214029890731E2F3698F8002013F8011F4A40B34271
S2140298A008F8012BF6D14FF4807269464846FEF757
S2140298B052FB05460028E0D108AA0CAE134603CB9D
S2140298C0B342206061601A4604F10804F6D1D4E778
S2140298D02DE9F0418469502C94B005468846174617
S2140298E01E4643D8C4F15003B3423FD3C6F15003D9
S2140298F01B1B93423AD350220021684608F04DFCC7
S2140299006B6CA86C22466946984728B16FF0330400
S214029910204614B0BDE8F081AC6946B16B6CA86C09
S21402992032460DEB040198470028EFD13444B8F1D3
S214029930000F07D037B10DEB04003A46414608F057
S21402994037FC3C44224669466846FFF7C9FE044691
S21402995038B969462846FFF76EFF044608B9012360
S2140299602B6150216846E8F7A7FED1E76FF037046F
S214029970CEE710B54C220446002108F00EFC04F196
S2140299802000FEF7DEFA4FF0FF33236142F2107337
S214029990E36110BD10B5044660B12030FEF7D5FA7B
S2140299A04C212046E8F788FE42F21073E3614FF03E
S2140299B0FF33236110BD0023FFF78ABF2DE9F04174
S2140299C0054688B04FF020080F461446002142464E
S2140299D068461E4608F0E1FBAB69C5E911740BB98F
S2140299E0C5F818802C69002C05DAAC692F2C9ABFB2
S2140299F00134640800244FF48072694605F12000A1
S214029A00FEF7A9FA28B90E9A234631462846FFF7EA
S214029A105FFF08B0BDE8F0812DE9F04190B0B2F5E5
S214029A20806FDDF8588005460F4616461C465ED8FF
S214029A30B8F5807F5ED83022002104A808F0ADFB7E
S214029A402A69EB699A4201DC6B699BB12146424660
S214029A502846FFF7B0FF044628BB05F1200836BBB0
S214029A6004A92846FFF7E7FE0446A0B92B6901338E
S214029A702B6110E0B8F1000FEFD02146424604A851
S214029A80FFF72EFE044630B904A92846FFF7D3FE98
S214029A9004460028E1D0302104A8E8F70DFE102184
S214029AA06846E8F709FE204610B0BDE8F08105F1E9
S214029AB01002AA4206D012F8013D0133DBB213703F
S214029AC0002BF6D06B462A4601214046FEF7AFFA37
S214029AD004460028DFD1102E344628BF102438460C
S214029AE02246694608F064FB2744361BB7E76FF048
S214029AF03504D8E76FF03704D5E707B5002300939F
S214029B00FFF78AFF03B05DF804FB2DE9FF41DDF89D
S214029B1028801D46164643462A4604460F46E8F760
S214029B20DDFC48B9CDE90180009504F11C033A46F4
S214029B3031462046E8F7C4FC04B0BDE8F081F7B52C
S214029B400D460446083568461646FFF70EF800210D
S214029B502846FFF77AF9211D07462A466846FFF788
S214029B605AFA044648B9002F0CBF002206F001023A
S214029B7069462846E7F79EFE04466846FEF7FAFF61
S214029B80204603B0F0BD70B50C4605461146204689
S214029B901A46FFF73DFA064630B9043529462046EE
S214029BA0FFF70BF9002801DA304670BD2A46214637
S214029BB02046FFF7ABF90028F0D00646F4E710B5CA
S214029BC00446FEF7D7FF04F10800FEF7D3FF04F1C0
S214029BD01000BDE81040FEF7CDBF13F07E0F2DE952
S214029BE0F0470C4615460CBF4FF0010A4FF0000A2C
S214029BF007465246294620461E46C3F34508E7F75F
S214029C0059FE48BB04F10809524605F108014846C8
S214029C10E7F750FE00BB08F1FF33D3F1000848EB2C
S214029C200308424605F118012046E7F743FE98B9B5
S214029C30424605F120014846E7F73CFE60B9F209C4
S214029C4021463846FFF77BFF30B904F110000121A8
S214029C50BDE8F047FFF710B8BDE8F0870346C069D5
S214029C6020B15B6A002B14BF01200220704710B59A
S214029C700446FEF77AFF04F10800FEF776FF04F1C9
S214029C801000BDE81040FEF770BF38B50025044648
S214029C9000F8045BFEF769FF04F10C00FEF765FFAF
S214029CA004F11400FEF761FF04F11C00FFF7DFFF6A
S214029CB004F13400FEF759FFC4E90F55C4E9115503
S214029CC0C4E91355C4E91555E56538BD08B1FFF773
S214029CD076BF704770B5044658B3436C012B11D05B
S214029CE00C30FEF747FF04F11400FEF743FF04F1C1
S214029CF01C00FFF7EBFF04F13400FEF73BFF201DCC
S214029D00FEF738FFA36D8BB920466021BDE8704090
S214029D10E8F7D2BC06FB0500FFF7D8FF0135D4E909
S214029D201603AB42F6D8FEF713FFEDE7002518261A
S214029D30F5E770BD38B504460D46FEF768FF70B904
S214029D4005F1080104F10800FEF761FF38B905F1D4
S214029D50100104F11000BDE83840FEF758BF38BDC8
S214029D6008B500211030FFF770F8B0FA80F040090D
S214029D7008BD2DE9F041202B8AB0054688461746D5
S214029D801E460BD90920E8F725FC02AB32463946B7
S214029D90E8F77EFC044628BB02AF20262C698DF825
S214029DA004808DF8056084B90920E8F713FC224682
S214029DB001462846E8F716FC044698B92846E8F70E
S214029DC03DFC044670B901232B61022201A92846F4
S214029DD0E8F742FC044628B9324639462846E8F7F0
S214029DE03BFC044602A82021E8F766FC20460AB09F
S214029DF0BDE8F0812DE9F0430023A3B006460546F0
S214029E001F466FF03B049946726997420BDB002BA4
S214029E1008BF6FF03C0402A88021E8F74DFC2046FC
S214029E2023B0BDE8F083D5F82880AC69E869CDF8A0
S214029E300490B8F1010F18BF9846802201AB02A920
S214029E40A04704460028E6D1019B53B102AAF9B204
S214029E503046FFF78EFF0028E2D12B6A019A1344A0
S214029E602B62013714354346CEE70369013310B53A
S214029E7004460BD000F0A4F800236361282104F105
S214029E801800E8F719FC4FF0FF33236110BD30B518
S214029E904569012D0BDC142404FB050401356362BD
S214029EA0039BA362C4E906124561002030BD6FF031
S214029EB03D00FBE72DE9F041202A88B005460F4613
S214029EC0164676D840F201186B69002B6ED02846EB
S214029ED0FFF790FF0446002848D1D5F814E0024662
S214029EE02B460120A6454FDC002847D01F2A45D91D
S214029EF020220021684608F050F969462846E8F70D
S214029F00B9FB044690BB284600F05AF8284600F0F3
S214029F1053F80920E8F75EFB224601462846E8F792
S214029F2061FB044610BB2846E8F788FB0446E8B9FE
S214029F30202269462846E8F78FFB0446B0B9092076
S214029F40E8F748FB6B4620226946E8F7A1FB044681
S214029F5060B96A690346142105F1200025469A4233
S214029F601EDC32466946384608F022F92021684649
S214029F70E8F7A2FB204608B0BDE8F081B8F1010878
S214029F80A2D16FF03B04F1E7D3E908C18C4538BF94
S214029F900020996A012908BF624401341433A1E7FC
S214029FA001FB03FC013340F80C50D8E76FF03F0486
S214029FB0DCE76FF03B04DDE71022002108F0EDB885
S214029FC010B50446C0B10368B3B1806838B11B78D7
S214029FD0092B01D1FEF743F9A068FEF7B9FDE06848
S214029FE020B123689978490000F01BF8204610211A
S214029FF0BDE81040E8F760BB10BDF0B50024261D92
S21402A000B34202D29C4206D3F0BD0D5917597D4089
S21402A01005513446F3E70D5D165D7540055501346E
S21402A020F0E710B5044608B1E8F746FB2046BDE85F
S21402A0301040FEF78DBDF0B506469DB00F4615469C
S21402A0401C46D3B901A8FEF708F9214601A8E5F790
S21402A050A9FA044658B93A46314601A8FEF701F96C
S21402A060044620B9294601A8FEF702F9044601A8CB
S21402A070FEF7F5F820461DB0F0BD6FF07304F9E761
S21402A08050E8003F0B4340E80032002AF8D1704700
S21402A090C94350E8003F0B4040E80032002AF8D19E
S21402A0A07047431E032B06D8DFE803F002040204BF
S21402A0B003207047042070477047CB6918477047E3
S21402A0C070470020704770474FF00000704700202E
S21402A0D07047704770470020704700207047002086
S21402A0E07047002070470020704770470020704776
S21402A0F000207047704770470020704770477047CF
S21402A10011207047002070474FF0FF307047002044
S21402A11070477047704700207047002070474FF026
S21402A120FF307047112070470020704701207047AB
S21402A1300020704700207047002070477047704725
S21402A140704701F0E4B938B50446FDF7F1FCD4E9EE
S21402A150101205462046E8F7BBFAE18C228DE06035
S21402A160521A40F2712101FB020303F59C53083395
S21402A17023612846BDE83840FDF7E0BC08B520302C
S21402A180FFF77EFFBDE808404FF08050EEF7B6BD01
S21402A19038B504460D460830EAF748F82946204600
S21402A1A0ECF720F9E06E0025E56110B1E9F78AF9CF
S21402A1B0E56604F15000BDE8384008F047BB38B504
S21402A1C0044619B390F838208AB190F83930013332
S21402A1D0DBB29A4280F8393009D10121FFF7D8FF65
S21402A1E04FF080712046BDE83840FFF7C7BF236AAC
S21402A1F0DA030BD5E36B62689B1A002B06DA0121A1
S21402A2002046FFF7C5FF4FF08061EBE7236A1B0489
S21402A21026D402F01DFD1123B0FBF3F303EB031368
S21402A220C01A94F9613085B213FA80F0102888BFFC
S21402A230C5F110056DB2083B2B4484F86130204608
S21402A2400121ECF7CFF8E28C63682A4440F27121D0
S21402A25001FB023363602046BDE83840ECF772B873
S21402A2600025ECE72DE9F84F1D46C369DDF830807E
S21402A2709DF838909DF840B09DF850A00F460446D1
S21402A2809DF848101646002B40F0D180EB0600F1F0
S21402A290BE8005F00303032B08BF05F0FD0505F09D
S21402A2A0F705BDF83C30A386A8069DF8540048BFC3
S21402A2B005F0FC05FFF7F5FE47F6FF731BF0020FED
S21402A2C084F83600A4F8783040F0A4801BF0040F1F
S21402A2D000F0A28000F0FD00012814BF032304232F
S21402A2E094F87F209DF8580063F3030284F87F20D9
S21402A2F0FFF7D7FE47F6FF738A0784F83700A4F8FD
S21402A300883000F18B804B0740F18A8000F0FD0018
S21402A310012814BF0321042194F88F30606E61F384
S21402A320030384F88F30FFF7EAFE216C00222046F2
S21402A330E8F7CEF940F271237343984279D804F1D4
S21402A340200049F6FF71FFF7A3FEFF2384F854307E
S21402A350BAF1000F03D0236A43F48053236229071D
S21402A36005D5236A062643F4841323623746236AF6
S21402A3706A0723F4C04323620CD419F0010F1CBFF2
S21402A38043F400532362236A19F0020F1CBF43F4FE
S21402A39080432362236AA5852B43236204F12E039E
S21402A3A0B8F1000F3ED0D8F80020C4F82E20B8F836
S21402A3B004209A809DF82C30012B03D14FF4806143
S21402A3C0FFF75EFE236A9DF8282023F4407343EAD3
S21402A3D00223236202F03CFC94F860309DF84C2085
S21402A3E084F85F0023F00F03C0F30320034362F3F5
S21402A3F0071384F860309DF83430E78420462685BB
S21402A40084F82A30FFF79FFE0020BDE8F88F01216E
S21402A4108B4646E7022363E7012361E702217BE7D7
S21402A420012179E7C4F82E80A3F80480CAE70C203D
S21402A430EBE74520E9E72DE9F743894617460193FE
S21402A440044630B901A808F001FA422003B0BDE87C
S21402A450F083012920D0022910D089B9C369C3B973
S21402A46000F140054FF40036236AD9061ED55A0776
S21402A47026D501A808F0EAF90020E7E7406E20B9E1
S21402A48001A808F0E3F90C20E0E71946FFF738FECA
S21402A490DCE700F14805E5E7C36923B900F14405A6
S21402A4A04FF48026E0E700F14C05F9E79B0707D555
S21402A4B0B9F1000F04D101A808F0C8F91220C5E7C7
S21402A4C004F1200840463146FFF7E2FDF80702D5C0
S21402A4D0284608F0BBF9019921B1284608F09DFAF2
S21402A4E000230193286808F036FA236AD90605D5B0
S21402A4F01F2801DC032F16D02846DDE740F27262E1
S21402A500904204DD284608F0A1F907209EE7B9F13B
S21402A510000F08D1BF2806DD9A0704D0284608F0A7
S21402A52095F9452092E7D4E912122046E8F7D0F8CA
S21402A530E3696BB1E38C40F271225343984207D928
S21402A540238D8342EAD300F51C70B0FBF2F0E08460
S21402A550FDF7EEFAE36905467BB1BB070DD531463A
S21402A5604046FFF78DFD6368C3F57A7602F0ACFBD2
S21402A570F04202D52046ECF72DF82846FDF7DEFA23
S21402A5807AE738B50D460446C8B1E90704D54FF454
S21402A59000112030FFF774FDAA0705D54FF400011D
S21402A5A004F12000FFF76CFD6B0701D4002038BDD4
S21402A5B04FF0006104F12000FFF762FDF6E742204B
S21402A5C0F5E738B50D460446C8B1E90704D54FF499
S21402A5D000112030FFF75CFDAA0705D54FF40001F5
S21402A5E004F12000FFF754FD6B0701D4002038BDAC
S21402A5F04FF0006104F12000FFF74AFDF6E7422023
S21402A600F5E7E8F74BBB38B5C36904460D463BB1E0
S21402A610036A13F0010011D194F82430FE2B0CD0FB
S21402A62004F120004FF48001FFF72AFD2B68C4F8DE
S21402A6305530AB88A4F85930012038BD0020FCE71D
S21402A640036A10B5044613F4602030D09A0307D587
S21402A65004F1400008F0FAF8A36C23640023A36414
S21402A660236A5B0307D504F1440008F0EFF8E36CB5
S21402A67063640023E3644FF4602104F12000FFF7D3
S21402A68007FD2046FFF75FFD94F8602094F85F30E0
S21402A69002F00F0143EA0123013384F85F3022F00F
S21402A6A00F02C3F303231A4384F86020012010BD6F
S21402A6B010B50446503008F0B0F920464FF000714D
S21402A6C0BDE81040FFF75ABD50E8003F0B4340E894
S21402A6D00032002AF8D17047C94350E8003F0B40C9
S21402A6E040E80032002AF8D1704738B50446D0F860
S21402A6F0A00010B9D4F8A40058B194F8375108F065
S21402A700D6F805F00F0581B206312846EDF772F845
S21402A71080B2B4F8783040F27122534300F54870A4
S21402A7209842B8BF184638BD38B505460C4602F002
S21402A73051FB20B149F640439C4228BF1C46EA68BA
S21402A740A2420BD2B5F87A3040F271214B439342C3
S21402A75038BF1346A34228BF23461A462A6138BD8D
S21402A760034644309A6A920404D5D3F82821998F76
S21402A770EEF718B893F86F10EEF70AB80020704795
S21402A7800120704700207047002070470120704764
S21402A790C8207047002070470020704770477047F7
S21402A7A0112070477047704700207047704700209E
S21402A7B070477047012070477047704790F88520B1
S21402A7C0531C03F00F03072B28BF002363F3030277
S21402A7D0034410B580F8852083F87E1090F8853003
S21402A7E06F2B4FEA131298BF013204469CBF62F3E6
S21402A7F0071380F88530FFF7E0FF94F837112046FC
S21402A80001F00F01FFF7CBFF10BD7047704770478E
S21402A81000207047002070470020704710B101F1F9
S21402A820B000704701F1D4007047F8307047806A74
S21402A83070472830FFF748BF2830FFF74DBFC06A81
S21402A84070472C30FFF740BF2C30FFF745BF00F5AE
S21402A8509C70704708B50B79DB0702D4FFF7D5FF6B
S21402A86008BDBDE8084091F90510FFF7A7BF022909
S21402A8700346808F11D0032909D0012906D11A8FE9
S21402A8805B6B1201B2FBF3F3184480B270475A6B4B
S21402A8904FF47A43B3FBF2F3F6E75B8F073000EB35
S21402A8A04300F2E770B540F27126456806FB01F3F5
S21402A8B05643826A1D441207044645600ED500F1CF
S21402A8C0400500F134022946EAF7D4F83346294611
S21402A8D020460122BDE8704001F054BA05EB560549
S21402A8E0456070BD836A590505D4D0F8A03013B10F
S21402A8F05B799A0708D4D0F8A40000B97047437968
S21402A9009B0701D40068F8E70120704780F87710AB
S21402A910704738B5044601F047FC04F1A40007F07E
S21402A92095FF04F1A80007F091FF04F1AC0007F0D0
S21402A9308DFF04F1A00007F089FF2046E8F718FB18
S21402A940C4B22046FFF7C7FB05462046FFF7C5FB05
S21402A95001462846FFF7BEFB38BD38B5836A1B079B
S21402A960044613D50246B0F87C3052F8341F4B43E7
S21402A97040F271214B4300F14001EAF77BF8236C69
S21402A98020469D08FFF7B1FE2844E060616B40F266
S21402A9907125013969432046FFF7C6FE204601218C
S21402A9A0EBF720FD636BB4F87C205A43636805FB23
S21402A9B0023363602046BDE83840EBF7C3BCB0F80C
S21402A9C0303110B5A0F834310446E8F7D1FAC0B2F7
S21402A9D0FFF7DEFE94F8373194F8362103F00F03C2
S21402A9E004F1440102F0EFF9ECF74AFFB4F9302122
S21402A9F0824205D0A4F83001EDF7EAFBA4F8320152
S21402AA00B4F93421B4F930319A4209D0A36A9B03CF
S21402AA1006D520464FF40041BDE81040E8F7BEBA1E
S21402AA2010BDFFF7CCBF836A0A4600F14401C3F3A8
S21402AA304030EDF761BE10B5A0F87810A0F87A2085
S21402AA400446FFF752FE2169E0602046BDE810404A
S21402AA50FFF76ABE38B504460D463AB94FF4C02130
S21402AA602830FFF739FE9DB9002038BDFFF79CFE5F
S21402AA7098B128344FF4C0212046FFF72DFE1DB1B1
S21402AA804FF40031FFF720FE4FF48021204601E00C
S21402AA904FF40031FFF718FEE6E71120E5E72DE94F
S21402AAA0FF41836A9B0304462CD5B0F93081B0F986
S21402AAB034710020EDF780FC8045CCBF00250125CF
S21402AAC002F086F994F83711C82201F00F01EDF76B
S21402AAD07DFC06462046E8F74BFAB04594F8371157
S21402AAE0A8EB0707B4BF002601263FB245EA460593
S21402AAF00023CDE9008502971A4601F00F0180B2C5
S21402AB0000F0B7FC04B0BDE8F081FFF7C8BF86309E
S21402AB107047F8B504460E4600295AD0476B40F2F5
S21402AB2071235F43A7F28A277F0839463046ECF73F
S21402AB3071FE94F88E30851FADB29D42394630467E
S21402AB40A8BF1D46ECF766FE94F88F20B4F8861070
S21402AB50831F9BB29342A8BF1346F21E012AB4F883
S21402AB6088202BD8B1F5296F44F29020B8BF4FF455
S21402AB7029618142A8BF0146B2F5296FB8BF4FF4DA
S21402AB8029628242A8BF02461B2DB8BF1B251B2B7B
S21402AB90B8BF1B2384F8913084F89050A4F88A102A
S21402ABA0A4F88C203046ECF735FE831F9BB2AB42EE
S21402ABB0A8BF2B46DBB284F89230F8BDB1F5A47F6D
S21402ABC0B8BF4FF4A471B2F5A47FB8BF4FF4A47215
S21402ABD0DAE71B23EFE770B54900466B89B28E426F
S21402ABE004461FBF4068616340F2712505FB0600FC
S21402ABF018BF05FB1100658F1ABF60600121002196
S21402AC009542208F17D08342628700D02387238FF6
S21402AC1094F83711626B204601F00F011B01B3FB5B
S21402AC20F2F3A4F89C30FFF774FF20460421BDE837
S21402AC307040E8F7B3B98342E8D1A36A1B07E6D5AA
S21402AC400029E4D170BDF0B585B004460E4600F189
S21402AC5086036A4600F18E0718685968154603C5CA
S21402AC600833BB422A46F7D1186828609B88AB8017
S21402AC7031462046FFF74DFF9DF80B2094F89130A1
S21402AC809A4211D1BDF80620B4F88C309A420BD104
S21402AC909DF80A2094F890309A4205D1BDF8042017
S21402ACA0B4F88A309A4207D04FF48141204605B064
S21402ACB0BDE8F040E8F772B905B0F0BD37B5044616
S21402ACC0BDF8180094F88E508D420BD1B4F8865019
S21402ACD0954207D194F88F509D4203D1B4F888501C
S21402ACE085421DD08DF80610ADF8042084F88E102B
S21402ACF094F83711019D84F88F30A4F88800C4F8C0
S21402AD004051A4F8862001F00F012046FFF79BFF72
S21402AD10B4F88A30A4F88630B4F88C30A4F88830B8
S21402AD2003B030BD90F8373170B503F00F03044618
S21402AD3016460D46D9B18B4219D00122FFF732FDD5
S21402AD40294600222046FFF72BFD94F8373165F39B
S21402AD50030384F8373105F00F012046FFF773FF2F
S21402AD6020464FF48441BDE87040E8F717B919460B
S21402AD702046FFF768FF002EF2D170BDF8B51D46DB
S21402AD80C36A5B0704460F46164610D404212C30CD
S21402AD90FFF79AFC84F89A70A4F89660A4F8985084
S21402ADA020464FF40061BDE8F840E8F7F7B8F8BD72
S21402ADB010B511B190F89A400C7012B1B0F8961016
S21402ADC0118013B1B0F898201A80C06AC0F38000D0
S21402ADD010BD4FF400412830FFF776BC00F5A27094
S21402ADE0704790F8370100F00F00704770B50446C0
S21402ADF0FCF79EFE6568064601F066FF2D1AB5F55D
S21402AE00FA7504D53046BDE87040FCF797BE636B12
S21402AE1094F8701040F271225343B5FBF3F5A38FFA
S21402AE20AAB29B1AA38794F86F3002FB113325212E
S21402AE3093FBF1F001FB1033002BB8BF5B1884F8CC
S21402AE406F30B4F89C309B1AA4F89C302046002140
S21402AE501546EBF7C7FA636B5D43636840F27122EF
S21402AE6002FB153363602046EBF76CFACAE72DE95E
S21402AE70F3474E790446B0074FF0000358BF06F07A
S21402AE80010608460D46ADF8043054BF01360326C7
S21402AE90FFF71AF9074607F01F03002BE36A15BFF0
S21402AEA04FF001084FF000084FF003094FF0020977
S21402AEB099050CD59DF8043066F3010368F3451333
S21402AEC08DF80430019A2946204600F08EF928466D
S21402AED007F041FD49468246284607F0F7FC9DF8F2
S21402AEE00430AA798DF805A066F3010368F34513CA
S21402AEF00C328DF80430BDF80430AB529DF80430A5
S21402AF00A9189A066B7948BF8F7043F001036B71DC
S21402AF10FCF70EFE06462046294650F8A48F07F098
S21402AF207CFD94F84631013384F84631A36A1B0748
S21402AF300CD5B4F87C30012B02D92046FFF756FF19
S21402AF40304602B0BDE8F047FCF7F8BD656801F090
S21402AF50BBFE0746EBF738FB8442F1D1ED1BB5F595
S21402AF607A7FEDDDB8F1000F03D0D4F8A030002BC5
S21402AF70E6D1EBF7C1FEE3E708B5022007F02BFEA9
S21402AF8010B100F045FE012008BD10B54FF4407127
S21402AF9004462830FFF7A0FB20460021BDE81040FB
S21402AFA0E8F77EBC012310B5A1F12002C1F120040E
S21402AFB023FA04F403FA02F222438B40D0E9084152
S21402AFC023400A40134314BF0120002010BDC36A69
S21402AFD010B5044613F0080012D00123A1F1200296
S21402AFE0C1F1200023FA00F003FA02F202438B407A
S21402AFF0D4E9080103400A40134314BF012000208D
S21402B00010BD10B50C46C9B2FFF7E1FF70B1E9F703
S21402B0101DFDC4F12002A4F12003E04001FA02F271
S21402B020104321FA03F3184300F0010010BD70B577
S21402B03004460E46E9F73CFEFCF77AFD84F8776094
S21402B040054602212046E7F7A9FF20460021EBF736
S21402B050C9F92846BDE87040FCF770BD70B50446D5
S21402B0600D46FCF765FD0646EBF7AEFA844201D1C3
S21402B070EBF722FE3046FCF761FD29462046BDE886
S21402B0807040FFF7D4BF0B68C0F84031704738B540
S21402B090D0F840310B6040F648059BB2AB420C46F6
S21402B0A004D90B21FFF7ADFF08B9258038BD44F25D
S21402B0B090232380FAE708B500F0FBF8E8F7D8F803
S21402B0C000F046FB00F008F8E9F72AFDEAF7E6FA90
S21402B0D0BDE80840EAF762BB704770B515460E46F3
S21402B0E01C46FFF7A2FB2B684EB103606B684360F9
S21402B0F02368C0F825302368C0F8153070BD836019
S21402B1006B68C3602368C0F829302368C0F819301A
S21402B110F4E770B50546FFF788FB0446FCF708FD22
S21402B1204FF4807106462846FFF783FB4FF4006112
S21402B1302846FFF786FB3046FCF700FD0023236116
S21402B1402375236284F824302846FFF770FB802399
S21402B15010F0080F14BF237584F8243070BD10B5A4
S21402B1600446FFF712FF20461021BDE81040E7F71D
S21402B17015BF10B54FF460610446FFF765FB204625
S21402B180BDE81040FFF701BF7FB506460C46FFF745
S21402B1904CFB4FF4C06105463046FFF752FB4FF4B6
S21402B1A000613046FFF750FB4FF48060E9F7F4FB8E
S21402B1B0224670B969462846E8F758FF6B4605F1FD
S21402B1C0100213F8011B02F8011DAA42F9D104B0BD
S21402B1D070BD6C4602F1100610685168234603C320
S21402B1E00832B2421C46F7D1E8E7F0B587B00D4602
S21402B1F0ADF80C20FFF719FB0446284607F0ABFB18
S21402B200064600B32846E8F76FFF9DF80C3005AFF8
S21402B21003F02303224631460093019704F12003EC
S21402B220FDF780F82846E8F775FF042239462846D7
S21402B23007F0CFFD236A0133236223B994F8243042
S21402B240013384F8243007B0F0BD30B585B00391E1
S21402B250ADF80820FFF7E9FA0446039807F07BFBEF
S21402B260051F002D02DC002005B030BD0398E8F76C
S21402B2703BFF431901939DF8083003F02303009324
S21402B280224604F110032946FDF73DF80028EAD1CC
S21402B2900398E8F73FFF042103A807F0FEFB2369A3
S21402B2A0013323610BB10120DEE7237D01332375D1
S21402B2B0F9E708B54FF40060E9F76EFB40B94FF4C2
S21402B2C08050E9F769FB40B9BDE80840EDF7B6BA29
S21402B2D0FFF79EFA0028F2D008BDFFF79DFA002875
S21402B2E0F2D0F9E741F0004141F4E02101607047F5
S21402B2F007B501A8019107F0A9FA002003B05DF88E
S21402B30004FB70477047002070477047704710B5BF
S21402B310DC1D043383734379C47123F0030343F0C3
S21402B32003030E244371012344738371C3730182A2
S21402B330827410BDD31CC3713E2343734379827358
S21402B34023F0030343F00303437101238371C173A4
S21402B35070470F234373042383734379A0F81110B5
S21402B36023F0030343F00303437140F20173C380E7
S21402B37001230374C2737047D31CC37143794173AC
S21402B38023F0030343F003034371012382738371A3
S21402B390704708B50023FFF7BAFFBDE80840E8F794
S21402B3A0A7BF2DE9F84380460220894617461E4667
S21402B3B007F011FCD0B14579A0F810800C23437336
S21402B3C00823837325F0030540F60133C38045F056
S21402B3D003059DF82030457180F81290A0F813708E
S21402B3E0A0F81560C373E8F783FF0120BDE8F88371
S21402B3F008B5022007F0EFFB30B101221121FFF75A
S21402B40099FFE8F775FF012008BDF8B50F46164606
S21402B410132109221D46FFF78DFF837904460C335C
S21402B4201C44A170E77026712B68C4F80530AB88FF
S21402B430A4F80930BDE8F840E8F75ABF70B50646EA
S21402B44002200D4607F0C7FB044668B11421042209
S21402B450FFF770FF83790C331C44A170A4F80360D5
S21402B4606571E8F745FF012070BD08B501F099FD4A
S21402B47008BD2DE9F041074602200D4690461E46BD
S21402B48007F0A9FB0446E0B109222121FFF752FF8B
S21402B49083790C331C440A22BDF9183093FBF2F36D
S21402B4A023729DF81C30637284F80380BDF9203045
S21402B4B0A78093FBF2F3A671E571A372E8F718FF73
S21402B4C00120BDE8F08137B5044607F044FAA379B7
S21402B4D00C33E518C0B23E22E254831E6B700D2375
S21402B4E0AB70AB798DF807301C38012BE87609D1A2
S21402B4F000231A46E91D0DF10700FEF70AFE9DF825
S21402B5000730AB712046E8F7F3FE03B030BD704754
S21402B51010B5E8F727FF83790C33C4180021E078CA
S21402B520E7F742F96168FFF72CF80446E8F720FFD0
S21402B53022460023BDE810404FF61941FFF7E7BE4A
S21402B54010B5E8F70FFF83790C33C4180021E078B2
S21402B550E7F72AF96168FFF734F80446E8F708FFC8
S21402B56022460023BDE810404FF61A41FFF7CFBE31
S21402B57070B5E8F7F7FE002186790446FE20E7F765
S21402B58013F90546EAF7A8FA50B10C24E8F7F0FEDC
S21402B59022460023BDE8704042F20501FFF7B7BE1F
S21402B5A0EAF7E0FA0028F0D134440F342DB12146F0
S21402B5B02846FFF728F80028E7D02046E9F738F9AA
S21402B5C00024E3E72DE9F041E8F7CCFE83790C335B
S21402B5D0C4180025E678E8F7C5FE0768E8F7C2FE55
S21402B5E0A6F1FE035942594105603046E7F7DCF8FA
S21402B5F022793B462946FEF71EFF0446E8F7B8FEC8
S21402B6002B46224642F23701BDE8F041FFF77FBEE5
S21402B6102DE9F041E8F7A6FE83790C33C41800251D
S21402B620E678E8F79FFE0768E8F79CFEA6F1FE03B9
S21402B6305942594105603046E7F7B6F822793B464B
S21402B6400121FEF7F8FE0446E8F792FE2B46224654
S21402B65042F23801BDE8F041FFF759BE2DE9F04746
S21402B660E8F780FE83790C33C418277994F80380B0
S21402B67027B9B8F1010F27D0E7F7F8FA0534002604
S21402B680BE420ADB0025E8F773FE2A460023BDE821
S21402B690F04742F23901FFF73ABE2078B4F801507B
S21402B6A094F80390A0F1FE03594259410434E7F797
S21402B6B07BF858B12A464B464146E7F7D3F905468A
S21402B6C00028E0D10136DBE71225DCE74225DAE77F
S21402B6D010B5E8F747FE83790C33C4180021E078EA
S21402B6E0E7F762F880B1211DFEF78DFF00280CBF38
S21402B6F00C240024E8F73CFE22460023BDE8104056
S21402B70042F23501FFF703BE4224F3E7FE282DE995
S21402B710F8430646894690461F4616D0022007F092
S21402B7205AFA044690B106221221FFF703FEA579C3
S21402B7300C3525441223AB7085F803902E71A5F8BC
S21402B7400580EF712046E8F7D3FD0120BDE8F883B7
S21402B750704710B5EAF7C0F90446FEF7CDFC204361
S21402B760C0B210BD38B5E8F7FDFD8379C17903F1A3
S21402B7700C020244CB1A02200021B2F8035007F052
S21402B78055FB044640B9E8F7F3FD0722BDE838400A
S21402B79042F21901FFF7DDBD2846E7F7D5FB38B1BF
S21402B7A02146E9F78FFF0446E8F7E2FD2246EDE779
S21402B7B02046FBF741FE0224F6E770B5E8F7D2FD15
S21402B7C083791844B0F80F60B0B2E7F7BDFB80B1DA
S21402B7D0002100F06EFE0546E8F7CAFD0446022385
S21402B7E02A4642F21B01FFF792FDA3791C446682A9
S21402B7F070BD0225F0E770B5E8F7B4FD83790C3327
S21402B800C418B4F803502846E7F79EFBA0B1611DA2
S21402B81000F04FFE0646E8F7ABFD0446022332462A
S21402B82042F21A01FFF773FDE37923449D72E3792E
S21402B8301C442D0AE57270BD0226ECE710B5E8F747
S21402B84091FD83790C3318444479B0F80300E7F786
S21402B8507BFB60B12146E9F711FD0446E8F788FD57
S21402B860E2B240F20641BDE81040FFF772BD022484
S21402B870F4E770B5E8F776FD83791844B0F80F5010
S21402B880FCF756F904462846E7F75EFB80B1162118
S21402B890FFF7E4FB00252046FCF750F9E8F768FDC1
S21402B8A02A460023BDE870404FF60441FFF72FBD3D
S21402B8B00225F0E7F8B5E8F755FD84790C34044420
S21402B8C00546B4F80300E7F73FFB064640B9E8F73B
S21402B8D04FFD0222BDE8F84042F21301FFF739BDE0
S21402B8E0AB79E97903F10C022A44CB1A0220002133
S21402B8F007F09CFA014618B9E8F73AFD0722E9E78D
S21402B9008379033383713046B4F80D50B4F80F7060
S21402B910E9F768FC3A46044629463046FFF78BF8B4
S21402B920E8F726FD2246D5E738B5FCF701F90446C6
S21402B930FFF70FFF00280CBF0C250025E8F718FDBF
S21402B9402A4642F20E01FFF724FDEAF733FC2046B0
S21402B950BDE83840FCF7F2B810B5E8F703FD837986
S21402B9601844B0F80F00C0B2E7F73EFEE8F700FD55
S21402B9700023BDE810401A4642F22401FFF7C7BC76
S21402B9802DE9F84381460220884617461E4607F0F0
S21402B99022F9044690B10A220321FFF7CBFCA579CF
S21402B9A00C35254400232046EB70A5F80490A5F834
S21402B9B006802F816E81E8F79BFC0120BDE8F883A4
S21402B9C02DE9F04385B0814602209DF844808DF82B
S21402B9D00F200E461F4607F0FEF80546002844D004
S21402B9E022222921FFF7A6FCAC790C342C4404F160
S21402B9F00E03002204F11401C4F80E2030469A8089
S21402BA006261228300913A460DF10F01FEF782FB36
S21402BA109DF84030E37006F00103A3719DF80F30E5
S21402BA20A4F80490E3713B68A360BB88A38116F078
S21402BA30FD0F4FF6FF7304D0032E08BF43464FF0A8
S21402BA40FF08BDF830206283BDF83420A283BDF81B
S21402BA503820E2839DF83C2084F82020284684F88B
S21402BA6021806384E8F744FC012005B0BDE8F0833A
S21402BA70F8B50746022016461D4607F0ACF80446FF
S21402BA8090B10C220421FFF755FCA1799DF81830DD
S21402BA900C31214420468F80C1F80660C1F80A5056
S21402BAA0CB70E8F725FC0120F8BD70B506460220EB
S21402BAB00D4607F090F8044668B103223021FFF7DE
S21402BAC05BFCA3790C3323442046A3F803609D70E5
S21402BAD0E8F70EFC012070BD70B5064602200D4642
S21402BAE007F079F8044688B104220821FFF744FCDF
S21402BAF0A3790C332344B5FA85F252092046A3F8FB
S21402BB0003605A719D70E8F7F3FB012070BD2DE9C2
S21402BB10F84381460220884617461E4607F05BF821
S21402BB200446B0B10B220721FFF704FCA579BDF845
S21402BB3020300C3525442046A5F80390A5F805804C
S21402BB40A5F80770A5F80960A5F80B30E8F7D0FB52
S21402BB500120BDE8F883F8B5074602200E461546D2
S21402BB6007F039F80446A0B10D220521FFF7E2FBE3
S21402BB70A3790C3323442046A3F80370A3F80D6080
S21402BB802A68C3F805206A68C3F80920E8F7B0FBFC
S21402BB900120F8BD2DE9FF410A9C16466A468046FA
S21402BBA00F4603F1100E1546186859689446ACE81D
S21402BBB00300083373456246F6D124B9022007F023
S21402BBC00AF8044608B31D22ED212046FFF7B2FB11
S21402BBD0A3790C332344A3F80380A3F80D702EB187
S21402BBE03268C3F805207268C3F809200F3304AE22
S21402BBF02A4603CAB24218605960154603F1080382
S21402BC00F6D12046E8F774FB012004B0BDE8F081C7
S21402BC1013B5827901900C321321815484184FF4A3
S21402BC204072C280E8F7FAF8A07020B901A806F0C0
S21402BC300DFE02B010BD8000013060700198E8F77A
S21402BC4057FBF6E770B5064602200D4606F0C3FF20
S21402BC50044678B104220521FFF78EFBA3790C3344
S21402BC60234400222046A3F803605D719A70E8F729
S21402BC703FFB012070BD13B5837901900C33C418C5
S21402BC80C05CE7F761F920B901A806F0DFFD02B053
S21402BC9010BD6378019913F0300F8B7903F104031A
S21402BCA08B714B790CBF0122002262F300034B71A9
S21402BCB0E7F7F6FDEBE72DE9F041E8F753FB83796A
S21402BCC00C33C418B4F803801FFA88F0E7F73CF97F
S21402BCD0054600B3A2796179FEF7BCFE0646E8F790
S21402BCE047FB07460223324642F27A01FFF70FFB72
S21402BCF0BB793B443846A3F81280E8F7F9FA46B90E
S21402BD00A37933B12846FFF76CF801462846FEF7BA
S21402BD104DFDBDE8F0810226E1E700F05FBE50E887
S21402BD20003F0B4340E80032002AF8D170477047C4
S21402BD3070B50E461546E7F7C7FA044648B93046C8
S21402BD40E7F778F8044620B92846ECF7A1FC044643
S21402BD5040B10020E7F7B8FA0020E7F76BF80020BA
S21402BD60ECF796FC204670BD4FF40010ECF7C6BF09
S21402BD70EBF788BEE8F73EBD4368143B4360A0235A
S21402BD800B6070471AB94268A2EB530242600A6817
S21402BD9002EB83020A607047884210B518D805285D
S21402BDA016D9B1F5486F13D8B3F5FA7F10D2A2F1BF
S21402BDB00A0080B240F67644A04209D801339BB20C
S21402BDC04B435B00B3EBC20F94BF0120002010BDB3
S21402BDD00020FCE7C94350E8003F0B4040E8003231
S21402BDE0002AF8D17047002070472DE9F04104463A
S21402BDF00F4600264FF00108214686F00100FEF7A6
S21402BE000DFD4FF48051FFF7E5FF836833B94046D6
S21402BE100EB1BDE8F08101268046EDE7028ABA42FD
S21402BE2006D100220121204698470028EFD1EFE7ED
S21402BE300268D205EBD500221146F4E708B5FEF7F4
S21402BE4006FD00230380436008BD70B506460C4617
S21402BE50FBF76EFE05463046FEF7F9FC30B1037876
S21402BE601C4304704FF40070ECF748FF2846BDE808
S21402BE707040FBF763BEE7F713BD07B542798DF84E
S21402BE80071022F0030242F00302427140F203322C
S21402BE90C2800DF10701012206F0BBFC03B05DF87B
S21402BEA004FBF8B5174606460C461D46FEF7C7FCC9
S21402BEB0020713D502213046FFF774F870B111213C
S21402BEC02046FFF7DAFF2046E8F79AFE45708770AD
S21402BED021463046BDE8F840E7F7E2BC2820C5F127
S21402BEE020024FF08861A5F12003E94000FA02F231
S21402BEF020FA03F311431943CB07E0D40D21204661
S21402BF00FFF7BBFF2046E8F77BFE4770E0E770B519
S21402BF100C460546072120461646FFF7AEFF20468A
S21402BF20E8F76EFE214646702846BDE87040E7F701
S21402BF30B7BC38B50C4600210546FEF798FC241A15
S21402BF40A4B247F6FE739C4205D928462821FFF77D
S21402BF506EF8002038BD0120FCE738B504460D46D1
S21402BF6001460020FEF75AFC03689B0505D42946C5
S21402BF702046BDE83840FFF7DCBF002038BD2DE97B
S21402BF80F04115469DF818801F46FEF747FC04460A
S21402BF90FBF7CEFDB8F1010F064623D154E8003F69
S21402BFA043F4807344E80032002AF7D105B354E81C
S21402BFB0002F42F4007244E80023002BF7D1FF2141
S21402BFC02046FFF707FF54E8002F48EA020244E83B
S21402BFD00023002BF7D1A56027823046BDE8F0414A
S21402BFE0FBF7ACBD4FF480712046FFF7F3FEDDE7AA
S21402BFF04FF400712046FFF7EDFEE0E773B5064604
S21402C00001200C46FEF70AFC0023054600931A465A
S21402C01021463046FFF7B3FF6B6863B14FF4807179
S21402C0202046E6F7BBFF55E8003F43F4007345E8B9
S21402C0300032002AF7D1FBF77BFD05462046FEF7C5
S21402C04006FC28B103881BB14FF40070ECF756FECD
S21402C050284602B0BDE87040FBF770BD38B505460D
S21402C0600C46FEF7DBFB83684BB10221204600221A
S21402C070984721462846BDE83840FFF7BFBF38BD7F
S21402C080012938B505460C4608D0CC1E012C03D82B
S21402C09001460120FFF7E2FF012038BD2221FEF70C
S21402C0A035FC20462946FFF7D9FF0020F5E708B5FC
S21402C0B0FEF7B4FB006800F0F00008BD10B50146BC
S21402C0C004460120FFF7F3FF20B92146BDE81040E1
S21402C0D0FFF7EDBF10BD70B506460C4601460120BF
S21402C0E0FEF79CFB314605460020FEF797FB2B68C1
S21402C0F00268014643EA0200C0051ED49B0502F40C
S21402C100007203D49AB94FF0FF3070BD2B8A1B1B06
S21402C11098B27AB1098A091B89B28842A8BF084632
S21402C1204FF6FF73984208BF4FF0FF30EDE74FF629
S21402C130FF70EFE74FF6FF71EFE70120E5E72DE925
S21402C140F34104460191014601201546FEF766FBBF
S21402C150214606460020FEF761FB80462046FEF793
S21402C16066FB810606D501A806F070FB0C2002B01D
S21402C170BDE8F081FBF7DCFC33689A05074603D47A
S21402C180D8F800309B0509D50199301D8D6006F060
S21402C19044FC3846FBF7D2FC0020E8E7FBF7CEFC6F
S21402C1A001992046A847E2E738B501460446012031
S21402C1B0FEF734FB05460C3006F048FB281D06F059
S21402C1C045FB21460020FEF729FB04460C3006F00C
S21402C1D03DFB201DBDE8384006F038BB70B5014671
S21402C1E005460120FEF71AFB0646043006F0ABFBB6
S21402C1F0044670B14FF400713046FFF7EBFDA368BA
S21402C20021462846984720B12046BDE87040FBF7F5
S21402C21013B970BD0023C0E900318260704708B5CB
S21402C2200B4601461846FEF7F9FA0068C0F34020AE
S21402C23008BDFFF725BFCB1E012B70B504460D4681
S21402C240164606D81A21FEF761FB40212046E6F77D
S21402C250A5FE324629462046BDE87040FFF710BFCD
S21402C26038B504460D46FEF73DFB28B1012D04D134
S21402C27022212046FEF74AFB002038BDF8B58B790E
S21402C2800B440C46D3F80D60D3F8113032460746FD
S21402C290E7F7E8FA09212046FFF7EFFD2046E8F720
S21402C2A0AFFCA579E8F7D2FB0C35254466F0FF060D
S21402C2B00640C5F80160E8F7C9FB3846C5F8051020
S21402C2C02146FFF7D8FD02213846FFF7BEFDF8BD2E
S21402C2D070B50E46054601460020FEF79FFA012E6F
S21402C2E0044603D0022E11D0012070BDC1688B799E
S21402C2F019440D312846FEF796FBE068FBF79CF8DA
S21402C3000020E0602946FFF779FEEDE7C068FBF7FC
S21402C31093F80023E360E7E738B50D460446014686
S21402C3200120FEF77BFA012D08D100F1120120460A
S21402C330FEF779FB21462846FFF760FE012038BD4E
S21402C34008B5FEF774FAC0F3C00008BDF8B50C468F
S21402C3500746FFF7F5FF80F00106F6B2394630468B
S21402C360FEF75CFA0546C068012C837903D0022CDE
S21402C3701BD00120F8BD0C33C41838462389E28846
S21402C380A188FEF728FC61886278490089B25200CB
S21402C3903846FEF787FAE868FBF74EF80023EB60AC
S21402C3A039463046FFF72AFEE3E7FBF745F8002357
S21402C3B0EB60DEE708B5FEF742FA00F0010008BDC2
S21402C3C038B50C4602210546FEF73BFA0C212046FC
S21402C3D0FFF753FD2046E8F713FC4FF0FF33837058
S21402C3E00223C3700D2343706FF02F0303710523DE
S21402C3F0437121462846BDE83840FFF73CBD042974
S21402C40010B5044601D0002010BDFFF799FFC0F119
S21402C4100200E8F7C1FA0028F5D106F0DCFB014677
S21402C42008B90220F0E72046E8F7FAFE0028F8D11D
S21402C4300120E9E708B5FEF7FAF9C0F3C00008BD27
S21402C4402DE9F0410F4604469046FFF7F3FF80F0D1
S21402C4500105EDB221462846FEF7E0F9012F064611
S21402C46003D0032F0FD001200BE02046FEF781FEFB
S21402C47022212046FEF74AFA28462146FFF7EEFD1D
S21402C4800020BDE8F081C068FAF7D6FF0023F3600B
S21402C4902046FEF76EFE5FFA88F12046FEF736FA71
S21402C4A020462021E6F77AFD21462846FFF7D6FDEC
S21402C4B0D9E737B504460D46FEF7C1F903054CD554
S21402C4C0022006F088FB0190002848D0204645B39B
S21402C4D0FFF7B0FF50B105210198FFF7CEFC019897
S21402C4E0E8F78EFB01992046FFF7C5FC2046294651
S21402C4F0FEF74AFE2046FFF79DFF78B94FF400612B
S21402C5002046FEF799F906210198FFF7B6FC019836
S21402C510E8F776FB01992046FFF7ADFC002003B052
S21402C52030BDFFF787FF68B1019903230622204634
S21402C530FFF7B7FC2046FEF71CFE21462846FFF70B
S21402C5408DFDEBE701A806F081F920463D21FEF7B6
S21402C5506EFD2046FEF70DFEE0E70C20DFE7072023
S21402C560DDE7F7B5014604460020FEF757F9054613
S21402C57000F112074FF48060E8F70EFA50B9204631
S21402C580E6F7F6FC698B3A4680B203B0BDE8F040A7
S21402C590FFF7E1BA2046E6F7EBFC064620466D8B2F
S21402C5A0FEF743F900220346009229463A46B0B205
S21402C5B0FFF7F0FA03B0F0BD83781A2B09D81B23D5
S21402C5C083700288B2F5A47F07D24FF4A473038067
S21402C5D007E0FB2BF5D9FB23F2E744F290239A42BD
S21402C5E0F5D87047F0B5CA798B7987B043EA02234B
S21402C5F0ADF80C308B888DF80E30CA788B7843EA0B
S21402C60002230446ADF8103003A80B888DF81230CA
S21402C610FFF7D2FF04A8FFF7CFFF05A92046FEF7D3
S21402C62036FD0B212046FEF7ECFC40F6480544F2A8
S21402C6309023002818BF1D469DF80E30BDF81460E2
S21402C640BDF81020BDF80C709DF816009DF812106B
S21402C650AF42D4BF00970095FB2BA8BFFB23B24284
S21402C660A8BF32468142A8BF01462046FEF726FBF7
S21402C67007B0F0BD37B5144605461046FFF7FDFB7A
S21402C6802046E8F7BDFA01A904462846FEF7FFFC55
S21402C6900B212846FEF7B5FC6FF0040363700023F7
S21402C6A0A37044F2902240F64803002818BF1346AF
S21402C6B0A4F803309DF80630A4F80530BDF804301F
S21402C6C0A4F8073003B030BDFFF7DABC022973B511
S21402C6D005460C4603D00024204602B070BD052154
S21402C6E0FEF760FC0028F6D0E6F784FF1B28F2D996
S21402C6F04FF40040E8F750F90028ECD106F06BFA48
S21402C70006460028E8D001A92846FEF7C0FC9DF898
S21402C7100630BDF8042031462846E9F755F80028C9
S21402C720D9D10124D8E730B190FAA0F00123B0FAAB
S21402C73080F08340D8B2704770B50646FEF77FF8A1
S21402C74080F0400402060546C4F3801406D408218D
S21402C7503046FEF73CFC08B144F00204EB0506D472
S21402C7600B213046FEF733FC08B144F004042046A1
S21402C77070BD2DE9F843044691460F46FEF75FF872
S21402C780C0F340152046FEF729FB21468046284680
S21402C790FEF744F8494606462046FEF7B7F898F8EC
S21402C7A00110384601F00F0100F046FA062814BFC1
S21402C7B0014600212A462046FEF7B4FA21462846BC
S21402C7C0FFF71CFC20212046FEF73EF856E8003F05
S21402C7D043F4805346E80032002AF7D1BDE8F883D6
S21402C7E0F8B50E4604461546FEF729F8032EC0F3A2
S21402C7F040170DD0042E16D0012E12D1222120462B
S21402C800FEF784F838462146FFF728FC0020F8BDDC
S21402C810EAB200212046FFF7ACFF21463846FFF772
S21402C8201DFC0120F3E70C22F3E7012910B50446AC
S21402C8300BD1FEF704F82146C0F34010FDF7EEFFD9
S21402C8400022817C2046FFF794FF012010BD2DE9CF
S21402C850F7430F460546FDF7F2FF00F02009C0F346
S21402C86040182846FEF7BAFABB790C333B445E788A
S21402C8709B781E400378C3F3030000EA131030408F
S21402C880FFF751FF044648B9B9F1000F06D1284612
S21402C890FFF752FF3040FFF746FF04462846FEF7F2
S21402C8A0A0FAEAF7CBFFA04223D01CB30221284607
S21402C8B0FDF7DDFF002106462846FEF72AF9182175
S21402C8C03846FFF7DAFA3846E8F79AF9B6B244700D
S21402C8D08470A0F8036039462846FFF7CCFA009623
S21402C8E02346224629464046E8F7A8FF03B0BDE89D
S21402C8F0F08300242646E2E770B504460D46FFF7AD
S21402C900DDFB28B929462046BDE87040FFF79FBFE9
S21402C9104028294620464FF01603BDE8704014BF53
S21402C9202A222322FFF7BDBA38B505460C46FDF784
S21402C93086FF830604D42046BDE83840FAF77CBD5D
S21402C94021462846BDE83840FFF781BF73B58C798B
S21402C9500C340C4406460D46FDF771FFA278032AF6
S21402C960C0F3401014D0052A28BF00226378032B98
S21402C97010D0052B28BF0023B4F8031000913146CF
S21402C980E8F75CFF284602B0BDE87040FAF754BDEF
S21402C9900022EBE70023EFE708B58B790B441B7BFD
S21402C9A0162B03D0172B05D0002008BDFFF7A4FFD7
S21402C9B00120FAE7FFF7B8FFFAE708B58B790B44D0
S21402C9C01B7B162B03D0182B05D0002008BDE8F7DA
S21402C9D05FFF0120FAE7FFF7B9FFFAE770471FB5D6
S21402C9E04A1E042A03460C465FD8012902D1008853
S21402C9F004B010BD022905D100885B88984238BF72
S21402CA001846F5E74A00014601A805F0D1FB032CBB
S21402CA1007D10023ADF80A304FF6FF73ADF80C309D
S21402CA2001E0042CF8D0BDF80620BDF8043093428D
S21402CA3084BFADF80630ADF80420BDF80A30BDF864
S21402CA400C20934288BFADF80A20BDF80A2088BFA2
S21402CA50ADF80C30BDF80430934288BFADF80A300A
S21402CA60BDF80620BDF80C309A4288BFADF80630F5
S21402CA70BDF80820BDF80630934284BFADF80830F2
S21402CA80ADF80620BDF80A30BDF808209A4288BFE5
S21402CA90ADF80830BDF80820BDF806309A4238BF17
S21402CAA0ADF80830BDF80800A2E74FF6FF709FE722
S21402CAB0012804D0022804D030B9EAF709BBEAF705
S21402CAC0F7BA0020E9F73CBB704710B1012803D043
S21402CAD070470120E9F734BB0020FBE7F7B51F4695
S21402CAE08B1E012B05460C46164613D8FDF70CFB8B
S21402CAF00023CDE90005F01A18BF01201A46394670
S21402CB00FDF710FB80B1022C0BD12846E7F76AFE30
S21402CB10002004E00029F8D0012902D0FF2003B04B
S21402CB20F0BD2846E7F7A2FE0120F8E770B59DF8AB
S21402CB3010600D4600210446817106F10C01417316
S21402CB40111E03F00F00237B18BF012140EAC1101B
S21402CB5003F04003184320732B469DF8141004F18B
S21402CB600E00FFF7BBFF237B60F3861323732B684D
S21402CB706361AB882383A3790E363344E37170BDB9
S21402CB80002313604369F0B513F0100705890446C5
S21402CB9003D00D4445600120F0BD4668701AB0EB24
S21402CBA0050CF8D513F001000AD1D4E90373DB1B98
S21402CBB013EB0C0FF0D429448E1B16606160EAE773
S21402CBC03846E9E710B541898389C2890446084692
S21402CBD0FFF7E2F8E0B1E279531E072B19D8638912
S21402CBE0934216D922899A4213D8237C43B9637C8E
S21402CBF033B9A37C23B9E07C10B9237D0F2B07D968
S21402CC00607D1B3000F01F000B288CBF0020012027
S21402CC1010BD0020FCE708B5EBF7E8F8BDE80840D1
S21402CC200020EBF7CFBAC94350E8003F0B4040E87C
S21402CC300032002AF8D17047022808D0042803D010
S21402CC40012818BF0620704701F00101C81C704772
S21402CC50EBF71EBE0A2802D80130C0B2704724285D
S21402CC6001D80230F9E7252805D0262805D027283E
S21402CC7018BFFF207047002070470C20704708B589
S21402CC80EAF758FEBDE808404FF00060ECF736B809
S21402CC9008B5EBF703FE20B1BDE808401020FFF709
S21402CCA0EEBF08BD70477047704770477047002058
S21402CCB0704770477047704770477047104619466E
S21402CCC0704700200021704704F0FBBDF3F724BF35
S21402CCD004F0AFBE08B5EBF731F820B1BDE8084066
S21402CCE00420FFF7CCBF08BDF0B587B00D468DF81F
S21402CCF00700164602B9A3B39DF807002946FDF7BA
S21402CD0017FA0446B8B99DF807002946FDF714FA43
S21402CD1040BB16B39DF80710003918BF01210DF16C
S21402CD200F022846EBF774FCF8B99DF80F40013461
S21402CD3018BF012416E004AF012239460DF10700A0
S21402CD40FDF7F8F904464EB19DF80730191E18BFD4
S21402CD500121002818BF3D46E1E70124FDF7D7F977
S21402CD6000B90124204607B0F0BD4FF0FF34DEE7DD
S21402CD7037B502460846136A03F4007403F4001536
S21402CD80DB0505D47CB9E7F72DFD204603B030BDA0
S21402CD904CB9D2F855100160B2F859208280B5FA23
S21402CDA085F46409F1E7019092F954300093002368
S21402CDB01A4619461846B5FA85F4FDF7B3F964091A
S21402CDC0E3E770477047024619460020EBF7FEBAC3
S21402CDD0002070470020704707B500214FF0FF3350
S21402CDE06A46084600938DF80430EBF785FC03B0DC
S21402CDF05DF804FB38B50546006805F0C9FB044635
S21402CE00287900F01F0005F0C3FB2044C0B20128B9
S21402CE1094BF0020012038BD70477047914270B51C
S21402CE200D4614461E4609D2FFF712FF641B013454
S21402CE3090FBF4F303FB14000544ACB23480FFF716
S21402CE4007FF33880133B0FBF3F202FB1300049BA7
S21402CE50188070BD7047704770470120704708B54C
S21402CE60202000F0B1FE003818BF012008BD08B52A
S21402CE70FFF7F5FF20B1BDE80840202000F0ACBE69
S21402CE8008BD73B506460D461446D2B100F099FEAB
S21402CE90A84218D8304600F0A9FE01460190A0B17B
S21402CEA000232A46204605F0C7FC01A805F0CEFC62
S21402CEB02246022052F8041B00F045FE002002B073
S21402CEC070BD2220FBE72120F9E72D20F7E708B501
S21402CED0F9F7E4FF08B1012008BD00F064F8F9F79D
S21402CEE0E5FF0028F7D1EEF76DF9003818BF0120EC
S21402CEF0F2E708B5EBF7B0FE00280CBF04200120CD
S21402CF0008BDEBF7B7BE0020704730B5044687B0C1
S21402CF1008461546FEF72EFF122200210DF10600E6
S21402CF2005F03BF9A3680293E3680393E38BADF83D
S21402CF301030238CADF81230ADF80450FFF7E3FF43
S21402CF40029B8DF8140043F41053029300F0AAFDDE
S21402CF5018B1029B43F004030293029B01A843F418
S21402CF6080330293E7F72AFD10F0FF0516D1A38C53
S21402CF70ADF800300DF10201E38CADF802306846E0
S21402CF8000F011FDEBF712FFFEF7F2FE012104F0AE
S21402CF9083FBEDF75FFA284607B030BD40F20C403F
S21402CFA0FAE7EBF713BFFBF77CBDE4F715BA0120EF
S21402CFB0704770B50C46064611461D46EBF7CEFF87
S21402CFC058B144EA06206FEA40406FEA50402A46CB
S21402CFD080B2BDE87040EBF715BF40F2064070BD68
S21402CFE083791A07014603D506220020EBF7DABF3B
S21402CFF09B0602D506220120F8E74FF0FF30704765
S21402D0008379532B01D1EBF7FFBFFFF7E9BF70B56A
S21402D010064614461D46EBF7A1FF10B9002420462B
S21402D02070BD41EA06206FEA40406FEA50402A4649
S21402D030214680B2EBF704FF0028F0D0EEE713B5E6
S21402D0400446EBF78BFF10B9002002B010BD082291
S21402D0506B4611462046FFF7DAFF0828F4D19DF802
S21402D0600230002BF0D09DF90300013018BF0120DA
S21402D070EBE7704700207047532838B505460C4644
S21402D08004D1BDE838400846F0F790BA0620FAF711
S21402D090E5FB68B96379142D03F03F03637104D08E
S21402D0A0722D08D163F03F036371A571002038BD6D
S21402D0B040F20740FBE72120F9E71FB550F80C4B7A
S21402D0C0ADF8061094F870408DF80820ADF80A30D6
S21402D0D001AA069B8DF8044040F20351039305F023
S21402D0E0EAFA10B906A805F0B1FB04B010BD2DE9A6
S21402D0F0F04186B04FF0000804460E46CDF80C808C
S21402D10000F14407154612B303A805F09FFB384604
S21402D11005F09CFB84F81C800023009332462B46C5
S21402D1201821204600F0DAFE05F58855204604AAA6
S21402D13050F80C3B059593F870308DF8103040F29D
S21402D140055105F0B8FA002006B0BDE8F081436943
S21402D1501A0710D4A846384605F096FB03460390F5
S21402D160C0B903A805F072FB384605F06FFB002332
S21402D170237755B1D0E723F00803436103A805F0EF
S21402D18065FB384605F062FB2577204600F022FF55
S21402D1900025CBE7997901F10C021A440531B2F861
S21402D1A00160B2F8032099712046314601F037FC3F
S21402D1B0CDF80C800028CED00546D2E72DE9F84FF0
S21402D1C00E469DF828B091469A46054610B1037C55
S21402D1D0012B60D0284601F039F9304601F0B2FA48
S21402D1E0002231468046284601F01FFB074630469D
S21402D1F001F0A1FD42F6052398421CD118F0300F2B
S21402D20026D1BBF1000F33D018F0200F3FD0BA075B
S21402D2103FD5EB8B002B38D153464A46314628463B
S21402D22000F00CFF0446E8B9EE8340F20A412846B5
S21402D23001F01AF916E0284601F0BDF90028DDD003
S21402D240284601F0CDF90028D8D041F2121409E0A0
S21402D250B907D6D03146284601F083FB0028D0D045
S21402D26000F58854284601F0F6F82046BDE8F88F07
S21402D27018F0100F0BD0FB070BD553464A46314623
S21402D280284600F0B6FE0446ECE70524EAE7212429
S21402D290E8E70224E6E70724E7E72DE9F04786B049
S21402D2A000259DF8389090F81CA00F9E057704463E
S21402D2B00F469046B9F1000F09D00A4600964B4633
S21402D2C0514600F00BFE284606B0BDE8F087BAF1DC
S21402D2D0080FADF8169026D14589043DADB29D42A1
S21402D2E032464FF002014FF00900A8BF1D4600F07B
S21402D2F086FD0222814605A93046ADF8147005F077
S21402D30068FD2A464146304605F063FD831C054605
S21402D31089F8013031462046EEF72AF9ADF8165064
S21402D320BDF81600D0E7BAF10A0F0DF11602CDE9E4
S21402D330016200930CBF0B210D214346012200F02F
S21402D340F1FD1A28ECD1CDF8009011233A46514649
S21402D3502046ADF8169000F0C1FDE1E7F0B589B0C1
S21402D36017460025012204460E460393ADF81650D2
S21402D37001F08AFA8DF81500002846D1304601F0F1
S21402D380FBF810B1304601F0B9F9304601F0EAF97F
S21402D390B8B103A805F05AFA2046237F50F80C2BA2
S21402D3A0ADF81A6092F870208DF8182040F20251FB
S21402D3B006AA8DF81C30ADF81E7005F07CF909B08F
S21402D3C0F0BD0DF115030DF116023146204601F0AF
S21402D3D0F8FA9DF8153002465BB9BDF81630BB4226
S21402D3E035BF0723DB1B8DF81530D21928BFADF8E1
S21402D3F01630039B01939DF8153000933146BDF815
S21402D40016302046FFF749FFD9E72A46F1E770B5FE
S21402D41004460D46164601F0AFF840B933462A4692
S21402D420214601F0FCFA08B100F5885070BD41F2C1
S21402D4300310FBE71FB550F80C4BADF8061094F836
S21402D44070408DF80820ADF80A3001AA069B8DF8C8
S21402D450044040F20151039305F02DF910B906A8D5
S21402D46005F0F4F904B010BD1FB550F80C4BADF83A
S21402D470061094F870408DF80820ADF80A3001AA1C
S21402D480BDF818308DF8044040F20451ADF80C3067
S21402D49005F011F904B010BDF0B585B0122703925D
S21402D4A00777022205460E4601F0EEF9044668B1F9
S21402D4B003A805F0CBF900232B770023009332460E
S21402D4C023461221284600F009FD0FE0039A9379BD
S21402D4D003339371304601F045F948B1039B00933C
S21402D4E03A46234631462846FFF7E7FD05B0F0BD2B
S21402D4F042F6293001F086FBB04220D1039830B9BB
S21402D50003A805F0A3F900232B770D24D5E705F031
S21402D51022FA80B20128F3D1039B9A791344284653
S21402D520197B01F083F8044603A805F08FF900235F
S21402D5302B77002CC1D1284600F013FDD6E72246F1
S21402D540039B3146284601F06AFA0446EFE72DE9C6
S21402D550FF410392042204460D4601F095F9074660
S21402D56028B103A805F072F904B0BDE8F081039A69
S21402D57093794FF0520803339371284684F81C803F
S21402D58001F0F0F8064640B1039B009342463B4644
S21402D59029462046FFF791FDE6E742F6293001F0DC
S21402D5A031FBA842039B0BD19A7913442046197B80
S21402D5B001F03CF803A805F049F900232377D3E7E6
S21402D5C032462946204601F02AFAF6E72DE9FF41BF
S21402D5D08B790C330B440446B3F80170B3F803801E
S21402D5E038460E4601F0A6F8002858D002223946E0
S21402D5F0204601F049F90546E8B9384601F0B2F886
S21402D60068B116222277B3790533B371394600968C
S21402D61043462046FFF751FD04B0BDE8F081F9F716
S21402D620A1FE33461B680135EDB2002BFAD1063552
S21402D630A8421DDC092504F1440005F007F900960E
S21402D6402B463A461621204600F048FC092DE3D127
S21402D650204602AA50F80C3B93F870308DF808303A
S21402D66040F2055141F20913039305F024F8D3E77B
S21402D6700121304605F078FB01460028DAD004F195
S21402D680440005F0CAF9B3790533B371424633460E
S21402D6903946204604B0BDE8F04100F071BC0125D1
S21402D6A0C9E713B5044641B9443005F0CFF8204621
S21402D6B002B0BDE8104000F08DBC4369182213F09A
S21402D6C00803027706D0002300931946FFF7F5FCFD
S21402D6D002B010BD1A46194602B0BDE81040FFF768
S21402D6E006BD7FB5C58B04462DB342F6052001F074
S21402D6F089FAA84207D10021204600F078FF636924
S21402D70023F00103636140F20A41204600F0B2FEB4
S21402D71000260DF10E0229462046ADF80E6001F0F5
S21402D72084F8BDF80E2000920346022229462046BF
S21402D730FFF79AFEE68304B070BDF7B504461F46AF
S21402D7400E46154600F082FE237C012B58D0237F1E
S21402D750182B2CD063691B0713D5217F16292DD0D1
S21402D76008D8122914D00225204600F074FE284656
S21402D77003B0F0BD18291AD05229F4D1002323771A
S21402D78013E0304600F0EEFF0028E6D12125EBE755
S21402D7900023237735B1009332462B46204600F00D
S21402D7A09DFB02E0204600F0DCFB0025DCE72A4673
S21402D7B031462046FFF79BFC0546D5E70023237734
S21402D7C0002DE8D1BDF82430089A009505211720CF
S21402D7D000F039FB20B90095112332461221DDE70D
S21402D7E000F0EEFA626942F008026261827905325E
S21402D7F00346827131463A46204600F0C1FBD4E722
S21402D8000725B1E72DE9F041054688B042F6052026
S21402D81001F0F8F9064604A8EEF790FF102205F18B
S21402D82021010DEB020004F08EFC50B101212846C6
S21402D83000F0DDFE284601F097FA6B6923F001033B
S21402D8406B6142F6030303A90220ADF80C30EFF732
S21402D85083F8012407464FF0000820463A464FF662
S21402D860FF7101F094F9044610B908B0BDE8F081E2
S21402D87000F060FF0134A4B20028EED0A64203D125
S21402D88031462846EBF70CFF0DF10E0221462846DC
S21402D890ADF80E8000F0C9FF03460028DDD0BDF8C3
S21402D8A00E200092214601222846FFF7DDFDD4E72E
S21402D8B008B5EEF731FF0020ECF780FB002008BD2C
S21402D8C010B90120ECF76EBC70470220ECF760BC82
S21402D8D00020ECF75DBC38B50C460546E6F742FD7F
S21402D8E04379C47523F0030343F00303437109230A
S21402D8F0837104F10C03C371A0F81550153038BDBE
S21402D9002DE9F3410D4616468046E6F72BFD05F156
S21402D9100C03C3714379019023F0030343F003031E
S21402D9204371092383710446A0F8158000F1150798
S21402D930304605F010F80544E57533463BB901A8B4
S21402D940314605F06AF8384602B0BDE8F0815A79E9
S21402D95022F0030242F002025A711B68EEE708B593
S21402D960E6F706FD83790C33184408BD08B5ECF7D4
S21402D97067FBEFF7C3FBEBF77BFDEEF793FDBDE826
S21402D9800840FFF7A5BF10B50446ECF705FD20B921
S21402D9902046BDE81040F9F7DFBB2046F9F7DCFB6E
S21402D9A0FFF793FFF1E773B50E4605F0BDFA04469E
S21402D9B010BB42F6072001F025F90546E0B1B6F99C
S21402D9C00030002BCCBF0533053B4FF00A02CCBF1C
S21402D9D0B3FBF2F393FBF2F35BB28DF8073001234D
S21402D9E00DF107020021184605F020FA0022034630
S21402D9F02946104601F013F8204602B070BD4308CF
S21402DA0003F05503C01A00F03303C0F3850000F09C
S21402DA103300184400EB101000F00F00704710B5EA
S21402DA20421D441E002114F8010FFFF7E8FF94423E
S21402DA300144F8D1084610BD0E2070470E207047EC
S21402DA400E2070470E2070470078EDF70DBE13B516
S21402DA500C460DF107020DF10601EDF7F5FE30B1A9
S21402DA609DF80600031B5842584102B010BD012023
S21402DA70FBE77047EEF72CBA704708B5EFF7F4F8F5
S21402DA80002008BDEFF79CBCEDF7CAB902F009B852
S21402DA9002F009B87047704770477047EBF77CBAD8
S21402DAA07047704700207047704770477047F8B558
S21402DAB013681D0A04460F46164604350A46002118
S21402DAC004F06BFBEDB221222046394604F00CFE30
S21402DAD02046294604F091FEA27933681444E36096
S21402DAE0F8BD7047704770477047704770470246E8
S21402DAF04FF482712020FFF7C4B908B5014600F042
S21402DB003800EDF793FA78B1D0E90132407810F098
S21402DB10020F08BF1346C1F30741043B53F8040F34
S21402DB2010B102788A42F9D108BD38B505460C46CE
S21402DB3004B938BD013C55F824301B69002BF7D0D8
S21402DB409847F5E770477047F8B54378DB07054610
S21402DB5001D4EDF7ADFA6B786F6823F00C0343F04F
S21402DB6002036B70002657F826402CB905F10C010B
S21402DB702020F9F7ABFC0FE0A3680136002BF2D0A9
S21402DB80984704460028EED031463846FFF7CDFFC8
S21402DB906B7823F002036B702046F8BD4078C0F322
S21402DBA040007047437813F00E0F0CBF0120002090
S21402DBB0704710B5EDF7E6FA0446EDF7FBFA204695
S21402DBC010BD4FF48270704708B5EDF72FFAC068A3
S21402DBD0003818BF012008BD08B5EDF727FA20B1B6
S21402DBE0BDE80840C06804F062BE08BD38B5EDF76F
S21402DBF01DFA044650B1F9F79BFF054604F10C00E6
S21402DC0004F042FE04462846F9F798FF204638BD3F
S21402DC1037B58379019003440446D86800F038008B
S21402DC20EDF704FA054628B901A804F00FFE022013
S21402DC3003B030BD204604F013FEF9F779FF0199D0
S21402DC40044605F10C0004F0E8FE2046F9F776FFDC
S21402DC50EBF710F80020EBE72DE9F0410446250229
S21402DC601F4605F4E065C4F3072324F47F441D43EE
S21402DC7024F0C7048B79EE1944F0800444EA162493
S21402DC8036020C33B6B23443CC50084601EB0308D6
S21402DC901146FFF7BDFF20B94544EF704046BDE888
S21402DCA0F0814FF00008F9E7427810B504320446D6
S21402DCB001F00400D2B2002140F0290005F04CF831
S21402DCC018B1837922680344DA6010BD10B50021CA
S21402DCD0FFF7EAFF044608B9002010BD0179FFF7F6
S21402DCE097FF0028F8D1A3790C33E018F5E72DE961
S21402DCF0F04117461A4603681C0204F4E064C3F3B4
S21402DD0007231C4301F0040141F0290504340646AA
S21402DD103B462146284605F089F8804650B1E1B2D6
S21402DD2004F0D4FD30683B462A464146BDE8F04141
S21402DD30FFF792BFBDE8F0812DE9F34101F004013F
S21402DD4041F0290500240768294606461068146033
S21402DD50019004F085FD019804F0FDFD390201F4FE
S21402DD60E061C7F30727394380460122043101A840
S21402DD7004F06EFF30B101A804F068FD204602B040
S21402DD80BDE8F0810199306843462A46FFF764FFF2
S21402DD90F5E700207047A0F86E10704701238B400D
S21402DDA090F87110194380F87110704708B5012079
S21402DDB0F9F7F8FAC0B208BD83790C3318447047F5
S21402DDC01438704710B50446A1F1140004F0C3FDE0
S21402DDD0201A20EAE07080B210BD70B51C460D46CF
S21402DDE01646FFF7EFFFA04207D322463146A5F1BB
S21402DDF0140004F0EEFF012070BD0020FCE770B5B1
S21402DE0006460D4614467AB90A462046082104F00C
S21402DE10A3FF044690B92A460821292004F09CFF55
S21402DE20044658B9204670BD104604F00FFD204641
S21402DE3004F0C5FE08231D44A371E571A3790C33D3
S21402DE401C442670EEE72DE9F0411646069A074670
S21402DE5088461D46FFF7D3FF0446F0B114382A461B
S21402DE603146069004F0B5FF854217D9069B1C7909
S21402DE7006A804F0200404F0E9FC74B9424608211E
S21402DE80292004F069FF2A463146069004F0A1FFD5
S21402DE90854206D906A804F0D9FC00242046BDE82F
S21402DEA0F081069A93790C33D418D754F6E711B159
S21402DEB01439EDF75DBB1A20704738B500220446C8
S21402DEC00D4602200321FFF79AFF014608B1A0F88B
S21402DED001502046BDE83840FFF7E9BFF8B50446D2
S21402DEE00F4616460521069A01201D46FFF787FFB4
S21402DEF0014638B14770468005712046BDE8F840B5
S21402DF00FFF7D5BFF8BD38B50D46032104460846CF
S21402DF10FFF775FFA0F8015001462046BDE83840DD
S21402DF20FFF7C5BF73B5054608466C89089E1146BD
S21402DF30641A1A46BDF81830A4B29C4228BF1C4682
S21402DF40079B00932346FFF77EFF014630B1284623
S21402DF50348002B0BDE87040FFF7A9BF1A2002B0B5
S21402DF6070BD10B50121044600221320FFF747FFBB
S21402DF70014620B12046BDE81040FFF798BF10BD0D
S21402DF80F7B544890193054618460F46164604F02F
S21402DF90E2FC053CA4B2844203DA011B01A804F0A9
S21402DFA07CFD0521019804F01AFE014628B901A855
S21402DFB004F04CFC1A2003B0F0BD83790C33C2186F
S21402DFC01720C854A2F80170A2F803602846EDF79D
S21402DFD0CFFAF0E710B50121044600221920FFF718
S21402DFE00EFF014620B12046BDE81040FFF75FBF96
S21402DFF010BD73B54489033CA4B2A3420E464FF04B
S21402E0000001009105464FF0030128BF23461B205E
S21402E010FFF719FF014670B110F80F3CA0F8016037
S21402E020012262F3071300F80F3C284602B0BDE84F
S21402E0307040FFF73CBF1A2002B070BD73B544892A
S21402E040033CA4B2A3420E464FF0000100910546DF
S21402E0504FF0030128BF23461D20FFF7F4FE0146BA
S21402E06038B1A0F80160284602B0BDE87040FFF75C
S21402E0701EBF1A2002B070BD4B88042B07D1836CDA
S21402E08008885B8998428CBF0020012070470020D8
S21402E090704710B50446806920B10021EDF7A4F957
S21402E0A00023A36110BD38B5A0224FF4A073C0E9C7
S21402E0B0072300250723044680F83130C581857181
S21402E0C0103004F0C3FB04F1140004F0BFFB20463A
S21402E0D0FFF7DFFF40F20113E3857F2384F8323037
S21402E0E0A56265622046BDE83840FEF7C2BF07B5A6
S21402E0F001228DF807100DF1070104F06AFE03B045
S21402E1005DF804FBF7B505464FF428500C4600F0C0
S21402E11079FD064600F00EFBB0B3022C02D80020B2
S21402E12003B0F0BD00270DF105030DF106023146DE
S21402E1303846ADF8067000F044FCBDF80620631EB3
S21402E140934206461EDC072C1AD9023CADF806405E
S21402E1500824BDF80630002BE1D00133D9B2284698
S21402E160FFF7C5FF21462846FFF7C1FFBDF8062088
S21402E1703146284604F02DFEBDF806000230CFE7F1
S21402E180ADF806700924E4E74FF0FF30C8E702292D
S21402E1902DE9F34104460D461746184603D80020DB
S21402E1A002B0BDE8F08100F02DFD064600F0C2FA8E
S21402E1B00028F4D04FF000080DF105030DF1060219
S21402E1C031464046ADF8068000F0FBFBBDF806304F
S21402E1D0BDF82020934228BF13460646AB429DF860
S21402E1E0050028BF2B46ADF80630C0B9002BD7D0A5
S21402E1F001339AB29542D3D9D9B22046FFF777FFB8
S21402E20039462046FFF773FFBDF806203146204602
S21402E21004F0DFFDBDF806000230C0B2C0E740469B
S21402E220BEE738B50446EDF751FA38B1022905D8EB
S21402E23020460022BDE83840EDF7D6BB212038BD87
S21402E24091F839305B0773B506460C4615462DD451
S21402E2500846EDF7D9F96B1E042B16D8032D14D0F9
S21402E260A379142B24D0A3697BB90093ADF80430AC
S21402E2708DF80630EBF794F96946EDF72BF818B9E6
S21402E2801A25284602B070BDA061636AE57343F0A2
S21402E29016036362EBF726F93046EDF7FBFA0546FE
S21402E2A00028EED02046FFF7F4FEEAE70225E8E76C
S21402E2B02125E6E7002337B580F8723040F6FF7373
S21402E2C0A0F86E308368C160DA0404460D4610D4A6
S21402E2D043F48063A3606A4640F203212046CDE9F8
S21402E2E0004504F0E8F900212046EDF77DF803B07A
S21402E2F030BD90F87600EDF7D3FCA36823F4805384
S21402E300E8E773B56E4604464A7930460D4606314E
S21402E310EBF78CF996E80300A4F85010090C11F0FC
S21402E320800FE06484F8521004F1530312D00122E5
S21402E33005F112011846EBF779F90C352846FFF776
S21402E3406EFB28B10122294604F15A00EBF76EF95A
S21402E35002B070BDB4F8501094F85220C4F85300BE
S21402E36099809A71E9E71FB590F87420019002F03F
S21402E370010304468DF808300BB102F002038DF853
S21402E3800930204694F875308DF80A30039101F072
S21402E390E2FB01AA4FF40171204604F08CF92046F4
S21402E3A0EDF7AEF804B010BDECF7F6BFFFF7FEBC13
S21402E3B00A460021EEF76CBC13220121EEF768BC78
S21402E3C0826838B5C2F380320446B0F86E000D4655
S21402E3D0EEF704FD20B9A3681DB143F40053A36011
S21402E3E038BD23F40053FAE783791A0705D413F0ED
S21402E3F0100F0CBFFF20012070470020704700203E
S21402E400704710B5044660B1806C50B1EEF75EF806
S21402E410A06C0028FAD120460321BDE81040ECF794
S21402E420E3BF10BD43898B4207B50CD050F80C2BC6
S21402E430ADF8063092F870208DF8042040F20141C3
S21402E44001AA04F038F903B05DF804FB436943F00F
S21402E450040343617047436923F004034361704732
S21402E4604069C0F380007047006847F230530022CC
S21402E470F8F738BE006804F0BBB838B543699B07A6
S21402E48004460D4603D540F20941FFF7F3FFEDF7C8
S21402E4908DF808B1A3691D70204640F20941BDE817
S21402E4A03840FFF7E1BF07B5027C012A09D00122F6
S21402E4B0027440F20942914206D040F20A42914268
S21402E4C00ED003B05DF804FB50F80C3B93F87030A6
S21402E4D08DF8043001AA4FF4816104F0ECF8F0E7FD
S21402E4E050F80C3B93F870308DF8043001AAF4E72C
S21402E4F038B522F000430D46114640F203229342FD
S21402E50004461AD0B3F5017F09D240F201229342A3
S21402E51013D040F20222934209D0002038BD6FF495
S21402E52081621344012BF8D8FFF7BDFFF5E700F030
S21402E53022F92046FFF766F9EFE763699B0704D5E1
S21402E54040F209412046FFF795FF2846FFF759FF9C
S21402E550E3E708B5ECF70AFF00B1806C08BD08B522
S21402E56000B10068ECF710FF08B9034602E0836CBE
S21402E570002BF7D0184608BD10B5044642F62A30DE
S21402E58000F040FB031B5842584110BD022806D13A
S21402E590088842F62A33C31A584258417047002068
S21402E5A0704710B5044642F6293000F02BFB031BD9
S21402E5B05842584110BD90F8200000F00100704704
S21402E5C01FB504466846EEF7B9F81022694604F10C
S21402E5D0210003F0B8FDB0FA80F0400904B010BD87
S21402E5E008B5FFF7EDFFB0FA80F0400908BD70B538
S21402E5F0044600F1210591B92846EEF79FF82368F4
S21402E60093F97500FEF71BFD78B120682B4690F94A
S21402E6107500BDE8704010220D21FEF7CABC10221C
S21402E6200021284603F0B9FDE9E770BD38B590F839
S21402E63020200446002341FA03F0C50703D442FA19
S21402E64003F0C0071ED40133082BF4D101F00105F4
S21402E65023682A4384F8202093F97500FEF7EFFC1E
S21402E66040B12346012253F8200B0C2190F9750085
S21402E670FEF79FFC0DB9002038BD00212046FFF7AB
S21402E680B6FFF8E71320F7E768B13F290AD800EB90
S21402E690A10001F0030190F831004900084100F0A2
S21402E6A0030070470020704710B50368044693F9CC
S21402E6B07500431C0DD0FEF7C2FC50B12346102253
S21402E6C053F8310BBDE8104090F975000B21FEF7A8
S21402E6D070BC10BD10B590F87430DB0706D490F904
S21402E6E07530013314BF0F20052010BD847CEEF771
S21402E6F02FFE844234BF0C200020F6E730B585B0EA
S21402E70004466846EEF71AF81021684604F0A3FBA2
S21402E7102046EEF7EBF9C2686B46063204AD1C469D
S21402E72003CCAC4210605160234602F10802F6D1D7
S21402E73005B030BD08B5EEF7D9F908B1EEF7AAF97B
S21402E740C0B208BD013810B580B2EEF7CFF9044664
S21402E75008B9002010BD408800F07FFB0028F8D0E2
S21402E760207BF7E708B5EEF7C1F918B1007AC31FA8
S21402E7705842584108BD70B50546044655F8213B37
S21402E78093F97500431C04D12846BDE87040EDF7A6
S21402E790D5BFFEF754FC0028F6D02346102253F8C5
S21402E7A0310B0B2190F97500FEF731FC234601224E
S21402E7B053F8200B0C2190F97500FEF728FC206810
S21402E7C02B4690F97500BDE8704010220D21FEF729
S21402E7D01EBC01302DE9F04185B228460E46EEF702
S21402E7E085F942F60217044642F603089CB1204613
S21402E7F0EEF750F978B1204600F03EFBB84205D15C
S21402E8000EB123883380607BBDE8F081204600F09D
S21402E81033FB404502D14FF0FF30F5E70135ADB28C
S21402E8202846EEF763F90446E0E72DE9F047074687
S21402E8300E4690460D4642F6021942F6030A013586
S21402E840ADB22846EEF752F9044678B1EEF722F951
S21402E85060B1204600F010FB484505D1237A072B0D
S21402E86004D10320BDE8F0875045E8D14146304642
S21402E870FFF7AFFF431C014604D03846BDE8F04719
S21402E880FFF702BF0020EDE770B5054608461646BC
S21402E890EEF72CF9044608B9012070BDEEF7FAF837
S21402E8A00028F9D0F00713D4B10734D4720702D582
S21402E8B0A3885B0732D516F0060F31D116F4006036
S21402E8C0EBD0A38813F4006F14BF00200620E4E701
S21402E8D0A388DA0743D513F0700F0AD1980610D42E
S21402E8E05806E1D52B6893F975300133DCD1082040
S21402E8F0D3E72868FFF7EEFEA388990608D5002816
S21402E900CBD12A6892F874209207E9D40520C4E78E
S21402E9100028C2D1E4E7A3889907C7D40320BCE73E
S21402E920A38813F4E06F09D198050FD45B05C5D50B
S21402E9302B6893F975300133C0D1D8E72868FFF702
S21402E940C9FEA388990507D50028A6D12A6892F899
S21402E95074209207EAD4D9E700289ED1E6E702207F
S21402E9609BE738B504460846EEF7C0F8054608B9F0
S21402E970012038BDEEF78EF80028F9D0AB8813F4E4
S21402E980E04F0CD1980412D413F48040F1D02368DF
S21402E99093F97500431C58425841C000E9E72068C5
S21402E9A0FFF798FEAB88990408D50028E1D12268C3
S21402E9B092F874209207E7D40520DAE70028D8D127
S21402E9C0E2E72DE9F0474FF0000983F8009004468D
S21402E9D0A2F800900846884616461D46EEF786F8C8
S21402E9E0074620B901232B700020BDE8F08774B1DA
S21402E9F0EEF750F80028F5D04046FFF7D2FD30B1CA
S21402EA00012385F8009004F120003380EDE72B46C1
S21402EA10324639462046BDE8F047EDF71BBE2DE9E3
S21402EA20FF4107460846884616460393EEF75EF809
S21402EA30044638B903A803F009FF0125284604B0A6
S21402EA40BDE8F0811FB1EEF725F80028F2D0237A50
S21402EA50072B05D8DFE803F017262F381C171721D7
S21402EA6026BB0398002835D13246257A022D62D07D
S21402EA70032D64D0012D3BD0002F7FD1002503A8A3
S21402EA8003F0E4FEDAE703A803F0E0FE0325D5E789
S21402EA9003A803F0DBFE0625D0E703A803F0D6FEA4
S21402EAA08025CBE7E3685D88B54209DA03A803F060
S21402EAB0CDFE0725C2E7E3689A88B242F6D35D88A0
S21402EAC0039840B9024609E0022EEFDC039868B9C3
S21402EAD00246CAE7354603F03EFF82B29319AB42BE
S21402EAE0C3DD03A803F0B2FE0D25A7E70225F2E771
S21402EAF0E068039906300023304403F09DFE002FA1
S21402EB00BCD0237A032B39D103A803F09FFE002141
S21402EB102046EDF7A5FF68B30588617B3846FFF708
S21402EB20B3FD01220346CDF8008029463846FEF79B
S21402EB309BFC002582E7E068B3188380D9E7039B35
S21402EB409A79D979891AC9B2481E012810D813446D
S21402EB5002291A7B04BF5B7B42EA0322237B32EA4A
S21402EB6003038CD1617B01233846EDF749FDC6E7E6
S21402EB700D2584E708F1FF35ADB2CEE7039B00937F
S21402EB803A7F334641463846FEF754FCD1E7884280
S21402EB9070B504460D46164611D8012838BF012422
S21402EBA02046EDF7A3FF10B14388B34208D00134E4
S21402EBB0A4B22046EDF77EFF08B1A542F0D20024AB
S21402EBC0204670BD70B50C4616461D460146B8B1C5
S21402EBD0B3B1022C01D0102C12D1E0B2EDF7BCFE7C
S21402EBE04FF6FF718842024602D141F20A1070BD0A
S21402EBF03046FFF7CCFF0028F7D028800020F6E743
S21402EC002120F4E707B50023ADF80400ADF806307E
S21402EC1001220DF10603022101A8FFF7D3FFBDF87A
S21402EC20060003B05DF804FBF8B5441C0F46164612
S21402EC30A4B22046EDF75AFF10B9013CA0B2F8BDC7
S21402EC4000F01AF90546304600F0F2F820B12846E0
S21402EC5000F0EEF80028F0D1304600F0E2F820B1DD
S21402EC60284600F0DEF80028E7D10134A4B2204698
S21402EC70EDF720FF08B1BC42DBD94FF6FF70DEE7A6
S21402EC802DE9F04F87B00D460C8881469A46022041
S21402EC908B88ADF8103004A99046EDF75DFEAB68A0
S21402ECA00090A888AF89059300F0BBF838B1102F02
S21402ECB005D105A8EDF736FE022808BF02274FF653
S21402ECC0FF7B33E0009A2046FFF761FF064680B3DB
S21402ECD0AA886988FFF7A8FF04463046FFF72AFD90
S21402ECE000B30DF10F030DF1120231464846FFF74D
S21402ECF068FE9DF80F302BB1A8F80060184607B0E2
S21402ED00BDE8F08FBDF81220BA420BD105990193E7
S21402ED103A4603F018FA019B20B9A8F80060AAF850
S21402ED200040EBE75C4504D00134A4B26988A142F6
S21402ED30C8D80A23E2E708B5EDF7D8FEBDE80840D2
S21402ED4000F09AB838B505460846EDF7CFFE0446F9
S21402ED5010B94FF6FF7038BD0DB96088FBE7EDF7C6
S21402ED6099FE0028F9D1F4E770B5044642F605206C
S21402ED70FFF748FFB0B10021FFF72BFD054601461D
S21402ED802046FFF781FC10220646002104F13100DE
S21402ED9003F003FA3246294620460023BDE87040B7
S21402EDA0EDF72EBC70BD7FB504460D46102200213D
S21402EDB0684603F0F2F90026AB575A1C1BD03146C0
S21402EDC02046FFF761FC002B194604AAB8BFD91CDF
S21402EDD002EBA10100F00302584200F0030003F028
S21402EDE0030358BF43425B0002FA03F311F8102CE8
S21402EDF0134301F8103C0136402EDDD16B4604F178
S21402EE00310504AE1A4603CAB24228606960134648
S21402EE1005F10805F6D1204604B0BDE87040FFF7BC
S21402EE2043BCA0F5205001288CBF0020012070476B
S21402EE3042F60303C31A58425841704708B5030402
S21402EE4009D4EDF755FDA0F5205080B201288CBFFD
S21402EE500020012008BD0020FCE7020408B507D404
S21402EE60EDF746FD42F60303C31A5842584108BD61
S21402EE700020FCE7C00B704703464088B3F9023017
S21402EE80002B01DBEDF734BD0020704708B5FFF715
S21402EE90F3FFA0F5205080B201288CBF002001208D
S21402EEA008BD10B504468069143003F0CFFCA06993
S21402EEB0BDE81040183003F0C9BC2DE9F041054604
S21402EEC00F4614461E46FFF7ECFF23463A46082135
S21402EED00020D5F8188003F0A9FFAA69C8F8140024
S21402EEE0536923B1548116820020BDE8F0811A20AE
S21402EEF0FBE770B50446084603F02DFDA1698A8932
S21402EF004D8986B212B1521B96420CDA6389581E9C
S21402EF1080B225B90A78082A04BF043B98B2831B3C
S21402EF205842584170BD0020FCE730B504468DB00B
S21402EF3054F80C0B9DF8405090F870008DF80400C1
S21402EF4042EA0142029219462A4603A8079503F0AE
S21402EF502FF901AA40F20241204603F0ACFB0DB0A5
S21402EF6030BD10B550F80C4B86B094F87040ADF832
S21402EF700E10ADF8102040F2064103AA01938DF858
S21402EF800C40059303F097FB10B901A803F05EFC52
S21402EF9006B010BD37B504460D46FFF782FF204681
S21402EFA040F20941FFF766FAA369204600221A706A
S21402EFB050F80C3B019593F870308DF800306A4695
S21402EFC040F2074103F077FB03B030BD13B5019161
S21402EFD00021044602F09BFA042200230DEB0201F4
S21402EFE02046FFF76AFF02B010BDF0B5044685B0B2
S21402EFF00F461E46154652B983691B78072B30D03A
S21402F000082B14BF15460925002E18BF0D250A9891
S21402F01003F0A1FCA3699A894AB15B8981B2D21A2C
S21402F020914204DD92B2891A0AA803F036FD204600
S21402F03001AA50F80C3BADF8067093F870308DF8C4
S21402F040043040F205410A9B8DF80850ADF80A607C
S21402F050039303F030FB10B90AA803F0F7FB05B0E0
S21402F060F0BD0B25D0E7B0F80AC0ACF1020C9C4507
S21402F0702DE9F04105460E4617461C4603DDBDE85F
S21402F080F04102F0EFB9836922461981002339461E
S21402F090FFF713FF044658B9AB6902460E333146F2
S21402F0A0284602F0FAF9044610B12846FFF7F9FEA0
S21402F0B02046BDE8F0812DE9F0438FB0202A0546B0
S21402F0C0039117461C460BD941F2041421462846E2
S21402F0D0FFF760FF03A803F0B9FB0FB0BDE8F083AB
S21402F0E0002B46D10846A2F1060803F034FC5FFA6C
S21402F0F088F81FFA80F94FF6FF764C4510D3AB69B5
S21402F100DA88B24239D942F60203ADF81430711CDD
S21402F1100223009389B205AB284602F04CF925E09B
S21402F12023463A46039906A803F086FBAB69BDF868
S21402F13018609A88B242C7D8DA88B242C4D3BDF8F9
S21402F1401A10BDF81C20B8F1000F09D0CDF80080C7
S21402F1500DF11E0328463C44FFF7E7FEA4B2CCE7B7
S21402F1609E8019815A81284602F03EF904460028FC
S21402F170B0D041F20A139C42A8D10024A6E72DE99A
S21402F180F04796B01C46836901921B78062B06460A
S21402F19003D0102B60D001A81CE001291046039270
S21402F1A014BF4FF010084FF00208002C4CD103F0A9
S21402F1B0D2FB08F1020987B24FF6FF75A7420ED8B6
S21402F1C0B369DA88AA4237D8002421463046FFF7C8
S21402F1D0E1FE03A803F03AFB16B0BDE8F08723462B
S21402F1E04A46039904A803F027FBB369BDF81050FA
S21402F1F09A88AA422DD8DB88AB422AD39DF81330D0
S21402F200282BE1D0B24642465AF80C3B0DF11201C9
S21402F21093F870308DF830300DA8ADF83250CDF836
S21402F22044804C4402F0C4FF0CAA40F2044150460B
S21402F23003F041FAA4B2C1E7691C89B2304602F073
S21402F2408AF804460028C4D041F20A139C42BBD076
S21402F250BBE741F20414B8E701291046049214BF32
S21402F2601227042784BB03F076FB42F6021885B207
S21402F2704FF6FF71A5420DD8B369DB888B4221D9C0
S21402F28001314FF6FF7289B2304602F064F8044646
S21402F290A0B119E0049923463A460CA803F0CCFA2A
S21402F2A0BDF83220BDF830109DF83330424507D104
S21402F2B0B26902230A323046FFF7D5FE04A889E770
S21402F2C0282B06D141F20A1421463046FFF762FE89
S21402F2D0F4E73C44A4B2CDE7F0B587B08369039166
S21402F2E01B78022B0546144653D108460491002A81
S21402F2F047D103F030FB4FF6FF7687B2A7420DD810
S21402F300A869C288B2422BD8002421462846FFF7B5
S21402F31041FE04A803F09AFA07B0F0BD049904224D
S21402F320234605A803F088FAAA69BDF81410908847
S21402F330BDF81660814229D3D388994226D88642E0
S21402F34024D39E4222D85069927A837900920C3353
S21402F3500344324628460434FFF7E7FDA4B2CDE75D
S21402F36043694089019098790C300344711C0093DC
S21402F37089B24FF42053284602F001F804460028CA
S21402F380C7D041F20A139C42BFD1BDE741F2041432
S21402F390BBE703A8BEE7F0B587B00546039117465C
S21402F3A01C4653B9FFF7A5FD38B10399012322463F
S21402F3B0284600F084F807B0F0BDA9690B78082B40
S21402F3C005D8062B44D8032B0FD003A83DE00E2BFE
S21402F3D0FBD1039B0593002C6DD1002B6BD00989C2
S21402F3E022462846FFF7BDFD59E00398059018B35C
S21402F3F0ECB983794A8909890C33102603440096AE
S21402F4002846FFF792FDAB699988DA88914217D2AF
S21402F41042F60203ADF8103001310223009389B29E
S21402F4200DEB0603284601F0C6FF044660B141F222
S21402F4300A139C4204D101E0002CF8D141F21F04C9
S21402F44021462846FFF7A6FD05A803F0FFF9B2E716
S21402F450039805907CBB70B303F07DFA0FB386B2B7
S21402F460B7421ED2394605A803F052FC38B905A8A1
S21402F47003F0ECF91A212846FFF78CFD9BE7837907
S21402F480C218023391898371AB69F61B5B890090BF
S21402F49000222846B6B2FFF7A8FDB742E2D92146B7
S21402F4A0E9E7AA6953891189059A0092284600223B
S21402F4B0FFF79BFDF3E705A803F0C8F9EFE7F0B501
S21402F4C085B0064603911F46144632BB084603F033
S21402F4D042FA054608B3B1690B784A89082B0BD85D
S21402F4E0062B0BD9039B0989009330461346224606
S21402F4F0FFF77BFD039401E00E2B19D0B1694B890F
S21402F500EA1892B2B2F5007F4A8117D82FB109895C
S21402F510304601F07AFF044628B1002223461146FF
S21402F5203046FFF738FF03A803F090F905B0F0BDA8
S21402F530039B09893046FFF714FDDBE741F204140A
S21402F540EBE773B5836901911B78082B04461546D1
S21402F5500ED8062B0ED9019E20463146FFF7C9FC6F
S21402F5602A46034631462046FFF7A9FF02B070BD81
S21402F5700E2BF0D001A803F069F9F7E730B587B093
S21402F580836903911B78092B0546144611D1059110
S21402F5905AB90091134621460F22FFF726FD21464F
S21402F5A02846FFF7F7FC07B030BD05A803F04EF972
S21402F5B0F5E703A803F04AF9F5E72DE9F04F9FB007
S21402F5C0876903913F78052F054616461C4604D8E0
S21402F5D0032F16D810D003A867E0082FFBD10846E1
S21402F5E01391002B00F0C28013A803F02FF92146D6
S21402F5F02846FFF7CFFC01E0FFF75DFD1FB0BDE830
S21402F600F08F202A0846049148D8002B40F0A880A4
S21402F610571F03F0A0F9FFB21FFA80FA4FF6FF78E1
S21402F6200DF11C0BA24506D8AB69DA88424500F2FA
S21402F6308780002434E02346324604990BA803F060
S21402F640FBF8AB69BDF82C809A88424526D8DA8842
S21402F650424523D35969F1B9A946BDF82F2059F876
S21402F6600C1B9DF82E3091F870108DF84C10ADF8EA
S21402F6704E200DF131013A4615A88DF850301997F3
S21402F68002F096FD13AA40F20341484603F013F82F
S21402F6903444A4B2C6E75A89102A09D941F204149E
S21402F6A021462846FFF776FC04A803F0CFF8A5E724
S21402F6B00023584603F0C0F8AB690DF13101102F54
S21402F6C0CDE9051B93F80A902BD1B9F1020F34D17C
S21402F6D005A8EDF727F90228DAD14A46DDE9051032
S21402F6E002F031FD0028D3D12B46BDF82F1053F877
S21402F6F00C0B9DF82E2090F870008DF84C00ADF89B
S21402F7004E108DF8502059464A4615A80293CDF859
S21402F710649002F04DFD029B13AA40F20341184684
S21402F720B4E7022F09D1B9F1100F06D106A8EDF7FA
S21402F730F9F80228ACD13A46D0E73A465846CFE71F
S21402F74042F60303ADF84C3008F1010102230093A0
S21402F75089B213AB284601F02EFE04460028A3D039
S21402F76041F20A139C423FF464AF99E759B900216B
S21402F770AA69002393815381118113993246284640
S21402F780FFF709FE3AE703F0E6F816B180B28642C2
S21402F790EDD1139A9379D118023389899371E7E7E9
S21402F7A02DE9F0438FB01C46836903911B78012B29
S21402F7B0054617465BD10846059103F0CCF8202F84
S21402F7C00BD941F2041421462846FFF7E3FB05A8AD
S21402F7D003F03CF80FB0BDE8F083002C42D1059848
S21402F7E003F0B9F8A7F104081FFA88F81FFA80F99F
S21402F7F04FF6FF765FFA88F8A14505D8AB69DA8836
S21402F800B24220D80024DEE7059923463A4606A8E7
S21402F81003F012F8AB69BDF818109A88BDF81A60A2
S21402F8209142CED3DB889942CBD89642C9D39E4228
S21402F830C7D8CDF8008007AB324628463C44FFF7CF
S21402F84074FBA4B2D8E74FF42053ADF81030711C05
S21402F8500223009389B204AB284601F0EAFD04466F
S21402F8600028B4D041F20A139C42CBD0ABE703A8DF
S21402F870AEE783691B780A2B02D00F3B012B01D817
S21402F880FFF788BB7047F0B585B0174601938369CA
S21402F8900A9E1A780A3A0446072A42D8DFE802F095
S21402F8A004413041410441290198039003F053F882
S21402F8B085B203A802F0CAFF26B131462046FFF7FA
S21402F8C085FB0FE0A1697A194B8992B293420BD954
S21402F8D00A8201F10E032046098901F0DEFD014687
S21402F8E00028EBD105B0F0BD0121204601F00FFE45
S21402F8F0F5E72EB91A8A0198BA420BD04FF4816600
S21402F900019B039303A802F0A1FF31462046FFF7AE
S21402F91041FBE7E7DA89596903F028F80028EDD1B8
S21402F920EEE701A802F092FFDCE738B582691378A9
S21402F9300D2B04460D4612D00F2B01D00A2B12D1E6
S21402F940536933B199790B4402F11400DD6802F071
S21402F9507DFF29462046BDE83840FFF78ABFBDE84E
S21402F9603840FFF717BB38BD07B5002300921B22AD
S21402F970FFF73BFB03B05DF804FB07B583695980CC
S21402F980009200231D22FFF730FB03B05DF804FB54
S21402F9904B88052B05D108880E288CBF0020012035
S21402F9A0704700207047F8B505460F4616460421F4
S21402F9B00A22002003F0D0F90246B8B184790C344A
S21402F9C00319052100204FF0060CD870997002F832
S21402F9D004C013241C715F7102245870D8719C7184
S21402F9E01E812846BDE8F840EAF754BCF8BD73B558
S21402F9F00546104601920C4602F0ADFF042186B27F
S21402FA00019803F0ECF8024628B901A802F01EFF9E
S21402FA101A2002B070BD837901900C33C1184C8055
S21402FA20C65221462846EAF735FC0020F1E72DE9C2
S21402FA30F04106468846174604210A22002003F0B3
S21402FA408BF90246B8B185790C3543190024052195
S21402FA5006209970DC7050550120187102209871AA
S21402FA605C70304683F80580DC711F81EAF712FC71
S21402FA702046BDE8F0811A20FBE7002070470020F0
S21402FA80704707B501A8019202F0E0FE03B05DF8E8
S21402FA9004FB7047002070470F2070470F20704706
S21402FAA07047EDF77FBEEDF787BE10B588B0EBF76F
S21402FAB05DFC044600284AD090F87200022848D11D
S21402FAC0A36813F4407F2AD094F87320012A32D117
S21402FAD094F97500421C01D1D9052CD594F87430DE
S21402FAE013F0010327D1CDE90133CDE90433CDE983
S21402FAF00633ADF80C30FDF7A2FAA36888B9DA052A
S21402FB0019D5A06AE16A228E01AB03C31A80BDF83A
S21402FB10042004AB0DF106012046EDF72FF908B0DC
S21402FB2010BDDB05EDD494F9750001AB0A22022163
S21402FB30FDF76DFAEBE7002345F217021946204659
S21402FB4000F0ECF9B0FA80F040094000E7E7212027
S21402FB50E5E70220E3E738B545F21B020C460B4602
S21402FB600021054600F0DAF930B92CB121462846C4
S21402FB70BDE83840EDF778BC38BD00F036BA01F083
S21402FB80C6BB01F0CFBB10B504464C30FDF738FAC1
S21402FB9084F875002046BDE8104001F093BB10B50E
S21402FBA00446FDF704FA02280DD194F8733094F94E
S21402FBB07000012B14BF0521032184F83210BDE822
S21402FBC0104001F0C7BBA36843F40073A36010BDE6
S21402FBD000F0C6B938B503783E2B04460D4604D16C
S21402FBE08378052B02D0ED2B0FD038BDB0F803007A
S21402FBF0EBF7AEFB20B1B4F80D10621D00F050FA20
S21402FC002846BDE8384002F021BEB0F80300EBF704
S21402FC109FFB0028F4D0B4F80D1004F10F03621D08
S21402FC2000F0F8FAECE72DE9F04188B06B4614468E
S21402FC300D46024600F1100C1E46106851681F461B
S21402FC4003C7083262453B46F7D11021304603F01F
S21402FC5002F904AB224604F1100798461068516870
S21402FC601C4603C40832BA422346F7D11021404646
S21402FC7003F0F1F81020F7F75BFB0746F8F761F997
S21402FC80802241463846F8F766F9044610BB2B46F2
S21402FC90324601213846F8F7CAF90446D0B910218F
S21402FCA0284603F0D8F81021304603F0E2F838462A
S21402FCB0F8F74BF94046102103F0DBF830461021E6
S21402FCC003F0D7F839461020F7F754FB204608B061
S21402FCD0BDE8F081214640F20740EDF7E3FBE2E79C
S21402FCE008B51046F7F7BAFD003818BF012008BD60
S21402FCF0F7B504460D4616461F460220E2F768F898
S21402FD002146CDE900672B468022DFF70BFC04462E
S21402FD1020B1014640F20740EDF7C4FB204603B08F
S21402FD20F0BD10B545F21A01044602F061FC204609
S21402FD3047F23053BDE81040002245F21A01F7F7A9
S21402FD40D1B910B50A4604460821002003F004F88B
S21402FD5010B1837903441C7310BD38B505460C46B2
S21402FD600D201121FFF7EDFF024688B18379034487
S21402FD7021460D3304F1100051F8044B43F8044BAE
S21402FD808142F9D128460621BDE83840FFF72FBE4A
S21402FD9038BD38B505460C4604201121FFF7D1FFC1
S21402FDA0024688B18379034421460D3304F11000DC
S21402FDB051F8044B43F8044B8142F9D128460621F8
S21402FDC0BDE83840FFF713BE38BD38B505460C46C9
S21402FDD003201121FFF7B5FF024688B18379034459
S21402FDE021460D3304F1100051F8044B43F8044B3E
S21402FDF08142F9D128460621BDE83840FFF7F7BD13
S21402FE0038BD37B5002205460821104602F0A4FF89
S21402FE100446C0B10C2301220DF107018DF807300C
S21402FE2002F0D7FF296C20225131204602F0D1FF82
S21402FE30296C20227131204602F0CBFF2246062191
S21402FE402846FFF7D4FD03B030BD10B50446006C5B
S21402FE5030B94FF4BE7003F048F8206420B910BDE4
S21402FE604FF4BE7103F005F8226CFF2382F87A3154
S21402FE70A3681B0603D5C02313700120EFE794F88E
S21402FE807330012B14BF80234023F5E708B5D0B2A8
S21402FE90EBF76CFA28B190F8773003F07F0380F81E
S21402FEA07730012008BD036C4BB983681B0608D463
S21402FEB090F87330012B14BF8020402070471878CA
S21402FEC07047C020704770B50446FFF7ECFFEDF7A9
S21402FED005FC0D460346002245F2010120469847DE
S21402FEE0236C03B11D702846EDF7F8FB4FF4A041D2
S21402FEF0034600222046BDE87040184770B51546F6
S21402FF00044648B1FFF7CFFFEDF7E8FB2A46034663
S21402FF102046BDE870401847022070BD114608B55D
S21402FF201A4621F00041FFF7E9FFB0FA80F04009D7
S21402FF3008BD08B50B4601461846F7F78FFC003891
S21402FF4018BF012008BD10B50446006838B11A2152
S21402FF5002F08FFF2068F7F7FDFB0023236010BD39
S21402FF6010B50446EDF728FB04F13400FFF7EBFF6B
S21402FF70A3685A0606D523F04003A3600021204654
S21402FF80EAF756F9206C38B1042102F072FF206CB1
S21402FF90F7F7E0FB0023236410BDFF2838B50C46B4
S21402FFA015460BD00B461022062140B2FDF72FF85D
S21402FFB0102815D1002005B1286038BD0A46372022
S21402FFC01021E8F73DFF0028F4D010212046FFF765
S21402FFD0B0FF38B9224610213720E8F713FFEAE7C8
S21402FFE02120E8E740F20740E5E730B58DB00D4640
S21402FFF0002208A9FFF7D1FF044648BB01460D229E
S2140300000DF1030002F0C9F8B5F803206B79ADF8DB
S214030010002004A908AA68468DF80230FFF703FEFD
S21403002040F20343BDF810202A80002818BF1C4660
S2140300309DF81230AB701021684602F01AFF1021AB
S2140300400DEB010002F015FF102108A802F011FFC6
S21403005020460DB030BD38B50446C51C03212846DE
S214030060FFF767FFC8B9E27863797AB922791A434A
S214030070F4D003F07F0343F0400363715323A3716B
S2140300802146FF20BDE83840FFF7AFBFFF2AF0D177
S21403009022791A40FF2AE1D0EBE740F2074038BD49
S2140300A00021EAF7C5B8F0B583685E0689B0044652
S2140300B055D523F040038360FFF7F5FE802801D073
S2140300C040286ED194F97560751C04F134071CD171
S2140300D0FCF76DFF02284ED0636B1A888DF810204C
S2140300E01A46042032F8021B090A8DF81110D3F8B9
S2140300F00230CDF812305368CDF816300A2204A920
S214030100E8F750FF0646701C35D0A368D90532D4ED
S2140301102046FFF7C8FE802876B222D06B46102210
S21403012003213046FCF773FF0546102D56D1606B4E
S21403013004A96A460A30FFF776FD2946064668464E
S21403014002F097FE002E49D104A92046EAF770F87C
S214030150294604A802F08DFE3846FFF7F4FE09B0E0
S214030160F0BD6B46102205213046FCF750FF0546CE
S2140301700028D3D0D9E794F87430DA0702D4A368FA
S214030180DB052BD5606B04F1180204A90A30FFF7D0
S2140301904AFD04A92046EAF74BF810210DEB0100AF
S2140301A0D8E7636B1A88CAB9882801D04B2815D1BB
S2140301B0591C002211F8010F80B90132082AF9D11F
S2140301C0226C04A902F5A67203F10A00FFF72BFDC1
S2140301D0A0B110210DEB010002F04BFE204641F2C8
S2140301E00601EDF741F920460021EAF721F804F16C
S2140301F0340009B0BDE8F040FFF7A5BE04A92046C9
S214030200EAF716F810210DEB010002F032FE04F1B6
S2140302103400A2E7F8B51D4683685B0604460F461E
S21403022016462DD41A2002F060FE0146606320B9FC
S2140302302046BDE8F840E9F7FBBF034605F1100189
S21403024023F8027B3268C0F8022072685A60636B38
S2140302502A460A3352F8040B43F8040B8A42F9D1B0
S2140302601021284602F005FEA36843F0400213F46B
S214030270407FA26004D02046BDE8F840FFF713BFD6
S214030280F8BD38B504460D4605200221FFF759FD93
S2140302900246B8B18379034406215D732046FFF70F
S2140302A0A6FB45F490512046EDF7DEF894F873303C
S2140302B0012B204618BF8021BDE8384008BF4021E7
S2140302C0FFF701BE38BDB1F5A04F70B504460D4625
S2140302D016460AD045F20603994218D032462946F6
S2140302E02046BDE87040EDF759BB836843F08003B2
S2140302F0836090F87330012B14BF80204020EDF705
S214030300EDF9002203462046BDE87040184793796E
S2140303101344597C41F49051EDF7A6F8DEE72DE936
S214030320F04196B015461D9F05AA1C4606460B4689
S21403033001F1200E9046186859689446ACE803000D
S214030340083373456246F6D12021404602F083FD0A
S2140303500DAB2A4605F1200E9C46106851681D46D3
S21403036003C5083272452B46F7D12021604602F0BA
S21403037072FDAEB3336C93F87931013B022B2FD861
S2140303809DF8703043F0800301AA8DF8543004F1D1
S214030390100C2346154618685968144603C40833D8
S2140303A063452246F7D11021284602F054FD3B460A
S2140303B0412241462846FFF79BFC10210446284667
S2140303C002F057FD4121404602F053FD54B11EB1E1
S2140303D008213046FFF755FF204616B0BDE8F081EA
S2140303E00023D1E71021384602F035FD002EF3D066
S2140303F0224645F211013046FFF780FDECE72DE972
S214030400F34790F87380056CB8F1010F044604D1E6
S21403041095F86C31002B40F04E8195F8783195F8BD
S2140304206D91032B00F2E880DFE803F0027EA6CB93
S21403043019F0010F73D011210620FFF782FC8246C4
S214030440002800F0388186790C360644771C102184
S2140304503846FFF76EFD014658B120460821FFF7E0
S21403046010FF002140F2074002B0BDE8F047EDF769
S21403047019B8A07CC0F11002384401F08EFE95F93D
S2140304807A013B4610220521FCF793FD58B1002163
S21403049040F21B40EDF706F80821204602B0BDE8FF
S2140304A0F047FFF7EEBEFCF782FD02280FD1B8F146
S2140304B0010F0CD004F11803113657F8042B43F838
S2140304C0042BB742F9D1A36843F48073A360524662
S2140304D006212046FFF78BFA0B210720FFF731FC96
S2140304E00746002800F0E780867995F97A310C36BE
S2140304F0064443F43F43A6F801300821F01CFFF7F7
S21403050018FD95F97A01731C0A220421FCF751FDA4
S2140305100028BCD13A4606212046FFF768FA95F82C
S2140305207831013385F8783119F0020F1FD0112185
S2140305300820FFF706FC0646002800F0BC808179F9
S2140305400144002301AA0D31FF200193FFF725FD87
S21403055040B108212046FFF794FE019940F2074078
S214030560ECF7A0FF324606212046FFF740FA95F83F
S2140305707831013385F8783119F0020F1CD0082141
S2140305800920FFF7DEFB0746002800F094808679F3
S2140305900C360644E9F700F8837983F00803C3F3BF
S2140305A0C00373700368C6F802308388F3803A4644
S2140305B006212046FFF71BFA95F87831013385F8B4
S2140305C0783119F0040F12D011210A20FFF7B9FB76
S2140305D0064600286FD0807930441022AB210D30B8
S2140305E001F0DBFD324606212046FFF700FA95F8B8
S2140305F07831013385F87831B8F1010F08D0236CD0
S21403060093F86C31002B56D195F87831042B52D1E0
S214030610A36C95F97A01313310220B21FCF7C9FC40
S21403062078B140F21B412046ECF71EFFB8F1010FEC
S21403063014BF80214021204602B0BDE8F047FFF7F3
S21403064042BCA36C95F97A01203301220C21FCF7F6
S214030650B0FC0028E5D1A36C95F97A01213310226A
S2140306600D21FCF7A6FC0028DBD1082295F97A01B8
S21403067004F110031146FCF79CFC0028D1D1236C2F
S21403068093F87A2184F87520FF2283F87A21D3F829
S21403069074315B0603D404F14C00FDF7CFF9FCF785
S2140306A086FC022802BFA36843F48073A360204637
S2140306B0ECF7B2FEBAE702B0BDE8F087EDF7C6B9CD
S2140306C070B5B1F5A04F88B0044615467BD045F209
S2140306D01B06B14240F0E38090F87430DA076AD51F
S2140306E0056CB5F86C312BB14C21FFF7ECFB002001
S2140306F008B070BDD5F874315B074BD5AB79DE0710
S21403070048D56B7BD80745D5A36C95F97A01313369
S21403071010220B21FCF74DFC38B140F21B4120465A
S214030720ECF7A2FE40F21B40E2E7A36C206C2033FA
S21403073090F97A0101220C21FCF73BFC0028ECD14E
S214030740A36C206C213390F97A0110220D21FCF75B
S21403075030FC0028E1D1206C082290F97A0104F1DC
S21403076010031146FCF725FC0028D6D104F14C00F3
S214030770FDF764F9236C93F87A2184F87520FF2239
S21403078083F87A2120464021FFF79DFB2046ECF7AD
S21403079043FEACE705F5A67304F1180205F5AE753E
S2140307A053F8041B42F8041BAB42F9D1A36843F485
S2140307B08073A360E6E74021FFF785FB29462046C2
S2140307C0ECF752FE93E7006CD0F8743159073AD52C
S2140307D00023CDE90133ADF80C308379DA0724D54D
S2140307E0437BDB0721D500F5A673102290F97A0127
S2140307F00321FCF7DEFB48B1002140F21B40ECF777
S21403080051FE08212046FFF73CFD8BE7FCF7CFFBA4
S21403081002280AD1206C102200F5A673052190F950
S2140308207A01FCF7C6FB0028E6D10023BDF80420B6
S214030830CDE90433CDE906330DF1060104AB2046BA
S214030840ECF79CFA53E7D0F8D130C0F8E930D0F88B
S214030850D530C0F8ED30206C00F5A6721146E130B5
S214030860FFF7E1F9054630B120460821FFF709FDF9
S21403087040F207403CE7236CA07C03F5A673C0F167
S21403088010022946184401F088FCCDE90155CDE94C
S2140308900455CDE9065504AB2A4601A9CFE708B0AF
S2140308A0BDE87040EDF77AB82DE9F04796B0DDE97C
S2140308B022971D46DDF8908005AB06460C4602F1EE
S2140308C0100A9E46106851689C46ACE8030008323E
S2140308D052456346F6D17046102102F0BCFA09AAC7
S2140308E02B4605F1100E944618685968154603C53D
S2140308F0083373452A46F7D16046102102F0ABFA57
S2140309001E9B0DAA03F1100E9446186859681546E7
S21403091003C5083373452A46F7D16046102102F013
S2140309209AFA9DF87C308DF844309DF880308DF827
S21403093045309DF884308DF8463099F80630D9F85E
S2140309400000129083F00803C3F3C0038DF847300A
S2140309500621B9F80430ADF84C3012A802F07BFA41
S214030960BB7983F00803C3F3C0038DF84E303B68AE
S214030970CDF84F300621BB88ADF853300DF14F004C
S21403098002F069FA01AA234604F11007154618680F
S2140309905968144603C40833BB422246F7D11021D4
S2140309A0284602F058FA4346412205A92846FFF78F
S2140309B09FF910210446284602F05BFA412105A858
S2140309C002F057FA34B108213046FFF75AFC16B046
S2140309D0BDE8F0874046102102F03DFA224645F274
S2140309E013013046FFF78AFAF1E72DE9F0419CB090
S2140309F01546239F08AA1C4606460B4601F1200E01
S214030A009046186859689446ACE803000833734563
S214030A106246F6D12021404602F01DFA10AB2A4664
S214030A2005F1200E9C46106851681D4603C5083222
S214030A3072452B46F7D16046202102F00CFA229B22
S214030A4018AA03F1100E944618685968154603C58C
S214030A50083373452A46F7D16046102102F0FBF9A6
S214030A6004AA234604F1100C154618685968144660
S214030A7003C4083363452246F7D11021284602F003
S214030A80EAF96B46502241462846FFF731F9102112
S214030A900446284602F0EDF95021404602F0E9F9F3
S214030AA034B108213046FFF7ECFB1CB0BDE8F081FB
S214030AB0039B3B603846042102F0CDF968461021BB
S214030AC002F0D7F9224645F214013046FFF716FA2C
S214030AD0EBE72DE9F0411D46069B90F8738004462C
S214030AE00F46164653B110211046FFF722FA28B1D7
S214030AF020460821BDE8F041FFF7C3BB236C013E47
S214030B00691E03F1100013F8012F16F801CF834274
S214030B1082EA0C0201F8012FF5D13A462946284607
S214030B20FFF781F80028E3D1B8F1020F0CBF0023CA
S214030B3006232B4404F1590204F15F0012F8016FF7
S214030B401978904281EA060103F8011BF6D1B8F141
S214030B50020F14BF002306232B4404F1520204F1B0
S214030B60580012F8016F1978904281EA060103F8DB
S214030B70011BF6D13A4629462846FFF754F80246A3
S214030B800028B5D1204645F21001BDE8F041FFF735
S214030B90B5B973B545F20406B142044615460DD001
S214030BA045F21006B14222D0B1F5A04F38D1FFF777
S214030BB0B8F8236CD3F87431D90720D5236CD3F84F
S214030BC07421D2070BD4AA790C3215446A1DB133AB
S214030BD0153552F8041B43F8041BAA42F9D1216CBD
S214030BE0D1F8743113F004030CD0832104E0016CB4
S214030BF0C131FFF7EAF885212046FFF764F90020A4
S214030C0002B070BD81F878310123009301F1D1025F
S214030C1001F1C103204601F5A671FFF75AFFEEE77F
S214030C2002B0BDE87040ECF7B9BEF0B545F210036C
S214030C30994285B0044600F087800CD8B1F5A04FE2
S214030C401CD045F2050399421DD0204605B0BDE8E9
S214030C50F040ECF7A3BE45F21103994200F08D80F5
S214030C6045F212039942F0D1036C93F87931042BC1
S214030C7040F2B380052B03D148217BE0FFF751F800
S214030C80002005B0F0BD9179036C0C310A44511D68
S214030C90D133153251F8040B43F8040B9142F9D1C2
S214030CA0256C05F1E10705F1D106102231463846D9
S214030CB001F049FA20B904212046FFF7E2FADFE7FC
S214030CC0D5F8743113F0040332D095F87931042B38
S214030CD013D105F21113039305F5A673029304F1DA
S214030CE05303019304F15A0300933A46334605F13E
S214030CF0F1012046EDF7D2F8C2E705F5AE7005F12F
S214030D00110105F1510201900BB1052B06D1002309
S214030D10009320463346FFF702FBB1E795F87801C8
S214030D20D5F84831C34003F0010343F08003EFE7EF
S214030D3085F878313246009305F5A67105F5AE734E
S214030D402046FFF7C6FE9BE7056C102205F1C1019E
S214030D5005F5AE7001F0F7F90028ACD1D5F874317B
S214030D609B0742BF94F8743043F0020384F8743050
S214030D704B212046FFF7A7F882E7056C102205F102
S214030D80C10105F5AE7001F0DEF9002893D195F8A0
S214030D907931013B022B0FD895F878310133DBB25A
S214030DA0142B85F8783107D0D5F8743123F0010376
S214030DB0C5F874314321DCE705F21113039305F5F7
S214030DC0A673029304F15303019304F15A030093A9
S214030DD005F1E10205F1D10389E74921CAE7B1F537
S214030DE0A04F70B50446154607D045F20406B14237
S214030DF00CD0BDE87040ECF7D1BDFEF792FF236C34
S214030E00D3F87431D90701D4002070BD236CD3F80E
S214030E107421D20718D4AA790C3215446A1DC1333B
S214030E20153552F8041B43F8041BAA42F9D1206C6B
S214030E30102200F1C101B13001F085F920B9042177
S214030E402046FFF71EFADFE7206C1021E130FFF79C
S214030E5070F858B108212046FFF713FA40F207400E
S214030E600021ECF71FFB40F20740CEE7216C20463B
S214030E70E131FEF78EFF47212046FFF724F8C3E74C
S214030E80B1F5A04F70B50346144607D045F21806D1
S214030E90B14207D0BDE87040ECF780BDFEF741FFD6
S214030EA0002070BD1268551C03D10121FFF7E9F934
S214030EB0F6E7016CD1F87401400741BF002281F8C0
S214030EC078212268C1F8482158BFC1F84C2118463A
S214030ED04321FEF7F8FFE3E7B1F5A04F70B51346DD
S214030EE0044607D045F20406B14207D0BDE8704079
S214030EF0ECF754BDFEF715FF002070BD9979026C20
S214030F000C310B44591DC132153351F8040B42F80A
S214030F10040B9942F9D1256C102205F1C10105F1A4
S214030F20B10001F010F920B904212046FFF7A9F912
S214030F30E2E705F1E1012046FEF72BFF47212046B5
S214030F40FEF7C1FFD8E7B1F5A04F13B504460ED0A0
S214030F50A1F5A043103B012B45D8016CB131FEF738
S214030F6034FF44212046FEF7AEFF002017E0016C55
S214030F70D1F8743113F0040301F1E10228D01021F3
S214030F801046FEF7D6FF60B108212046FFF779F931
S214030F9040F207400021ECF785FA40F2074002B022
S214030FA010BD216C01F1B103019391F87821D1F8BA
S214030FB04831D34003F0010343F08003009301F16B
S214030FC0110201F1E10320465131FFF7A8F9CCE7FE
S214030FD081F878310123009301F1B10301F5A6717D
S214030FE0FFF777FDC1E702B0BDE81040ECF7D6BCCB
S214030FF0B1F5A04F70B5044615467AD045F21B06E8
S214031000B14240F0CD8090F87430DA0769D5056CAC
S214031010B5F86C3123B18921FEF755FF002019E09E
S214031020D5F874315B074BD5AB79DE0748D56B7BB8
S214031030D80745D5A36C95F97A01313310220B21D5
S214031040FBF7B7FF38B140F21B412046ECF70CFA2A
S21403105040F21B4070BDA36C206C203390F97A01DC
S21403106001220C21FBF7A5FF0028ECD1A36C206C12
S214031070213390F97A0110220D21FBF79AFF0028FD
S214031080E1D1206C082290F97A0104F1100311468D
S214031090FBF78FFF0028D6D104F14C00FCF7CEFCFB
S2140310A0236C93F87A2184F87520FF2283F87A213B
S2140310B020468021FEF707FF2046ECF7ADF9ADE7A3
S2140310C005F5A67304F1180205F5AE7553F8041B6F
S2140310D042F8041BAB42F9D1A36843F48073A360C0
S2140310E0E6E78021FEF7EFFE29462046ECF7BCF93B
S2140310F094E7006CD0F8743159072AD58379DA0758
S2140311008CD5437BDB0789D500F5A673102290F9AF
S2140311107A010321FBF74DFF48B1002140F21B4043
S214031120ECF7C0F908212046FFF7ABF890E7FBF78A
S2140311303EFF02287FF472AF206C102200F5A673E0
S214031140052190F97A01FBF734FF00283FF466AFD8
S214031150E3E7D0F8D130C0F8E930D0F8D530C0F89E
S214031160ED30206C00F5A6721146E130FEF75BFD0C
S214031170014630B120460821FFF783F840F20740C6
S21403118068E7236CA07C03F5A673C0F1100218442D
S21403119001F003F8216C2046D131FEF7FAFD3DE756
S2140311A0BDE87040ECF7FABBB1F5A04FF7B50446BF
S2140311B008D045F21105A94236D003B0BDE8F04089
S2140311C0ECF7ECBB006C1021D130FEF7B2FE60B139
S2140311D008212046FFF755F840F207400021ECF7B8
S2140311E061F940F2074003B0F0BD256C95F87961CC
S2140311F005F1C107013E022E01979FBFD5F84801AE
S21403120095F87861F04000F0010098BF40F0800048
S214031210009005F1510105F1110205F1D1032046B5
S214031220FFF77DF80020DEE7016CC131FEF7CDFD48
S21403123085212046FEF747FEF4E770B545F204061F
S214031240B1420446134624D045F21806B14206D0EE
S214031250B1F5A04F32D1FEF764FD002070BD1168D2
S2140312604D1C03D10121FFF70CF8F6E7026CD2F808
S2140312707401400743BF002182F878111B68C2F847
S2140312804C1148BFC2F8483184212046FEF71BFEA6
S214031290E3E79979026C0C310B44591DB1321533CF
S2140312A051F8040B42F8040B9942F9D1226CD2F898
S2140312B0743143F00103C2F87431CEE7BDE87040E1
S2140312C0ECF76CBB10B500230364044690F9750075
S2140312D0431C13D0E8F7A2F8082204F1100394F98C
S2140312E075001146FBF793FE94F91330012B07D1D3
S2140312F094F8743043F0020384F87430002010BD71
S214031300022BFBD194F8743043F00A03F4E74B88BE
S214031310062B05D1088841288CBF00200120704782
S2140313200020704707B58B7901910B440A46197C58
S2140313304B1E0D2B04D801F5A0410131FEF7DEFD4F
S21403134001A801F083FA03B05DF804FB70470020A0
S21403135070477047704770B504460E46154605211C
S21403136000220420FCF74BFD014618B1A0F80160EB
S214031370A0F803502046BDE87040FCF798BDF7B5CB
S2140313801D46002300930446BDF824300F46164638
S2140313900721089A0620FCF756FD014628B1A0F857
S2140313A00170A0F80360A0F80550204603B0BDE81E
S2140313B0F040FCF77CBD73B515461A460023009330
S2140313C004469DF818300E4608200521FCF73BFD21
S2140313D0014618B1A0F80160A0F80350204602B0F9
S2140313E0BDE87040FCF763BD38B5002204460D46E1
S2140313F00A200321FCF703FD014608B1A0F80150BB
S2140314002046BDE83840FCF752BD70B504460E468C
S2140314101546052100220C20FCF7F1FC014618B105
S214031420A0F80160A0F803502046BDE87040FCF722
S2140314303EBD73B515461A460023009304469DF831
S21403144018300E4610200521FCF7FDFC014618B1A6
S214031450A0F80160A0F80350204602B0BDE8704033
S214031460FCF725BD73B54489033CA4B2A3420E46DC
S2140314704FF00001009105464FF0030128BF2346B5
S2140314801220FCF7E0FC014608B1A0F801602846EC
S21403149002B0BDE87040FCF70ABD2DE9F34198465B
S2140314A08369054658690F46164601F054FA6C8957
S2140314B0053CA4B280B2844228BF0446A8692146EC
S2140314C0143001F025FC009048B1052208210020C5
S2140314D001F042FC019030B9684601F0B7F91A20D2
S2140314E002B0BDE8F081009901A801F096FA019ACE
S2140314F093790C33D1181620D054A8F80040284608
S214031500A1F80170A1F80360FCF7D1FCE8E738B551
S214031510002204460D4618200221FCF770FC014603
S21403152000B145702046BDE83840FCF7C0BC70B536
S214031530857904460C35461901F00DFA625D431EA3
S214031540013A9BB21C2A10D8DFE802F0110F160FDF
S214031550180F290F2F0F400F400F400F330F250F83
S2140315600F0F390F250F3E0F3E00002070BD042BD2
S21403157014BF01200320F9E7022BF9E743B372787F
S214031580022A0AD0012A23D10222013B0232B3FBEC
S214031590F2F102FB1133002BEAE71022F5E713F012
S2140315A0030F14BF01200320E0E78BB17278013BE1
S2140315B0EDE76BB17278032A0AD9013BE7E7042B00
S2140315C034BF01200320D1E7022BF9E70320CDE740
S2140315D00120CBE702464FF0FF30EEF781BD07B59B
S2140315E0042201910DEB0201F6F714FC03B05DF83B
S2140315F004FB38B50446251DDDF7BEF80021284652
S214031600FFF7EDFF012104F10800FFF7E8FF0821CB
S2140316102846FFF7DFFF01462046FFF7E0FF0020DE
S21403162038BDC0F30A030833B3F5006F06D28088CB
S2140316304FF6FF73C31A584258417047012070474C
S214031640F8B50D4617461E46EEF702FB044638B9B4
S21403165005B12870002340F21C403B703460F8BD8F
S21403166015B1C3881B0A2B70A37900200834F4E74E
S21403167008B5084680B24FF6FF71EEF71DFB002053
S21403168008BD0220704700207047012070470020E5
S214031690704700207047704737B5044601A80D46CB
S2140316A0F3F7B2FD01A8FFF7F6FF01A920468DF870
S2140316B00650EEF7AFFD03B030BD08461146EEF711
S2140316C087BE7047431E012B03D9031F5842584158
S2140316D070470120704700F059BA4FF4A4720021F6
S2140316E000F05BBD10B50021044600F083F82046E9
S2140316F0BDE81040F3F7CABCF3F73CB9F3F740B9BB
S214031700F8B505460E46EEF72BFED5F88C307BB1C2
S2140317105B696BB1F0F722FED5F88C305B691B1A58
S214031720584240F26B124FF042015841EEF7FAFF6F
S214031730F76800224FF6FF734FF0240CD0B2B8427E
S21403174008D31C4621462846EEF794FF00F021FAFC
S2140317502046F8BDB1680CFB0011CC899C4202D22E
S214031760002CEFD023460132E8E7EEF783BF008B69
S21403177070470A7838B505461046FFF7A3FF60B1F1
S2140317804C782046FFF79EFF38B12243530704D414
S2140317902846BDE83840F3F7F9B8012038BDFFF70F
S2140317A0E8BF10B504460878FFF78CFF58B14A78AF
S2140317B01046FFF787FF30B1042A04D02046BDE861
S2140317C01040F3F71BB9012010BDFFF7EABFF2F78D
S2140317D059BEF2F7D1BF70B504460D461646EEF76E
S2140317E049FF30B9324629462046BDE87040F1F736
S2140317F009BE70BDF3F7C6BE38B5044600200D46D5
S21403180000F0C5F9D4F8A0302BB929462046BDE828
S214031810384000F0DFBA022038BD38B504464888A1
S2140318200D4600F0B4F9D4F8A0302BB9294620466B
S214031830BDE83840F3F718B9022038BD00F0A8B960
S21403184000F0FCBAF0F75AB938B505460C46F6F779
S21403185068F92B6B1C40EB6A2343EB62F6F765F9DA
S214031860211E18BF01210020490238BDF3F7DCBB57
S214031870F2F712BF00F013BB00F032BB0846114666
S214031880EFF702BDF3F710BA00F0ECBA38B504462A
S214031890154609B100F042FB25B12046BDE83840A5
S2140318A0F3F7FCBA38BD0846F0F72ABC10B5044671
S2140318B000F08BF820B92046BDE81040EFF710B8CB
S2140318C010BD00F0B0B9F0F773BB2DE9FF419846A1
S2140318D004460E461746F6F72BF905462046FFF74D
S2140318E0E5FF0A9B02930023CDE900833A4631467F
S2140318F02046EFF743F804462846F6F71FF9204636
S21403190004B0BDE8F08138B50446F6F711F905468C
S2140319102046FFF7CBFF2046EFF70EF8044628468F
S214031920F6F70CF9B4FA84F0400938BD38B5044626
S214031930F6F7FEF805462046FFF7B8FF204600F008
S21403194053F804462846F6F7F9F8204638BD38B566
S2140319500446F6F7EDF805462046FFF7A7FF2046B0
S21403196000F048F804462846F6F7E8F8204638BD5F
S21403197070B504460E46F6F7DBF805462046FFF735
S21403198095FF31462046EFF747F804462846F6F714
S214031990D5F8204670BD07B513468DF8071000220C
S2140319A019460DF1070000F0B9F803B05DF804FB23
S2140319B0084611461A4600F0B1B8012070470120C8
S2140319C070470020704700207047EEF7C1BE10B581
S2140319D0F6F7AEF8044600F015F8EEF7DFFE2046FD
S2140319E0BDE81040F6F7AAB808B50246EEF7B0FE13
S2140319F0507D08BD08B50246EEF7AAFE507D80F07E
S214031A00010008BD00F00FB9F2F73CBF00F0C2B901
S214031A10437C03B108470220704710B5044600F024
S214031A20E0FA20460321BDE81040F2F785BDFFF734
S214031A30F4BF437C0BB100F0D0BA02207047437C5E
S214031A400BB100F0CCBA0220704710B5437C0C46AD
S214031A5093B149680022F3F74FFE206890FAA0F08E
S214031A60000AF0F791FDA17A2089002281F0010196
S214031A70F3F7A0FE002010BD0220FCE71FB5CDE95A
S214031A800012ADF8083069469DF818308DF80A3014
S214031A90FFF7DBFF05B05DF804FB0020704700206E
S214031AA070472DE9F74F1C469DF8303001930368C5
S214031AB003F00703063301259D400646174605F146
S214031AC0FF380B46A1B1416804EA080BA5EB0B0AE5
S214031AD041F00059524509EB0B0114D952461846FA
S214031AE000F066FB7A1B5A444946504400F060FBFC
S214031AF0019B2BB13C4448EA050804EA0804F46059
S214031B0003B0BDE8F08F1846F0E737B5002500951B
S214031B101446FFF7C6FF204603B030BD70B50E4629
S214031B201546044608B9002070BD0078EFF78AFC16
S214031B3058B11EB12078EFF72FFD30701DB1207815
S214031B4000F038F828700120EEE723780E2BEAD150
S214031B500EB1FF233370002DF5D0FF232B70F2E771
S214031B6038B50D6804462846EFF746FCD4F890309F
S214031B7043B15B6933B1013504BF6FF001020A60FC
S214031B800A681A60002038BDF3F7D6BC7047704762
S214031B907047704738B50D460446F0F7DFFBAC4098
S214031BA042F2107364095C436423B0FBF3F0B4FBA6
S214031BB0F0F038BD022807D0062807D0003818BF33
S214031BC001204042C0B27047012070470020704792
S214031BD030B51F23B0FBF3F35D1CEDB24FF0FF34BB
S214031BE0C3EB4313AC40C01AE4430130E4B2C0B2C3
S214031BF01460086030BD70B505460E46C0B201F0ED
S214031C000F01FFF7C7FFC6F303110446C5F307200A
S214031C10FFF7C0FFC6F303210444C5F30740FFF7ED
S214031C20B9FF204470BD08B5F0F750F9BDE8084089
S214031C30F0F78AB910B50446F0F748F9844288BF2E
S214031C4001F1FF31204601F00301BDE81040F0F733
S214031C507BB938B50446FFF7E6FF0546FFF7E3FF13
S214031C60431BA342FAD338BD0020704710B5044681
S214031C70F0F7F8FBC4F30113022B05D0032B09D0AE
S214031C80012B00D1400810BDC4F3C4240134B0FBBB
S214031C90F4F0F8E78008F6E700F03003202B10B5E1
S214031CA013D110F4E02FC0F302440AD010F4C01F7F
S214031CB0C0F3C423B3FBF4F418BF6400052C0ED89A
S214031CC06408FFF7D3FF604310BDC0F382136FF0C1
S214031CD012041C4104F00104C4F10204F1E70424D5
S214031CE0EFE710B5044651B10B6843B15B6833B1F7
S214031CF01A68032A03D99C6A640E204610BDF5F7BA
S214031D0010FF01462046F0F797FD04460846F5F710
S214031D100CFFF2E738B14FF47A735843A0F6AC5091
S214031D20401AF0F7A3BE4CF25030FAE7F1F742BE82
S214031D30F1F740BEF1F73EBEF1F73CBE7047436B8A
S214031D4003F06003402B0DD0602B03D0203B58429A
S214031D505841704749B10B68012B06D9486940F0D2
S214031D600100704740F20110704700207047034699
S214031D7070B10268022A0BD9426A12F47F4FC2F38B
S214031D80072006D01B6AD2B25A43B2FBF0F0704764
S214031D90002070470220F0F783B8D0F894304BB198
S214031DA01A68022A06D993F8250028B11B6AB3FBE2
S214031DB0F0F07047FFF7A0BC704708B50146D0F8AF
S214031DC09400FFF7D4FF20B9BDE808400846FFF7A4
S214031DD095BC08BD10B590F8D0300E2B04462BD01A
S214031DE00175D0F8900020B3D4F8A0304BB994F81E
S214031DF0D9308B420BD320460022BDE81040F2F7C1
S214031E008DBEB4F92420B0F912309A42F3DD94F86B
S214031E10D91000222046F2F781FE60B9C4F890007C
S214031E202046FFF7A4FC01462046BDE81040EEF727
S214031E3021BCFF23637510BD0220FCE70346D0F8E0
S214031E40D0000860B3F8D4308B800020704790F839
S214031E50D0300E2B14BF407DFF2070474FF48071A7
S214031E60F2F7F0B938B50D46FFF7A7FF014604466B
S214031E700020F0F719FF02460220A87174B1B2F5EC
S214031E80803F0BD863094FF2244101FB02302B68D5
S214031E902409B0FBF4F01B1A2B60002038BD3F2B3F
S214031EA0084610B5114619D9B3FA83F3C3F11902DC
S214031EB0D2B2062A01D8192B0ED0062A28BF06222C
S214031EC0931DDBB201249C40A4B2A14228BF214645
S214031ED0EEF7F2FF204610BD0022F1E70024F9E7F3
S214031EE013883F2B10B5084616D9B3FA83F3C3F10C
S214031EF01901C9B2062901D8192B0BD0062928BF08
S214031F0006218C1DE4B20123A3401380EEF7F2FFF3
S214031F10002010BD0021F4E70120FAE7F2F79CB990
S214031F2010B5084614460121F0F726FA204601218B
S214031F30BDE81040F0F720BAF8B504460E4617463B
S214031F40F5F7EFFD3A4605463146204600F054F8CD
S214031F5004462846F5F7E9FD2046F8BD02207047FB
S214031F6003207047EFF794BF10B5F3F7CDF9044697
S214031F7008B9F1F739FA204610BD38B504461D46B0
S214031F80F3F7C2F928B929462046BDE83840F1F7E9
S214031F90FBBA38BD70478021F2F754B938B5054609
S214031FA0F2F7E4FA04462846F2F7BEFA072811D1F8
S214031FB0D5F89030DB6924F47F4121F0080103B1A2
S214031FC05B7841EA032141F020012846BDE838400A
S214031FD0F2F7D2BA24F02001F7E703207047032074
S214031FE0704710B50446F3F771FB2046BDE8104072
S214031FF0F3F744BB00207047F7B505460F4668461F
S2140320001146F3F71DFC064698B197B1DDE900319A
S2140320101B0A43EA0163A5FB0343090A05FB0135D3
S214032020F0F79CF90023024629462046F3F734FFCF
S2140320303860304603B0F0BD00228A4202D14FF02A
S214032040FF30704750F8223093FAA3F30BB90132EE
S214032050F3E7B3FA83F000EB4210704770B5A1FBC9
S21403206002543CB92946F4F7DBF8064628B900269D
S214032070304670BD0C220260F9E72A46214600F07E
S2140320808CF8F5E72DE9F8430746884614460026FC
S214032090D4E90195B9F1010905D52468002CF7D1D7
S2140320A03046BDE8F883AB89012B07D9B5F90E3066
S2140320B0013303D029463846C04706436835E9E767
S2140320C010B50C46B1F90E10F4F7B2FA0028ABBF00
S2140320D0636DA3891B1823F48053ACBF6365A38188
S2140320E010BD2DE9F0411F468B89DB0505460C46DE
S2140320F0164605D5B1F90E1002230022F4F786FA28
S214032100A389B4F90E1023F48053A38132463B46C9
S2140321102846BDE8F041F4F7ADBA10B50C46B1F960
S2140321200E10F4F773FA431CA38915BF606523F4F6
S214032130805343F48053A38118BFA38110BDB1F924
S2140321400E10F4F753BA10B501390244904201D188
S214032150002005E0037811F8014FA34201D0181BB5
S21403216010BD0130F2E7884210B501EB020402D934
S2140321708442234607D8431EA14208D011F8012BF8
S21403218003F8012FF8E7024401468A4200D110BD46
S21403219013F8014D02F8014DF7E702440346934254
S2140321A000D1704703F8011BF9E770477047704783
S2140321B00A44914200F1FF3300D1704710B511F87D
S2140321C0014B03F8014F9142F9D110BD9368013BCF
S2140321D0002B10B4936008DA9469A34201DB0A2942
S2140321E003D15DF8044B00F095B91368581C1060D2
S2140321F0197008465DF8044B7047F8B506460F4657
S2140322001446D518AC4201D1002007E014F8011B90
S2140322103A463046FFF7DAFF431CF3D1F8BD2DE903
S214032220F047164698468A680B69DDF82090934275
S214032230B8BF1346336091F8432007460C460AB1ED
S214032240013333602368990642BF33680233336031
S214032250256815F0060506D104F1190AE368326805
S2140322609B1AAB4226DC94F843302268003B18BF27
S214032270012392062BD404F1430241463846C8474D
S21403228001301ED02368226903F00603042B02BF25
S214032290E5683368ED1AA3680CBF25EAE5750025E3
S2140322A09342C4BF9B1AED1800261A34B5421AD1BE
S2140322B0002008E00123524641463846C84701300D
S2140322C003D14FF0FF30BDE8F0870135C6E7E118CC
S2140322D05A1C302081F84300224494F8451082F8B3
S2140322E043100233C7E70123224641463846C84710
S2140322F00130E6D00136D9E7B1F90C202DE9F041DB
S214032300170705460C4656D44B68002B02DC0B6CAD
S214032310002B3DDDE66A002E3AD0002312F48052ED
S2140323202F68216A2B6025D0626DA389580705D5CF
S2140323306368D21A636B0BB1236CD21A216AE66AFE
S21403234000232846B047411C24D00023636023693A
S2140323502360A389DA0400D56065616B2F60B9B189
S21403236004F14403994202D02846F4F7B9F900234E
S21403237063630DE001232846B047461C0246D4D1CA
S2140323802B68002BD1D01D2B01D0162B2BD12F6001
S21403239000202FE02A68B4F90C3042B11D2A01D080
S2140323A0162A22D10023636023692360D5E762607F
S2140323B022692260CEE70F69002FE9D093070E68E3
S2140323C008BF4B690F6018BF0023A6EB07088B6096
S2140323D0B8F1000FDCDD216AA66A43463A46284672
S2140323E0B047002808DCB4F90C3043F04003A3815F
S2140323F04FF0FF30BDE8F0810744A8EB0008E7E79D
S21403240038B50B6905460C4613B90025284638BD72
S21403241018B1036A0BB9F4F713F8B4F90C30002BB0
S214032420F3D0626ED00704D4990502D4A06DFFF7EB
S214032430BDFE28462146FFF75FFF636EDA070546B3
S214032440E4D4A3899B05E1D4A06DFFF7B0FEDDE7D6
S21403245070B50C46B1F90E10002996B015461E4607
S2140324600DDAA38913F0800F4FF0000114BF402349
S2140324704FF48063002031602B6016B070BD6A464F
S214032480F4F712FC0028ECDB019901F47041A1F586
S2140324900053594259414FF48063EBE78B89F7B5F4
S2140324A09D0706460C4607D504F1470323602361C0
S2140324B00123636103B0F0BD01AB6A46FFF7C8FFB3
S2140324C0009F054639463046F3F7AAFE48B9B4F9E5
S2140324D00C309A05EED423F0030343F00203A381E2
S2140324E0E2E7A389206043F08003A381019BC4E94C
S2140324F004075BB1B4F90E103046F4F7E7FB28B1D6
S214032500A38923F0030343F00103A381A3891D4397
S214032510A581CFE7F8B50E461446054618B1036AFB
S2140325200BB9F3F78DFFA369A360A3891A0701D537
S214032530236943B921462846F4F760FB18B14FF0E8
S214032540FF373846F8BD23682269981A6369F6B2DE
S2140325508342374605DC21462846FFF751FF00280D
S214032560EDD1A368013BA36023685A1C22601E704A
S2140325706269431C9A4204D0A389DB07E1D50A2E7D
S214032580DFD121462846FFF73BFF0028D9D0D6E700
S214032590430803F05533C01A00F03333800800F0C5
S2140325A03330184400EB10104FF0013300F00F30B7
S2140325B05843000E704710B5044678B1036A416964
S2140325C06BB180689847207E0023102863616360A0
S2140325D004D82146F4F7CEFE1123237610BD002936
S2140325E0F1D08368002BEEDB0846F5F7B3F8EAE78D
S2140325F007B5002301911A4601A9F4F701FD03B0BC
S2140326005DF804FB1FB5002402949DF81C4001945A
S214032610069C0094F4F77AFC04B010BD13B50724A7
S2140326200194049C0094FFF7EDFF02B010BD07B5BC
S21403263000230093FFF7F2FF03B05DF804FB036883
S2140326400B60016070472DE9F041054600680E46B1
S2140326501746002408B9BDE8F081D0E90083B342E9
S2140326600BD18368BB4208D154B9C5F80080C36850
S214032670DB0701D5F5F76EF8204604464046E9E742
S214032680C4F80080F3E7D1E90112FFF7DCBF0023AB
S21403269070B51A46194604680546F4F7B1FC0CB93A
S2140326A02C6070BDE3682668DB0702D52046F5F785
S2140326B051F83446F3E72DE9F8430E461746054628
S2140326C010B90020BDE8F8830468002CF9D0D4E9DB
S2140326D00089A0683B4632462946C8470028F1D100
S2140326E04446F2E72420704738B5054614460A46A2
S2140326F00021FFF752FD24F01C046B7944F010040C
S21403270043F004032C716B7138BD2DE9F74F1F4658
S2140327109DF8303000938A468046002850D0002922
S21403272067D00C68002C66D04FF0000BE679A179D1
S214032730761AF6B2BE4208D30C31394408EB0209C6
S2140327402144F61B4546C84537E02068BF1BA34611
S214032750002835D00446E9E7AB19994538BFA9EBFD
S214032760050632462846FFF723FD009B002B3DD087
S214032770E279A079F3B237BB1844A071E279A37962
S21403278027689A4232D1DAF80030A34208BFCAF863
S2140327900070BBF1000F01D0CBF800702046F4F7B1
S2140327A04BFE3C4635444CB1A379E67903F10C0164
S2140327B0F61A2144F6B200274D45CDD3A5EB080003
S2140327C003B0BDE8F08F121AD2B2F918914209DAB3
S2140327D00C302044D21BD21A014438440193FFF72D
S2140327E0C2FC019BE279D31AE371C7E7A3462468C8
S2140327F0D8E70846E4E72046E2E710B5C479C4F113
S21403280045030246D8B2884228BF08460444D4711A
S21403281010BD38B50546C079C0F14504E4B294420C
S21403282088BFD4B20C3022462844FFF7C1FCEB79AC
S2140328302344EB71204638BD1FB503910021009158
S21403284003A9FFF762FF05B05DF804FB38B504463D
S214032850206800B938BD0568F4F7EEFD2560F7E794
S21403286010B501F0EC01034603B910BD1A7902F066
S21403287013020A431A711A1A544254415A7964F3DA
S21403288000025A711B68EFE710B558B10168026879
S2140328905AB1136823B15C79E40704D500241460A5
S2140328A00360084610BD0360F1E71346F8E70346E6
S2140328B058B10020DA7999791B68521A50FA82F0D7
S2140328C01BB15A79D207F5D57047704770B50D46D8
S2140328D00446E8B186798E4203D3751A85710120C2
S2140328E070BDC27906F145039B1ADBB299420FD835
S2140328F006F10C010144921BA81BD2B20844FFF751
S21403290032FC0023A371E3791D44AD1BE571E6E7B2
S2140329100020E5E710B50C4698B191B18979E279C4
S214032920C379521AC3F14503D2B2DBB2934208D33A
S2140329300C312144FFF76DFF2046F4F77DFD01209F
S21403294010BD0020FCE70346006818B102681A6051
S2140329500023036070470346002003B97047DA7903
S21403296099791B68521A50FA82F0F6E72DE9F84F68
S214032970894614468246FFF7EEFF05464846FFF7AC
S214032980EAFFA542074601D3A04208D2BD4208D1BA
S2140329900024A346A046264647B9384604E0274601
S2140329A0F6E738D24FF0FF30BDE8F88F5EB99AF8F5
S2140329B006809AF80760A6EB080608F10C08D044D0
S2140329C0DAF800A0F6B2BBF1000F0BD199F8064077
S2140329D099F807B0ABEB040B0C344C44D9F80090D1
S2140329E05FFA8BFB5E45354628BF5D46BD4228BF72
S2140329F03D462A4621464046FFF7A5FB0028D3D18D
S214032A00A8442C447F1BEDB2761BABEB0505F6B250
S214032A105FFA85FBC0E70120C6E703680BB90160D0
S214032A2070471A461B68002BFBD11160704703687A
S214032A3003B10B600160704739B10B461A461B6839
S214032A40002BFBD1036813600160704770B5046800
S214032A5006460D4644B12046FFF77DFFA84211D82F
S214032A60236813B9E379A37170BD20463360F4F786
S214032A70E3FC3468F4E7ED1A236833602046F4F782
S214032A80DBFC3468002DEFD0A279E3799B1ADBB226
S214032A90AB42F0D92A44A271E6E7F8B506680546C4
S214032AA00C4646B13046FFF756FFA0421DD83368A2
S214032AB013B9F379B371F8BD30462B60F4F7BCFC59
S214032AC02E68F4E7064638460768002FFAD1C2791F
S214032AD08379D31ADBB2A34202D9121BC271EAE787
S214032AE0E41AF4F7A9FC3EB13760002CE3D028685B
S214032AF00028E0D00026E7E72E60F6E7F8B50446A0
S214032B000F46BC4200D1F8BDA179E5796D1AEDB246
S214032B10C5F14506B6B20EB92468F2E749B10C31E1
S214032B202A46214404F10C00FFF71DFB0023E57140
S214032B30A3712368BB42EFD05A79D207ECD49979B4
S214032B40DD79A079E2796D1AEDB2B54200F10C0099
S214032B5028BF354610440C312A4619442044FFF753
S214032B6027FBE379206853FA85F3E3718379761BB1
S214032B7053FA85F5C379EDB2AB42B6B2857103D18C
S214032B8003682360F4F758FC002ED2D1C4E738B5A7
S214032B900C46016809B9046038BD0D46096800296A
S214032BA0FBD1236823B12046FFF7A8FF2C60F3E789
S214032BB021462846FFF7AEFE0028EDD1F6E748B1DA
S214032BC0002302794360036083604379027143F014
S214032BD004034371704700221146F4F789BC38B5E5
S214032BE004460D46FFF772FE98B984B12079FFF7C5
S214032BF0F2FF58B1637942790460C3F3400363F389
S214032C00410245235D1B4271C371857138BD0120A6
S214032C10EDE72046FAE738B5036804460D469BB150
S214032C201879FFF7D8FF88B1236803605B79427988
S214032C30C3F3400363F3410245235D1B4271C37133
S214032C4085712060002038BD0120EAE71920FAE7E5
S214032C5038B50C46054640B3006830B309B90020C2
S214032C6038BD4AB9C9B2FFF731FE0028F7D12B6841
S214032C709A799871A41A06E0452918D8C9B2FFF7BD
S214032C8025FE0028EBD1442C07D8002CE7D0E1B270
S214032C902846BDE83840FFF7BEBF45212846FFF764
S214032CA0BAFF0028DCD1453CEDE72220D8E72120F7
S214032CB0D6E72DE9F84390F8078090F80690A8EB3E
S214032CC00907FFB2B94204460D4602D30020BDE809
S214032CD0F8830079FFF77FFF06460028F6D0A17930
S214032CE080790C317F1B29440C30BAB2214430441E
S214032CF0FFF75EFAF3793B44F371E37999444D4465
S214032D002368A5EB0805E571012033602660DEE73E
S214032D10F8B5076806460D463C46002305B12CB9B0
S214032D200BB100221A6034603846F8BDE379A27905
S214032D309B1ADBB2AB4207D8E379A2799B1ADBB2C4
S214032D40ED1A23462468E9E7E9B22046FFF7B1FF08
S214032D500028F1D10746E7E75318452B02DCC9B232
S214032D60F4F7C6BB00207047F7B5002605460F46A6
S214032D7001960DB9019C09E0002211463846F4F786
S214032D80B7FB044628B901A8FFF760FD204603B049
S214032D90F0BDAB798371EA79C2716879617960F3C2
S214032DA00001617169796079C1F3400161F3410003
S214032DB0D21A607103F10C002918D2B22044FFF72F
S214032DC0F7F9019B03B9019406B134602D682646D2
S214032DD0CFE72DE9F8430D461446064610B319B35C
S214032DE0DAB1034699461B68002BFBD12746C84633
S214032DF03A4629464046FFF70CFDC145A7EB0007B8
S214032E00054418BFC9F8008037B1B179307900227C
S214032E10F4F76EFBC14618B9E41B2046BDE8F883F9
S214032E208046E5E70446F8E70C46F6E737B5154669
S214032E30C9B200221C46F4F75BFB019040B1224660
S214032E402946FFF7C6FF844202D901A8FFF7FEFC16
S214032E50019803B030BD10B5013903461A1A9142E2
S214032E6000D810BD445C1A7803F8014B425401396C
S214032E70F4E701440023884200D1704700F8013B81
S214032E80F9E738B505460C4604B938BD013C55F894
S214032E9034305B68002BF7D09847F5E72DE9F0410F
S214032EA00446002654F836302BB904F10408B3421E
S214032EB003D100250FE00136F4E754F833201268F7
S214032EC05F1C5AB158F833009047054630B139466F
S214032ED02046FFF7D6FF2846BDE8F0813B46E6E7E7
S214032EE070477047704770477047F4F715BC38B59E
S214032EF00446F9F76DFF054658B9C820E5F7A6FA64
S214032F00C82202212846E5F761FA8442A8BF044690
S214032F1024B22046E5F79AFAF9F75AFFBDE8384097
S214032F20C8220221E5F752BAB0F90020B1F9003001
S214032F309A422DE9F04704460D4648DCF4F7F8FDBF
S214032F408046E0F763FA00283ED1E5F735FA824675
S214032F50F9F73EFFC8220221E5F738FAB5F9002053
S214032F6047F6FF739A42814602D1E5F749FA28806D
S214032F70B4F9002047F6FF739A4202D1E5F73AFA0E
S214032F802080B5F90000FFF7B2FFB4F900308342A2
S214032F90C8BF20800746B4F90000E5F737FAF7F70D
S214032FA0F9FB064658B15046E5F730FA4846E5F7CA
S214032FB04DFA4046F4F7C2FD3046BDE8F087E5F724
S214032FC0FBF920802F80F4E741F20C06F1E7212677
S214032FD0F2E7000000000000000000000000000010
S214032FE0F8B500BFF8BC08BC9E467047F8B500BFEE
S214032FF0F8BC08BC9E4670475FF800F0050D00203D
S21403300000000000000000000000000000000000B8
S21403301000000000000000000000000000000000A8
S2140330200A005B435D20002E2E2F6170702E630016
S21403303025733A2564203A25733A200073630053B8
S21403304074617475733A202573203D2030782530DB
S21403305034782000417373657274696F6E206661FD
S214033060696C656400736C5F62745F6F6E5F657630
S214033070656E74004252443431363641002E2E2F8C
S214033080736C5F676174745F736572766963655F9B
S2140330906465766963655F696E666F726D61746990
S2140330A06F6E2E630044303300342E342E37007395
S2140330B06C5F676174745F736572766963655F647A
S2140330C065766963655F696E666F726D6174696F55
S2140330D06E5F6F6E5F6576656E740000FC3003008E
S2140330E01E001E00203303000F000F0010330300E2
S2140330F0010001000100FFFFFFFF000001000000C8
S2140331000108FFFF00000000DC320300020002009B
S2140331100108FFFF0500000020000B0003000B0062
S2140331200008FFFF01000000600C002004000E00F2
S2140331300308FFFF03000000020000000500020072
S2140331400108FFFF0500000002000C0006000C004B
S2140331500108FFFF010000006A0C002007000200C0
S2140331600108FFFF050000000A000D0008000D001F
S2140331700308FFFF01000000800C00200900000088
S2140331800108FFFF00000000E03203000A0002000F
S2140331900108FFFF050000000A0003000B00030000
S2140331A00308FFFF01000000880C00200C0002004B
S2140331B00108FFFF05000000020004000D000400E4
S2140331C00108FFFF00000000E43203000E000000C9
S2140331D00108FFFF00000000E83203000F000200B2
S2140331E00108FFFF050000000200050010000500AF
S2140331F00108FFFF00000000EC320300110002008C
S2140332000108FFFF0500000002000600120006008A
S2140332100108FFFF010000009E0C002013000200BF
S2140332200108FFFF05000000020007001400070066
S2140332300108FFFF01000000AC0C0020150002008F
S2140332400108FFFF05000000020008001600080042
S2140332500108FFFF01000000B60C00201700020063
S2140332600108FFFF0500000002000900180009001E
S2140332700108FFFF01000000C20C00201900000037
S2140332800108FFFF00000000FA3203001A000200E4
S2140332900108FFFF0500000002000A001B000A00E9
S2140332A00108FFFF07000000000000001C000000EC
S2140332B00108FFFF00000000FE3203001D000200AD
S2140332C00108FFFF05000000080000801E000080C4
S2140332D00208FFFF070000000000000002000118BC
S2140332E0020000180200000002000A180C005369CE
S2140332F06C69636F6E204C61627302001A181000CB
S214033300F01921B4478FA4BFA14F63FDEED6141D59
S214033310636032E0375EA488534E6DFB6435BFF7B7
S214033320002801280328002A012A292A242A272AD2
S214033330262A232A6E2A052A2A2B292B022900004D
S214033340050000000000000000C2010000050000A8
S214033350001000000000000000000000433A2F5554
S214033360736572732F6F6C6976612F53696D706C1A
S214033370696369747953747564696F2F53444B7327
S2140333802F6765636B6F5F73646B2F6170702F625B
S2140333906C7565746F6F74682F636F6D6D6F6E2FCA
S2140333A0696E5F706C6163655F6F74615F64667599
S2140333B02F736C5F62745F696E5F706C6163655FC9
S2140333C06F74615F6466752E630064656C61795F14
S2140333D074696D65725F636200736C5F62745F69C4
S2140333E06E5F706C6163655F6F74615F6466755F63
S2140333F06F6E5F6576656E74003F002800292000B7
S214033400050000000000000040420F000501000018
S21403341000000000000000000000000013B779FA67
S214033420C925DDB7ADF3CFE0F1B614B8010200004D
S21403343000000000FFFFFFFF200000000100000067
S2140334400000000000000000000000000000000074
S2140334500000000000000000000000000000000064
S214033460000000000000000000000000070000034A
S2140334700002800008000200200000014000040053
S21403348001001000080602000409070301050000F6
S21403349040787D0100000000005A6202000100002F
S2140334A0C0CF6A0002000000809FD5000201000022
S2140334B0002D310102020000080911080003010370
S2140334C003030200000800FC38350300010001076F
S2140334D0E4340300000800F8F4340300000000009E
S2140334E00000000083FFBFFFE2FFF1FFF9FFFEFFCE
S2140334F0000000009600FCFEF8006D23441FEEFF5C
S214033500C700F20E8E37FAFF5C00A40324A7FFFF62
S2140335103200D601AD3400001F003001004D00001C
S2140335201200C000CA4A00000B006E00F73C000001
S21403353005001F002F2000008C00FCFEFFFF00008C
S21403354000000000FC00D2104C06FAFF75009B0535
S214033550F132FFFF3E0062020B35000025004B01EF
S214033560885F00001700E0005E5D00000E008C0020
S2140335706A4F0000070025008328000000000F4064
S2140335800000000000040F40010000006A09E6671F
S214033590BB67AE853C6EF372A54FF53A510E527F6C
S2140335A09B05688C1F83D9AB5BE0CD1900800000B8
S2140335B00000000000000000000000000000000003
S2140335C000000000000000000000000000000000F3
S2140335D000000000000000000000000000000000E3
S2140335E000000000000000000000000000000000D3
S2140335F0000000000000000000000000000000E1E2
S214033600000108070F000A00C8002000A000010000
S21403361000000000A00068010A200706020A04074B
S214033620000000020700010410400100000005002E
S214033630000000020000030000000000B839030089
S2140336409439030008390300283903003C39030082
S214033650E0390300783903006439030000000000F2
S214033660CC39030000000000A83903000000000066
S2140336709C380300000000005039030000000000DF
S21403368058390300000000001C390300E03603002D
S214033690043A0300E2360300FC390300000000008E
S2140336A0F4390300000000008C390300000000001A
S2140336B00000000000000000000000004E0C0000A8
S2140336C00000000000000000DC30030000000000E3
S2140336D0000000000400000000000000E2FF5000AD
S2140336E001000400FB000000020000003C3703005A
S2140336F00300000034370300040000002C370300E7
S21403370000000000000000004145532D3235362DE1
S214033710454342004145532D3139322D454342003E
S2140337204145532D3132382D4543420008370300B7
S214033730101404001437030010130300203703008B
S2140337401012020002000000DD960200D996020065
S214033750D5960200BF960200AD960200512563FC83
S214033760C2CAB9F3849E17A7ADFAE6BCFFFFFFFFF4
S214033770FFFFFFFF00000000FFFFFFFFF551BF370D
S2140337806840B6CBCE5E316B5733CE2B169E0F7C7E
S2140337904AEBE78E9B7F1AFEE242E34F96C298D827
S2140337A04539A1F4A033EB2D817D0377F240A46362
S2140337B0E5E6BCF847422CE1F2D1176B4B60D22703
S2140337C03E3CCE3BF6B053CCB0061D65BC86987621
S2140337D055BDEBB3E7933AAAD835C65AFFFFFFFFAA
S2140337E0FFFFFFFFFFFFFFFF0000000000000000D9
S2140337F00000000001000000FFFFFFFF092040005B
S214033800010102010202030102070B0B0701160C5A
S21403381000000108080000050108FFFF02FFFF087B
S21403382008020204FF010022FFFFFFFFFFFF03045D
S21403383004FFFFFFFF2AFFFF1419191B011C1512B3
S2140338400400480C14131510801A80128080000F91
S2140338500E0C080C080D181001020404F4010000F5
S214033860FA00000096000000640000004B00000011
S214033870320000001E0000001400000000000000DC
S214033880010150004000080050002400040090018D
S214033890500240009001AE0110000000E1920100CA
S2140338A0000000000049725314497207FF0001022A
S2140338B0030405FF145300724907CDF6B5A50100AE
S2140338C035A50100E5BD010073DA0200EDDA02005A
S2140338D0E7DA0200D1C10100D5FB0200A1DA02003B
S2140338E0E9DA0200EBDA020095DA0200E3DA020014
S2140338F021A00100C1D8020075A1010001020C003D
S214033900000004000000080004000000000000009F
S214033910000000008DA401000000000049DA020048
S21403392000000000A0010401560000000000000093
S214033930000000000000000000000000050000007A
S214033940000000000000000000000000000000006F
S214033950A1A501000000000075DA020000000000C7
S214033960A01305000A00000000000000000000008D
S2140339700000000000000000090000000000000036
S2140339800000000000000000000000007BDA0200D8
S214033990000000000F000000000000000000000010
S2140339A0000000000000000085DA020000000000AE
S2140339B000000000000000000100000000000000FE
S2140339C0000000000000000000000000F5A7010052
S2140339D000000000A0010107A00001040204080083
S2140339E0060000000000000000000000F9A8010027
S2140339F0DDA8010091DA0200000000008DDA020063
S214033A000000000039A9010000000000A003060121
S214033A10A0090609A0020608A0050607A0050606D3
S214033A20A0070605A0020604A0010610A00A0602C7
S214033A30A00D0600000004020503060107010108A5
S214033A40090A0000A0015C02A0035C01A0025C005E
S214033A50A0020F09A0030F04A0030F03A0050F0283
S214033A60A0010F01A0050F00A0040108A002010594
S214033A70A0030106A012010001010204200C0403A6
S214033A80B5A4010020000401E1A4010020025602AF
S214033A9085A501002002560159A50100200106054F
S214033AA081AB010020040A04C1A7010020050A0215
S214033AB091A7010020000115A1A8010062676170AB
S214033AC06920627566666572730001000200000075
S214033AD000000000030000000D00030002000100C8
S214033AE005006761747420636F6E6E656374696F37
S214033AF06E00000000FB349B5F8000008000100017
S214033B00000000000000000091F9020079E00200C6
S214033B107FFB02007BFA0200E69D350E480103CCCC
S214033B20DBFDF4AC1191F4EFB9A5F9E9A7832C5E9C
S214033B302CBE97F2D203B020008BD28915D08E1CF0
S214033B40742430ED8FC24563765C15525ABF9A32A1
S214033B50636DEB2A65499C80DC003F49F6D4A3C518
S214033B605F3874C9B3E3D2103F504AFF607BEB4023
S214033B70B7995899B8A6CD3C1ABD006C888391AA0C
S214033B80F5A53860370BDB5A6083BE0000000100E2
S214033B900100050100050202030002000000000008
S214033BA002050100050000010001000001000102FA
S214033BB002030002000000000002020100020000EF
S214033BC0C5F0010075EB01003B120300A9110300C9
S214033BD0930B03004DE9010099E80100F1E60100AB
S214033BE0F10F0300BD06030009ED0100C9E2010061
S214033BF015E10100470F0300D90E0300810E0300F1
S214033C00DF0D03002B0C030021DE01004DDC010059
S214033C1005DD0100C10603004DDA0100BF01FB9D6F
S214033C204EF3BC36D874F5394138684C8BD28915B7
S214033C30D08E1C742430ED8FC24563765C15525AC1
S214033C40BF9A32636DEB2A65499C80DCE69D350E90
S214033C50480103CCDBFDF4AC1191F4EFB9A5F9E907
S214033C60A7832C5E2CBE97F2D203B020A0010A05D0
S214033C70A0030A04A0080A03A0070A02A0060A0172
S214033C80A0070A00A0030906A0060905A007090461
S214033C90A0040903A0050902A0060901A003090060
S214033CA0450102008D01020039010200990102005C
S214033CB081010200CB180300071903002D19030026
S214033CC04F19030071190300C14802007948020026
S214033CD08548020059490200951D03008316030018
S214033CE087160300931603008B1603008F16030034
S214033CF00000000048010000980D002083FF00002C
S214033D0002000080FF7F00000080FF7F0601008026
S214033D10FF7F0E025241494C00000000A000000045
S214033D20890B020050000000690C0200FA04FA0036
S214033D300033330A0A0A084000210000000000008E
S214033D400000000000000001000001010001010165
S214033D50394302001D430200F5590200315B02009D
S214033D60C95A02000101020300000001A806000070
S214033D7048704C0D4470D80C307064123C70AE160C
S214033D803870340D34705A0D30700A0F2C700A0FC9
S214033D902870DC102470F41020703E0D1C70801107
S214033DA01870F21114703A0DB110076001D80A7139
S214033DB008B87F78020C7E78641000C6A01F002126
S214033DC08CB8707801B007680F305CB30F330111FD
S214033DD0C04806984A022FB006D80C7109DD087150
S214033DE000B853A809BB111007680168214807608B
S214033DF004100112FF322150076051480760008803
S214033E000698441300C4401F002103DD087214BA49
S214033E10281400A000BA03DF107109DF06720298A7
S214033E2060058CB8507800A04413281441158110FF
S214033E30076002D81471108806982E1800C00C70FC
S214033E40084006987C1A0091069860020060B83015
S214033E5020D8067190BC637C784D5412F03240DE55
S214033E600472404804DB08720DDD0C72044BEF301D
S214033E7014480698FC0600C4E01008404412076283
S214033E8001322140084C287C811140D91C72B112A2
S214033E903032CF4A013AB1DA107208D8067104D824
S214033EA00871B04C237C4070684C4412FF32872262
S214033EB0047580B8D84C81D8327140D90472237CFB
S214033EC0084B0698FC0604BA88B9767900C11860D0
S214033ED008403579E049007906B904A901D86E721D
S214033EE0227CBC4C307C0298320208D83C7100C15C
S214033EF04C000840141110D93071104C00C1140046
S214033F00084014111814076100C5206008405415B2
S214033F10FF35047110491814A84C44120762013285
S214033F20067102981201B84C08D80C7107BA24D847
S214033F30047106BA187004D80C7101BA40D80E7111
S214033F4002BA0A7005BA20D8047203BA227C604CFF
S214033F504411404C1814076118149111383111425A
S214033F609111076910D90472EF3200C1006008404E
S214033F7014111031016911422814A1110761181494
S214033F800698621A181400C10060084014110769E5
S214033F90FF31181400C13C3008401411181407618F
S214033FA01814308802480698C005009308DB04718D
S214033FB001F800A05CB00F3000A01088B1110769AB
S214033FC080D90A7100C1800008400811009100A042
S214033FD000C400010840441000A000C020300E407A
S214033FE0041104101050F47200A0541550451271B9
S214033FF0069806070698960618B8707800B84178AB
S2140340000698400390BA5B7A5C7A5D7A00C21850D1
S2140340100840241200C1501F0021281106983818A2
S2140340202088008800C5441F002154155112FF350F
S2140340300762FF3206986A0201595129047511591D
S214034040009021292075069886040698A2040698EF
S214034050FA02009203D80C728111076102D9047226
S214034060FF0FBA7018B8727800F804D84271008847
S214034070308800C0FC1F0021041000C1501F00211F
S2140340801412012A215A00C3185008403413312A47
S2140340901A7500C00060084004100730FE200C7636
S2140340A0381108B87F78020C7E780093009000A041
S2140340B000C0F41F0021041000BB1DB400A000C103
S2140340C0DC1F002114111088FF3100C5FFFF00001C
S2140340D0311207620762513A513B0E720698720C10
S2140340E01159011201131E703114008831100698FD
S2140340F0720C1159415C41280698740C513801130F
S2140341000090012B00902088076001140760FF30A1
S214034110215D411207620762312D0876FF34415C48
S2140341204128015D31100698740CFF303088011366
S21403413000C0E01F00210410512B0C760768011500
S2140341400768FF356070315BFF32212B0C75076003
S21403415001150760FF354E7000C5E41F0021541596
S214034160076507655112FF35FF30012B08752110CF
S2140341700760327021100768FF30012B0A75211083
S21403418007600760207000C2E81F00212412211078
S21403419007600760FF30012B08752110076806705B
S2140341A021100760FF300093009200C100600840B2
S2140341B014142C490734FE242A761415F0BC076C15
S2140341C0513C076803680154107100C4FF0FFFFFDA
S2140341D0513C01444811311200C5E81F0021541513
S2140341E0FF35076207622143544914122155FF35F0
S2140341F05152281100A001D81871008800C004701D
S214034200084004108020FF30067106984E03009085
S21403421000A002D8047200A00088069896061DB473
S21403422028B9112C408800C3EC1F002134144044E5
S2140342305A71441306982005411500C000600840D3
S21403424004100730FD20447500C20870084024108F
S2140342500760FF3080DC34710698AE0C01591C4AA7
S214034260241007600260FF300698AE0C0158B22097
S2140342700129541331100698AE0C11280A7504252B
S21403428054155045EE72069820050094009000A041
S2140342907FB9066100C01C60084006984A130415DF
S2140342A05153113B3155581002984413EBBD00C0CF
S2140342B0401F00210411113D10D91271FF33076B03
S2140342C000C190400846381118B97479581000A0F8
S2140342D0069860028024E4240D300472044800C16A
S2140342E01C510840141100C3DC1E0021911504352F
S2140342F01A72181388BB08D804716C7B04D804712F
S2140343006A7B8CBB2F7C5B7B16703C4B181388BB7D
S21403431008D804716F7B04D804716D7B217C0C3044
S2140343200160069882060698680B0698320700B85E
S214034330B111076940D906720298660601BC00C22D
S2140343400060084000DC0A7124150165604A0A70A3
S2140343501C4A241507657C4A043508D92071202495
S214034360512A241200C180000840320C281107622B
S21403437028110762281107622811500C00C1381F44
S2140343800021141200DC1A7120D8067101B80C70D3
S214034390F0DA0C720CDB087102B806988A06482419
S2140343A00449141100C380000840FFB801201141DE
S2140343B00871014118130824014200C12000084077
S2140343C014110141036D514191152035016D514181
S2140343D018132813481300C37C000840341003D86E
S2140343E00C71073005DC0671084B227B8CB85078BD
S2140343F000B800C1381F0021141203682150F030A2
S2140344000152281100A04024066400C0FFFF0100EB
S214034410013C1DB002200158402806751EAC01EC75
S21403442000A0208800C01850084004121DB42113B1
S21403443004123052F871066C402400C3741F002126
S214034440341014110698C00C0669009211592129DC
S214034450067600BB11590698960C80B80158013AA7
S2140344600662313B0472215A412A00A000C20001B1
S2140344700840317A00A0308880B9076900C300007D
S214034480C0FF3110312800BC002D0C7511541EAC32
S21403449001EC312DF470066C51134155312C009309
S2140344A000A000C028400E400413315107610C31B0
S2140344B007691153381000A006984A0800C0F41F75
S2140344C00021041106983207217A237A00C30000DC
S2140344D010000698720700C0581F00211DB118105F
S2140344E000A000C0541F00211DB1181000C09C1F5F
S2140344F000210410002D067500B826A806980607A6
S21403450000C09C1F00210410012C06750698960611
S21403451028B010B9115911380EB9114028A880B81F
S21403452000C144300840081100C1F01F00211410D8
S214034530303B06710760076000C40830084044112A
S2140345401150FF30015118146FB8076826A8217A56
S214034550050C21102048267800C063EF0000314088
S21403456026A8050C20ECB11140D90872247A20EC59
S214034570217A184826A828B00AB901510F311150DC
S21403458028A8050C207A20EC0F0C98B846784178BA
S21403459006986A0200C2441F002124100151FF310D
S2140345A01150081200A006984A0800B826A800C0B2
S2140345B05C1F00211DB1181000A030B840780DB163
S2140345C001D9FC72427800C074300E4004114CBA14
S2140345D0407A1810144804115C7A1810A4BB707B38
S2140345E04E7B4F7B00C20430084000A006984A0862
S2140345F0217A227A00BB0698720700C0681F002142
S2140346001DB11810A4BB00C040300E400411033186
S21403461001492872B112076207623048041121511A
S2140346200F3118726E7B6F7B104804114CBA7C7A7C
S214034630181014480411607A1810B11002D81071BB
S214034640707B30B8627860780DB001D8FC7100C01A
S214034650F8600840041101D90C7100C01800084026
S21403466002B9181008B86E780EB84EB110D90C728D
S2140346703EA8140C0FB83EA8107044A8140C01B83A
S21403468000C1B0300E40081100C077801F003DB255
S21403469001423DAA00C0FFFFFFFC013A3DAA140CED
S2140346A000C077E01F0001423DAAFFB845207D7891
S2140346B008B87E7800C124600840141107610631EB
S2140346C0087100B906985A1006984A13B11101D911
S2140346D00E710698881A02D906720698AE0B0698CB
S2140346E04413511406989606F4B845780A0C00C08D
S2140346F0641F00211DB1181002983410FFB845201E
S2140347005D7803B8076044A83EA800C1B0300E40E9
S214034710081110B807683DB101393DA908B86F788C
S21403472000A046A800C0FFFF0000013B076356AB8E
S21403473094BA437A01D91471013C47B300C0FE20F2
S214034740FFFF013B314447AC637AFFB82120407832
S21403475002D90471607800A0C8BC066C415C512C79
S21403476006750698960606986E0DB110076805D866
S214034770347140BA06981A1308B86578911004D8AD
S214034780187188B86E78577800C06400084021789E
S2140347900698821001400A728CB84278069856131F
S2140347A00298400B08B86C7820B859785B7800C03C
S2140347B0F44008407878797800C1C81F00211410A7
S2140347C040A8184914130449408814140C491411BA
S2140347D08112076A006A01DA187188B8577800C030
S2140347E0CC1F002104100161076307630764076495
S2140347F00698B20900944EB010D842724DB161B813
S2140348000158113840B102D90A72604804BB4154BA
S2140348100870204802BB02BC4DA8F8B87078190C83
S2140348203EB141413EA9F4B973797378717800C4F7
S214034830F840084000C200410840227000C2000051
S214034840010044AA230C00C200000B0044AA00C4C3
S2140348501041084000C21841084004BB587C050CB0
S214034860597C0C240F0C2FAB050CB11008D814710F
S214034870647A657A1CB879787B7820B879787B78FF
S214034880607CF42441130698FC06511440440675D4
S21403489006989606727BFFB84D20050C687840ECA8
S2140348A000C0601F00211DB11810911004D81471A8
S2140348B000C0BC1E0021041080D806711CB8737893
S2140348C000F818B800C1D81E002100C218500840CE
S2140348D024122811767800F800C0B8600840041146
S2140348E00761076180D9047240EC00C4F8400840B1
S2140348F04EB010D80471182441130C23527C407B0D
S21403490011512FA9050C797C0A0C00C00000010286
S2140349100814787C050C507C08B86D7800A000C09D
S214034920287008400411108800C1001800401810B1
S21403493044480411108878480411108800884CBA3B
S214034940757A18103DB11088F4B84278442072780E
S21403495028487378F8B873784FB200C4FFFF808096
S214034960413A4FAA01BC01644113076300C06C704F
S214034970084003B918100110011001B918100110EE
S21403498001100110011068480411076101B80160A5
S214034990003A0471044904D9047241520760003A8C
S2140349A00471084908D9047231520460003B0E7240
S2140349B000630064314241424FAAB2704FAAF8B86E
S2140349C05378182053782848527800913DA90090D0
S2140349D00091181000917848181000914448181058
S2140349E000A0115910D906710760076008D9047131
S2140349F0076004D90471036002D90471016001D908
S214034A000471006000A000BA01D806710148112A9B
S214034A100069006001D8F6720138F67200A08020A3
S214034A20FF30FF48812000A000C21850084024121F
S214034A3011592129127300210E7100C2305008400B
S214034A4024120121212900A006984A0888B857781D
S214034A5000C57C1F00215088044D88BC00C0C81EBA
S214034A600021811101D91E71407C00950115044D6A
S214034A7050881C4DFFBB076B315B04110698B80CBE
S214034A803129F8750698761954150698881A01D9A7
S214034A90087206987C0806700698DE0888BB547B66
S214034AA0009500F806988C090E700698680B069811
S214034AB08C0906986011069836089112211900C0D1
S214034AC0246008400A78097800F810B901BA0698F5
S214034AD010130698341000C57C1F002100F89112AD
S214034AE0033288B900C3BC1E0021341300C4A810C7
S214034AF008408CB84278707903DE067144786E708D
S214034B007179A11020D806710298160F80DB5071B8
S214034B1002D84C7205B830880763076302DB2A7134
S214034B2000C3AC0008403413066380DB047280487D
S214034B3000C3102008403413315B04724048312808
S214034B40312802600814076800930814A110103077
S214034B500248081400B808149110076008148CB8AB
S214034B606278A11000DC0676517900BA80DB5871B2
S214034B7000C000000200003B4E71508841103448CC
S214034B8003DE04719048041508200411F820581019
S214034B901C2021780698AE0E00C0A40008400E78AC
S214034BA010D91C7151451A7100C53400084407B862
S214034BB0081500C53400084604B8081504702E7896
S214034BC0069874160095911120310269911004D845
S214034BD00E7200C14C1F0021141101D90A712088DE
S214034BE006985A10009200C1180008400533054B7A
S214034BF01872184C03DE0471904C441400C3FF1F54
S214034C000000413BFF233811B849076A0698A20EF5
S214034C1004490879097914102140081100A000C539
S214034C2054000840541551455071108800C1340093
S214034C30084407B8081101B83088076B40DB2471B5
S214034C4000C0370C00000811364800C5D01E0021EE
S214034C50541102D90E72104801D9087100C011040C
S214034C60000000C134000846081100C134000840A3
S214034C70141530350093009100A000BD0698440239
S214034C8010B903DC047100B901BA0698101302D9EF
S214034C90067100404E7201B107690F310698821003
S214034CA0FFD82872811008D8187106DD0A71069895
S214034CB0440203DC0C720698C810069856130C7050
S214034CC006DD10710698CE10487020B802A806DDDF
S214034CD0107206988C090698360801F840B802A8A0
S214034CE000F800C0BC1E00210413076301DB227119
S214034CF091100111076911388CB910D808714479DD
S214034D000298160F02DBFA72A11328DBF47203BDB6
S214034D100698281006988C098CBA7F7A0698FC06A3
S214034D2000C5801F00210698440200BA03DC3272D5
S214034D30044DA11002D804710C4D00C014000840A5
S214034D400410026800C3701F002134111128FC23CD
S214034D5034110698960C00C10C5108400698B2060A
S214034D605415212D00C0F8600840041101D92271A2
S214034D7000C03C1F00210410033001DC147200C085
S214034D80140008400411FD21087602BA076A212D93
S214034D90069848070298E8099110015503355150C3
S214034DA0011900A000C1481F0021141001D8427148
S214034DB001480760FE200E75811020D8087100C1D7
S214034DC04C1F0021141101D9287100C0246008402B
S214034DD00412215107610F3107691152281000C0D0
S214034DE000600840041191122151203111522119FB
S214034DF000A0811380DB067201B800A000C30C502C
S214034E0008403410063030727C4B34122C4B34106E
S214034E100760076040302072811080D8DC71341040
S214034E20014A07620360803021508C480A717F2351
S214034E3055233410013000A000BD0698281088B80A
S214034E4047784578437800B8447800A006988C09DC
S214034E500698C81000C58C1F0021541506984807ED
S214034E600298E80900C374000840027B06984A13B8
S214034E7050BA06981A1306988210FFD84A719110F2
S214034E8004D84872811007601CD8407220D9387243
S214034E901112FF322151347180218021111400C078
S214034EA0E41E00210413FFBA3151113A2151115364
S214034EB08CB938107B7940440E7200B900C2C41E08
S214034EC000211812067008B860780698441300F894
S214034ED000B900C29C1008401812244A0AB91812D6
S214034EE088BA507A517A577A8CB942795F7900A09A
S214034EF00698440207DC1072911000200A75069883
S214034F0060110298660D0698360801B9911004D808
S214034F10047100B910BA0698101300BA00402A713B
S214034F2000C0BC1E00210411076101D9127104D907
S214034F30E2728110076001D8DA718CB8647800C118
S214034F401C5108400698B2060698601100C5901FCB
S214034F5000215415212D06987C0800C5941F0021B6
S214034F6000F800BC811108D9167280D9207201B9E5
S214034F7010BA0698101300400E7101BC1070069804
S214034F80C8100698561320B802A800F806986011B1
S214034F9081110231127100B900C20C1008401812B8
S214034FA0244A02B918120698C81000C5981F002193
S214034FB054150698001A0298E80904110121147181
S214034FC088BA737A042004122811042004110121DC
S214034FD0F47200A00698FC0601F8911010D83471FC
S214034FE006984003069886040698A20400C51C513A
S214034FF0084054110698B80C00C5D41E0021541559
S2140350005129E27518B875788CB8447801B802A8A7
S21403501000F8B110076810D82E7100C04810084079
S21403502000C3000008403114884C44113411076152
S21403503001D9FA7144122810076228100762281053
S21403504007622810E87000C1BC1E0021141080D827
S2140350502C7100C15400084014111141207100C185
S214035060000002401038167100C03400084407B927
S214035070181000C03400084601B9181002987A02C6
S2140350800698600211380472016A00BB00C1E41E70
S2140350900021141120390C72911210DA0672417B2A
S2140350A000A006984A1300C2BC1E0021241220DA70
S2140350B00472617B88BA527A00A088BA727A811227
S2140350C004DAFC7200A088B86B78577800C06400D6
S2140350D008402F7800A006986E100763076390B900
S2140350E0637900B902DB36713112076240DA2E7239
S2140350F000C25400084024100140227202EC00C98A
S21403510009B801D9507200C2AC0008400E7A10D913
S21403511004722E7A06987416E031076102EC00CD0D
S214035120114502EC00CC01DB087100BB0298CA17DC
S21403513003B841110731FA211C760621911210DAC1
S214035140087102DD10721E7020B80698720C303893
S214035150147208B80698820600C02400084029780E
S214035160207800F8046020D8067102982C1502EC0B
S21403517000CA05B823DA187104DBDA7120DAD671AF
S21403518010DAD27290B8617800B801DA067202ECCF
S21403519000C8911110D9267100C1CC1E002114112C
S2140351A01150FF300C720661A110115002300A71C3
S2140351B080DB0A720AB89E708CB97C7907689111F5
S2140351C011402111C0311140011990B8411108D97D
S2140351D00471667820D904726578A11002D8067225
S2140351E0C0DA1E7190B8273123DD087210DB107207
S2140351F0607825DD0A7121DD087208DB04716278A8
S21403520003B8411107310872A1152035AA7102DDD2
S2140352103272A11120D9A07102D92872CCDA987201
S214035220411140D9927206B802DB1071046500C1C1
S214035230102008401411112D112D054D5C72029893
S214035240BA1321114049C0D94E71A03141154035DA
S214035250016551410361076308DA1E7204DA387286
S2140352601049A1150235067110DB0E7201340A715E
S21403527008DB247190B86778CC3211101A300ADC38
S2140352800872CCDE0471FD3100C00D0F0C0D0698BC
S214035290740C01D8607207B80298E41300BA41117F
S2140352A008D90C7102EC00CA05B830DAEC72073480
S2140352B0F031026101DA0471014900C0F300A3E38F
S2140352C00698740C01D8D07100C0981440680698EC
S2140352D0740C4030014440DA0471204C04320162FD
S2140352E0204A111006300068014218310269114243
S2140352F002980214204A00C0051708500698740C3A
S214035300113001422088FFBB0DDA507100C1DE1B4D
S214035310250180BC04DA107208DA0A7200C1208400
S2140353201000E024A02407634143016401DA0671F8
S2140353301E49024B00C02C1F002107633810BC20F7
S21403534002DA127101B91159A11380DB087100C189
S21403535000FCFF0118100298561700C4BC1E00215B
S214035360441080D87C710092D0DA06710DDA0C7185
S21403537090BD437DEFBD06983E0503620DDA867247
S214035380A11105D95C7100C23810084024120C2400
S214035390281401D9067202D9327140D91E7102EC63
S2140353A000CA211018320471FA2220D80472082287
S2140353B0FE22087502EC00C8F87001D90E7102ECE3
S2140353C000C802D9067204DC187200C0BC1E002195
S2140353D00410026801D8067190B8647818B8737818
S2140353E00298CA1700C50020084000C00417000032
S2140353F008D904720A480815104D00B808D9047273
S214035400FF200815084D00C00884000008D908725C
S21403541000C02083B8ED0815104D207D00A000B80D
S214035420011A00C074000840027891101030011968
S21403543005BA06981A1302D9067101B802A800C065
S214035440BC1E0021041380DB0671029866138CBA17
S2140354507C7A01DB6C7100C2301F00212411111409
S214035460FF3402EC00C8FF24FA7607610698820C24
S214035470036111380F3003611114011141100698AE
S214035480820C01D8087203B80298E413044A02DBBC
S21403549024712410112811280412023006710762A1
S2140354A0076200C0FFFF0000213800C21800084052
S2140354B0FF200812411007600698820C01D87C7101
S2140354C020BC1033767100BB00C12C1F00211415BD
S2140354D0C021112C5112076A0F320E7140885114E5
S2140354E00698FA174143009451120765036A0F3270
S2140354F00E71411151140698FA17036C4143076560
S214035500513B00C1E81E00211411111231100F3057
S214035510127100BA046101D80471114200600FD8F9
S214035520F472311002601E30047201B8003A087239
S21403553004B80298E4130298EA1500C0381F002145
S21403554004110F3103DD1A7200C000600840041016
S21403555007D80E7200C01040084004B9181000F8AF
S21403556006986E1006983C0500F830885088FF347D
S214035570087102ECFF24F87002EC00CD141001BB96
S2140355805150FFD8047131440760006B10DBF27191
S2140355900421FF22E4720F4C0095009300A000C183
S2140355A0C01E0021141100A030880698381A8111F5
S2140355B0076102D906720298141988BB557B0761E6
S2140355C020D90671029804190088A1100768069866
S2140355D02E1808211415FC2590BB5C7B5D7B00C14F
S2140355E00060084014110731FE21307608D82A726D
S2140355F05113FC23341304DB2071076BFF33315B39
S21403560000C1087008401411076180490C71FF310E
S2140356103029547590BB7B7B10707B7B7C7B00DDD5
S21403562004717D7B01BB3815EC25541300DF5471E0
S214035630042505DF54715415211120880698B80CEB
S214035640009251293E7500C100600840141102DB28
S2140356500C710731315B31292A760C7004DF08722E
S214035660006180D91E7206982E1800C00870084084
S21403567006987C1A06982E181411FFD960720298A1
S2140356805A190090009300A05415A111076910D968
S214035690A672082508D8A071082510D89A71208804
S2140356A021110698B80CFC255412112AF82554111A
S2140356B00C2520D80871F0255411102520290476CE
S2140356C02159181500920298C61818B971798110D5
S2140356D010D80A7188B8447800B8417888B97479C4
S2140356E008B9677900F88110A0D8087188B9497994
S2140356F000A0076002D8FA7106982E18108806983C
S2140357004A130762076210DA087108211415F02598
S214035710541100C20020FEFF202912750698881A2D
S21403572001D90A7206988C090698360800941CBBA1
S21403573041100C2006984A124111082114100698AD
S2140357404A123128441111120761FF31FF32012238
S21403575010521072076918140424441304243814CE
S2140357600C7007692141181408240814029844137E
S2140357704044147100C1C41E002114155113036B59
S2140357800FDB0C72066D06980607411500A00698F7
S214035790360806984A1308BB51140698C0194415D0
S2140357A0FC2554150298480788B900C3BC1E00217F
S2140357B03413076308DB1A718113A0DB067149797A
S2140357C010706979076302DB087208B9677900F815
S2140357D000A08111076102D9107188B975790698FE
S2140357E02E181411FF3100A0FFB900A004100821E1
S2140357F01411F421081100A081110761076110310B
S2140358000E7106982E1808211411F821141100A001
S2140358101858030030580300805B030000000000A4
S21403582048580300060000000000000000000000C7
S214035830805B030000000000205903000400000002
S2140358400000000000000000B0590300809C2B8F6E
S21403585080841E00000000002200FF7FFC0B002057
S214035860000000000000000000000000B059030024
S214035870809C2B8F80841E00000023002300B6002C
S214035880FC0B0020000000000000000000000000E9
S214035890B0590300809C2B8F80841E0000002400D8
S2140358A024009D00FC0B0020000000000000000008
S2140358B000000000B0590300809C2B8F80841E00DC
S2140358C00000250025007D00FC0B002000000000E2
S2140358D00000000000000000B0590300809C2B8FDE
S2140358E080841E000000260026005300FC0B0020C8
S2140358F0000000000000000000000000B059030094
S214035900809C2B8F80841E00000027002700FF7FCB
S214035910FC0B002000000000000000000000000058
S214035920985A0300809C2B8F80841E000000000082
S2140359302400FF7FFC0B0020000000000000000096
S21403594000000000985A0300809C2B8F80841E0062
S214035950000025002500B400FC0B0020000000001A
S2140359600000000000000000985A0300809C2B8F64
S21403597080841E000000260026009900FC0B0020F1
S214035980000000000000000000000000985A03001A
S214035990809C2B8F80841E00000027002700FF7F3B
S2140359A0FC0B0020000000000000000000000000C8
S2140359B0F81F0101C85C0300380002000000000065
S2140359C0000000003030010011491000B84001000B
S2140359D000C0E30040410100EA00880018600400AC
S2140359E0000000C61FC000000050000000D03200B8
S2140359F050600400FC006900410C00000000000039
S214035A00110008007860030008040000000000008E
S214035A10BE031A008C60070001040C1A2F4653615C
S214035A206862584935201407C491A063564433234B
S214035A3022529224E46007008108A1CB00000000F4
S214035A40198407059411CB489920060001612000AC
S214035A508294EA870461030065B611001E370000CE
S214035A6089BB000020610100FFDF000014700110F5
S214035A7000F8070014700130F802000018700200E6
S214035A80000300006000278470700200C30000005B
S214035A900F9C0300FFFFFFFFF81F0101145D0300C7
S214035AA03800020000000000000000003030010053
S214035AB0E3381000B840010000C0830040410100F5
S214035AC06D00880018600400000000C61FC00100B7
S214035AD0005000000080000050600400180005001D
S214035AE0410C0000080000009100040078600300E9
S214035AF08C000C000000000014001A008C600700E5
S214035B0001040B192C404C59605B534736251B1177
S214035B104AF338966745231211090000E46007002C
S214035B208F0846CB0000000023086404D007CB4848
S214035B3091200600F9541C008294EA87046103004E
S214035B4051551100B01B000089BB00002061010005
S214035B50FFDF00001470011000F807001470013016
S214035B60F800000018700200000300006000A58320
S214035B7070700200054100000F9C0300FFFFFFFF4B
S214035B80DC1F04010000000000000000000000000D
S214035B9000000000F01F02013F0037000000000075
S214035BA0FC1F010100000000040002000181010047
S214035BB000010000180002000000000001000000C1
S214035BC028000400000000000000000000000000A1
S214035BD00000000040000100A0070000480001008C
S214035BE00000000054000200000000000000000057
S214035BF0A0000400FF4C0000FF4C0000FF4D000017
S214035C00FF4D0000002001000807000010200100DF
S214035C10AAAAAA00182001000060DA0008300100D2
S214035C2013AC0001343001000100000040300100D5
S214035C3000000000A04001007A27000FF440010096
S214035C40201000003441020080080000E6870000B0
S214035C5044410100C0E6524D6041040000000000CC
S214035C6000000000060000000600000014600100AB
S214035C70100000002860030000000003000000007E
S214035C8000000000606002002941767100000000F9
S214035C908460020000000000000000002070040082
S214035CA0000000008200000000008001D500000014
S214035CB0487002003C3D0000BC19000078700100EB
S214035CC006E04900FFFFFFFF0D000000388EE300EB
S214035CD000000000705D0300605D0300000000002C
S214035CE0E070720080DE800280841E0001010000E6
S214035CF01149000200000000000000000000000040
S214035D00000000000000000041841E0000000000A8
S214035D10000000000D0000001CC77100000000001A
S214035D20705D0300685D03000000000018CC660089
S214035D3080DE800240420F0001010000E3380002CB
S214035D40000000000000000000000000000000004B
S214035D50000000005B420F0000000000000000008F
S214035D6008520000B20C0000A5A00000C409000001
S214035D70193F010604100100000101060010270068
S214035D80000C0000000000000000232D302B200034
S214035D90686C4C00656667454647003031323334DD
S214035DA0353637383941424344454600303132337D
S214035DB03435363738396162636465660062675F17
S214035DC06D65737361676520726563656976657271
S214035DD0730062676275660061636C006C6C5F6378
S214035DE06F6E6E656374696F6E006C6C5F6164766C
S214035DF05F736574006761705F636F6E7465787454
S214035E00006C6C5F76616C696461746F72006D65BB
S214035E1073685F70726F765F64620062675F6D655A
S214035E20737361676500736F66745F74696D65721B
S214035E305F6D65737361676500666F756E64617425
S214035E40696F6E5F636D64006C6C5F6164765F732D
S214035E50796E63006C6C5F7363616E5F73796E63F8
S214035E60006761705F706572696F6469635F616420
S214035E7076006761705F706572696F6469635F73EC
S214035E80796E63006C326361705F636F635F636830
S214035E90616E6E656C006D6573685F70726F765FBA
S214035EA064625F6170706B6579006D626564746CC3
S214035EB0735F636F6E74657874000000D25D0300D1
S214035EC0D85D0300DC5D0300EA5D0300F55D0300B7
S214035ED0015E03000E5E03001B5E0300265E0300E6
S214035EE0395E0300485E0300545E0300615E0300F0
S214035EF0725E0300845E0300965E0300AA5E0300E0
S214035F0062676275665F696E0062676275665F6F79
S214035F1075740062676275665F6E6F666C6F770096
S214035F2062675F6D616C6C6F630062675F72616E60
S20C035F30646F6D5F6165730089
S20C035F383C5CFD7F0100000044
S210035F404C5F0300C00A0020990000001C
S214035F4C00C400400205020411110000000000000A
S214035F5C6067010000000000D40F00200200000060
S214035F6CFDC10000E8030000C0EA2101C0EA2101DC
S214035F7C0080000000F0490208200020C0EA21013E
S214035F8C4437030000000000010000009B210300BF
S214035F9C20000000000000000000000000000000CD
S214035FAC000000000000000019AC01000000000017
S214035FBC0000000000000000398D01000000000006
S214035FCC00000000000000003995010000000000EE
S214035FDC0000000000000000E5A301000000000024
S214035FEC000000000000000089DA02000000000038
S214035FFC81A8010000000000000000000000000063
S21403600C31A80100000000000000000000000000A2
S21403601C71A901000000000000000000F5B10100AA
S21403602C0000000000FFFFFFFF00000095FA0200CF
S21403603C99FA02009DFA0200A1FA0200FFFFFFFF85
S21403604CC3160300F03C0300FFFFFFFFFC3C0300FA
S21403605C9F1A03009B1A0300FFFFFFFFC9210200D0
S21403606CFFFFFFFFFFFFFFFFFFFFFFFFFFFFFFFF2C
S21403607CB5390200FFFFFFFF3D1D0300FFFFFFFFC7
S21403608C000000000000000003000000CC1C0020F1
S21403609C140C002000000000CC1C0020341D002033
S2140360AC9C1D002000000000000000000000000003
S2140360BC00000000000000000000000000000000CC
S2140360CC00000000000000000000000000000000BC
S2140360DC00000000000000000000000000000000AC
S2140360EC2000040000000000000002001000000066
S2140360FC000000000000000000000000000000008C
S21403610C0A000100000000000A000F0000004D4FBB
S21403611C5F414A5F59455F50524F4A5F3100020058
S21403612C08000000303030303030303002000300CE
S21403613C000030303000020005000000302E302EF8
S21403614C3000020008000000000000000000000001
S21403615CFFFFFFFF000008070A0017000E000000F1
S21403616C0000FFFFFF1F04010101BF8FAF7F8700F5
S21403617C370F10100004040F05140AFF0301FF0E5B
S21403618CFE01FF0030BF4223013BFDD1024A536898
S21403619CDB00FCD4704700BF00300E4051BB000040
S2080361AC29BB000003
S80400C8B182
